[2026-09-23T21:57:50.048+0000][0.011s][info][gc,init] CardTable entry size: 512
[2026-09-23T21:57:50.048+0000][0.012s][info][gc     ] Using Parallel
[2026-09-23T21:57:50.059+0000][0.022s][info][gc,init] Version: 21.0.12.1+1-LTS (release)
[2026-09-23T21:57:50.059+0000][0.022s][info][gc,init] CPUs: 4 total, 4 available
[2026-09-23T21:57:50.059+0000][0.022s][info][gc,init] Memory: 15989M
[2026-09-23T21:57:50.059+0000][0.022s][info][gc,init] Large Page Support: Disabled
[2026-09-23T21:57:50.059+0000][0.022s][info][gc,init] NUMA Support: Disabled
[2026-09-23T21:57:50.059+0000][0.022s][info][gc,init] Compressed Oops: Enabled (Zero based)
[2026-09-23T21:57:50.059+0000][0.022s][info][gc,init] Alignments: Space 512K, Generation 512K, Heap 2M
[2026-09-23T21:57:50.059+0000][0.022s][info][gc,init] Heap Min Capacity: 4G
[2026-09-23T21:57:50.059+0000][0.022s][info][gc,init] Heap Initial Capacity: 4G
[2026-09-23T21:57:50.059+0000][0.022s][info][gc,init] Heap Max Capacity: 10G
[2026-09-23T21:57:50.059+0000][0.022s][info][gc,init] Pre-touch: Disabled
[2026-09-23T21:57:50.059+0000][0.022s][info][gc,init] Parallel Workers: 4
[2026-09-23T21:57:50.069+0000][0.032s][info][gc,metaspace] CDS archive(s) mapped at: [0x00007fc341000000-0x00007fc341c9c000-0x00007fc341c9c000), size 13221888, SharedBaseAddress: 0x00007fc341000000, ArchiveRelocationMode: 1.
[2026-09-23T21:57:50.069+0000][0.032s][info][gc,metaspace] Compressed class space mapped at: 0x00007fc342000000-0x00007fc382000000, reserved size: 1073741824
[2026-09-23T21:57:50.069+0000][0.032s][info][gc,metaspace] Narrow klass base: 0x00007fc341000000, Narrow klass shift: 0, Narrow klass range: 0x100000000
[2026-09-23T21:57:52.562+0000][2.526s][info][gc,start    ] GC(0) Pause Young (Metadata GC Threshold)
[2026-09-23T21:57:52.568+0000][2.532s][info][gc,heap     ] GC(0) PSYoungGen: 919414K(1223168K)->12679K(1223168K) Eden: 919414K(1048576K)->0K(1048576K) From: 0K(174592K)->12679K(174592K)
[2026-09-23T21:57:52.568+0000][2.532s][info][gc,heap     ] GC(0) ParOldGen: 1073K(2796544K)->1145K(2796544K)
[2026-09-23T21:57:52.568+0000][2.532s][info][gc,metaspace] GC(0) Metaspace: 21074K(21504K)->21074K(21504K) NonClass: 18700K(18944K)->18700K(18944K) Class: 2374K(2560K)->2374K(2560K)
[2026-09-23T21:57:52.568+0000][2.532s][info][gc          ] GC(0) Pause Young (Metadata GC Threshold) 898M->13M(3925M) 6.218ms
[2026-09-23T21:57:52.568+0000][2.532s][info][gc,cpu      ] GC(0) User=0.02s Sys=0.00s Real=0.01s
[2026-09-23T21:57:52.568+0000][2.532s][info][gc,start    ] GC(1) Pause Full (Metadata GC Threshold)
[2026-09-23T21:57:52.568+0000][2.532s][info][gc,phases,start] GC(1) Marking Phase
[2026-09-23T21:57:52.576+0000][2.540s][info][gc,phases      ] GC(1) Marking Phase 8.135ms
[2026-09-23T21:57:52.577+0000][2.540s][info][gc,phases,start] GC(1) Summary Phase
[2026-09-23T21:57:52.577+0000][2.540s][info][gc,phases      ] GC(1) Summary Phase 0.010ms
[2026-09-23T21:57:52.577+0000][2.540s][info][gc,phases,start] GC(1) Adjust Roots
[2026-09-23T21:57:52.579+0000][2.543s][info][gc,phases      ] GC(1) Adjust Roots 2.801ms
[2026-09-23T21:57:52.579+0000][2.543s][info][gc,phases,start] GC(1) Compaction Phase
[2026-09-23T21:57:52.586+0000][2.550s][info][gc,phases      ] GC(1) Compaction Phase 6.905ms
[2026-09-23T21:57:52.586+0000][2.550s][info][gc,phases,start] GC(1) Post Compact
[2026-09-23T21:57:52.588+0000][2.551s][info][gc,phases      ] GC(1) Post Compact 1.337ms
[2026-09-23T21:57:52.588+0000][2.551s][info][gc,heap        ] GC(1) PSYoungGen: 12679K(1223168K)->0K(1223168K) Eden: 0K(1048576K)->0K(1048576K) From: 12679K(174592K)->0K(174592K)
[2026-09-23T21:57:52.588+0000][2.551s][info][gc,heap        ] GC(1) ParOldGen: 1145K(2796544K)->13574K(2796544K)
[2026-09-23T21:57:52.588+0000][2.551s][info][gc,metaspace   ] GC(1) Metaspace: 21074K(21504K)->21074K(21504K) NonClass: 18700K(18944K)->18700K(18944K) Class: 2374K(2560K)->2374K(2560K)
[2026-09-23T21:57:52.588+0000][2.551s][info][gc             ] GC(1) Pause Full (Metadata GC Threshold) 13M->13M(3925M) 19.344ms
[2026-09-23T21:57:52.588+0000][2.551s][info][gc,cpu         ] GC(1) User=0.05s Sys=0.00s Real=0.02s
[2026-09-23T21:57:53.737+0000][3.701s][info][gc,start       ] GC(2) Pause Young (Metadata GC Threshold)
[2026-09-23T21:57:53.760+0000][3.723s][info][gc,heap        ] GC(2) PSYoungGen: 433728K(1223168K)->50985K(1223168K) Eden: 433728K(1048576K)->0K(1048576K) From: 0K(174592K)->50985K(174592K)
[2026-09-23T21:57:53.760+0000][3.723s][info][gc,heap        ] GC(2) ParOldGen: 13574K(2796544K)->13582K(2796544K)
[2026-09-23T21:57:53.760+0000][3.723s][info][gc,metaspace   ] GC(2) Metaspace: 35350K(35840K)->35350K(35840K) NonClass: 31260K(31552K)->31260K(31552K) Class: 4090K(4288K)->4090K(4288K)
[2026-09-23T21:57:53.760+0000][3.723s][info][gc             ] GC(2) Pause Young (Metadata GC Threshold) 436M->63M(3925M) 22.464ms
[2026-09-23T21:57:53.760+0000][3.723s][info][gc,cpu         ] GC(2) User=0.06s Sys=0.03s Real=0.02s
[2026-09-23T21:57:53.760+0000][3.723s][info][gc,start       ] GC(3) Pause Full (Metadata GC Threshold)
[2026-09-23T21:57:53.760+0000][3.723s][info][gc,phases,start] GC(3) Marking Phase
[2026-09-23T21:57:53.783+0000][3.746s][info][gc,phases      ] GC(3) Marking Phase 22.814ms
[2026-09-23T21:57:53.783+0000][3.746s][info][gc,phases,start] GC(3) Summary Phase
[2026-09-23T21:57:53.783+0000][3.746s][info][gc,phases      ] GC(3) Summary Phase 0.024ms
[2026-09-23T21:57:53.783+0000][3.746s][info][gc,phases,start] GC(3) Adjust Roots
[2026-09-23T21:57:53.786+0000][3.750s][info][gc,phases      ] GC(3) Adjust Roots 3.228ms
[2026-09-23T21:57:53.786+0000][3.750s][info][gc,phases,start] GC(3) Compaction Phase
[2026-09-23T21:57:53.825+0000][3.788s][info][gc,phases      ] GC(3) Compaction Phase 38.641ms
[2026-09-23T21:57:53.825+0000][3.788s][info][gc,phases,start] GC(3) Post Compact
[2026-09-23T21:57:53.826+0000][3.789s][info][gc,phases      ] GC(3) Post Compact 0.883ms
[2026-09-23T21:57:53.826+0000][3.789s][info][gc,heap        ] GC(3) PSYoungGen: 50985K(1223168K)->0K(1223168K) Eden: 0K(1048576K)->0K(1048576K) From: 50985K(174592K)->0K(174592K)
[2026-09-23T21:57:53.826+0000][3.789s][info][gc,heap        ] GC(3) ParOldGen: 13582K(2796544K)->64204K(2796544K)
[2026-09-23T21:57:53.826+0000][3.789s][info][gc,metaspace   ] GC(3) Metaspace: 35350K(35840K)->35350K(35840K) NonClass: 31260K(31552K)->31260K(31552K) Class: 4090K(4288K)->4090K(4288K)
[2026-09-23T21:57:53.826+0000][3.789s][info][gc             ] GC(3) Pause Full (Metadata GC Threshold) 63M->62M(3925M) 65.750ms
[2026-09-23T21:57:53.826+0000][3.789s][info][gc,cpu         ] GC(3) User=0.23s Sys=0.00s Real=0.07s
[2026-09-23T21:57:55.659+0000][5.623s][info][gc,start       ] GC(4) Pause Young (Metadata GC Threshold)
[2026-09-23T21:57:55.699+0000][5.662s][info][gc,heap        ] GC(4) PSYoungGen: 380773K(1223168K)->42995K(1223168K) Eden: 380773K(1048576K)->0K(1048576K) From: 0K(174592K)->42995K(174592K)
[2026-09-23T21:57:55.699+0000][5.662s][info][gc,heap        ] GC(4) ParOldGen: 64204K(2796544K)->64220K(2796544K)
[2026-09-23T21:57:55.699+0000][5.662s][info][gc,metaspace   ] GC(4) Metaspace: 59147K(59776K)->59147K(59776K) NonClass: 50554K(50880K)->50554K(50880K) Class: 8593K(8896K)->8593K(8896K)
[2026-09-23T21:57:55.699+0000][5.663s][info][gc             ] GC(4) Pause Young (Metadata GC Threshold) 434M->104M(3925M) 39.781ms
[2026-09-23T21:57:55.699+0000][5.663s][info][gc,cpu         ] GC(4) User=0.15s Sys=0.00s Real=0.04s
[2026-09-23T21:57:55.699+0000][5.663s][info][gc,start       ] GC(5) Pause Full (Metadata GC Threshold)
[2026-09-23T21:57:55.699+0000][5.663s][info][gc,phases,start] GC(5) Marking Phase
[2026-09-23T21:57:55.754+0000][5.717s][info][gc,phases      ] GC(5) Marking Phase 54.847ms
[2026-09-23T21:57:55.754+0000][5.717s][info][gc,phases,start] GC(5) Summary Phase
[2026-09-23T21:57:55.754+0000][5.717s][info][gc,phases      ] GC(5) Summary Phase 0.010ms
[2026-09-23T21:57:55.754+0000][5.717s][info][gc,phases,start] GC(5) Adjust Roots
[2026-09-23T21:57:55.761+0000][5.725s][info][gc,phases      ] GC(5) Adjust Roots 7.331ms
[2026-09-23T21:57:55.761+0000][5.725s][info][gc,phases,start] GC(5) Compaction Phase
[2026-09-23T21:57:55.847+0000][5.811s][info][gc,phases      ] GC(5) Compaction Phase 86.016ms
[2026-09-23T21:57:55.847+0000][5.811s][info][gc,phases,start] GC(5) Post Compact
[2026-09-23T21:57:55.849+0000][5.812s][info][gc,phases      ] GC(5) Post Compact 1.150ms
[2026-09-23T21:57:55.849+0000][5.812s][info][gc,heap        ] GC(5) PSYoungGen: 42995K(1223168K)->0K(1223168K) Eden: 0K(1048576K)->0K(1048576K) From: 42995K(174592K)->0K(174592K)
[2026-09-23T21:57:55.849+0000][5.812s][info][gc,heap        ] GC(5) ParOldGen: 64220K(2796544K)->103050K(2796544K)
[2026-09-23T21:57:55.849+0000][5.812s][info][gc,metaspace   ] GC(5) Metaspace: 59147K(59776K)->59147K(59776K) NonClass: 50554K(50880K)->50554K(50880K) Class: 8593K(8896K)->8593K(8896K)
[2026-09-23T21:57:55.849+0000][5.812s][info][gc             ] GC(5) Pause Full (Metadata GC Threshold) 104M->100M(3925M) 149.543ms
[2026-09-23T21:57:55.849+0000][5.812s][info][gc,cpu         ] GC(5) User=0.55s Sys=0.01s Real=0.15s
[2026-09-23T21:57:58.967+0000][8.930s][info][gc,start       ] GC(6) Pause Young (Metadata GC Threshold)
[2026-09-23T21:57:59.084+0000][9.048s][info][gc,heap        ] GC(6) PSYoungGen: 756229K(1223168K)->174560K(1223168K) Eden: 756229K(1048576K)->0K(1048576K) From: 0K(174592K)->174560K(174592K)
[2026-09-23T21:57:59.084+0000][9.048s][info][gc,heap        ] GC(6) ParOldGen: 103050K(2796544K)->105514K(2796544K)
[2026-09-23T21:57:59.084+0000][9.048s][info][gc,metaspace   ] GC(6) Metaspace: 98774K(99648K)->98774K(99648K) NonClass: 84822K(85312K)->84822K(85312K) Class: 13951K(14336K)->13951K(14336K)
[2026-09-23T21:57:59.084+0000][9.048s][info][gc             ] GC(6) Pause Young (Metadata GC Threshold) 839M->273M(3925M) 117.584ms
[2026-09-23T21:57:59.084+0000][9.048s][info][gc,cpu         ] GC(6) User=0.39s Sys=0.03s Real=0.12s
[2026-09-23T21:57:59.084+0000][9.048s][info][gc,start       ] GC(7) Pause Full (Metadata GC Threshold)
[2026-09-23T21:57:59.084+0000][9.048s][info][gc,phases,start] GC(7) Marking Phase
[2026-09-23T21:57:59.207+0000][9.171s][info][gc,phases      ] GC(7) Marking Phase 122.916ms
[2026-09-23T21:57:59.207+0000][9.171s][info][gc,phases,start] GC(7) Summary Phase
[2026-09-23T21:57:59.207+0000][9.171s][info][gc,phases      ] GC(7) Summary Phase 0.035ms
[2026-09-23T21:57:59.207+0000][9.171s][info][gc,phases,start] GC(7) Adjust Roots
[2026-09-23T21:57:59.219+0000][9.182s][info][gc,phases      ] GC(7) Adjust Roots 11.259ms
[2026-09-23T21:57:59.219+0000][9.182s][info][gc,phases,start] GC(7) Compaction Phase
[2026-09-23T21:57:59.509+0000][9.472s][info][gc,phases      ] GC(7) Compaction Phase 289.978ms
[2026-09-23T21:57:59.509+0000][9.472s][info][gc,phases,start] GC(7) Post Compact
[2026-09-23T21:57:59.510+0000][9.474s][info][gc,phases      ] GC(7) Post Compact 1.638ms
[2026-09-23T21:57:59.510+0000][9.474s][info][gc,heap        ] GC(7) PSYoungGen: 174560K(1223168K)->0K(1223168K) Eden: 0K(1048576K)->0K(1048576K) From: 174560K(174592K)->0K(174592K)
[2026-09-23T21:57:59.510+0000][9.474s][info][gc,heap        ] GC(7) ParOldGen: 105514K(2796544K)->278456K(2796544K)
[2026-09-23T21:57:59.510+0000][9.474s][info][gc,metaspace   ] GC(7) Metaspace: 98774K(99648K)->98774K(99648K) NonClass: 84822K(85312K)->84822K(85312K) Class: 13951K(14336K)->13951K(14336K)
[2026-09-23T21:57:59.510+0000][9.474s][info][gc             ] GC(7) Pause Full (Metadata GC Threshold) 273M->271M(3925M) 426.009ms
[2026-09-23T21:57:59.510+0000][9.474s][info][gc,cpu         ] GC(7) User=1.58s Sys=0.01s Real=0.42s
[2026-09-23T21:58:02.907+0000][12.870s][info][gc,start       ] GC(8) Pause Young (Allocation Failure)
[2026-09-23T21:58:02.937+0000][12.901s][info][gc,heap        ] GC(8) PSYoungGen: 1048576K(1223168K)->45613K(1223168K) Eden: 1048576K(1048576K)->0K(1048576K) From: 0K(174592K)->45613K(174592K)
[2026-09-23T21:58:02.937+0000][12.901s][info][gc,heap        ] GC(8) ParOldGen: 278456K(2796544K)->278472K(2796544K)
[2026-09-23T21:58:02.937+0000][12.901s][info][gc,metaspace   ] GC(8) Metaspace: 119843K(120832K)->119843K(120832K) NonClass: 102605K(103168K)->102605K(103168K) Class: 17238K(17664K)->17238K(17664K)
[2026-09-23T21:58:02.937+0000][12.901s][info][gc             ] GC(8) Pause Young (Allocation Failure) 1295M->316M(3925M) 30.537ms
[2026-09-23T21:58:02.937+0000][12.901s][info][gc,cpu         ] GC(8) User=0.11s Sys=0.01s Real=0.03s
[2026-09-23T21:58:09.695+0000][19.658s][info][gc,start       ] GC(9) Pause Young (Allocation Failure)
[2026-09-23T21:58:09.755+0000][19.718s][info][gc,heap        ] GC(9) PSYoungGen: 1094189K(1223168K)->130406K(2232832K) Eden: 1048576K(1048576K)->0K(2075136K) From: 45613K(174592K)->130406K(157696K)
[2026-09-23T21:58:09.755+0000][19.718s][info][gc,heap        ] GC(9) ParOldGen: 278472K(2796544K)->278536K(2796544K)
[2026-09-23T21:58:09.755+0000][19.718s][info][gc,metaspace   ] GC(9) Metaspace: 150578K(151808K)->150578K(151808K) NonClass: 126120K(126848K)->126120K(126848K) Class: 24457K(24960K)->24457K(24960K)
[2026-09-23T21:58:09.755+0000][19.718s][info][gc             ] GC(9) Pause Young (Allocation Failure) 1340M->399M(4911M) 60.228ms
[2026-09-23T21:58:09.755+0000][19.718s][info][gc,cpu         ] GC(9) User=0.22s Sys=0.02s Real=0.06s
[2026-09-23T21:58:10.219+0000][20.182s][info][gc,start       ] GC(10) Pause Young (CodeCache GC Threshold)
[2026-09-23T21:58:10.280+0000][20.243s][info][gc,heap        ] GC(10) PSYoungGen: 314708K(2232832K)->143817K(2254848K) Eden: 184301K(2075136K)->0K(2075136K) From: 130406K(157696K)->143817K(179712K)
[2026-09-23T21:58:10.280+0000][20.243s][info][gc,heap        ] GC(10) ParOldGen: 278536K(2796544K)->278544K(2796544K)
[2026-09-23T21:58:10.280+0000][20.243s][info][gc,metaspace   ] GC(10) Metaspace: 150601K(151808K)->150601K(151808K) NonClass: 126136K(126848K)->126136K(126848K) Class: 24464K(24960K)->24464K(24960K)
[2026-09-23T21:58:10.280+0000][20.243s][info][gc             ] GC(10) Pause Young (CodeCache GC Threshold) 579M->412M(4933M) 61.039ms
[2026-09-23T21:58:10.280+0000][20.243s][info][gc,cpu         ] GC(10) User=0.21s Sys=0.02s Real=0.06s
[2026-09-23T21:58:10.280+0000][20.243s][info][gc,start       ] GC(11) Pause Full (CodeCache GC Threshold)
[2026-09-23T21:58:10.280+0000][20.243s][info][gc,phases,start] GC(11) Marking Phase
[2026-09-23T21:58:10.467+0000][20.431s][info][gc,phases      ] GC(11) Marking Phase 187.806ms
[2026-09-23T21:58:10.468+0000][20.431s][info][gc,phases,start] GC(11) Summary Phase
[2026-09-23T21:58:10.468+0000][20.431s][info][gc,phases      ] GC(11) Summary Phase 0.032ms
[2026-09-23T21:58:10.468+0000][20.431s][info][gc,phases,start] GC(11) Adjust Roots
[2026-09-23T21:58:10.491+0000][20.455s][info][gc,phases      ] GC(11) Adjust Roots 23.909ms
[2026-09-23T21:58:10.492+0000][20.455s][info][gc,phases,start] GC(11) Compaction Phase
[2026-09-23T21:58:10.860+0000][20.824s][info][gc,phases      ] GC(11) Compaction Phase 368.936ms
[2026-09-23T21:58:10.861+0000][20.824s][info][gc,phases,start] GC(11) Post Compact
[2026-09-23T21:58:10.867+0000][20.831s][info][gc,phases      ] GC(11) Post Compact 6.769ms
[2026-09-23T21:58:10.867+0000][20.831s][info][gc,heap        ] GC(11) PSYoungGen: 143817K(2254848K)->0K(2254848K) Eden: 0K(2075136K)->0K(2075136K) From: 143817K(179712K)->0K(179712K)
[2026-09-23T21:58:10.867+0000][20.831s][info][gc,heap        ] GC(11) ParOldGen: 278544K(2796544K)->382815K(2796544K)
[2026-09-23T21:58:10.867+0000][20.831s][info][gc,metaspace   ] GC(11) Metaspace: 150601K(151808K)->150537K(151808K) NonClass: 126136K(126848K)->126088K(126848K) Class: 24464K(24960K)->24448K(24960K)
[2026-09-23T21:58:10.867+0000][20.831s][info][gc             ] GC(11) Pause Full (CodeCache GC Threshold) 412M->373M(4933M) 587.686ms
[2026-09-23T21:58:10.867+0000][20.831s][info][gc,cpu         ] GC(11) User=2.06s Sys=0.04s Real=0.59s
[2026-09-23T21:58:15.460+0000][25.423s][info][gc,start       ] GC(12) Pause Young (Allocation Failure)
[2026-09-23T21:58:15.551+0000][25.514s][info][gc,heap        ] GC(12) PSYoungGen: 2075136K(2254848K)->199167K(2223104K) Eden: 2075136K(2075136K)->0K(2023936K) From: 0K(179712K)->199167K(199168K)
[2026-09-23T21:58:15.551+0000][25.514s][info][gc,heap        ] GC(12) ParOldGen: 382815K(2796544K)->467751K(2796544K)
[2026-09-23T21:58:15.551+0000][25.514s][info][gc,metaspace   ] GC(12) Metaspace: 152754K(154176K)->152754K(154176K) NonClass: 127926K(128768K)->127926K(128768K) Class: 24827K(25408K)->24827K(25408K)
[2026-09-23T21:58:15.551+0000][25.514s][info][gc             ] GC(12) Pause Young (Allocation Failure) 2400M->651M(4902M) 91.200ms
[2026-09-23T21:58:15.551+0000][25.514s][info][gc,cpu         ] GC(12) User=0.32s Sys=0.03s Real=0.09s
[2026-09-23T21:58:20.070+0000][30.034s][info][gc,start       ] GC(13) Pause Young (Allocation Failure)
[2026-09-23T21:58:20.149+0000][30.113s][info][gc,heap        ] GC(13) PSYoungGen: 2223103K(2223104K)->272371K(2296320K) Eden: 2023936K(2023936K)->0K(2023936K) From: 199167K(199168K)->272371K(272384K)
[2026-09-23T21:58:20.149+0000][30.113s][info][gc,heap        ] GC(13) ParOldGen: 467751K(2796544K)->544400K(2796544K)
[2026-09-23T21:58:20.149+0000][30.113s][info][gc,metaspace   ] GC(13) Metaspace: 153327K(154816K)->153327K(154816K) NonClass: 128423K(129280K)->128423K(129280K) Class: 24903K(25536K)->24903K(25536K)
[2026-09-23T21:58:20.149+0000][30.113s][info][gc             ] GC(13) Pause Young (Allocation Failure) 2627M->797M(4973M) 78.847ms
[2026-09-23T21:58:20.149+0000][30.113s][info][gc,cpu         ] GC(13) User=0.29s Sys=0.02s Real=0.08s
[2026-09-23T21:58:23.775+0000][33.739s][info][gc,start       ] GC(14) Pause Young (Allocation Failure)
[2026-09-23T21:58:23.940+0000][33.903s][info][gc,heap        ] GC(14) PSYoungGen: 2296307K(2296320K)->351200K(2835456K) Eden: 2023936K(2023936K)->0K(2484224K) From: 272371K(272384K)->351200K(351232K)
[2026-09-23T21:58:23.940+0000][33.903s][info][gc,heap        ] GC(14) ParOldGen: 544400K(2796544K)->804224K(2796544K)
[2026-09-23T21:58:23.940+0000][33.903s][info][gc,metaspace   ] GC(14) Metaspace: 154029K(155584K)->154029K(155584K) NonClass: 129038K(129920K)->129038K(129920K) Class: 24991K(25664K)->24991K(25664K)
[2026-09-23T21:58:23.940+0000][33.903s][info][gc             ] GC(14) Pause Young (Allocation Failure) 2774M->1128M(5500M) 164.474ms
[2026-09-23T21:58:23.940+0000][33.903s][info][gc,cpu         ] GC(14) User=0.57s Sys=0.08s Real=0.16s
[2026-09-23T21:58:28.263+0000][38.227s][info][gc,start       ] GC(15) Pause Young (Allocation Failure)
[2026-09-23T21:58:28.449+0000][38.412s][info][gc,heap        ] GC(15) PSYoungGen: 2835424K(2835456K)->316082K(2800640K) Eden: 2484224K(2484224K)->0K(2484224K) From: 351200K(351232K)->316082K(316416K)
[2026-09-23T21:58:28.449+0000][38.412s][info][gc,heap        ] GC(15) ParOldGen: 804224K(2796544K)->1173304K(2796544K)
[2026-09-23T21:58:28.449+0000][38.412s][info][gc,metaspace   ] GC(15) Metaspace: 154607K(156096K)->154607K(156096K) NonClass: 129555K(130368K)->129555K(130368K) Class: 25051K(25728K)->25051K(25728K)
[2026-09-23T21:58:28.449+0000][38.412s][info][gc             ] GC(15) Pause Young (Allocation Failure) 3554M->1454M(5466M) 185.598ms
[2026-09-23T21:58:28.449+0000][38.412s][info][gc,cpu         ] GC(15) User=0.65s Sys=0.08s Real=0.18s
[2026-09-23T21:58:33.327+0000][43.290s][info][gc,start       ] GC(16) Pause Young (Allocation Failure)
[2026-09-23T21:58:33.570+0000][43.533s][info][gc,heap        ] GC(16) PSYoungGen: 2800306K(2800640K)->400473K(2886656K) Eden: 2484224K(2484224K)->0K(2364416K) From: 316082K(316416K)->400473K(522240K)
[2026-09-23T21:58:33.570+0000][43.533s][info][gc,heap        ] GC(16) ParOldGen: 1173304K(2796544K)->1501848K(2796544K)
[2026-09-23T21:58:33.570+0000][43.533s][info][gc,metaspace   ] GC(16) Metaspace: 154879K(156352K)->154879K(156352K) NonClass: 129810K(130624K)->129810K(130624K) Class: 25068K(25728K)->25068K(25728K)
[2026-09-23T21:58:33.570+0000][43.534s][info][gc             ] GC(16) Pause Young (Allocation Failure) 3880M->1857M(5550M) 243.284ms
[2026-09-23T21:58:33.570+0000][43.534s][info][gc,cpu         ] GC(16) User=0.74s Sys=0.17s Real=0.24s
[2026-09-23T21:58:37.404+0000][47.367s][info][gc,start       ] GC(17) Pause Young (Allocation Failure)
[2026-09-23T21:58:37.634+0000][47.597s][info][gc,heap        ] GC(17) PSYoungGen: 2764889K(2886656K)->355520K(2720256K) Eden: 2364416K(2364416K)->0K(2364416K) From: 400473K(522240K)->355520K(355840K)
[2026-09-23T21:58:37.634+0000][47.597s][info][gc,heap        ] GC(17) ParOldGen: 1501848K(2796544K)->1917621K(2796544K)
[2026-09-23T21:58:37.634+0000][47.597s][info][gc,metaspace   ] GC(17) Metaspace: 155480K(156992K)->155480K(156992K) NonClass: 130391K(131264K)->130391K(131264K) Class: 25089K(25728K)->25089K(25728K)
[2026-09-23T21:58:37.634+0000][47.597s][info][gc             ] GC(17) Pause Young (Allocation Failure) 4166M->2219M(5387M) 229.861ms
[2026-09-23T21:58:37.634+0000][47.597s][info][gc,cpu         ] GC(17) User=0.78s Sys=0.09s Real=0.23s
[2026-09-23T21:58:39.869+0000][49.833s][info][gc,start       ] GC(18) Pause Young (CodeCache GC Threshold)
[2026-09-23T21:58:40.016+0000][49.979s][info][gc,heap        ] GC(18) PSYoungGen: 1037491K(2720256K)->134811K(2932224K) Eden: 681971K(2364416K)->0K(2350592K) From: 355520K(355840K)->134811K(581632K)
[2026-09-23T21:58:40.016+0000][49.979s][info][gc,heap        ] GC(18) ParOldGen: 1917621K(2796544K)->2285569K(2796544K)
[2026-09-23T21:58:40.016+0000][49.979s][info][gc,metaspace   ] GC(18) Metaspace: 161454K(163136K)->161454K(163136K) NonClass: 135352K(136320K)->135352K(136320K) Class: 26102K(26816K)->26102K(26816K)
[2026-09-23T21:58:40.016+0000][49.979s][info][gc             ] GC(18) Pause Young (CodeCache GC Threshold) 2885M->2363M(5594M) 146.488ms
[2026-09-23T21:58:40.016+0000][49.979s][info][gc,cpu         ] GC(18) User=0.46s Sys=0.08s Real=0.15s
[2026-09-23T21:58:40.016+0000][49.979s][info][gc,start       ] GC(19) Pause Full (CodeCache GC Threshold)
[2026-09-23T21:58:40.016+0000][49.979s][info][gc,phases,start] GC(19) Marking Phase
[2026-09-23T21:58:40.437+0000][50.400s][info][gc,phases      ] GC(19) Marking Phase 420.941ms
[2026-09-23T21:58:40.437+0000][50.400s][info][gc,phases,start] GC(19) Summary Phase
[2026-09-23T21:58:40.437+0000][50.401s][info][gc,phases      ] GC(19) Summary Phase 0.107ms
[2026-09-23T21:58:40.437+0000][50.401s][info][gc,phases,start] GC(19) Adjust Roots
[2026-09-23T21:58:40.459+0000][50.422s][info][gc,phases      ] GC(19) Adjust Roots 21.609ms
[2026-09-23T21:58:40.459+0000][50.422s][info][gc,phases,start] GC(19) Compaction Phase
[2026-09-23T21:58:40.874+0000][50.838s][info][gc,phases      ] GC(19) Compaction Phase 415.549ms
[2026-09-23T21:58:40.874+0000][50.838s][info][gc,phases,start] GC(19) Post Compact
[2026-09-23T21:58:40.893+0000][50.856s][info][gc,phases      ] GC(19) Post Compact 18.522ms
[2026-09-23T21:58:40.893+0000][50.856s][info][gc,heap        ] GC(19) PSYoungGen: 134811K(2932224K)->0K(2932224K) Eden: 0K(2350592K)->0K(2350592K) From: 134811K(581632K)->0K(581632K)
[2026-09-23T21:58:40.893+0000][50.856s][info][gc,heap        ] GC(19) ParOldGen: 2285569K(2796544K)->1407083K(2796544K)
[2026-09-23T21:58:40.893+0000][50.856s][info][gc,metaspace   ] GC(19) Metaspace: 161454K(163136K)->161391K(163136K) NonClass: 135352K(136320K)->135305K(136320K) Class: 26102K(26816K)->26085K(26816K)
[2026-09-23T21:58:40.893+0000][50.856s][info][gc             ] GC(19) Pause Full (CodeCache GC Threshold) 2363M->1374M(5594M) 877.004ms
[2026-09-23T21:58:40.893+0000][50.856s][info][gc,cpu         ] GC(19) User=3.16s Sys=0.02s Real=0.88s
[2026-09-23T21:58:51.522+0000][61.485s][info][gc,start       ] GC(20) Pause Young (Allocation Failure)
[2026-09-23T21:58:51.648+0000][61.612s][info][gc,heap        ] GC(20) PSYoungGen: 2350592K(2932224K)->324365K(2913280K) Eden: 2350592K(2350592K)->0K(2350592K) From: 0K(581632K)->324365K(562688K)
[2026-09-23T21:58:51.648+0000][61.612s][info][gc,heap        ] GC(20) ParOldGen: 1407083K(2796544K)->1407091K(2796544K)
[2026-09-23T21:58:51.648+0000][61.612s][info][gc,metaspace   ] GC(20) Metaspace: 164554K(166208K)->164554K(166208K) NonClass: 138227K(139136K)->138227K(139136K) Class: 26327K(27072K)->26327K(27072K)
[2026-09-23T21:58:51.649+0000][61.612s][info][gc             ] GC(20) Pause Young (Allocation Failure) 3669M->1690M(5576M) 126.711ms
[2026-09-23T21:58:51.649+0000][61.612s][info][gc,cpu         ] GC(20) User=0.45s Sys=0.04s Real=0.13s
[2026-09-23T21:58:55.538+0000][65.501s][info][gc,start       ] GC(21) Pause Young (CodeCache GC Threshold)
[2026-09-23T21:58:55.701+0000][65.665s][info][gc,heap        ] GC(21) PSYoungGen: 2190373K(2913280K)->162161K(2874368K) Eden: 1866008K(2350592K)->0K(2350592K) From: 324365K(562688K)->162161K(523776K)
[2026-09-23T21:58:55.701+0000][65.665s][info][gc,heap        ] GC(21) ParOldGen: 1407091K(2796544K)->1720635K(2796544K)
[2026-09-23T21:58:55.701+0000][65.665s][info][gc,metaspace   ] GC(21) Metaspace: 164957K(166656K)->164957K(166656K) NonClass: 138601K(139584K)->138601K(139584K) Class: 26356K(27072K)->26356K(27072K)
[2026-09-23T21:58:55.701+0000][65.665s][info][gc             ] GC(21) Pause Young (CodeCache GC Threshold) 3513M->1838M(5538M) 163.497ms
[2026-09-23T21:58:55.702+0000][65.665s][info][gc,cpu         ] GC(21) User=0.60s Sys=0.04s Real=0.16s
[2026-09-23T21:58:55.702+0000][65.665s][info][gc,start       ] GC(22) Pause Full (CodeCache GC Threshold)
[2026-09-23T21:58:55.702+0000][65.665s][info][gc,phases,start] GC(22) Marking Phase
[2026-09-23T21:58:56.278+0000][66.241s][info][gc,phases      ] GC(22) Marking Phase 576.064ms
[2026-09-23T21:58:56.278+0000][66.241s][info][gc,phases,start] GC(22) Summary Phase
[2026-09-23T21:58:56.278+0000][66.241s][info][gc,phases      ] GC(22) Summary Phase 0.044ms
[2026-09-23T21:58:56.278+0000][66.241s][info][gc,phases,start] GC(22) Adjust Roots
[2026-09-23T21:58:56.305+0000][66.268s][info][gc,phases      ] GC(22) Adjust Roots 27.287ms
[2026-09-23T21:58:56.305+0000][66.268s][info][gc,phases,start] GC(22) Compaction Phase
[2026-09-23T21:58:57.135+0000][67.098s][info][gc,phases      ] GC(22) Compaction Phase 829.558ms
[2026-09-23T21:58:57.135+0000][67.098s][info][gc,phases,start] GC(22) Post Compact
[2026-09-23T21:58:57.143+0000][67.106s][info][gc,phases      ] GC(22) Post Compact 8.177ms
[2026-09-23T21:58:57.143+0000][67.106s][info][gc,heap        ] GC(22) PSYoungGen: 162161K(2874368K)->0K(2874368K) Eden: 0K(2350592K)->0K(2350592K) From: 162161K(523776K)->0K(523776K)
[2026-09-23T21:58:57.143+0000][67.106s][info][gc,heap        ] GC(22) ParOldGen: 1720635K(2796544K)->1862552K(2796544K)
[2026-09-23T21:58:57.143+0000][67.106s][info][gc,metaspace   ] GC(22) Metaspace: 164957K(166656K)->164903K(166656K) NonClass: 138601K(139584K)->138561K(139584K) Class: 26356K(27072K)->26342K(27072K)
[2026-09-23T21:58:57.143+0000][67.106s][info][gc             ] GC(22) Pause Full (CodeCache GC Threshold) 1838M->1818M(5538M) 1441.335ms
[2026-09-23T21:58:57.143+0000][67.106s][info][gc,cpu         ] GC(22) User=5.43s Sys=0.00s Real=1.45s
[2026-09-23T21:59:01.285+0000][71.249s][info][gc,start       ] GC(23) Pause Young (Allocation Failure)
[2026-09-23T21:59:01.386+0000][71.350s][info][gc,heap        ] GC(23) PSYoungGen: 2350592K(2874368K)->189187K(2895872K) Eden: 2350592K(2350592K)->0K(2350592K) From: 0K(523776K)->189187K(545280K)
[2026-09-23T21:59:01.386+0000][71.350s][info][gc,heap        ] GC(23) ParOldGen: 1862552K(2796544K)->1862560K(2796544K)
[2026-09-23T21:59:01.386+0000][71.350s][info][gc,metaspace   ] GC(23) Metaspace: 164915K(166656K)->164915K(166656K) NonClass: 138572K(139584K)->138572K(139584K) Class: 26342K(27072K)->26342K(27072K)
[2026-09-23T21:59:01.386+0000][71.350s][info][gc             ] GC(23) Pause Young (Allocation Failure) 4114M->2003M(5559M) 100.930ms
[2026-09-23T21:59:01.386+0000][71.350s][info][gc,cpu         ] GC(23) User=0.40s Sys=0.01s Real=0.10s
[2026-09-23T21:59:05.075+0000][75.038s][info][gc,start       ] GC(24) Pause Young (Allocation Failure)
[2026-09-23T21:59:05.217+0000][75.181s][info][gc,heap        ] GC(24) PSYoungGen: 2539779K(2895872K)->159522K(2915328K) Eden: 2350592K(2350592K)->0K(2430464K) From: 189187K(545280K)->159522K(484864K)
[2026-09-23T21:59:05.217+0000][75.181s][info][gc,heap        ] GC(24) ParOldGen: 1862560K(2796544K)->2033387K(2796544K)
[2026-09-23T21:59:05.217+0000][75.181s][info][gc,metaspace   ] GC(24) Metaspace: 164936K(166656K)->164936K(166656K) NonClass: 138592K(139584K)->138592K(139584K) Class: 26344K(27072K)->26344K(27072K)
[2026-09-23T21:59:05.217+0000][75.181s][info][gc             ] GC(24) Pause Young (Allocation Failure) 4299M->2141M(5578M) 142.722ms
[2026-09-23T21:59:05.217+0000][75.181s][info][gc,cpu         ] GC(24) User=0.56s Sys=0.00s Real=0.14s
[2026-09-23T21:59:09.008+0000][78.971s][info][gc,start       ] GC(25) Pause Young (Allocation Failure)
[2026-09-23T21:59:09.159+0000][79.122s][info][gc,heap        ] GC(25) PSYoungGen: 2589986K(2915328K)->170050K(2930176K) Eden: 2430464K(2430464K)->0K(2430464K) From: 159522K(484864K)->170050K(499712K)
[2026-09-23T21:59:09.159+0000][79.122s][info][gc,heap        ] GC(25) ParOldGen: 2033387K(2796544K)->2171068K(2796544K)
[2026-09-23T21:59:09.159+0000][79.122s][info][gc,metaspace   ] GC(25) Metaspace: 165007K(166720K)->165007K(166720K) NonClass: 138626K(139648K)->138626K(139648K) Class: 26381K(27072K)->26381K(27072K)
[2026-09-23T21:59:09.159+0000][79.122s][info][gc             ] GC(25) Pause Young (Allocation Failure) 4515M->2286M(5592M) 151.425ms
[2026-09-23T21:59:09.159+0000][79.123s][info][gc,cpu         ] GC(25) User=0.60s Sys=0.00s Real=0.15s
[2026-09-23T21:59:12.598+0000][82.561s][info][gc,start       ] GC(26) Pause Young (Allocation Failure)
[2026-09-23T21:59:12.779+0000][82.742s][info][gc,heap        ] GC(26) PSYoungGen: 2600514K(2930176K)->156882K(2964992K) Eden: 2430464K(2430464K)->0K(2515968K) From: 170050K(499712K)->156882K(449024K)
[2026-09-23T21:59:12.779+0000][82.742s][info][gc,heap        ] GC(26) ParOldGen: 2171068K(2796544K)->2317540K(2796544K)
[2026-09-23T21:59:12.779+0000][82.742s][info][gc,metaspace   ] GC(26) Metaspace: 165093K(166784K)->165093K(166784K) NonClass: 138700K(139648K)->138700K(139648K) Class: 26392K(27136K)->26392K(27136K)
[2026-09-23T21:59:12.779+0000][82.742s][info][gc             ] GC(26) Pause Young (Allocation Failure) 4659M->2416M(5626M) 180.905ms
[2026-09-23T21:59:12.779+0000][82.742s][info][gc,cpu         ] GC(26) User=0.68s Sys=0.02s Real=0.18s
[2026-09-23T21:59:16.277+0000][86.240s][info][gc,start       ] GC(27) Pause Young (Allocation Failure)
[2026-09-23T21:59:16.439+0000][86.403s][info][gc,heap        ] GC(27) PSYoungGen: 2672850K(2964992K)->143586K(2977280K) Eden: 2515968K(2515968K)->0K(2515968K) From: 156882K(449024K)->143586K(461312K)
[2026-09-23T21:59:16.439+0000][86.403s][info][gc,heap        ] GC(27) ParOldGen: 2317540K(2796544K)->2447348K(2796544K)
[2026-09-23T21:59:16.439+0000][86.403s][info][gc,metaspace   ] GC(27) Metaspace: 165184K(166912K)->165184K(166912K) NonClass: 138791K(139776K)->138791K(139776K) Class: 26393K(27136K)->26393K(27136K)
[2026-09-23T21:59:16.439+0000][86.403s][info][gc             ] GC(27) Pause Young (Allocation Failure) 4873M->2530M(5638M) 162.161ms
[2026-09-23T21:59:16.439+0000][86.403s][info][gc,cpu         ] GC(27) User=0.60s Sys=0.03s Real=0.16s
[2026-09-23T21:59:19.775+0000][89.739s][info][gc,start       ] GC(28) Pause Young (Allocation Failure)
[2026-09-23T21:59:19.997+0000][89.960s][info][gc,heap        ] GC(28) PSYoungGen: 2659554K(2977280K)->135842K(3009024K) Eden: 2515968K(2515968K)->0K(2587648K) From: 143586K(461312K)->135842K(421376K)
[2026-09-23T21:59:19.997+0000][89.960s][info][gc,heap        ] GC(28) ParOldGen: 2447348K(2796544K)->2562332K(2796544K)
[2026-09-23T21:59:19.997+0000][89.961s][info][gc,metaspace   ] GC(28) Metaspace: 165235K(166912K)->165235K(166912K) NonClass: 138841K(139776K)->138841K(139776K) Class: 26393K(27136K)->26393K(27136K)
[2026-09-23T21:59:19.997+0000][89.961s][info][gc             ] GC(28) Pause Young (Allocation Failure) 4987M->2634M(5669M) 221.825ms
[2026-09-23T21:59:19.997+0000][89.961s][info][gc,cpu         ] GC(28) User=0.82s Sys=0.04s Real=0.22s
[2026-09-23T21:59:23.253+0000][93.217s][info][gc,start       ] GC(29) Pause Young (Allocation Failure)
[2026-09-23T21:59:23.418+0000][93.382s][info][gc,heap        ] GC(29) PSYoungGen: 2723490K(3009024K)->140002K(3019776K) Eden: 2587648K(2587648K)->0K(2587648K) From: 135842K(421376K)->140002K(432128K)
[2026-09-23T21:59:23.418+0000][93.382s][info][gc,heap        ] GC(29) ParOldGen: 2562332K(2796544K)->2667769K(2796544K)
[2026-09-23T21:59:23.418+0000][93.382s][info][gc,metaspace   ] GC(29) Metaspace: 165318K(167040K)->165318K(167040K) NonClass: 138922K(139904K)->138922K(139904K) Class: 26395K(27136K)->26395K(27136K)
[2026-09-23T21:59:23.418+0000][93.382s][info][gc             ] GC(29) Pause Young (Allocation Failure) 5161M->2741M(5680M) 164.730ms
[2026-09-23T21:59:23.418+0000][93.382s][info][gc,cpu         ] GC(29) User=0.64s Sys=0.01s Real=0.16s
[2026-09-23T21:59:26.555+0000][96.519s][info][gc,start       ] GC(30) Pause Young (Allocation Failure)
[2026-09-23T21:59:26.739+0000][96.703s][info][gc,heap        ] GC(30) PSYoungGen: 2727650K(3019776K)->129714K(3040256K) Eden: 2587648K(2587648K)->0K(2645504K) From: 140002K(432128K)->129714K(394752K)
[2026-09-23T21:59:26.739+0000][96.703s][info][gc,heap        ] GC(30) ParOldGen: 2667769K(2796544K)->2776208K(2796544K)
[2026-09-23T21:59:26.739+0000][96.703s][info][gc,metaspace   ] GC(30) Metaspace: 165344K(167040K)->165344K(167040K) NonClass: 138946K(139904K)->138946K(139904K) Class: 26397K(27136K)->26397K(27136K)
[2026-09-23T21:59:26.739+0000][96.703s][info][gc             ] GC(30) Pause Young (Allocation Failure) 5268M->2837M(5700M) 183.777ms
[2026-09-23T21:59:26.739+0000][96.703s][info][gc,cpu         ] GC(30) User=0.67s Sys=0.04s Real=0.18s
[2026-09-23T21:59:29.983+0000][99.946s][info][gc,start       ] GC(31) Pause Young (Allocation Failure)
[2026-09-23T21:59:30.169+0000][100.132s][info][gc,heap        ] GC(31) PSYoungGen: 2775218K(3040256K)->137650K(3049472K) Eden: 2645504K(2645504K)->0K(2645504K) From: 129714K(394752K)->137650K(403968K)
[2026-09-23T21:59:30.169+0000][100.133s][info][gc,heap        ] GC(31) ParOldGen: 2776208K(2796544K)->2871331K(2871808K)
[2026-09-23T21:59:30.169+0000][100.133s][info][gc,metaspace   ] GC(31) Metaspace: 165501K(167168K)->165501K(167168K) NonClass: 139089K(140032K)->139089K(140032K) Class: 26411K(27136K)->26411K(27136K)
[2026-09-23T21:59:30.169+0000][100.133s][info][gc             ] GC(31) Pause Young (Allocation Failure) 5421M->2938M(5782M) 186.125ms
[2026-09-23T21:59:30.169+0000][100.133s][info][gc,cpu         ] GC(31) User=0.68s Sys=0.05s Real=0.18s
[2026-09-23T21:59:33.243+0000][103.206s][info][gc,start       ] GC(32) Pause Young (Allocation Failure)
[2026-09-23T21:59:33.442+0000][103.405s][info][gc,heap        ] GC(32) PSYoungGen: 2783154K(3049472K)->132129K(3069952K) Eden: 2645504K(2645504K)->0K(2701824K) From: 137650K(403968K)->132129K(368128K)
[2026-09-23T21:59:33.442+0000][103.405s][info][gc,heap        ] GC(32) ParOldGen: 2871331K(2871808K)->2972240K(2972672K)
[2026-09-23T21:59:33.442+0000][103.405s][info][gc,metaspace   ] GC(32) Metaspace: 165542K(167232K)->165542K(167232K) NonClass: 139128K(140096K)->139128K(140096K) Class: 26414K(27136K)->26414K(27136K)
[2026-09-23T21:59:33.442+0000][103.405s][info][gc             ] GC(32) Pause Young (Allocation Failure) 5521M->3031M(5901M) 198.648ms
[2026-09-23T21:59:33.442+0000][103.405s][info][gc,cpu         ] GC(32) User=0.71s Sys=0.07s Real=0.19s
[2026-09-23T21:59:36.675+0000][106.638s][info][gc,start       ] GC(33) Pause Young (Allocation Failure)
[2026-09-23T21:59:36.897+0000][106.860s][info][gc,heap        ] GC(33) PSYoungGen: 2833953K(3069952K)->135410K(3077632K) Eden: 2701824K(2701824K)->0K(2701824K) From: 132129K(368128K)->135410K(375808K)
[2026-09-23T21:59:36.897+0000][106.860s][info][gc,heap        ] GC(33) ParOldGen: 2972240K(2972672K)->3065786K(3065856K)
[2026-09-23T21:59:36.897+0000][106.860s][info][gc,metaspace   ] GC(33) Metaspace: 165607K(167296K)->165607K(167296K) NonClass: 139184K(140160K)->139184K(140160K) Class: 26422K(27136K)->26422K(27136K)
[2026-09-23T21:59:36.897+0000][106.860s][info][gc             ] GC(33) Pause Young (Allocation Failure) 5670M->3126M(5999M) 222.376ms
[2026-09-23T21:59:36.897+0000][106.860s][info][gc,cpu         ] GC(33) User=0.70s Sys=0.13s Real=0.22s
[2026-09-23T21:59:40.061+0000][110.024s][info][gc,start       ] GC(34) Pause Young (Allocation Failure)
[2026-09-23T21:59:40.240+0000][110.203s][info][gc,heap        ] GC(34) PSYoungGen: 2837234K(3077632K)->77106K(3115520K) Eden: 2701824K(2701824K)->0K(2754560K) From: 135410K(375808K)->77106K(360960K)
[2026-09-23T21:59:40.240+0000][110.203s][info][gc,heap        ] GC(34) ParOldGen: 3065786K(3065856K)->3161046K(3161088K)
[2026-09-23T21:59:40.240+0000][110.203s][info][gc,metaspace   ] GC(34) Metaspace: 165683K(167424K)->165683K(167424K) NonClass: 139251K(140224K)->139251K(140224K) Class: 26431K(27200K)->26431K(27200K)
[2026-09-23T21:59:40.240+0000][110.203s][info][gc             ] GC(34) Pause Young (Allocation Failure) 5764M->3162M(6129M) 178.909ms
[2026-09-23T21:59:40.240+0000][110.203s][info][gc,cpu         ] GC(34) User=0.62s Sys=0.07s Real=0.18s
[2026-09-23T21:59:43.358+0000][113.321s][info][gc,start       ] GC(35) Pause Young (Allocation Failure)
[2026-09-23T21:59:43.509+0000][113.473s][info][gc,heap        ] GC(35) PSYoungGen: 2831666K(3115520K)->64034K(3112960K) Eden: 2754560K(2754560K)->0K(2754560K) From: 77106K(360960K)->64034K(358400K)
[2026-09-23T21:59:43.509+0000][113.473s][info][gc,heap        ] GC(35) ParOldGen: 3161046K(3161088K)->3197520K(3197952K)
[2026-09-23T21:59:43.509+0000][113.473s][info][gc,metaspace   ] GC(35) Metaspace: 165695K(167424K)->165695K(167424K) NonClass: 139263K(140224K)->139263K(140224K) Class: 26431K(27200K)->26431K(27200K)
[2026-09-23T21:59:43.509+0000][113.473s][info][gc             ] GC(35) Pause Young (Allocation Failure) 5852M->3185M(6163M) 151.379ms
[2026-09-23T21:59:43.509+0000][113.473s][info][gc,cpu         ] GC(35) User=0.56s Sys=0.02s Real=0.15s
[2026-09-23T21:59:45.885+0000][115.849s][info][gc,start       ] GC(36) Pause Young (CodeCache GC Threshold)
[2026-09-23T21:59:46.022+0000][115.985s][info][gc,heap        ] GC(36) PSYoungGen: 2069226K(3112960K)->53377K(3122176K) Eden: 2005192K(2754560K)->0K(2775552K) From: 64034K(358400K)->53377K(346624K)
[2026-09-23T21:59:46.022+0000][115.985s][info][gc,heap        ] GC(36) ParOldGen: 3197520K(3197952K)->3221967K(3222016K)
[2026-09-23T21:59:46.022+0000][115.985s][info][gc,metaspace   ] GC(36) Metaspace: 165718K(167424K)->165718K(167424K) NonClass: 139286K(140224K)->139286K(140224K) Class: 26431K(27200K)->26431K(27200K)
[2026-09-23T21:59:46.022+0000][115.985s][info][gc             ] GC(36) Pause Young (CodeCache GC Threshold) 5143M->3198M(6195M) 136.134ms
[2026-09-23T21:59:46.022+0000][115.985s][info][gc,cpu         ] GC(36) User=0.52s Sys=0.02s Real=0.13s
[2026-09-23T21:59:46.022+0000][115.985s][info][gc,start       ] GC(37) Pause Full (CodeCache GC Threshold)
[2026-09-23T21:59:46.022+0000][115.985s][info][gc,phases,start] GC(37) Marking Phase
[2026-09-23T21:59:47.093+0000][117.056s][info][gc,phases      ] GC(37) Marking Phase 1071.023ms
[2026-09-23T21:59:47.093+0000][117.056s][info][gc,phases,start] GC(37) Summary Phase
[2026-09-23T21:59:47.093+0000][117.056s][info][gc,phases      ] GC(37) Summary Phase 0.064ms
[2026-09-23T21:59:47.093+0000][117.056s][info][gc,phases,start] GC(37) Adjust Roots
[2026-09-23T21:59:47.114+0000][117.077s][info][gc,phases      ] GC(37) Adjust Roots 20.782ms
[2026-09-23T21:59:47.114+0000][117.077s][info][gc,phases,start] GC(37) Compaction Phase
[2026-09-23T21:59:48.395+0000][118.358s][info][gc,phases      ] GC(37) Compaction Phase 1280.988ms
[2026-09-23T21:59:48.395+0000][118.358s][info][gc,phases,start] GC(37) Post Compact
[2026-09-23T21:59:48.403+0000][118.366s][info][gc,phases      ] GC(37) Post Compact 7.906ms
[2026-09-23T21:59:48.403+0000][118.366s][info][gc,heap        ] GC(37) PSYoungGen: 53377K(3122176K)->0K(3122176K) Eden: 0K(2775552K)->0K(2775552K) From: 53377K(346624K)->0K(346624K)
[2026-09-23T21:59:48.403+0000][118.366s][info][gc,heap        ] GC(37) ParOldGen: 3221967K(3222016K)->3161751K(3222016K)
[2026-09-23T21:59:48.403+0000][118.366s][info][gc,metaspace   ] GC(37) Metaspace: 165718K(167424K)->165718K(167424K) NonClass: 139286K(140224K)->139286K(140224K) Class: 26431K(27200K)->26431K(27200K)
[2026-09-23T21:59:48.403+0000][118.366s][info][gc             ] GC(37) Pause Full (CodeCache GC Threshold) 3198M->3087M(6195M) 2380.963ms
[2026-09-23T21:59:48.403+0000][118.366s][info][gc,cpu         ] GC(37) User=8.98s Sys=0.04s Real=2.39s
[2026-09-23T21:59:51.482+0000][121.445s][info][gc,start       ] GC(38) Pause Young (Allocation Failure)
[2026-09-23T21:59:51.607+0000][121.571s][info][gc,heap        ] GC(38) PSYoungGen: 2775552K(3122176K)->59986K(3126272K) Eden: 2775552K(2775552K)->0K(2775552K) From: 0K(346624K)->59986K(350720K)
[2026-09-23T21:59:51.607+0000][121.571s][info][gc,heap        ] GC(38) ParOldGen: 3161751K(3222016K)->3161751K(3222016K)
[2026-09-23T21:59:51.607+0000][121.571s][info][gc,metaspace   ] GC(38) Metaspace: 165758K(167488K)->165758K(167488K) NonClass: 139316K(140288K)->139316K(140288K) Class: 26441K(27200K)->26441K(27200K)
[2026-09-23T21:59:51.607+0000][121.571s][info][gc             ] GC(38) Pause Young (Allocation Failure) 5798M->3146M(6199M) 125.691ms
[2026-09-23T21:59:51.607+0000][121.571s][info][gc,cpu         ] GC(38) User=0.50s Sys=0.00s Real=0.13s
[2026-09-23T21:59:54.729+0000][124.692s][info][gc,start       ] GC(39) Pause Young (Allocation Failure)
[2026-09-23T21:59:54.862+0000][124.825s][info][gc,heap        ] GC(39) PSYoungGen: 2835538K(3126272K)->61058K(3128832K) Eden: 2775552K(2775552K)->0K(2800640K) From: 59986K(350720K)->61058K(328192K)
[2026-09-23T21:59:54.862+0000][124.825s][info][gc,heap        ] GC(39) ParOldGen: 3161751K(3222016K)->3183385K(3222016K)
[2026-09-23T21:59:54.862+0000][124.825s][info][gc,metaspace   ] GC(39) Metaspace: 165798K(167488K)->165798K(167488K) NonClass: 139356K(140288K)->139356K(140288K) Class: 26441K(27200K)->26441K(27200K)
[2026-09-23T21:59:54.862+0000][124.825s][info][gc             ] GC(39) Pause Young (Allocation Failure) 5856M->3168M(6202M) 133.407ms
[2026-09-23T21:59:54.862+0000][124.825s][info][gc,cpu         ] GC(39) User=0.53s Sys=0.00s Real=0.13s
[2026-09-23T21:59:58.141+0000][128.104s][info][gc,start       ] GC(40) Pause Young (Allocation Failure)
[2026-09-23T21:59:58.282+0000][128.245s][info][gc,heap        ] GC(40) PSYoungGen: 2861698K(3128832K)->59057K(3134976K) Eden: 2800640K(2800640K)->0K(2800640K) From: 61058K(328192K)->59057K(334336K)
[2026-09-23T21:59:58.282+0000][128.245s][info][gc,heap        ] GC(40) ParOldGen: 3183385K(3222016K)->3206130K(3222016K)
[2026-09-23T21:59:58.282+0000][128.245s][info][gc,metaspace   ] GC(40) Metaspace: 165849K(167552K)->165849K(167552K) NonClass: 139407K(140352K)->139407K(140352K) Class: 26441K(27200K)->26441K(27200K)
[2026-09-23T21:59:58.282+0000][128.245s][info][gc             ] GC(40) Pause Young (Allocation Failure) 5903M->3188M(6208M) 140.690ms
[2026-09-23T21:59:58.282+0000][128.245s][info][gc,cpu         ] GC(40) User=0.55s Sys=0.01s Real=0.14s
[2026-09-23T22:00:01.454+0000][131.418s][info][gc,start       ] GC(41) Pause Young (Allocation Failure)
[2026-09-23T22:00:01.588+0000][131.552s][info][gc,heap        ] GC(41) PSYoungGen: 2859697K(3134976K)->57937K(3143680K) Eden: 2800640K(2800640K)->0K(2835968K) From: 59057K(334336K)->57937K(307712K)
[2026-09-23T22:00:01.588+0000][131.552s][info][gc,heap        ] GC(41) ParOldGen: 3206130K(3222016K)->3226626K(3227136K)
[2026-09-23T22:00:01.588+0000][131.552s][info][gc,metaspace   ] GC(41) Metaspace: 165893K(167616K)->165893K(167616K) NonClass: 139451K(140416K)->139451K(140416K) Class: 26441K(27200K)->26441K(27200K)
[2026-09-23T22:00:01.588+0000][131.552s][info][gc             ] GC(41) Pause Young (Allocation Failure) 5923M->3207M(6221M) 133.721ms
[2026-09-23T22:00:01.588+0000][131.552s][info][gc,cpu         ] GC(41) User=0.53s Sys=0.00s Real=0.13s
[2026-09-23T22:00:04.843+0000][134.807s][info][gc,start       ] GC(42) Pause Young (Allocation Failure)
[2026-09-23T22:00:04.983+0000][134.946s][info][gc,heap        ] GC(42) PSYoungGen: 2893905K(3143680K)->57201K(3150336K) Eden: 2835968K(2835968K)->0K(2835968K) From: 57937K(307712K)->57201K(314368K)
[2026-09-23T22:00:04.983+0000][134.946s][info][gc,heap        ] GC(42) ParOldGen: 3226626K(3227136K)->3245462K(3245568K)
[2026-09-23T22:00:04.983+0000][134.946s][info][gc,metaspace   ] GC(42) Metaspace: 165930K(167616K)->165930K(167616K) NonClass: 139488K(140416K)->139488K(140416K) Class: 26441K(27200K)->26441K(27200K)
[2026-09-23T22:00:04.983+0000][134.946s][info][gc             ] GC(42) Pause Young (Allocation Failure) 5977M->3225M(6246M) 139.412ms
[2026-09-23T22:00:04.983+0000][134.946s][info][gc,cpu         ] GC(42) User=0.54s Sys=0.02s Real=0.14s
[2026-09-23T22:00:08.624+0000][138.588s][info][gc,start       ] GC(43) Pause Young (Allocation Failure)
[2026-09-23T22:00:08.763+0000][138.726s][info][gc,heap        ] GC(43) PSYoungGen: 2893169K(3150336K)->54785K(3163136K) Eden: 2835968K(2835968K)->0K(2876928K) From: 57201K(314368K)->54785K(286208K)
[2026-09-23T22:00:08.763+0000][138.726s][info][gc,heap        ] GC(43) ParOldGen: 3245462K(3245568K)->3263065K(3263488K)
[2026-09-23T22:00:08.763+0000][138.726s][info][gc,metaspace   ] GC(43) Metaspace: 165943K(167616K)->165943K(167616K) NonClass: 139500K(140416K)->139500K(140416K) Class: 26443K(27200K)->26443K(27200K)
[2026-09-23T22:00:08.763+0000][138.726s][info][gc             ] GC(43) Pause Young (Allocation Failure) 5994M->3240M(6276M) 138.600ms
[2026-09-23T22:00:08.763+0000][138.726s][info][gc,cpu         ] GC(43) User=0.54s Sys=0.01s Real=0.14s
[2026-09-23T22:00:12.248+0000][142.211s][info][gc,start       ] GC(44) Pause Young (Allocation Failure)
[2026-09-23T22:00:12.393+0000][142.356s][info][gc,heap        ] GC(44) PSYoungGen: 2931713K(3163136K)->55409K(3169792K) Eden: 2876928K(2876928K)->0K(2876928K) From: 54785K(286208K)->55409K(292864K)
[2026-09-23T22:00:12.393+0000][142.356s][info][gc,heap        ] GC(44) ParOldGen: 3263065K(3263488K)->3280252K(3280384K)
[2026-09-23T22:00:12.393+0000][142.356s][info][gc,metaspace   ] GC(44) Metaspace: 165956K(167744K)->165956K(167744K) NonClass: 139513K(140544K)->139513K(140544K) Class: 26443K(27200K)->26443K(27200K)
[2026-09-23T22:00:12.393+0000][142.356s][info][gc             ] GC(44) Pause Young (Allocation Failure) 6049M->3257M(6299M) 145.034ms
[2026-09-23T22:00:12.393+0000][142.356s][info][gc,cpu         ] GC(44) User=0.55s Sys=0.02s Real=0.15s
[2026-09-23T22:00:15.740+0000][145.703s][info][gc,start       ] GC(45) Pause Young (Allocation Failure)
[2026-09-23T22:00:15.879+0000][145.843s][info][gc,heap        ] GC(45) PSYoungGen: 2932337K(3169792K)->59154K(3181568K) Eden: 2876928K(2876928K)->0K(2919936K) From: 55409K(292864K)->59154K(261632K)
[2026-09-23T22:00:15.879+0000][145.843s][info][gc,heap        ] GC(45) ParOldGen: 3280252K(3280384K)->3297167K(3297280K)
[2026-09-23T22:00:15.879+0000][145.843s][info][gc,metaspace   ] GC(45) Metaspace: 165991K(167744K)->165991K(167744K) NonClass: 139547K(140544K)->139547K(140544K) Class: 26444K(27200K)->26444K(27200K)
[2026-09-23T22:00:15.879+0000][145.843s][info][gc             ] GC(45) Pause Young (Allocation Failure) 6066M->3277M(6327M) 139.537ms
[2026-09-23T22:00:15.879+0000][145.843s][info][gc,cpu         ] GC(45) User=0.53s Sys=0.02s Real=0.14s
[2026-09-23T22:00:19.404+0000][149.368s][info][gc,start       ] GC(46) Pause Young (Allocation Failure)
[2026-09-23T22:00:19.542+0000][149.505s][info][gc,heap        ] GC(46) PSYoungGen: 2979090K(3181568K)->55377K(3189760K) Eden: 2919936K(2919936K)->0K(2919936K) From: 59154K(261632K)->55377K(269824K)
[2026-09-23T22:00:19.542+0000][149.505s][info][gc,heap        ] GC(46) ParOldGen: 3297167K(3297280K)->3317131K(3317248K)
[2026-09-23T22:00:19.542+0000][149.505s][info][gc,metaspace   ] GC(46) Metaspace: 166006K(167744K)->166006K(167744K) NonClass: 139562K(140544K)->139562K(140544K) Class: 26444K(27200K)->26444K(27200K)
[2026-09-23T22:00:19.542+0000][149.505s][info][gc             ] GC(46) Pause Young (Allocation Failure) 6129M->3293M(6354M) 137.542ms
[2026-09-23T22:00:19.542+0000][149.506s][info][gc,cpu         ] GC(46) User=0.54s Sys=0.01s Real=0.13s
[2026-09-23T22:00:22.820+0000][152.783s][info][gc,start       ] GC(47) Pause Young (Allocation Failure)
[2026-09-23T22:00:22.959+0000][152.923s][info][gc,heap        ] GC(47) PSYoungGen: 2975313K(3189760K)->55729K(3206656K) Eden: 2919936K(2919936K)->0K(2966528K) From: 55377K(269824K)->55729K(240128K)
[2026-09-23T22:00:22.959+0000][152.923s][info][gc,heap        ] GC(47) ParOldGen: 3317131K(3317248K)->3335269K(3335680K)
[2026-09-23T22:00:22.959+0000][152.923s][info][gc,metaspace   ] GC(47) Metaspace: 166017K(167744K)->166017K(167744K) NonClass: 139573K(140544K)->139573K(140544K) Class: 26444K(27200K)->26444K(27200K)
[2026-09-23T22:00:22.959+0000][152.923s][info][gc             ] GC(47) Pause Young (Allocation Failure) 6144M->3311M(6389M) 139.587ms
[2026-09-23T22:00:22.959+0000][152.923s][info][gc,cpu         ] GC(47) User=0.53s Sys=0.02s Real=0.14s
[2026-09-23T22:00:26.349+0000][156.313s][info][gc,start       ] GC(48) Pause Young (Allocation Failure)
[2026-09-23T22:00:26.489+0000][156.453s][info][gc,heap        ] GC(48) PSYoungGen: 3022257K(3206656K)->58817K(3214336K) Eden: 2966528K(2966528K)->0K(2966528K) From: 55729K(240128K)->58817K(247808K)
[2026-09-23T22:00:26.489+0000][156.453s][info][gc,heap        ] GC(48) ParOldGen: 3335269K(3335680K)->3352941K(3353088K)
[2026-09-23T22:00:26.489+0000][156.453s][info][gc,metaspace   ] GC(48) Metaspace: 166027K(167744K)->166027K(167744K) NonClass: 139582K(140544K)->139582K(140544K) Class: 26444K(27200K)->26444K(27200K)
[2026-09-23T22:00:26.489+0000][156.453s][info][gc             ] GC(48) Pause Young (Allocation Failure) 6208M->3331M(6413M) 139.856ms
[2026-09-23T22:00:26.489+0000][156.453s][info][gc,cpu         ] GC(48) User=0.55s Sys=0.01s Real=0.14s
[2026-09-23T22:00:30.082+0000][160.046s][info][gc,start       ] GC(49) Pause Young (Allocation Failure)
[2026-09-23T22:00:30.240+0000][160.203s][info][gc,heap        ] GC(49) PSYoungGen: 3025345K(3214336K)->55329K(3230720K) Eden: 2966528K(2966528K)->0K(3011072K) From: 58817K(247808K)->55329K(219648K)
[2026-09-23T22:00:30.240+0000][160.203s][info][gc,heap        ] GC(49) ParOldGen: 3352941K(3353088K)->3372297K(3372544K)
[2026-09-23T22:00:30.240+0000][160.203s][info][gc,metaspace   ] GC(49) Metaspace: 166044K(167744K)->166044K(167744K) NonClass: 139599K(140544K)->139599K(140544K) Class: 26445K(27200K)->26445K(27200K)
[2026-09-23T22:00:30.240+0000][160.203s][info][gc             ] GC(49) Pause Young (Allocation Failure) 6228M->3347M(6448M) 157.618ms
[2026-09-23T22:00:30.240+0000][160.203s][info][gc,cpu         ] GC(49) User=0.57s Sys=0.02s Real=0.15s
[2026-09-23T22:00:33.640+0000][163.604s][info][gc,start       ] GC(50) Pause Young (Allocation Failure)
[2026-09-23T22:00:33.777+0000][163.740s][info][gc,heap        ] GC(50) PSYoungGen: 3066401K(3230720K)->56097K(3236864K) Eden: 3011072K(3011072K)->0K(3011072K) From: 55329K(219648K)->56097K(225792K)
[2026-09-23T22:00:33.777+0000][163.740s][info][gc,heap        ] GC(50) ParOldGen: 3372297K(3372544K)->3389767K(3389952K)
[2026-09-23T22:00:33.777+0000][163.740s][info][gc,metaspace   ] GC(50) Metaspace: 166052K(167808K)->166052K(167808K) NonClass: 139607K(140608K)->139607K(140608K) Class: 26445K(27200K)->26445K(27200K)
[2026-09-23T22:00:33.777+0000][163.740s][info][gc             ] GC(50) Pause Young (Allocation Failure) 6287M->3365M(6471M) 136.397ms
[2026-09-23T22:00:33.777+0000][163.740s][info][gc,cpu         ] GC(50) User=0.53s Sys=0.01s Real=0.14s
[2026-09-23T22:00:37.389+0000][167.352s][info][gc,start       ] GC(51) Pause Young (Allocation Failure)
[2026-09-23T22:00:37.529+0000][167.492s][info][gc,heap        ] GC(51) PSYoungGen: 3067169K(3236864K)->57505K(3252736K) Eden: 3011072K(3011072K)->0K(3053568K) From: 56097K(225792K)->57505K(199168K)
[2026-09-23T22:00:37.529+0000][167.492s][info][gc,heap        ] GC(51) ParOldGen: 3389767K(3389952K)->3406585K(3406848K)
[2026-09-23T22:00:37.529+0000][167.492s][info][gc,metaspace   ] GC(51) Metaspace: 166063K(167808K)->166063K(167808K) NonClass: 139617K(140608K)->139617K(140608K) Class: 26446K(27200K)->26446K(27200K)
[2026-09-23T22:00:37.529+0000][167.492s][info][gc             ] GC(51) Pause Young (Allocation Failure) 6305M->3382M(6503M) 139.754ms
[2026-09-23T22:00:37.529+0000][167.492s][info][gc,cpu         ] GC(51) User=0.54s Sys=0.02s Real=0.14s
[2026-09-23T22:00:41.095+0000][171.059s][info][gc,start       ] GC(52) Pause Young (Allocation Failure)
[2026-09-23T22:00:41.235+0000][171.199s][info][gc,heap        ] GC(52) PSYoungGen: 3111073K(3252736K)->55201K(3258880K) Eden: 3053568K(3053568K)->0K(3053568K) From: 57505K(199168K)->55201K(205312K)
[2026-09-23T22:00:41.235+0000][171.199s][info][gc,heap        ] GC(52) ParOldGen: 3406585K(3406848K)->3426259K(3426304K)
[2026-09-23T22:00:41.235+0000][171.199s][info][gc,metaspace   ] GC(52) Metaspace: 166095K(167808K)->166095K(167808K) NonClass: 139649K(140608K)->139649K(140608K) Class: 26446K(27200K)->26446K(27200K)
[2026-09-23T22:00:41.235+0000][171.199s][info][gc             ] GC(52) Pause Young (Allocation Failure) 6364M->3399M(6528M) 139.870ms
[2026-09-23T22:00:41.235+0000][171.199s][info][gc,cpu         ] GC(52) User=0.52s Sys=0.02s Real=0.14s
[2026-09-23T22:00:44.688+0000][174.652s][info][gc,start       ] GC(53) Pause Young (Allocation Failure)
[2026-09-23T22:00:44.825+0000][174.788s][info][gc,heap        ] GC(53) PSYoungGen: 3108769K(3258880K)->55601K(3274240K) Eden: 3053568K(3053568K)->0K(3093504K) From: 55201K(205312K)->55601K(180736K)
[2026-09-23T22:00:44.825+0000][174.788s][info][gc,heap        ] GC(53) ParOldGen: 3426259K(3426304K)->3443786K(3444224K)
[2026-09-23T22:00:44.825+0000][174.788s][info][gc,metaspace   ] GC(53) Metaspace: 166113K(167808K)->166113K(167808K) NonClass: 139666K(140608K)->139666K(140608K) Class: 26446K(27200K)->26446K(27200K)
[2026-09-23T22:00:44.825+0000][174.788s][info][gc             ] GC(53) Pause Young (Allocation Failure) 6381M->3417M(6561M) 136.655ms
[2026-09-23T22:00:44.825+0000][174.788s][info][gc,cpu         ] GC(53) User=0.53s Sys=0.01s Real=0.14s
[2026-09-23T22:00:48.612+0000][178.576s][info][gc,start       ] GC(54) Pause Young (Allocation Failure)
[2026-09-23T22:00:48.751+0000][178.715s][info][gc,heap        ] GC(54) PSYoungGen: 3149105K(3274240K)->55985K(3280384K) Eden: 3093504K(3093504K)->0K(3093504K) From: 55601K(180736K)->55985K(186880K)
[2026-09-23T22:00:48.751+0000][178.715s][info][gc,heap        ] GC(54) ParOldGen: 3443786K(3444224K)->3460809K(3461120K)
[2026-09-23T22:00:48.751+0000][178.715s][info][gc,metaspace   ] GC(54) Metaspace: 166156K(167872K)->166156K(167872K) NonClass: 139700K(140672K)->139700K(140672K) Class: 26456K(27200K)->26456K(27200K)
[2026-09-23T22:00:48.751+0000][178.715s][info][gc             ] GC(54) Pause Young (Allocation Failure) 6438M->3434M(6583M) 139.102ms
[2026-09-23T22:00:48.752+0000][178.715s][info][gc,cpu         ] GC(54) User=0.54s Sys=0.01s Real=0.13s
[2026-09-23T22:00:52.514+0000][182.477s][info][gc,start       ] GC(55) Pause Young (Allocation Failure)
[2026-09-23T22:00:52.675+0000][182.639s][info][gc,heap        ] GC(55) PSYoungGen: 3149489K(3280384K)->62193K(3292160K) Eden: 3093504K(3093504K)->0K(3129856K) From: 55985K(186880K)->62193K(162304K)
[2026-09-23T22:00:52.675+0000][182.639s][info][gc,heap        ] GC(55) ParOldGen: 3460809K(3461120K)->3479142K(3479552K)
[2026-09-23T22:00:52.675+0000][182.639s][info][gc,metaspace   ] GC(55) Metaspace: 166271K(167936K)->166271K(167936K) NonClass: 139799K(140736K)->139799K(140736K) Class: 26471K(27200K)->26471K(27200K)
[2026-09-23T22:00:52.675+0000][182.639s][info][gc             ] GC(55) Pause Young (Allocation Failure) 6455M->3458M(6613M) 161.628ms
[2026-09-23T22:00:52.675+0000][182.639s][info][gc,cpu         ] GC(55) User=0.56s Sys=0.05s Real=0.16s
[2026-09-23T22:00:56.103+0000][186.067s][info][gc,start       ] GC(56) Pause Young (Allocation Failure)
[2026-09-23T22:00:56.241+0000][186.204s][info][gc,heap        ] GC(56) PSYoungGen: 3192049K(3292160K)->52465K(3298816K) Eden: 3129856K(3129856K)->0K(3129856K) From: 62193K(162304K)->52465K(168960K)
[2026-09-23T22:00:56.241+0000][186.205s][info][gc,heap        ] GC(56) ParOldGen: 3479142K(3479552K)->3504906K(3505152K)
[2026-09-23T22:00:56.241+0000][186.205s][info][gc,metaspace   ] GC(56) Metaspace: 166414K(168128K)->166414K(168128K) NonClass: 139928K(140928K)->139928K(140928K) Class: 26485K(27200K)->26485K(27200K)
[2026-09-23T22:00:56.241+0000][186.205s][info][gc             ] GC(56) Pause Young (Allocation Failure) 6514M->3473M(6644M) 137.578ms
[2026-09-23T22:00:56.241+0000][186.205s][info][gc,cpu         ] GC(56) User=0.53s Sys=0.01s Real=0.13s
[2026-09-23T22:01:00.089+0000][190.053s][info][gc,start       ] GC(57) Pause Young (Allocation Failure)
[2026-09-23T22:01:00.228+0000][190.191s][info][gc,heap        ] GC(57) PSYoungGen: 3182321K(3298816K)->56897K(3312128K) Eden: 3129856K(3129856K)->0K(3164160K) From: 52465K(168960K)->56897K(147968K)
[2026-09-23T22:01:00.228+0000][190.191s][info][gc,heap        ] GC(57) ParOldGen: 3504906K(3505152K)->3521336K(3521536K)
[2026-09-23T22:01:00.228+0000][190.191s][info][gc,metaspace   ] GC(57) Metaspace: 166486K(168256K)->166486K(168256K) NonClass: 139987K(140992K)->139987K(140992K) Class: 26499K(27264K)->26499K(27264K)
[2026-09-23T22:01:00.228+0000][190.191s][info][gc             ] GC(57) Pause Young (Allocation Failure) 6530M->3494M(6673M) 138.087ms
[2026-09-23T22:01:00.228+0000][190.191s][info][gc,cpu         ] GC(57) User=0.54s Sys=0.01s Real=0.14s
[2026-09-23T22:01:03.781+0000][193.744s][info][gc,start       ] GC(58) Pause Young (Allocation Failure)
[2026-09-23T22:01:03.927+0000][193.891s][info][gc,heap        ] GC(58) PSYoungGen: 3221057K(3312128K)->54993K(3318784K) Eden: 3164160K(3164160K)->0K(3164160K) From: 56897K(147968K)->54993K(154624K)
[2026-09-23T22:01:03.927+0000][193.891s][info][gc,heap        ] GC(58) ParOldGen: 3521336K(3521536K)->3542744K(3543040K)
[2026-09-23T22:01:03.927+0000][193.891s][info][gc,metaspace   ] GC(58) Metaspace: 166499K(168256K)->166499K(168256K) NonClass: 140000K(140992K)->140000K(140992K) Class: 26499K(27264K)->26499K(27264K)
[2026-09-23T22:01:03.927+0000][193.891s][info][gc             ] GC(58) Pause Young (Allocation Failure) 6584M->3513M(6701M) 146.541ms
[2026-09-23T22:01:03.927+0000][193.891s][info][gc,cpu         ] GC(58) User=0.56s Sys=0.01s Real=0.15s
[2026-09-23T22:01:07.591+0000][197.555s][info][gc,start       ] GC(59) Pause Young (Allocation Failure)
[2026-09-23T22:01:07.731+0000][197.695s][info][gc,heap        ] GC(59) PSYoungGen: 3219153K(3318784K)->55633K(3326976K) Eden: 3164160K(3164160K)->0K(3192320K) From: 54993K(154624K)->55633K(134656K)
[2026-09-23T22:01:07.731+0000][197.695s][info][gc,heap        ] GC(59) ParOldGen: 3542744K(3543040K)->3561414K(3561472K)
[2026-09-23T22:01:07.731+0000][197.695s][info][gc,metaspace   ] GC(59) Metaspace: 166510K(168256K)->166510K(168256K) NonClass: 140010K(140992K)->140010K(140992K) Class: 26499K(27264K)->26499K(27264K)
[2026-09-23T22:01:07.731+0000][197.695s][info][gc             ] GC(59) Pause Young (Allocation Failure) 6603M->3532M(6727M) 140.054ms
[2026-09-23T22:01:07.731+0000][197.695s][info][gc,cpu         ] GC(59) User=0.54s Sys=0.01s Real=0.14s
[2026-09-23T22:01:11.616+0000][201.580s][info][gc,start       ] GC(60) Pause Young (Allocation Failure)
[2026-09-23T22:01:11.760+0000][201.724s][info][gc,heap        ] GC(60) PSYoungGen: 3247953K(3326976K)->56417K(3333632K) Eden: 3192320K(3192320K)->0K(3192320K) From: 55633K(134656K)->56417K(141312K)
[2026-09-23T22:01:11.760+0000][201.724s][info][gc,heap        ] GC(60) ParOldGen: 3561414K(3561472K)->3580785K(3580928K)
[2026-09-23T22:01:11.760+0000][201.724s][info][gc,metaspace   ] GC(60) Metaspace: 166526K(168256K)->166526K(168256K) NonClass: 140027K(140992K)->140027K(140992K) Class: 26499K(27264K)->26499K(27264K)
[2026-09-23T22:01:11.760+0000][201.724s][info][gc             ] GC(60) Pause Young (Allocation Failure) 6649M->3551M(6752M) 143.786ms
[2026-09-23T22:01:11.760+0000][201.724s][info][gc,cpu         ] GC(60) User=0.55s Sys=0.02s Real=0.14s
[2026-09-23T22:01:15.883+0000][205.846s][info][gc,start       ] GC(61) Pause Young (Allocation Failure)
[2026-09-23T22:01:16.024+0000][205.987s][info][gc,heap        ] GC(61) PSYoungGen: 3248737K(3333632K)->56465K(3340800K) Eden: 3192320K(3192320K)->0K(3218432K) From: 56417K(141312K)->56465K(122368K)
[2026-09-23T22:01:16.024+0000][205.987s][info][gc,heap        ] GC(61) ParOldGen: 3580785K(3580928K)->3600753K(3600896K)
[2026-09-23T22:01:16.024+0000][205.987s][info][gc,metaspace   ] GC(61) Metaspace: 166563K(168320K)->166563K(168320K) NonClass: 140063K(141056K)->140063K(141056K) Class: 26499K(27264K)->26499K(27264K)
[2026-09-23T22:01:16.024+0000][205.987s][info][gc             ] GC(61) Pause Young (Allocation Failure) 6669M->3571M(6779M) 140.921ms
[2026-09-23T22:01:16.024+0000][205.987s][info][gc,cpu         ] GC(61) User=0.54s Sys=0.01s Real=0.14s
[2026-09-23T22:01:19.921+0000][209.884s][info][gc,start       ] GC(62) Pause Young (Allocation Failure)
[2026-09-23T22:01:20.061+0000][210.025s][info][gc,heap        ] GC(62) PSYoungGen: 3274897K(3340800K)->54785K(3347456K) Eden: 3218432K(3218432K)->0K(3218432K) From: 56465K(122368K)->54785K(129024K)
[2026-09-23T22:01:20.061+0000][210.025s][info][gc,heap        ] GC(62) ParOldGen: 3600753K(3600896K)->3620655K(3620864K)
[2026-09-23T22:01:20.061+0000][210.025s][info][gc,metaspace   ] GC(62) Metaspace: 166615K(168320K)->166615K(168320K) NonClass: 140114K(141056K)->140114K(141056K) Class: 26500K(27264K)->26500K(27264K)
[2026-09-23T22:01:20.061+0000][210.025s][info][gc             ] GC(62) Pause Young (Allocation Failure) 6714M->3589M(6805M) 140.336ms
[2026-09-23T22:01:20.061+0000][210.025s][info][gc,cpu         ] GC(62) User=0.54s Sys=0.02s Real=0.14s
[2026-09-23T22:01:24.176+0000][214.140s][info][gc,start       ] GC(63) Pause Young (Allocation Failure)
[2026-09-23T22:01:24.314+0000][214.277s][info][gc,heap        ] GC(63) PSYoungGen: 3273217K(3347456K)->55329K(3355136K) Eden: 3218432K(3218432K)->0K(3241984K) From: 54785K(129024K)->55329K(113152K)
[2026-09-23T22:01:24.314+0000][214.277s][info][gc,heap        ] GC(63) ParOldGen: 3620655K(3620864K)->3639966K(3640320K)
[2026-09-23T22:01:24.314+0000][214.277s][info][gc,metaspace   ] GC(63) Metaspace: 166651K(168384K)->166651K(168384K) NonClass: 140150K(141120K)->140150K(141120K) Class: 26501K(27264K)->26501K(27264K)
[2026-09-23T22:01:24.314+0000][214.277s][info][gc             ] GC(63) Pause Young (Allocation Failure) 6732M->3608M(6831M) 137.465ms
[2026-09-23T22:01:24.314+0000][214.277s][info][gc,cpu         ] GC(63) User=0.53s Sys=0.01s Real=0.14s
[2026-09-23T22:01:28.324+0000][218.288s][info][gc,start       ] GC(64) Pause Young (Allocation Failure)
[2026-09-23T22:01:28.467+0000][218.430s][info][gc,heap        ] GC(64) PSYoungGen: 3297313K(3355136K)->56561K(3361280K) Eden: 3241984K(3241984K)->0K(3241984K) From: 55329K(113152K)->56561K(119296K)
[2026-09-23T22:01:28.467+0000][218.430s][info][gc,heap        ] GC(64) ParOldGen: 3639966K(3640320K)->3659901K(3660288K)
[2026-09-23T22:01:28.467+0000][218.430s][info][gc,metaspace   ] GC(64) Metaspace: 166677K(168384K)->166677K(168384K) NonClass: 140176K(141120K)->140176K(141120K) Class: 26501K(27264K)->26501K(27264K)
[2026-09-23T22:01:28.467+0000][218.430s][info][gc             ] GC(64) Pause Young (Allocation Failure) 6774M->3629M(6857M) 142.135ms
[2026-09-23T22:01:28.467+0000][218.430s][info][gc,cpu         ] GC(64) User=0.55s Sys=0.01s Real=0.14s
[2026-09-23T22:01:32.641+0000][222.604s][info][gc,start       ] GC(65) Pause Young (Allocation Failure)
[2026-09-23T22:01:32.788+0000][222.751s][info][gc,heap        ] GC(65) PSYoungGen: 3298545K(3361280K)->54129K(3366400K) Eden: 3241984K(3241984K)->0K(3261440K) From: 56561K(119296K)->54129K(104960K)
[2026-09-23T22:01:32.788+0000][222.751s][info][gc,heap        ] GC(65) ParOldGen: 3659901K(3660288K)->3680828K(3681280K)
[2026-09-23T22:01:32.788+0000][222.751s][info][gc,metaspace   ] GC(65) Metaspace: 166693K(168384K)->166693K(168384K) NonClass: 140192K(141120K)->140192K(141120K) Class: 26501K(27264K)->26501K(27264K)
[2026-09-23T22:01:32.788+0000][222.751s][info][gc             ] GC(65) Pause Young (Allocation Failure) 6795M->3647M(6882M) 147.103ms
[2026-09-23T22:01:32.788+0000][222.751s][info][gc,cpu         ] GC(65) User=0.55s Sys=0.02s Real=0.15s
[2026-09-23T22:01:36.876+0000][226.839s][info][gc,start       ] GC(66) Pause Young (Allocation Failure)
[2026-09-23T22:01:37.016+0000][226.979s][info][gc,heap        ] GC(66) PSYoungGen: 3315569K(3366400K)->57761K(3371520K) Eden: 3261440K(3261440K)->0K(3261440K) From: 54129K(104960K)->57761K(110080K)
[2026-09-23T22:01:37.016+0000][226.980s][info][gc,heap        ] GC(66) ParOldGen: 3680828K(3681280K)->3699723K(3700224K)
[2026-09-23T22:01:37.016+0000][226.980s][info][gc,metaspace   ] GC(66) Metaspace: 166704K(168448K)->166704K(168448K) NonClass: 140203K(141184K)->140203K(141184K) Class: 26501K(27264K)->26501K(27264K)
[2026-09-23T22:01:37.016+0000][226.980s][info][gc             ] GC(66) Pause Young (Allocation Failure) 6832M->3669M(6906M) 140.375ms
[2026-09-23T22:01:37.016+0000][226.980s][info][gc,cpu         ] GC(66) User=0.54s Sys=0.01s Real=0.14s
[2026-09-23T22:01:41.213+0000][231.176s][info][gc,start       ] GC(67) Pause Young (Allocation Failure)
[2026-09-23T22:01:41.353+0000][231.316s][info][gc,heap        ] GC(67) PSYoungGen: 3319201K(3371520K)->54929K(3377152K) Eden: 3261440K(3261440K)->0K(3279360K) From: 57761K(110080K)->54929K(97792K)
[2026-09-23T22:01:41.353+0000][231.316s][info][gc,heap        ] GC(67) ParOldGen: 3699723K(3700224K)->3721522K(3721728K)
[2026-09-23T22:01:41.353+0000][231.316s][info][gc,metaspace   ] GC(67) Metaspace: 166716K(168448K)->166716K(168448K) NonClass: 140215K(141184K)->140215K(141184K) Class: 26501K(27264K)->26501K(27264K)
[2026-09-23T22:01:41.353+0000][231.316s][info][gc             ] GC(67) Pause Young (Allocation Failure) 6854M->3687M(6932M) 140.028ms
[2026-09-23T22:01:41.353+0000][231.316s][info][gc,cpu         ] GC(67) User=0.54s Sys=0.00s Real=0.14s
[2026-09-23T22:01:45.620+0000][235.584s][info][gc,start       ] GC(68) Pause Young (Allocation Failure)
[2026-09-23T22:01:45.752+0000][235.716s][info][gc,heap        ] GC(68) PSYoungGen: 3334289K(3377152K)->54833K(3381248K) Eden: 3279360K(3279360K)->0K(3279360K) From: 54929K(97792K)->54833K(101888K)
[2026-09-23T22:01:45.752+0000][235.716s][info][gc,heap        ] GC(68) ParOldGen: 3721522K(3721728K)->3741816K(3742208K)
[2026-09-23T22:01:45.752+0000][235.716s][info][gc,metaspace   ] GC(68) Metaspace: 166724K(168448K)->166724K(168448K) NonClass: 140222K(141184K)->140222K(141184K) Class: 26501K(27264K)->26501K(27264K)
[2026-09-23T22:01:45.752+0000][235.716s][info][gc             ] GC(68) Pause Young (Allocation Failure) 6890M->3707M(6956M) 132.297ms
[2026-09-23T22:01:45.752+0000][235.716s][info][gc,cpu         ] GC(68) User=0.51s Sys=0.02s Real=0.14s
[2026-09-23T22:01:49.795+0000][239.758s][info][gc,start       ] GC(69) Pause Young (Allocation Failure)
[2026-09-23T22:01:49.942+0000][239.905s][info][gc,heap        ] GC(69) PSYoungGen: 3334193K(3381248K)->58593K(3383808K) Eden: 3279360K(3279360K)->0K(3294208K) From: 54833K(101888K)->58593K(89600K)
[2026-09-23T22:01:49.942+0000][239.905s][info][gc,heap        ] GC(69) ParOldGen: 3741816K(3742208K)->3762084K(3762176K)
[2026-09-23T22:01:49.942+0000][239.905s][info][gc,metaspace   ] GC(69) Metaspace: 166763K(168448K)->166763K(168448K) NonClass: 140262K(141184K)->140262K(141184K) Class: 26501K(27264K)->26501K(27264K)
[2026-09-23T22:01:49.942+0000][239.906s][info][gc             ] GC(69) Pause Young (Allocation Failure) 6910M->3731M(6978M) 147.411ms
[2026-09-23T22:01:49.942+0000][239.906s][info][gc,cpu         ] GC(69) User=0.54s Sys=0.04s Real=0.14s
[2026-09-23T22:01:53.856+0000][243.819s][info][gc,start       ] GC(70) Pause Young (Allocation Failure)
[2026-09-23T22:01:53.995+0000][243.958s][info][gc,heap        ] GC(70) PSYoungGen: 3352801K(3383808K)->52305K(3388928K) Eden: 3294208K(3294208K)->0K(3294208K) From: 58593K(89600K)->52305K(94720K)
[2026-09-23T22:01:53.995+0000][243.958s][info][gc,heap        ] GC(70) ParOldGen: 3762084K(3762176K)->3785086K(3785216K)
[2026-09-23T22:01:53.995+0000][243.958s][info][gc,metaspace   ] GC(70) Metaspace: 166776K(168576K)->166776K(168576K) NonClass: 140274K(141312K)->140274K(141312K) Class: 26502K(27264K)->26502K(27264K)
[2026-09-23T22:01:53.995+0000][243.958s][info][gc             ] GC(70) Pause Young (Allocation Failure) 6948M->3747M(7006M) 138.962ms
[2026-09-23T22:01:53.995+0000][243.958s][info][gc,cpu         ] GC(70) User=0.53s Sys=0.01s Real=0.14s
[2026-09-23T22:01:58.166+0000][248.130s][info][gc,start       ] GC(71) Pause Young (Allocation Failure)
[2026-09-23T22:01:58.316+0000][248.279s][info][gc,heap        ] GC(71) PSYoungGen: 3346513K(3388928K)->55649K(3392512K) Eden: 3294208K(3294208K)->0K(3308032K) From: 52305K(94720K)->55649K(84480K)
[2026-09-23T22:01:58.316+0000][248.279s][info][gc,heap        ] GC(71) ParOldGen: 3785086K(3785216K)->3802296K(3802624K)
[2026-09-23T22:01:58.316+0000][248.279s][info][gc,metaspace   ] GC(71) Metaspace: 166788K(168576K)->166788K(168576K) NonClass: 140284K(141312K)->140284K(141312K) Class: 26503K(27264K)->26503K(27264K)
[2026-09-23T22:01:58.316+0000][248.279s][info][gc             ] GC(71) Pause Young (Allocation Failure) 6964M->3767M(7026M) 149.344ms
[2026-09-23T22:01:58.316+0000][248.279s][info][gc,cpu         ] GC(71) User=0.55s Sys=0.03s Real=0.15s
[2026-09-23T22:02:02.341+0000][252.305s][info][gc,start       ] GC(72) Pause Young (Allocation Failure)
[2026-09-23T22:02:02.478+0000][252.442s][info][gc,heap        ] GC(72) PSYoungGen: 3363681K(3392512K)->52641K(3397632K) Eden: 3308032K(3308032K)->0K(3308032K) From: 55649K(84480K)->52641K(89600K)
[2026-09-23T22:02:02.478+0000][252.442s][info][gc,heap        ] GC(72) ParOldGen: 3802296K(3802624K)->3822983K(3823104K)
[2026-09-23T22:02:02.478+0000][252.442s][info][gc,metaspace   ] GC(72) Metaspace: 166818K(168576K)->166818K(168576K) NonClass: 140315K(141312K)->140315K(141312K) Class: 26503K(27264K)->26503K(27264K)
[2026-09-23T22:02:02.478+0000][252.442s][info][gc             ] GC(72) Pause Young (Allocation Failure) 6998M->3784M(7051M) 136.626ms
[2026-09-23T22:02:02.478+0000][252.442s][info][gc,cpu         ] GC(72) User=0.53s Sys=0.02s Real=0.14s
[2026-09-23T22:02:06.705+0000][256.668s][info][gc,start       ] GC(73) Pause Young (Allocation Failure)
[2026-09-23T22:02:06.843+0000][256.806s][info][gc,heap        ] GC(73) PSYoungGen: 3360673K(3397632K)->55681K(3397632K) Eden: 3308032K(3308032K)->0K(3318272K) From: 52641K(89600K)->55681K(79360K)
[2026-09-23T22:02:06.843+0000][256.806s][info][gc,heap        ] GC(73) ParOldGen: 3822983K(3823104K)->3840680K(3841024K)
[2026-09-23T22:02:06.843+0000][256.806s][info][gc,metaspace   ] GC(73) Metaspace: 166826K(168576K)->166826K(168576K) NonClass: 140323K(141312K)->140323K(141312K) Class: 26503K(27264K)->26503K(27264K)
[2026-09-23T22:02:06.843+0000][256.806s][info][gc             ] GC(73) Pause Young (Allocation Failure) 7015M->3805M(7069M) 137.850ms
[2026-09-23T22:02:06.843+0000][256.806s][info][gc,cpu         ] GC(73) User=0.52s Sys=0.02s Real=0.14s
[2026-09-23T22:02:11.346+0000][261.310s][info][gc,start       ] GC(74) Pause Young (Allocation Failure)
[2026-09-23T22:02:11.487+0000][261.451s][info][gc,heap        ] GC(74) PSYoungGen: 3373953K(3397632K)->58241K(3402752K) Eden: 3318272K(3318272K)->0K(3318272K) From: 55681K(79360K)->58241K(84480K)
[2026-09-23T22:02:11.487+0000][261.451s][info][gc,heap        ] GC(74) ParOldGen: 3840680K(3841024K)->3861071K(3861504K)
[2026-09-23T22:02:11.487+0000][261.451s][info][gc,metaspace   ] GC(74) Metaspace: 166832K(168576K)->166832K(168576K) NonClass: 140327K(141312K)->140327K(141312K) Class: 26504K(27264K)->26504K(27264K)
[2026-09-23T22:02:11.487+0000][261.451s][info][gc             ] GC(74) Pause Young (Allocation Failure) 7045M->3827M(7094M) 141.061ms
[2026-09-23T22:02:11.487+0000][261.451s][info][gc,cpu         ] GC(74) User=0.54s Sys=0.02s Real=0.14s
[2026-09-23T22:02:15.687+0000][265.651s][info][gc,start       ] GC(75) Pause Young (Allocation Failure)
[2026-09-23T22:02:15.830+0000][265.794s][info][gc,heap        ] GC(75) PSYoungGen: 3376513K(3402752K)->57377K(3403264K) Eden: 3318272K(3318272K)->0K(3328000K) From: 58241K(84480K)->57377K(75264K)
[2026-09-23T22:02:15.830+0000][265.794s][info][gc,heap        ] GC(75) ParOldGen: 3861071K(3861504K)->3884761K(3885056K)
[2026-09-23T22:02:15.830+0000][265.794s][info][gc,metaspace   ] GC(75) Metaspace: 166837K(168576K)->166837K(168576K) NonClass: 140332K(141312K)->140332K(141312K) Class: 26504K(27264K)->26504K(27264K)
[2026-09-23T22:02:15.830+0000][265.794s][info][gc             ] GC(75) Pause Young (Allocation Failure) 7067M->3849M(7117M) 142.958ms
[2026-09-23T22:02:15.830+0000][265.794s][info][gc,cpu         ] GC(75) User=0.55s Sys=0.02s Real=0.14s
[2026-09-23T22:02:20.324+0000][270.288s][info][gc,start       ] GC(76) Pause Young (Allocation Failure)
[2026-09-23T22:02:20.467+0000][270.431s][info][gc,heap        ] GC(76) PSYoungGen: 3385377K(3403264K)->60577K(3407872K) Eden: 3328000K(3328000K)->0K(3328000K) From: 57377K(75264K)->60577K(79872K)
[2026-09-23T22:02:20.467+0000][270.431s][info][gc,heap        ] GC(76) ParOldGen: 3884761K(3885056K)->3907008K(3907072K)
[2026-09-23T22:02:20.467+0000][270.431s][info][gc,metaspace   ] GC(76) Metaspace: 166844K(168640K)->166844K(168640K) NonClass: 140338K(141376K)->140338K(141376K) Class: 26506K(27264K)->26506K(27264K)
[2026-09-23T22:02:20.467+0000][270.431s][info][gc             ] GC(76) Pause Young (Allocation Failure) 7099M->3874M(7143M) 142.755ms
[2026-09-23T22:02:20.467+0000][270.431s][info][gc,cpu         ] GC(76) User=0.55s Sys=0.01s Real=0.14s
[2026-09-23T22:02:24.785+0000][274.748s][info][gc,start       ] GC(77) Pause Young (Allocation Failure)
[2026-09-23T22:02:24.949+0000][274.913s][info][gc,heap        ] GC(77) PSYoungGen: 3388577K(3407872K)->61921K(3412992K) Eden: 3328000K(3328000K)->0K(3336192K) From: 60577K(79872K)->61921K(76800K)
[2026-09-23T22:02:24.949+0000][274.913s][info][gc,heap        ] GC(77) ParOldGen: 3907008K(3907072K)->3932895K(3933184K)
[2026-09-23T22:02:24.949+0000][274.913s][info][gc,metaspace   ] GC(77) Metaspace: 166937K(168704K)->166937K(168704K) NonClass: 140429K(141440K)->140429K(141440K) Class: 26507K(27264K)->26507K(27264K)
[2026-09-23T22:02:24.949+0000][274.913s][info][gc             ] GC(77) Pause Young (Allocation Failure) 7124M->3901M(7174M) 164.481ms
[2026-09-23T22:02:24.949+0000][274.913s][info][gc,cpu         ] GC(77) User=0.61s Sys=0.05s Real=0.16s
[2026-09-23T22:02:29.570+0000][279.533s][info][gc,start       ] GC(78) Pause Young (Allocation Failure)
[2026-09-23T22:02:29.717+0000][279.681s][info][gc,heap        ] GC(78) PSYoungGen: 3398113K(3412992K)->56561K(3414528K) Eden: 3336192K(3336192K)->0K(3336192K) From: 61921K(76800K)->56561K(78336K)
[2026-09-23T22:02:29.718+0000][279.681s][info][gc,heap        ] GC(78) ParOldGen: 3932895K(3933184K)->3960180K(3960320K)
[2026-09-23T22:02:29.718+0000][279.681s][info][gc,metaspace   ] GC(78) Metaspace: 166964K(168704K)->166964K(168704K) NonClass: 140451K(141440K)->140451K(141440K) Class: 26512K(27264K)->26512K(27264K)
[2026-09-23T22:02:29.718+0000][279.681s][info][gc             ] GC(78) Pause Young (Allocation Failure) 7159M->3922M(7202M) 147.685ms
[2026-09-23T22:02:29.718+0000][279.681s][info][gc,cpu         ] GC(78) User=0.56s Sys=0.01s Real=0.15s
[2026-09-23T22:02:34.393+0000][284.357s][info][gc,start       ] GC(79) Pause Young (Allocation Failure)
[2026-09-23T22:02:34.534+0000][284.498s][info][gc,heap        ] GC(79) PSYoungGen: 3392753K(3414528K)->52688K(3416064K) Eden: 3336192K(3336192K)->0K(3340288K) From: 56561K(78336K)->52688K(75776K)
[2026-09-23T22:02:34.534+0000][284.498s][info][gc,heap        ] GC(79) ParOldGen: 3960180K(3960320K)->3981738K(3981824K)
[2026-09-23T22:02:34.534+0000][284.498s][info][gc,metaspace   ] GC(79) Metaspace: 167003K(168704K)->167003K(168704K) NonClass: 140481K(141440K)->140481K(141440K) Class: 26521K(27264K)->26521K(27264K)
[2026-09-23T22:02:34.534+0000][284.498s][info][gc             ] GC(79) Pause Young (Allocation Failure) 7180M->3939M(7224M) 140.878ms
[2026-09-23T22:02:34.534+0000][284.498s][info][gc,cpu         ] GC(79) User=0.54s Sys=0.02s Real=0.14s
[2026-09-23T22:02:39.045+0000][289.008s][info][gc,start       ] GC(80) Pause Young (Allocation Failure)
[2026-09-23T22:02:39.182+0000][289.146s][info][gc,heap        ] GC(80) PSYoungGen: 3392976K(3416064K)->56753K(3416064K) Eden: 3340288K(3340288K)->0K(3340288K) From: 52688K(75776K)->56753K(75776K)
[2026-09-23T22:02:39.182+0000][289.146s][info][gc,heap        ] GC(80) ParOldGen: 3981738K(3981824K)->4000256K(4000768K)
[2026-09-23T22:02:39.182+0000][289.146s][info][gc,metaspace   ] GC(80) Metaspace: 167023K(168768K)->167023K(168768K) NonClass: 140501K(141504K)->140501K(141504K) Class: 26522K(27264K)->26522K(27264K)
[2026-09-23T22:02:39.182+0000][289.146s][info][gc             ] GC(80) Pause Young (Allocation Failure) 7201M->3961M(7243M) 137.439ms
[2026-09-23T22:02:39.182+0000][289.146s][info][gc,cpu         ] GC(80) User=0.53s Sys=0.01s Real=0.13s
[2026-09-23T22:02:43.671+0000][293.635s][info][gc,start       ] GC(81) Pause Young (Allocation Failure)
[2026-09-23T22:02:43.824+0000][293.787s][info][gc,heap        ] GC(81) PSYoungGen: 3397041K(3416064K)->58945K(3418112K) Eden: 3340288K(3340288K)->0K(3344384K) From: 56753K(75776K)->58945K(73728K)
[2026-09-23T22:02:43.824+0000][293.787s][info][gc,heap        ] GC(81) ParOldGen: 4000256K(4000768K)->4022301K(4022784K)
[2026-09-23T22:02:43.824+0000][293.787s][info][gc,metaspace   ] GC(81) Metaspace: 167034K(168768K)->167034K(168768K) NonClass: 140511K(141504K)->140511K(141504K) Class: 26522K(27264K)->26522K(27264K)
[2026-09-23T22:02:43.824+0000][293.787s][info][gc             ] GC(81) Pause Young (Allocation Failure) 7223M->3985M(7266M) 152.308ms
[2026-09-23T22:02:43.824+0000][293.787s][info][gc,cpu         ] GC(81) User=0.57s Sys=0.01s Real=0.16s
[2026-09-23T22:02:46.643+0000][296.606s][info][gc,start       ] GC(82) Pause Young (CodeCache GC Threshold)
[2026-09-23T22:02:46.781+0000][296.744s][info][gc,heap        ] GC(82) PSYoungGen: 1987351K(3418112K)->43632K(3417088K) Eden: 1928406K(3344384K)->0K(3344384K) From: 58945K(73728K)->43632K(72704K)
[2026-09-23T22:02:46.781+0000][296.744s][info][gc,heap        ] GC(82) ParOldGen: 4022301K(4022784K)->4047865K(4047872K)
[2026-09-23T22:02:46.781+0000][296.744s][info][gc,metaspace   ] GC(82) Metaspace: 167035K(168768K)->167035K(168768K) NonClass: 140512K(141504K)->140512K(141504K) Class: 26523K(27264K)->26523K(27264K)
[2026-09-23T22:02:46.781+0000][296.744s][info][gc             ] GC(82) Pause Young (CodeCache GC Threshold) 5868M->3995M(7290M) 137.824ms
[2026-09-23T22:02:46.781+0000][296.744s][info][gc,cpu         ] GC(82) User=0.53s Sys=0.02s Real=0.13s
[2026-09-23T22:02:46.781+0000][296.744s][info][gc,start       ] GC(83) Pause Full (CodeCache GC Threshold)
[2026-09-23T22:02:46.781+0000][296.744s][info][gc,phases,start] GC(83) Marking Phase
[2026-09-23T22:02:48.020+0000][297.984s][info][gc,phases      ] GC(83) Marking Phase 1239.373ms
[2026-09-23T22:02:48.020+0000][297.984s][info][gc,phases,start] GC(83) Summary Phase
[2026-09-23T22:02:48.020+0000][297.984s][info][gc,phases      ] GC(83) Summary Phase 0.101ms
[2026-09-23T22:02:48.020+0000][297.984s][info][gc,phases,start] GC(83) Adjust Roots
[2026-09-23T22:02:48.043+0000][298.007s][info][gc,phases      ] GC(83) Adjust Roots 22.841ms
[2026-09-23T22:02:48.043+0000][298.007s][info][gc,phases,start] GC(83) Compaction Phase
[2026-09-23T22:02:49.480+0000][299.443s][info][gc,phases      ] GC(83) Compaction Phase 1436.740ms
[2026-09-23T22:02:49.480+0000][299.444s][info][gc,phases,start] GC(83) Post Compact
[2026-09-23T22:02:49.484+0000][299.448s][info][gc,phases      ] GC(83) Post Compact 4.075ms
[2026-09-23T22:02:49.484+0000][299.448s][info][gc,heap        ] GC(83) PSYoungGen: 43632K(3417088K)->0K(3417088K) Eden: 0K(3344384K)->0K(3344384K) From: 43632K(72704K)->0K(72704K)
[2026-09-23T22:02:49.484+0000][299.448s][info][gc,heap        ] GC(83) ParOldGen: 4047865K(4047872K)->3524745K(4047872K)
[2026-09-23T22:02:49.484+0000][299.448s][info][gc,metaspace   ] GC(83) Metaspace: 167035K(168768K)->167035K(168768K) NonClass: 140512K(141504K)->140512K(141504K) Class: 26523K(27264K)->26523K(27264K)
[2026-09-23T22:02:49.484+0000][299.448s][info][gc             ] GC(83) Pause Full (CodeCache GC Threshold) 3995M->3442M(7290M) 2703.348ms
[2026-09-23T22:02:49.484+0000][299.448s][info][gc,cpu         ] GC(83) User=10.16s Sys=0.09s Real=2.71s
[2026-09-23T22:02:54.278+0000][304.242s][info][gc,start       ] GC(84) Pause Young (Allocation Failure)
[2026-09-23T22:02:54.413+0000][304.376s][info][gc,heap        ] GC(84) PSYoungGen: 3344384K(3417088K)->60593K(3419136K) Eden: 3344384K(3344384K)->0K(3345408K) From: 0K(72704K)->60593K(73728K)
[2026-09-23T22:02:54.413+0000][304.376s][info][gc,heap        ] GC(84) ParOldGen: 3524745K(4047872K)->3524753K(4047872K)
[2026-09-23T22:02:54.413+0000][304.376s][info][gc,metaspace   ] GC(84) Metaspace: 167167K(168896K)->167167K(168896K) NonClass: 140626K(141632K)->140626K(141632K) Class: 26541K(27264K)->26541K(27264K)
[2026-09-23T22:02:54.413+0000][304.376s][info][gc             ] GC(84) Pause Young (Allocation Failure) 6708M->3501M(7292M) 134.461ms
[2026-09-23T22:02:54.413+0000][304.376s][info][gc,cpu         ] GC(84) User=0.54s Sys=0.00s Real=0.14s
[2026-09-23T22:02:59.027+0000][308.990s][info][gc,start       ] GC(85) Pause Young (Allocation Failure)
[2026-09-23T22:02:59.160+0000][309.123s][info][gc,heap        ] GC(85) PSYoungGen: 3406001K(3419136K)->54177K(3419136K) Eden: 3345408K(3345408K)->0K(3345408K) From: 60593K(73728K)->54177K(73728K)
[2026-09-23T22:02:59.160+0000][309.123s][info][gc,heap        ] GC(85) ParOldGen: 3524753K(4047872K)->3550808K(4047872K)
[2026-09-23T22:02:59.160+0000][309.123s][info][gc,metaspace   ] GC(85) Metaspace: 167173K(168896K)->167173K(168896K) NonClass: 140631K(141632K)->140631K(141632K) Class: 26541K(27264K)->26541K(27264K)
[2026-09-23T22:02:59.160+0000][309.123s][info][gc             ] GC(85) Pause Young (Allocation Failure) 6768M->3520M(7292M) 132.943ms
[2026-09-23T22:02:59.160+0000][309.123s][info][gc,cpu         ] GC(85) User=0.53s Sys=0.00s Real=0.13s
[2026-09-23T22:03:03.756+0000][313.719s][info][gc,start       ] GC(86) Pause Young (Allocation Failure)
[2026-09-23T22:03:03.929+0000][313.892s][info][gc,heap        ] GC(86) PSYoungGen: 3399585K(3419136K)->57361K(3420160K) Eden: 3345408K(3345408K)->0K(3348480K) From: 54177K(73728K)->57361K(71680K)
[2026-09-23T22:03:03.929+0000][313.892s][info][gc,heap        ] GC(86) ParOldGen: 3550808K(4047872K)->3570657K(4047872K)
[2026-09-23T22:03:03.929+0000][313.892s][info][gc,metaspace   ] GC(86) Metaspace: 167191K(168896K)->167191K(168896K) NonClass: 140649K(141632K)->140649K(141632K) Class: 26541K(27264K)->26541K(27264K)
[2026-09-23T22:03:03.929+0000][313.892s][info][gc             ] GC(86) Pause Young (Allocation Failure) 6787M->3542M(7293M) 172.884ms
[2026-09-23T22:03:03.929+0000][313.892s][info][gc,cpu         ] GC(86) User=0.63s Sys=0.03s Real=0.17s
[2026-09-23T22:03:08.581+0000][318.544s][info][gc,start       ] GC(87) Pause Young (Allocation Failure)
[2026-09-23T22:03:08.713+0000][318.677s][info][gc,heap        ] GC(87) PSYoungGen: 3405841K(3420160K)->52689K(3419648K) Eden: 3348480K(3348480K)->0K(3348480K) From: 57361K(71680K)->52689K(71168K)
[2026-09-23T22:03:08.713+0000][318.677s][info][gc,heap        ] GC(87) ParOldGen: 3570657K(4047872K)->3593019K(4047872K)
[2026-09-23T22:03:08.713+0000][318.677s][info][gc,metaspace   ] GC(87) Metaspace: 167198K(168896K)->167198K(168896K) NonClass: 140655K(141632K)->140655K(141632K) Class: 26542K(27264K)->26542K(27264K)
[2026-09-23T22:03:08.713+0000][318.677s][info][gc             ] GC(87) Pause Young (Allocation Failure) 6812M->3560M(7292M) 132.948ms
[2026-09-23T22:03:08.713+0000][318.677s][info][gc,cpu         ] GC(87) User=0.53s Sys=0.00s Real=0.14s
[2026-09-23T22:03:13.439+0000][323.403s][info][gc,start       ] GC(88) Pause Young (Allocation Failure)
[2026-09-23T22:03:13.577+0000][323.540s][info][gc,heap        ] GC(88) PSYoungGen: 3401169K(3419648K)->62513K(3421184K) Eden: 3348480K(3348480K)->0K(3351040K) From: 52689K(71168K)->62513K(70144K)
[2026-09-23T22:03:13.577+0000][323.540s][info][gc,heap        ] GC(88) ParOldGen: 3593019K(4047872K)->3611633K(4047872K)
[2026-09-23T22:03:13.577+0000][323.540s][info][gc,metaspace   ] GC(88) Metaspace: 167218K(168896K)->167218K(168896K) NonClass: 140676K(141632K)->140676K(141632K) Class: 26542K(27264K)->26542K(27264K)
[2026-09-23T22:03:13.577+0000][323.540s][info][gc             ] GC(88) Pause Young (Allocation Failure) 6830M->3588M(7294M) 137.446ms
[2026-09-23T22:03:13.577+0000][323.540s][info][gc,cpu         ] GC(88) User=0.55s Sys=0.00s Real=0.14s
[2026-09-23T22:03:18.231+0000][328.194s][info][gc,start       ] GC(89) Pause Young (Allocation Failure)
[2026-09-23T22:03:18.365+0000][328.328s][info][gc,heap        ] GC(89) PSYoungGen: 3413553K(3421184K)->57649K(3422208K) Eden: 3351040K(3351040K)->0K(3351040K) From: 62513K(70144K)->57649K(71168K)
[2026-09-23T22:03:18.365+0000][328.328s][info][gc,heap        ] GC(89) ParOldGen: 3611633K(4047872K)->3640074K(4047872K)
[2026-09-23T22:03:18.365+0000][328.328s][info][gc,metaspace   ] GC(89) Metaspace: 167229K(168960K)->167229K(168960K) NonClass: 140687K(141696K)->140687K(141696K) Class: 26542K(27264K)->26542K(27264K)
[2026-09-23T22:03:18.365+0000][328.328s][info][gc             ] GC(89) Pause Young (Allocation Failure) 6860M->3611M(7295M) 134.283ms
[2026-09-23T22:03:18.365+0000][328.328s][info][gc,cpu         ] GC(89) User=0.53s Sys=0.00s Real=0.14s
[2026-09-23T22:03:23.188+0000][333.151s][info][gc,start       ] GC(90) Pause Young (Allocation Failure)
[2026-09-23T22:03:23.328+0000][333.291s][info][gc,heap        ] GC(90) PSYoungGen: 3408689K(3422208K)->57840K(3421696K) Eden: 3351040K(3351040K)->0K(3353600K) From: 57649K(71168K)->57840K(68096K)
[2026-09-23T22:03:23.328+0000][333.291s][info][gc,heap        ] GC(90) ParOldGen: 3640074K(4047872K)->3663935K(4047872K)
[2026-09-23T22:03:23.328+0000][333.291s][info][gc,metaspace   ] GC(90) Metaspace: 167252K(168960K)->167252K(168960K) NonClass: 140710K(141696K)->140710K(141696K) Class: 26542K(27264K)->26542K(27264K)
[2026-09-23T22:03:23.328+0000][333.291s][info][gc             ] GC(90) Pause Young (Allocation Failure) 6883M->3634M(7294M) 140.061ms
[2026-09-23T22:03:23.328+0000][333.291s][info][gc,cpu         ] GC(90) User=0.55s Sys=0.00s Real=0.14s
[2026-09-23T22:03:28.282+0000][338.246s][info][gc,start       ] GC(91) Pause Young (Allocation Failure)
[2026-09-23T22:03:28.419+0000][338.382s][info][gc,heap        ] GC(91) PSYoungGen: 3411440K(3421696K)->55841K(3422720K) Eden: 3353600K(3353600K)->0K(3353600K) From: 57840K(68096K)->55841K(69120K)
[2026-09-23T22:03:28.419+0000][338.382s][info][gc,heap        ] GC(91) ParOldGen: 3663935K(4047872K)->3687908K(4047872K)
[2026-09-23T22:03:28.419+0000][338.382s][info][gc,metaspace   ] GC(91) Metaspace: 167280K(168960K)->167280K(168960K) NonClass: 140737K(141696K)->140737K(141696K) Class: 26542K(27264K)->26542K(27264K)
[2026-09-23T22:03:28.419+0000][338.382s][info][gc             ] GC(91) Pause Young (Allocation Failure) 6909M->3656M(7295M) 136.335ms
[2026-09-23T22:03:28.419+0000][338.382s][info][gc,cpu         ] GC(91) User=0.54s Sys=0.00s Real=0.13s
[2026-09-23T22:03:33.383+0000][343.346s][info][gc,start       ] GC(92) Pause Young (Allocation Failure)
[2026-09-23T22:03:33.521+0000][343.484s][info][gc,heap        ] GC(92) PSYoungGen: 3409441K(3422720K)->57841K(3424768K) Eden: 3353600K(3353600K)->0K(3357696K) From: 55841K(69120K)->57841K(67072K)
[2026-09-23T22:03:33.521+0000][343.484s][info][gc,heap        ] GC(92) ParOldGen: 3687908K(4047872K)->3709822K(4047872K)
[2026-09-23T22:03:33.521+0000][343.484s][info][gc,metaspace   ] GC(92) Metaspace: 167309K(169024K)->167309K(169024K) NonClass: 140767K(141760K)->140767K(141760K) Class: 26542K(27264K)->26542K(27264K)
[2026-09-23T22:03:33.521+0000][343.484s][info][gc             ] GC(92) Pause Young (Allocation Failure) 6931M->3679M(7297M) 138.110ms
[2026-09-23T22:03:33.521+0000][343.484s][info][gc,cpu         ] GC(92) User=0.54s Sys=0.00s Real=0.13s
[2026-09-23T22:03:38.569+0000][348.532s][info][gc,start       ] GC(93) Pause Young (Allocation Failure)
[2026-09-23T22:03:38.724+0000][348.688s][info][gc,heap        ] GC(93) PSYoungGen: 3415537K(3424768K)->55985K(3425280K) Eden: 3357696K(3357696K)->0K(3357696K) From: 57841K(67072K)->55985K(67584K)
[2026-09-23T22:03:38.724+0000][348.688s][info][gc,heap        ] GC(93) ParOldGen: 3709822K(4047872K)->3731939K(4047872K)
[2026-09-23T22:03:38.724+0000][348.688s][info][gc,metaspace   ] GC(93) Metaspace: 167310K(169024K)->167310K(169024K) NonClass: 140768K(141760K)->140768K(141760K) Class: 26542K(27264K)->26542K(27264K)
[2026-09-23T22:03:38.724+0000][348.688s][info][gc             ] GC(93) Pause Young (Allocation Failure) 6958M->3699M(7298M) 155.660ms
[2026-09-23T22:03:38.724+0000][348.688s][info][gc,cpu         ] GC(93) User=0.55s Sys=0.03s Real=0.16s
[2026-09-23T22:03:43.787+0000][353.751s][info][gc,start       ] GC(94) Pause Young (Allocation Failure)
[2026-09-23T22:03:43.921+0000][353.885s][info][gc,heap        ] GC(94) PSYoungGen: 3413681K(3425280K)->55473K(3426816K) Eden: 3357696K(3357696K)->0K(3360768K) From: 55985K(67584K)->55473K(66048K)
[2026-09-23T22:03:43.921+0000][353.885s][info][gc,heap        ] GC(94) ParOldGen: 3731939K(4047872K)->3753561K(4047872K)
[2026-09-23T22:03:43.921+0000][353.885s][info][gc,metaspace   ] GC(94) Metaspace: 167326K(169024K)->167326K(169024K) NonClass: 140784K(141760K)->140784K(141760K) Class: 26542K(27264K)->26542K(27264K)
[2026-09-23T22:03:43.921+0000][353.885s][info][gc             ] GC(94) Pause Young (Allocation Failure) 6978M->3719M(7299M) 134.049ms
[2026-09-23T22:03:43.922+0000][353.885s][info][gc,cpu         ] GC(94) User=0.53s Sys=0.00s Real=0.13s
[2026-09-23T22:03:49.001+0000][358.964s][info][gc,start       ] GC(95) Pause Young (Allocation Failure)
[2026-09-23T22:03:49.140+0000][359.103s][info][gc,heap        ] GC(95) PSYoungGen: 3416241K(3426816K)->63507K(3426816K) Eden: 3360768K(3360768K)->0K(3360768K) From: 55473K(66048K)->63507K(66048K)
[2026-09-23T22:03:49.140+0000][359.103s][info][gc,heap        ] GC(95) ParOldGen: 3753561K(4047872K)->3773670K(4047872K)
[2026-09-23T22:03:49.140+0000][359.103s][info][gc,metaspace   ] GC(95) Metaspace: 167334K(169024K)->167334K(169024K) NonClass: 140792K(141760K)->140792K(141760K) Class: 26542K(27264K)->26542K(27264K)
[2026-09-23T22:03:49.140+0000][359.104s][info][gc             ] GC(95) Pause Young (Allocation Failure) 7001M->3747M(7299M) 139.398ms
[2026-09-23T22:03:49.140+0000][359.104s][info][gc,cpu         ] GC(95) User=0.55s Sys=0.00s Real=0.14s
[2026-09-23T22:03:54.291+0000][364.254s][info][gc,start       ] GC(96) Pause Young (Allocation Failure)
[2026-09-23T22:03:54.423+0000][364.386s][info][gc,heap        ] GC(96) PSYoungGen: 3424275K(3426816K)->52049K(3427328K) Eden: 3360768K(3360768K)->0K(3359744K) From: 63507K(66048K)->52049K(67584K)
[2026-09-23T22:03:54.423+0000][364.386s][info][gc,heap        ] GC(96) ParOldGen: 3773670K(4047872K)->3798144K(4047872K)
[2026-09-23T22:03:54.423+0000][364.386s][info][gc,metaspace   ] GC(96) Metaspace: 167360K(169024K)->167360K(169024K) NonClass: 140817K(141760K)->140817K(141760K) Class: 26542K(27264K)->26542K(27264K)
[2026-09-23T22:03:54.423+0000][364.386s][info][gc             ] GC(96) Pause Young (Allocation Failure) 7029M->3759M(7300M) 132.231ms
[2026-09-23T22:03:54.423+0000][364.386s][info][gc,cpu         ] GC(96) User=0.52s Sys=0.00s Real=0.14s
[2026-09-23T22:03:59.655+0000][369.619s][info][gc,start       ] GC(97) Pause Young (Allocation Failure)
[2026-09-23T22:03:59.789+0000][369.752s][info][gc,heap        ] GC(97) PSYoungGen: 3411793K(3427328K)->53393K(3413504K) Eden: 3359744K(3359744K)->0K(3359744K) From: 52049K(67584K)->53393K(53760K)
[2026-09-23T22:03:59.789+0000][369.752s][info][gc,heap        ] GC(97) ParOldGen: 3798144K(4047872K)->3815426K(4047872K)
[2026-09-23T22:03:59.789+0000][369.752s][info][gc,metaspace   ] GC(97) Metaspace: 167364K(169024K)->167364K(169024K) NonClass: 140822K(141760K)->140822K(141760K) Class: 26542K(27264K)->26542K(27264K)
[2026-09-23T22:03:59.789+0000][369.753s][info][gc             ] GC(97) Pause Young (Allocation Failure) 7040M->3778M(7286M) 133.542ms
[2026-09-23T22:03:59.789+0000][369.753s][info][gc,cpu         ] GC(97) User=0.52s Sys=0.00s Real=0.13s
[2026-09-23T22:04:05.180+0000][375.144s][info][gc,start       ] GC(98) Pause Young (Allocation Failure)
[2026-09-23T22:04:05.318+0000][375.281s][info][gc,heap        ] GC(98) PSYoungGen: 3413137K(3413504K)->56225K(3427840K) Eden: 3359744K(3359744K)->0K(3360768K) From: 53393K(53760K)->56225K(67072K)
[2026-09-23T22:04:05.318+0000][375.281s][info][gc,heap        ] GC(98) ParOldGen: 3815426K(4047872K)->3832627K(4047872K)
[2026-09-23T22:04:05.318+0000][375.281s][info][gc,metaspace   ] GC(98) Metaspace: 167370K(169024K)->167370K(169024K) NonClass: 140828K(141760K)->140828K(141760K) Class: 26542K(27264K)->26542K(27264K)
[2026-09-23T22:04:05.318+0000][375.282s][info][gc             ] GC(98) Pause Young (Allocation Failure) 7059M->3797M(7300M) 137.529ms
[2026-09-23T22:04:05.318+0000][375.282s][info][gc,cpu         ] GC(98) User=0.54s Sys=0.01s Real=0.14s
[2026-09-23T22:04:10.946+0000][380.910s][info][gc,start       ] GC(99) Pause Young (Allocation Failure)
[2026-09-23T22:04:11.088+0000][381.052s][info][gc,heap        ] GC(99) PSYoungGen: 3416993K(3427840K)->56609K(3426816K) Eden: 3360768K(3360768K)->0K(3360768K) From: 56225K(67072K)->56609K(66048K)
[2026-09-23T22:04:11.088+0000][381.052s][info][gc,heap        ] GC(99) ParOldGen: 3832627K(4047872K)->3854569K(4047872K)
[2026-09-23T22:04:11.088+0000][381.052s][info][gc,metaspace   ] GC(99) Metaspace: 167383K(169088K)->167383K(169088K) NonClass: 140838K(141824K)->140838K(141824K) Class: 26544K(27264K)->26544K(27264K)
[2026-09-23T22:04:11.088+0000][381.052s][info][gc             ] GC(99) Pause Young (Allocation Failure) 7079M->3819M(7299M) 141.884ms
[2026-09-23T22:04:11.088+0000][381.052s][info][gc,cpu         ] GC(99) User=0.54s Sys=0.00s Real=0.14s
[2026-09-23T22:04:16.920+0000][386.884s][info][gc,start       ] GC(100) Pause Young (Allocation Failure)
[2026-09-23T22:04:17.057+0000][387.020s][info][gc,heap        ] GC(100) PSYoungGen: 3417377K(3426816K)->56369K(3427328K) Eden: 3360768K(3360768K)->0K(3362304K) From: 56609K(66048K)->56369K(65024K)
[2026-09-23T22:04:17.057+0000][387.020s][info][gc,heap        ] GC(100) ParOldGen: 3854569K(4047872K)->3875882K(4047872K)
[2026-09-23T22:04:17.057+0000][387.020s][info][gc,metaspace   ] GC(100) Metaspace: 167420K(169152K)->167420K(169152K) NonClass: 140864K(141824K)->140864K(141824K) Class: 26555K(27328K)->26555K(27328K)
[2026-09-23T22:04:17.057+0000][387.020s][info][gc             ] GC(100) Pause Young (Allocation Failure) 7101M->3840M(7300M) 136.133ms
[2026-09-23T22:04:17.057+0000][387.020s][info][gc,cpu         ] GC(100) User=0.54s Sys=0.00s Real=0.14s
[2026-09-23T22:04:22.638+0000][392.601s][info][gc,start       ] GC(101) Pause Young (Allocation Failure)
[2026-09-23T22:04:22.775+0000][392.738s][info][gc,heap        ] GC(101) PSYoungGen: 3418673K(3427328K)->60353K(3426816K) Eden: 3362304K(3362304K)->0K(3362304K) From: 56369K(65024K)->60353K(64512K)
[2026-09-23T22:04:22.775+0000][392.738s][info][gc,heap        ] GC(101) ParOldGen: 3875882K(4047872K)->3895547K(4047872K)
[2026-09-23T22:04:22.775+0000][392.738s][info][gc,metaspace   ] GC(101) Metaspace: 167426K(169152K)->167426K(169152K) NonClass: 140870K(141824K)->140870K(141824K) Class: 26555K(27328K)->26555K(27328K)
[2026-09-23T22:04:22.775+0000][392.738s][info][gc             ] GC(101) Pause Young (Allocation Failure) 7123M->3863M(7299M) 137.283ms
[2026-09-23T22:04:22.775+0000][392.738s][info][gc,cpu         ] GC(101) User=0.55s Sys=0.00s Real=0.14s
[2026-09-23T22:04:28.381+0000][398.345s][info][gc,start       ] GC(102) Pause Young (Allocation Failure)
[2026-09-23T22:04:28.521+0000][398.485s][info][gc,heap        ] GC(102) PSYoungGen: 3422657K(3426816K)->56369K(3429888K) Eden: 3362304K(3362304K)->0K(3365376K) From: 60353K(64512K)->56369K(64512K)
[2026-09-23T22:04:28.521+0000][398.485s][info][gc,heap        ] GC(102) ParOldGen: 3895547K(4047872K)->3920021K(4047872K)
[2026-09-23T22:04:28.521+0000][398.485s][info][gc,metaspace   ] GC(102) Metaspace: 167431K(169152K)->167431K(169152K) NonClass: 140876K(141824K)->140876K(141824K) Class: 26555K(27328K)->26555K(27328K)
[2026-09-23T22:04:28.521+0000][398.485s][info][gc             ] GC(102) Pause Young (Allocation Failure) 7146M->3883M(7302M) 139.798ms
[2026-09-23T22:04:28.521+0000][398.485s][info][gc,cpu         ] GC(102) User=0.56s Sys=0.00s Real=0.14s
[2026-09-23T22:04:34.070+0000][404.033s][info][gc,start       ] GC(103) Pause Young (Allocation Failure)
[2026-09-23T22:04:34.206+0000][404.169s][info][gc,heap        ] GC(103) PSYoungGen: 3421745K(3429888K)->53761K(3429888K) Eden: 3365376K(3365376K)->0K(3365376K) From: 56369K(64512K)->53761K(64512K)
[2026-09-23T22:04:34.206+0000][404.169s][info][gc,heap        ] GC(103) ParOldGen: 3920021K(4047872K)->3941103K(4047872K)
[2026-09-23T22:04:34.206+0000][404.169s][info][gc,metaspace   ] GC(103) Metaspace: 167442K(169152K)->167442K(169152K) NonClass: 140887K(141824K)->140887K(141824K) Class: 26555K(27328K)->26555K(27328K)
[2026-09-23T22:04:34.206+0000][404.169s][info][gc             ] GC(103) Pause Young (Allocation Failure) 7169M->3901M(7302M) 135.947ms
[2026-09-23T22:04:34.206+0000][404.169s][info][gc,cpu         ] GC(103) User=0.54s Sys=0.00s Real=0.14s
[2026-09-23T22:04:39.783+0000][409.747s][info][gc,start       ] GC(104) Pause Young (Allocation Failure)
[2026-09-23T22:04:39.916+0000][409.880s][info][gc,heap        ] GC(104) PSYoungGen: 3419137K(3429888K)->52609K(3429888K) Eden: 3365376K(3365376K)->0K(3365888K) From: 53761K(64512K)->52609K(64000K)
[2026-09-23T22:04:39.916+0000][409.880s][info][gc,heap        ] GC(104) ParOldGen: 3941103K(4047872K)->3958516K(4047872K)
[2026-09-23T22:04:39.916+0000][409.880s][info][gc,metaspace   ] GC(104) Metaspace: 167467K(169216K)->167467K(169216K) NonClass: 140909K(141888K)->140909K(141888K) Class: 26557K(27328K)->26557K(27328K)
[2026-09-23T22:04:39.916+0000][409.880s][info][gc             ] GC(104) Pause Young (Allocation Failure) 7187M->3917M(7302M) 132.869ms
[2026-09-23T22:04:39.916+0000][409.880s][info][gc,cpu         ] GC(104) User=0.53s Sys=0.00s Real=0.13s
[2026-09-23T22:04:45.457+0000][415.420s][info][gc,start       ] GC(105) Pause Young (Allocation Failure)
[2026-09-23T22:04:45.588+0000][415.552s][info][gc,heap        ] GC(105) PSYoungGen: 3418497K(3429888K)->53313K(3429888K) Eden: 3365888K(3365888K)->0K(3365888K) From: 52609K(64000K)->53313K(64000K)
[2026-09-23T22:04:45.589+0000][415.552s][info][gc,heap        ] GC(105) ParOldGen: 3958516K(4047872K)->3974889K(4047872K)
[2026-09-23T22:04:45.589+0000][415.552s][info][gc,metaspace   ] GC(105) Metaspace: 167473K(169216K)->167473K(169216K) NonClass: 140916K(141888K)->140916K(141888K) Class: 26557K(27328K)->26557K(27328K)
[2026-09-23T22:04:45.589+0000][415.552s][info][gc             ] GC(105) Pause Young (Allocation Failure) 7204M->3933M(7302M) 131.966ms
[2026-09-23T22:04:45.589+0000][415.552s][info][gc,cpu         ] GC(105) User=0.52s Sys=0.00s Real=0.13s
[2026-09-23T22:04:51.764+0000][421.728s][info][gc,start       ] GC(106) Pause Young (Allocation Failure)
[2026-09-23T22:04:51.911+0000][421.875s][info][gc,heap        ] GC(106) PSYoungGen: 3419201K(3429888K)->63483K(3409920K) Eden: 3365888K(3365888K)->0K(3346432K) From: 53313K(64000K)->63483K(63488K)
[2026-09-23T22:04:51.911+0000][421.875s][info][gc,heap        ] GC(106) ParOldGen: 3974889K(4047872K)->3997851K(4047872K)
[2026-09-23T22:04:51.911+0000][421.875s][info][gc,metaspace   ] GC(106) Metaspace: 169933K(171648K)->169933K(171648K) NonClass: 143141K(144128K)->143141K(144128K) Class: 26791K(27520K)->26791K(27520K)
[2026-09-23T22:04:51.911+0000][421.875s][info][gc             ] GC(106) Pause Young (Allocation Failure) 7220M->3966M(7283M) 147.246ms
[2026-09-23T22:04:51.911+0000][421.875s][info][gc,cpu         ] GC(106) User=0.57s Sys=0.01s Real=0.14s
[2026-09-23T22:04:57.411+0000][427.375s][info][gc,start       ] GC(107) Pause Young (Allocation Failure)
[2026-09-23T22:04:57.546+0000][427.509s][info][gc,heap        ] GC(107) PSYoungGen: 3409915K(3409920K)->56689K(3420672K) Eden: 3346432K(3346432K)->0K(3346432K) From: 63483K(63488K)->56689K(74240K)
[2026-09-23T22:04:57.546+0000][427.509s][info][gc,heap        ] GC(107) ParOldGen: 3997851K(4047872K)->4018768K(4047872K)
[2026-09-23T22:04:57.546+0000][427.509s][info][gc,metaspace   ] GC(107) Metaspace: 169980K(171648K)->169980K(171648K) NonClass: 143183K(144128K)->143183K(144128K) Class: 26797K(27520K)->26797K(27520K)
[2026-09-23T22:04:57.546+0000][427.509s][info][gc             ] GC(107) Pause Young (Allocation Failure) 7234M->3979M(7293M) 134.234ms
[2026-09-23T22:04:57.546+0000][427.509s][info][gc,cpu         ] GC(107) User=0.54s Sys=0.00s Real=0.14s
[2026-09-23T22:05:02.949+0000][432.912s][info][gc,start       ] GC(108) Pause Young (Allocation Failure)
[2026-09-23T22:05:03.082+0000][433.045s][info][gc,heap        ] GC(108) PSYoungGen: 3403121K(3420672K)->52305K(3418624K) Eden: 3346432K(3346432K)->0K(3347456K) From: 56689K(74240K)->52305K(71168K)
[2026-09-23T22:05:03.082+0000][433.045s][info][gc,heap        ] GC(108) ParOldGen: 4018768K(4047872K)->4039806K(4047872K)
[2026-09-23T22:05:03.082+0000][433.045s][info][gc,metaspace   ] GC(108) Metaspace: 169994K(171712K)->169994K(171712K) NonClass: 143195K(144192K)->143195K(144192K) Class: 26798K(27520K)->26798K(27520K)
[2026-09-23T22:05:03.082+0000][433.045s][info][gc             ] GC(108) Pause Young (Allocation Failure) 7247M->3996M(7291M) 132.975ms
[2026-09-23T22:05:03.082+0000][433.045s][info][gc,cpu         ] GC(108) User=0.53s Sys=0.00s Real=0.13s
[2026-09-23T22:05:08.694+0000][438.657s][info][gc,start       ] GC(109) Pause Young (Allocation Failure)
[2026-09-23T22:05:08.832+0000][438.795s][info][gc,heap        ] GC(109) PSYoungGen: 3399761K(3418624K)->52225K(3420160K) Eden: 3347456K(3347456K)->0K(3347456K) From: 52305K(71168K)->52225K(72704K)
[2026-09-23T22:05:08.832+0000][438.795s][info][gc,heap        ] GC(109) ParOldGen: 4039806K(4047872K)->4058196K(4058624K)
[2026-09-23T22:05:08.832+0000][438.795s][info][gc,metaspace   ] GC(109) Metaspace: 169997K(171712K)->169997K(171712K) NonClass: 143199K(144192K)->143199K(144192K) Class: 26798K(27520K)->26798K(27520K)
[2026-09-23T22:05:08.832+0000][438.795s][info][gc             ] GC(109) Pause Young (Allocation Failure) 7265M->4014M(7303M) 138.217ms
[2026-09-23T22:05:08.832+0000][438.795s][info][gc,cpu         ] GC(109) User=0.54s Sys=0.01s Real=0.13s
[2026-09-23T22:05:14.737+0000][444.701s][info][gc,start       ] GC(110) Pause Young (Allocation Failure)
[2026-09-23T22:05:14.903+0000][444.866s][info][gc,heap        ] GC(110) PSYoungGen: 3399681K(3420160K)->52961K(3420672K) Eden: 3347456K(3347456K)->0K(3350016K) From: 52225K(72704K)->52961K(70656K)
[2026-09-23T22:05:14.903+0000][444.866s][info][gc,heap        ] GC(110) ParOldGen: 4058196K(4058624K)->4074749K(4075008K)
[2026-09-23T22:05:14.903+0000][444.866s][info][gc,metaspace   ] GC(110) Metaspace: 170010K(171712K)->170010K(171712K) NonClass: 143211K(144192K)->143211K(144192K) Class: 26798K(27520K)->26798K(27520K)
[2026-09-23T22:05:14.903+0000][444.866s][info][gc             ] GC(110) Pause Young (Allocation Failure) 7283M->4030M(7320M) 165.730ms
[2026-09-23T22:05:14.903+0000][444.866s][info][gc,cpu         ] GC(110) User=0.58s Sys=0.06s Real=0.17s
[2026-09-23T22:05:20.578+0000][450.541s][info][gc,start       ] GC(111) Pause Young (Allocation Failure)
[2026-09-23T22:05:20.713+0000][450.677s][info][gc,heap        ] GC(111) PSYoungGen: 3402977K(3420672K)->53057K(3421696K) Eden: 3350016K(3350016K)->0K(3350016K) From: 52961K(70656K)->53057K(71680K)
[2026-09-23T22:05:20.713+0000][450.677s][info][gc,heap        ] GC(111) ParOldGen: 4074749K(4075008K)->4091250K(4091392K)
[2026-09-23T22:05:20.713+0000][450.677s][info][gc,metaspace   ] GC(111) Metaspace: 170015K(171712K)->170015K(171712K) NonClass: 143217K(144192K)->143217K(144192K) Class: 26798K(27520K)->26798K(27520K)
[2026-09-23T22:05:20.713+0000][450.677s][info][gc             ] GC(111) Pause Young (Allocation Failure) 7302M->4047M(7337M) 135.813ms
[2026-09-23T22:05:20.713+0000][450.677s][info][gc,cpu         ] GC(111) User=0.53s Sys=0.02s Real=0.14s
[2026-09-23T22:05:26.767+0000][456.730s][info][gc,start       ] GC(112) Pause Young (Allocation Failure)
[2026-09-23T22:05:26.912+0000][456.876s][info][gc,heap        ] GC(112) PSYoungGen: 3403072K(3421696K)->58875K(3422208K) Eden: 3350015K(3350016K)->0K(3352576K) From: 53057K(71680K)->58875K(69632K)
[2026-09-23T22:05:26.912+0000][456.876s][info][gc,heap        ] GC(112) ParOldGen: 4091250K(4091392K)->4110726K(4110848K)
[2026-09-23T22:05:26.912+0000][456.876s][info][gc,metaspace   ] GC(112) Metaspace: 171033K(172800K)->171033K(172800K) NonClass: 144101K(145088K)->144101K(145088K) Class: 26931K(27712K)->26931K(27712K)
[2026-09-23T22:05:26.912+0000][456.876s][info][gc             ] GC(112) Pause Young (Allocation Failure) 7318M->4071M(7356M) 145.288ms
[2026-09-23T22:05:26.912+0000][456.876s][info][gc,cpu         ] GC(112) User=0.55s Sys=0.01s Real=0.15s
[2026-09-23T22:05:33.108+0000][463.072s][info][gc,start       ] GC(113) Pause Young (Allocation Failure)
[2026-09-23T22:05:33.211+0000][463.174s][info][gc,heap        ] GC(113) PSYoungGen: 3411451K(3422208K)->11392K(3364352K) Eden: 3352576K(3352576K)->0K(3352576K) From: 58875K(69632K)->11392K(11776K)
[2026-09-23T22:05:33.211+0000][463.174s][info][gc,heap        ] GC(113) ParOldGen: 4110726K(4110848K)->4159746K(4160000K)
[2026-09-23T22:05:33.211+0000][463.174s][info][gc,metaspace   ] GC(113) Metaspace: 171241K(172992K)->171241K(172992K) NonClass: 144302K(145280K)->144302K(145280K) Class: 26938K(27712K)->26938K(27712K)
[2026-09-23T22:05:33.211+0000][463.174s][info][gc             ] GC(113) Pause Young (Allocation Failure) 7345M->4073M(7348M) 102.900ms
[2026-09-23T22:05:33.211+0000][463.175s][info][gc,cpu         ] GC(113) User=0.37s Sys=0.02s Real=0.10s
[2026-09-23T22:05:39.254+0000][469.218s][info][gc,start       ] GC(114) Pause Young (Allocation Failure)
[2026-09-23T22:05:39.305+0000][469.269s][info][gc,heap        ] GC(114) PSYoungGen: 3363968K(3364352K)->12912K(3409920K) Eden: 3352576K(3352576K)->0K(3333120K) From: 11392K(11776K)->12912K(76800K)
[2026-09-23T22:05:39.305+0000][469.269s][info][gc,heap        ] GC(114) ParOldGen: 4159746K(4160000K)->4163098K(4163584K)
[2026-09-23T22:05:39.305+0000][469.269s][info][gc,metaspace   ] GC(114) Metaspace: 171324K(173120K)->171324K(173120K) NonClass: 144373K(145408K)->144373K(145408K) Class: 26950K(27712K)->26950K(27712K)
[2026-09-23T22:05:39.305+0000][469.269s][info][gc             ] GC(114) Pause Young (Allocation Failure) 7347M->4078M(7396M) 50.886ms
[2026-09-23T22:05:39.305+0000][469.269s][info][gc,cpu         ] GC(114) User=0.18s Sys=0.01s Real=0.05s
[2026-09-23T22:05:45.260+0000][475.223s][info][gc,start       ] GC(115) Pause Young (Allocation Failure)
[2026-09-23T22:05:45.304+0000][475.267s][info][gc,heap        ] GC(115) PSYoungGen: 3346032K(3409920K)->13280K(3346432K) Eden: 3333120K(3333120K)->0K(3333120K) From: 12912K(76800K)->13280K(13312K)
[2026-09-23T22:05:45.304+0000][475.267s][info][gc,heap        ] GC(115) ParOldGen: 4163098K(4163584K)->4166426K(4166656K)
[2026-09-23T22:05:45.304+0000][475.267s][info][gc,metaspace   ] GC(115) Metaspace: 171350K(173120K)->171350K(173120K) NonClass: 144399K(145408K)->144399K(145408K) Class: 26950K(27712K)->26950K(27712K)
[2026-09-23T22:05:45.304+0000][475.267s][info][gc             ] GC(115) Pause Young (Allocation Failure) 7333M->4081M(7337M) 44.199ms
[2026-09-23T22:05:45.304+0000][475.267s][info][gc,cpu         ] GC(115) User=0.17s Sys=0.00s Real=0.05s
[2026-09-23T22:05:50.953+0000][480.916s][info][gc,heap,exit   ] Heap
[2026-09-23T22:05:50.953+0000][480.916s][info][gc,heap,exit   ]  PSYoungGen      total 3346432K, used 3099129K [0x000000072ab00000, 0x0000000800000000, 0x0000000800000000)
[2026-09-23T22:05:50.953+0000][480.916s][info][gc,heap,exit   ]   eden space 3333120K, 92% used [0x000000072ab00000,0x00000007e70865d8,0x00000007f6200000)
[2026-09-23T22:05:50.953+0000][480.916s][info][gc,heap,exit   ]   from space 13312K, 99% used [0x00000007f6200000,0x00000007f6ef8000,0x00000007f6f00000)
[2026-09-23T22:05:50.953+0000][480.916s][info][gc,heap,exit   ]   to   space 83968K, 0% used [0x00000007fae00000,0x00000007fae00000,0x0000000800000000)
[2026-09-23T22:05:50.953+0000][480.916s][info][gc,heap,exit   ]  ParOldGen       total 4166656K, used 4166426K [0x0000000580000000, 0x000000067e500000, 0x000000072ab00000)
[2026-09-23T22:05:50.953+0000][480.916s][info][gc,heap,exit   ]   object space 4166656K, 99% used [0x0000000580000000,0x000000067e4c6818,0x000000067e500000)
[2026-09-23T22:05:50.953+0000][480.916s][info][gc,heap,exit   ]  Metaspace       used 171436K, committed 173248K, reserved 1245184K
[2026-09-23T22:05:50.953+0000][480.916s][info][gc,heap,exit   ]   class space    used 26966K, committed 27776K, reserved 1048576K
