[2026-09-25T11:03:49.928+0000][0.009s][info][gc,init] CardTable entry size: 512
[2026-09-25T11:03:49.928+0000][0.009s][info][gc     ] Using Parallel
[2026-09-25T11:03:49.933+0000][0.014s][info][gc,init] Version: 21.0.12.1+1-LTS (release)
[2026-09-25T11:03:49.933+0000][0.014s][info][gc,init] CPUs: 4 total, 4 available
[2026-09-25T11:03:49.933+0000][0.014s][info][gc,init] Memory: 15989M
[2026-09-25T11:03:49.933+0000][0.014s][info][gc,init] Large Page Support: Disabled
[2026-09-25T11:03:49.933+0000][0.014s][info][gc,init] NUMA Support: Disabled
[2026-09-25T11:03:49.933+0000][0.014s][info][gc,init] Compressed Oops: Enabled (Zero based)
[2026-09-25T11:03:49.933+0000][0.014s][info][gc,init] Alignments: Space 512K, Generation 512K, Heap 2M
[2026-09-25T11:03:49.933+0000][0.014s][info][gc,init] Heap Min Capacity: 4G
[2026-09-25T11:03:49.933+0000][0.014s][info][gc,init] Heap Initial Capacity: 4G
[2026-09-25T11:03:49.933+0000][0.014s][info][gc,init] Heap Max Capacity: 10G
[2026-09-25T11:03:49.933+0000][0.014s][info][gc,init] Pre-touch: Disabled
[2026-09-25T11:03:49.933+0000][0.014s][info][gc,init] Parallel Workers: 4
[2026-09-25T11:03:49.941+0000][0.023s][info][gc,metaspace] CDS archive(s) mapped at: [0x00007fc18f000000-0x00007fc18fc9c000-0x00007fc18fc9c000), size 13221888, SharedBaseAddress: 0x00007fc18f000000, ArchiveRelocationMode: 1.
[2026-09-25T11:03:49.941+0000][0.023s][info][gc,metaspace] Compressed class space mapped at: 0x00007fc190000000-0x00007fc1d0000000, reserved size: 1073741824
[2026-09-25T11:03:49.941+0000][0.023s][info][gc,metaspace] Narrow klass base: 0x00007fc18f000000, Narrow klass shift: 0, Narrow klass range: 0x100000000
[2026-09-25T11:03:51.916+0000][1.998s][info][gc,start    ] GC(0) Pause Young (Metadata GC Threshold)
[2026-09-25T11:03:51.924+0000][2.005s][info][gc,heap     ] GC(0) PSYoungGen: 919414K(1223168K)->12672K(1223168K) Eden: 919414K(1048576K)->0K(1048576K) From: 0K(174592K)->12672K(174592K)
[2026-09-25T11:03:51.924+0000][2.005s][info][gc,heap     ] GC(0) ParOldGen: 1073K(2796544K)->1145K(2796544K)
[2026-09-25T11:03:51.924+0000][2.005s][info][gc,metaspace] GC(0) Metaspace: 21083K(21504K)->21083K(21504K) NonClass: 18709K(18944K)->18709K(18944K) Class: 2374K(2560K)->2374K(2560K)
[2026-09-25T11:03:51.924+0000][2.005s][info][gc          ] GC(0) Pause Young (Metadata GC Threshold) 898M->13M(3925M) 7.467ms
[2026-09-25T11:03:51.924+0000][2.005s][info][gc,cpu      ] GC(0) User=0.02s Sys=0.00s Real=0.00s
[2026-09-25T11:03:51.924+0000][2.005s][info][gc,start    ] GC(1) Pause Full (Metadata GC Threshold)
[2026-09-25T11:03:51.924+0000][2.005s][info][gc,phases,start] GC(1) Marking Phase
[2026-09-25T11:03:51.931+0000][2.013s][info][gc,phases      ] GC(1) Marking Phase 7.477ms
[2026-09-25T11:03:51.932+0000][2.013s][info][gc,phases,start] GC(1) Summary Phase
[2026-09-25T11:03:51.932+0000][2.013s][info][gc,phases      ] GC(1) Summary Phase 0.011ms
[2026-09-25T11:03:51.932+0000][2.013s][info][gc,phases,start] GC(1) Adjust Roots
[2026-09-25T11:03:51.935+0000][2.016s][info][gc,phases      ] GC(1) Adjust Roots 3.083ms
[2026-09-25T11:03:51.935+0000][2.016s][info][gc,phases,start] GC(1) Compaction Phase
[2026-09-25T11:03:51.942+0000][2.023s][info][gc,phases      ] GC(1) Compaction Phase 7.430ms
[2026-09-25T11:03:51.942+0000][2.023s][info][gc,phases,start] GC(1) Post Compact
[2026-09-25T11:03:51.943+0000][2.025s][info][gc,phases      ] GC(1) Post Compact 1.358ms
[2026-09-25T11:03:51.943+0000][2.025s][info][gc,heap        ] GC(1) PSYoungGen: 12672K(1223168K)->0K(1223168K) Eden: 0K(1048576K)->0K(1048576K) From: 12672K(174592K)->0K(174592K)
[2026-09-25T11:03:51.944+0000][2.025s][info][gc,heap        ] GC(1) ParOldGen: 1145K(2796544K)->13576K(2796544K)
[2026-09-25T11:03:51.944+0000][2.025s][info][gc,metaspace   ] GC(1) Metaspace: 21083K(21504K)->21083K(21504K) NonClass: 18709K(18944K)->18709K(18944K) Class: 2374K(2560K)->2374K(2560K)
[2026-09-25T11:03:51.944+0000][2.025s][info][gc             ] GC(1) Pause Full (Metadata GC Threshold) 13M->13M(3925M) 19.513ms
[2026-09-25T11:03:51.944+0000][2.025s][info][gc,cpu         ] GC(1) User=0.05s Sys=0.01s Real=0.02s
[2026-09-25T11:03:53.199+0000][3.281s][info][gc,start       ] GC(2) Pause Young (Metadata GC Threshold)
[2026-09-25T11:03:53.221+0000][3.303s][info][gc,heap        ] GC(2) PSYoungGen: 496643K(1223168K)->50969K(1223168K) Eden: 496643K(1048576K)->0K(1048576K) From: 0K(174592K)->50969K(174592K)
[2026-09-25T11:03:53.221+0000][3.303s][info][gc,heap        ] GC(2) ParOldGen: 13576K(2796544K)->13584K(2796544K)
[2026-09-25T11:03:53.221+0000][3.303s][info][gc,metaspace   ] GC(2) Metaspace: 35369K(35840K)->35369K(35840K) NonClass: 31283K(31552K)->31283K(31552K) Class: 4085K(4288K)->4085K(4288K)
[2026-09-25T11:03:53.222+0000][3.303s][info][gc             ] GC(2) Pause Young (Metadata GC Threshold) 498M->63M(3925M) 22.101ms
[2026-09-25T11:03:53.222+0000][3.303s][info][gc,cpu         ] GC(2) User=0.07s Sys=0.02s Real=0.02s
[2026-09-25T11:03:53.222+0000][3.303s][info][gc,start       ] GC(3) Pause Full (Metadata GC Threshold)
[2026-09-25T11:03:53.222+0000][3.303s][info][gc,phases,start] GC(3) Marking Phase
[2026-09-25T11:03:53.246+0000][3.327s][info][gc,phases      ] GC(3) Marking Phase 23.971ms
[2026-09-25T11:03:53.246+0000][3.327s][info][gc,phases,start] GC(3) Summary Phase
[2026-09-25T11:03:53.246+0000][3.327s][info][gc,phases      ] GC(3) Summary Phase 0.020ms
[2026-09-25T11:03:53.246+0000][3.327s][info][gc,phases,start] GC(3) Adjust Roots
[2026-09-25T11:03:53.249+0000][3.330s][info][gc,phases      ] GC(3) Adjust Roots 3.568ms
[2026-09-25T11:03:53.249+0000][3.330s][info][gc,phases,start] GC(3) Compaction Phase
[2026-09-25T11:03:53.286+0000][3.367s][info][gc,phases      ] GC(3) Compaction Phase 36.427ms
[2026-09-25T11:03:53.286+0000][3.367s][info][gc,phases,start] GC(3) Post Compact
[2026-09-25T11:03:53.287+0000][3.368s][info][gc,phases      ] GC(3) Post Compact 0.963ms
[2026-09-25T11:03:53.287+0000][3.368s][info][gc,heap        ] GC(3) PSYoungGen: 50969K(1223168K)->0K(1223168K) Eden: 0K(1048576K)->0K(1048576K) From: 50969K(174592K)->0K(174592K)
[2026-09-25T11:03:53.287+0000][3.368s][info][gc,heap        ] GC(3) ParOldGen: 13584K(2796544K)->64208K(2796544K)
[2026-09-25T11:03:53.287+0000][3.368s][info][gc,metaspace   ] GC(3) Metaspace: 35369K(35840K)->35368K(35840K) NonClass: 31283K(31552K)->31282K(31552K) Class: 4085K(4288K)->4085K(4288K)
[2026-09-25T11:03:53.287+0000][3.368s][info][gc             ] GC(3) Pause Full (Metadata GC Threshold) 63M->62M(3925M) 65.095ms
[2026-09-25T11:03:53.287+0000][3.368s][info][gc,cpu         ] GC(3) User=0.21s Sys=0.00s Real=0.07s
[2026-09-25T11:03:55.085+0000][5.167s][info][gc,start       ] GC(4) Pause Young (Metadata GC Threshold)
[2026-09-25T11:03:55.116+0000][5.197s][info][gc,heap        ] GC(4) PSYoungGen: 422688K(1223168K)->42971K(1223168K) Eden: 422688K(1048576K)->0K(1048576K) From: 0K(174592K)->42971K(174592K)
[2026-09-25T11:03:55.116+0000][5.197s][info][gc,heap        ] GC(4) ParOldGen: 64208K(2796544K)->64216K(2796544K)
[2026-09-25T11:03:55.116+0000][5.197s][info][gc,metaspace   ] GC(4) Metaspace: 59155K(59776K)->59155K(59776K) NonClass: 50566K(50880K)->50566K(50880K) Class: 8588K(8896K)->8588K(8896K)
[2026-09-25T11:03:55.116+0000][5.197s][info][gc             ] GC(4) Pause Young (Metadata GC Threshold) 475M->104M(3925M) 30.541ms
[2026-09-25T11:03:55.116+0000][5.197s][info][gc,cpu         ] GC(4) User=0.11s Sys=0.01s Real=0.03s
[2026-09-25T11:03:55.116+0000][5.197s][info][gc,start       ] GC(5) Pause Full (Metadata GC Threshold)
[2026-09-25T11:03:55.116+0000][5.197s][info][gc,phases,start] GC(5) Marking Phase
[2026-09-25T11:03:55.156+0000][5.238s][info][gc,phases      ] GC(5) Marking Phase 40.323ms
[2026-09-25T11:03:55.156+0000][5.238s][info][gc,phases,start] GC(5) Summary Phase
[2026-09-25T11:03:55.156+0000][5.238s][info][gc,phases      ] GC(5) Summary Phase 0.010ms
[2026-09-25T11:03:55.156+0000][5.238s][info][gc,phases,start] GC(5) Adjust Roots
[2026-09-25T11:03:55.162+0000][5.244s][info][gc,phases      ] GC(5) Adjust Roots 5.985ms
[2026-09-25T11:03:55.162+0000][5.244s][info][gc,phases,start] GC(5) Compaction Phase
[2026-09-25T11:03:55.237+0000][5.318s][info][gc,phases      ] GC(5) Compaction Phase 74.601ms
[2026-09-25T11:03:55.237+0000][5.318s][info][gc,phases,start] GC(5) Post Compact
[2026-09-25T11:03:55.238+0000][5.319s][info][gc,phases      ] GC(5) Post Compact 1.134ms
[2026-09-25T11:03:55.238+0000][5.319s][info][gc,heap        ] GC(5) PSYoungGen: 42971K(1223168K)->0K(1223168K) Eden: 0K(1048576K)->0K(1048576K) From: 42971K(174592K)->0K(174592K)
[2026-09-25T11:03:55.238+0000][5.319s][info][gc,heap        ] GC(5) ParOldGen: 64216K(2796544K)->103047K(2796544K)
[2026-09-25T11:03:55.238+0000][5.319s][info][gc,metaspace   ] GC(5) Metaspace: 59155K(59776K)->59155K(59776K) NonClass: 50566K(50880K)->50566K(50880K) Class: 8588K(8896K)->8588K(8896K)
[2026-09-25T11:03:55.238+0000][5.319s][info][gc             ] GC(5) Pause Full (Metadata GC Threshold) 104M->100M(3925M) 122.229ms
[2026-09-25T11:03:55.238+0000][5.319s][info][gc,cpu         ] GC(5) User=0.45s Sys=0.00s Real=0.12s
[2026-09-25T11:03:58.446+0000][8.528s][info][gc,start       ] GC(6) Pause Young (Metadata GC Threshold)
[2026-09-25T11:03:58.542+0000][8.623s][info][gc,heap        ] GC(6) PSYoungGen: 864561K(1223168K)->174576K(1223168K) Eden: 864561K(1048576K)->0K(1048576K) From: 0K(174592K)->174576K(174592K)
[2026-09-25T11:03:58.542+0000][8.623s][info][gc,heap        ] GC(6) ParOldGen: 103047K(2796544K)->105479K(2796544K)
[2026-09-25T11:03:58.542+0000][8.623s][info][gc,metaspace   ] GC(6) Metaspace: 98759K(99648K)->98759K(99648K) NonClass: 84817K(85312K)->84817K(85312K) Class: 13942K(14336K)->13942K(14336K)
[2026-09-25T11:03:58.542+0000][8.623s][info][gc             ] GC(6) Pause Young (Metadata GC Threshold) 944M->273M(3925M) 95.397ms
[2026-09-25T11:03:58.542+0000][8.623s][info][gc,cpu         ] GC(6) User=0.34s Sys=0.03s Real=0.09s
[2026-09-25T11:03:58.542+0000][8.623s][info][gc,start       ] GC(7) Pause Full (Metadata GC Threshold)
[2026-09-25T11:03:58.542+0000][8.623s][info][gc,phases,start] GC(7) Marking Phase
[2026-09-25T11:03:58.663+0000][8.744s][info][gc,phases      ] GC(7) Marking Phase 121.059ms
[2026-09-25T11:03:58.663+0000][8.744s][info][gc,phases,start] GC(7) Summary Phase
[2026-09-25T11:03:58.663+0000][8.744s][info][gc,phases      ] GC(7) Summary Phase 0.027ms
[2026-09-25T11:03:58.663+0000][8.744s][info][gc,phases,start] GC(7) Adjust Roots
[2026-09-25T11:03:58.673+0000][8.755s][info][gc,phases      ] GC(7) Adjust Roots 10.212ms
[2026-09-25T11:03:58.673+0000][8.755s][info][gc,phases,start] GC(7) Compaction Phase
[2026-09-25T11:03:58.948+0000][9.029s][info][gc,phases      ] GC(7) Compaction Phase 274.686ms
[2026-09-25T11:03:58.948+0000][9.029s][info][gc,phases,start] GC(7) Post Compact
[2026-09-25T11:03:58.950+0000][9.031s][info][gc,phases      ] GC(7) Post Compact 1.719ms
[2026-09-25T11:03:58.950+0000][9.031s][info][gc,heap        ] GC(7) PSYoungGen: 174576K(1223168K)->0K(1223168K) Eden: 0K(1048576K)->0K(1048576K) From: 174576K(174592K)->0K(174592K)
[2026-09-25T11:03:58.950+0000][9.031s][info][gc,heap        ] GC(7) ParOldGen: 105479K(2796544K)->278434K(2796544K)
[2026-09-25T11:03:58.950+0000][9.031s][info][gc,metaspace   ] GC(7) Metaspace: 98759K(99648K)->98759K(99648K) NonClass: 84817K(85312K)->84817K(85312K) Class: 13942K(14336K)->13942K(14336K)
[2026-09-25T11:03:58.950+0000][9.031s][info][gc             ] GC(7) Pause Full (Metadata GC Threshold) 273M->271M(3925M) 407.875ms
[2026-09-25T11:03:58.950+0000][9.031s][info][gc,cpu         ] GC(7) User=1.49s Sys=0.02s Real=0.41s
[2026-09-25T11:04:01.795+0000][11.877s][info][gc,start       ] GC(8) Pause Young (Allocation Failure)
[2026-09-25T11:04:01.824+0000][11.905s][info][gc,heap        ] GC(8) PSYoungGen: 1048576K(1223168K)->42391K(1223168K) Eden: 1048576K(1048576K)->0K(1048576K) From: 0K(174592K)->42391K(174592K)
[2026-09-25T11:04:01.824+0000][11.905s][info][gc,heap        ] GC(8) ParOldGen: 278434K(2796544K)->278458K(2796544K)
[2026-09-25T11:04:01.824+0000][11.905s][info][gc,metaspace   ] GC(8) Metaspace: 115435K(116480K)->115435K(116480K) NonClass: 98859K(99456K)->98859K(99456K) Class: 16576K(17024K)->16576K(17024K)
[2026-09-25T11:04:01.824+0000][11.905s][info][gc             ] GC(8) Pause Young (Allocation Failure) 1295M->313M(3925M) 28.246ms
[2026-09-25T11:04:01.824+0000][11.905s][info][gc,cpu         ] GC(8) User=0.08s Sys=0.00s Real=0.02s
[2026-09-25T11:04:08.389+0000][18.470s][info][gc,start       ] GC(9) Pause Young (Allocation Failure)
[2026-09-25T11:04:08.449+0000][18.531s][info][gc,heap        ] GC(9) PSYoungGen: 1090967K(1223168K)->115991K(2242048K) Eden: 1048576K(1048576K)->0K(2083328K) From: 42391K(174592K)->115991K(158720K)
[2026-09-25T11:04:08.449+0000][18.531s][info][gc,heap        ] GC(9) ParOldGen: 278458K(2796544K)->278498K(2796544K)
[2026-09-25T11:04:08.449+0000][18.531s][info][gc,metaspace   ] GC(9) Metaspace: 149818K(151040K)->149818K(151040K) NonClass: 125432K(126144K)->125432K(126144K) Class: 24386K(24896K)->24386K(24896K)
[2026-09-25T11:04:08.449+0000][18.531s][info][gc             ] GC(9) Pause Young (Allocation Failure) 1337M->385M(4920M) 60.713ms
[2026-09-25T11:04:08.450+0000][18.531s][info][gc,cpu         ] GC(9) User=0.22s Sys=0.03s Real=0.06s
[2026-09-25T11:04:09.800+0000][19.881s][info][gc,start       ] GC(10) Pause Young (CodeCache GC Threshold)
[2026-09-25T11:04:09.852+0000][19.934s][info][gc,heap        ] GC(10) PSYoungGen: 518436K(2242048K)->142136K(2255872K) Eden: 402445K(2083328K)->0K(2083328K) From: 115991K(158720K)->142136K(172544K)
[2026-09-25T11:04:09.852+0000][19.934s][info][gc,heap        ] GC(10) ParOldGen: 278498K(2796544K)->278522K(2796544K)
[2026-09-25T11:04:09.852+0000][19.934s][info][gc,metaspace   ] GC(10) Metaspace: 150615K(151936K)->150615K(151936K) NonClass: 126153K(126912K)->126153K(126912K) Class: 24462K(25024K)->24462K(25024K)
[2026-09-25T11:04:09.852+0000][19.934s][info][gc             ] GC(10) Pause Young (CodeCache GC Threshold) 778M->410M(4934M) 52.461ms
[2026-09-25T11:04:09.852+0000][19.934s][info][gc,cpu         ] GC(10) User=0.17s Sys=0.04s Real=0.05s
[2026-09-25T11:04:09.852+0000][19.934s][info][gc,start       ] GC(11) Pause Full (CodeCache GC Threshold)
[2026-09-25T11:04:09.853+0000][19.934s][info][gc,phases,start] GC(11) Marking Phase
[2026-09-25T11:04:10.023+0000][20.104s][info][gc,phases      ] GC(11) Marking Phase 170.578ms
[2026-09-25T11:04:10.023+0000][20.104s][info][gc,phases,start] GC(11) Summary Phase
[2026-09-25T11:04:10.023+0000][20.104s][info][gc,phases      ] GC(11) Summary Phase 0.026ms
[2026-09-25T11:04:10.023+0000][20.104s][info][gc,phases,start] GC(11) Adjust Roots
[2026-09-25T11:04:10.044+0000][20.125s][info][gc,phases      ] GC(11) Adjust Roots 20.977ms
[2026-09-25T11:04:10.044+0000][20.125s][info][gc,phases,start] GC(11) Compaction Phase
[2026-09-25T11:04:10.378+0000][20.460s][info][gc,phases      ] GC(11) Compaction Phase 334.176ms
[2026-09-25T11:04:10.378+0000][20.460s][info][gc,phases,start] GC(11) Post Compact
[2026-09-25T11:04:10.384+0000][20.466s][info][gc,phases      ] GC(11) Post Compact 5.905ms
[2026-09-25T11:04:10.384+0000][20.466s][info][gc,heap        ] GC(11) PSYoungGen: 142136K(2255872K)->0K(2255872K) Eden: 0K(2083328K)->0K(2083328K) From: 142136K(172544K)->0K(172544K)
[2026-09-25T11:04:10.384+0000][20.466s][info][gc,heap        ] GC(11) ParOldGen: 278522K(2796544K)->381091K(2796544K)
[2026-09-25T11:04:10.384+0000][20.466s][info][gc,metaspace   ] GC(11) Metaspace: 150615K(151936K)->150551K(151936K) NonClass: 126153K(126912K)->126104K(126912K) Class: 24462K(25024K)->24446K(25024K)
[2026-09-25T11:04:10.384+0000][20.466s][info][gc             ] GC(11) Pause Full (CodeCache GC Threshold) 410M->372M(4934M) 531.857ms
[2026-09-25T11:04:10.384+0000][20.466s][info][gc,cpu         ] GC(11) User=1.89s Sys=0.03s Real=0.53s
[2026-09-25T11:04:14.906+0000][24.987s][info][gc,start       ] GC(12) Pause Young (Allocation Failure)
[2026-09-25T11:04:14.989+0000][25.070s][info][gc,heap        ] GC(12) PSYoungGen: 2083328K(2255872K)->193019K(2229760K) Eden: 2083328K(2083328K)->0K(2036736K) From: 0K(172544K)->193019K(193024K)
[2026-09-25T11:04:14.989+0000][25.070s][info][gc,heap        ] GC(12) ParOldGen: 381091K(2796544K)->439595K(2796544K)
[2026-09-25T11:04:14.989+0000][25.070s][info][gc,metaspace   ] GC(12) Metaspace: 152747K(154176K)->152747K(154176K) NonClass: 127938K(128768K)->127938K(128768K) Class: 24809K(25408K)->24809K(25408K)
[2026-09-25T11:04:14.989+0000][25.070s][info][gc             ] GC(12) Pause Young (Allocation Failure) 2406M->617M(4908M) 82.528ms
[2026-09-25T11:04:14.989+0000][25.070s][info][gc,cpu         ] GC(12) User=0.28s Sys=0.05s Real=0.08s
[2026-09-25T11:04:19.400+0000][29.481s][info][gc,start       ] GC(13) Pause Young (Allocation Failure)
[2026-09-25T11:04:19.475+0000][29.556s][info][gc,heap        ] GC(13) PSYoungGen: 2229755K(2229760K)->253427K(2290176K) Eden: 2036736K(2036736K)->0K(2036736K) From: 193019K(193024K)->253427K(253440K)
[2026-09-25T11:04:19.475+0000][29.556s][info][gc,heap        ] GC(13) ParOldGen: 439595K(2796544K)->525714K(2796544K)
[2026-09-25T11:04:19.475+0000][29.556s][info][gc,metaspace   ] GC(13) Metaspace: 153288K(154816K)->153288K(154816K) NonClass: 128402K(129280K)->128402K(129280K) Class: 24886K(25536K)->24886K(25536K)
[2026-09-25T11:04:19.475+0000][29.556s][info][gc             ] GC(13) Pause Young (Allocation Failure) 2606M->760M(4967M) 75.420ms
[2026-09-25T11:04:19.475+0000][29.556s][info][gc,cpu         ] GC(13) User=0.25s Sys=0.05s Real=0.07s
[2026-09-25T11:04:23.287+0000][33.369s][info][gc,start       ] GC(14) Pause Young (GCLocker Initiated GC)
[2026-09-25T11:04:23.446+0000][33.527s][info][gc,heap        ] GC(14) PSYoungGen: 2290163K(2290176K)->332272K(2878976K) Eden: 2036736K(2036736K)->0K(2546688K) From: 253427K(253440K)->332272K(332288K)
[2026-09-25T11:04:23.446+0000][33.527s][info][gc,heap        ] GC(14) ParOldGen: 525726K(2796544K)->760745K(2796544K)
[2026-09-25T11:04:23.446+0000][33.527s][info][gc,metaspace   ] GC(14) Metaspace: 154006K(155520K)->154006K(155520K) NonClass: 129033K(129920K)->129033K(129920K) Class: 24973K(25600K)->24973K(25600K)
[2026-09-25T11:04:23.446+0000][33.527s][info][gc             ] GC(14) Pause Young (GCLocker Initiated GC) 2749M->1067M(5542M) 158.390ms
[2026-09-25T11:04:23.446+0000][33.527s][info][gc,cpu         ] GC(14) User=0.51s Sys=0.12s Real=0.16s
[2026-09-25T11:04:28.284+0000][38.366s][info][gc,start       ] GC(15) Pause Young (Allocation Failure)
[2026-09-25T11:04:28.469+0000][38.550s][info][gc,heap        ] GC(15) PSYoungGen: 2878960K(2878976K)->309612K(2856448K) Eden: 2546688K(2546688K)->0K(2546688K) From: 332272K(332288K)->309612K(309760K)
[2026-09-25T11:04:28.469+0000][38.550s][info][gc,heap        ] GC(15) ParOldGen: 760751K(2796544K)->1109551K(2796544K)
[2026-09-25T11:04:28.469+0000][38.550s][info][gc,metaspace   ] GC(15) Metaspace: 154804K(156224K)->154804K(156224K) NonClass: 129750K(130560K)->129750K(130560K) Class: 25053K(25664K)->25053K(25664K)
[2026-09-25T11:04:28.469+0000][38.550s][info][gc             ] GC(15) Pause Young (Allocation Failure) 3554M->1385M(5520M) 184.637ms
[2026-09-25T11:04:28.469+0000][38.550s][info][gc,cpu         ] GC(15) User=0.59s Sys=0.14s Real=0.19s
[2026-09-25T11:04:35.215+0000][45.296s][info][gc,start       ] GC(16) Pause Young (Allocation Failure)
[2026-09-25T11:04:35.437+0000][45.518s][info][gc,heap        ] GC(16) PSYoungGen: 2856300K(2856448K)->391715K(2910208K) Eden: 2546688K(2546688K)->0K(2415616K) From: 309612K(309760K)->391715K(494592K)
[2026-09-25T11:04:35.437+0000][45.518s][info][gc,heap        ] GC(16) ParOldGen: 1109551K(2796544K)->1430699K(2796544K)
[2026-09-25T11:04:35.437+0000][45.518s][info][gc,metaspace   ] GC(16) Metaspace: 157416K(158912K)->157416K(158912K) NonClass: 132196K(133056K)->132196K(133056K) Class: 25220K(25856K)->25220K(25856K)
[2026-09-25T11:04:35.437+0000][45.518s][info][gc             ] GC(16) Pause Young (Allocation Failure) 3872M->1779M(5573M) 222.333ms
[2026-09-25T11:04:35.437+0000][45.518s][info][gc,cpu         ] GC(16) User=0.72s Sys=0.13s Real=0.23s
[2026-09-25T11:04:40.528+0000][50.610s][info][gc,start       ] GC(17) Pause Young (CodeCache GC Threshold)
[2026-09-25T11:04:40.786+0000][50.867s][info][gc,heap        ] GC(17) PSYoungGen: 2723227K(2910208K)->482658K(2898432K) Eden: 2331512K(2415616K)->0K(2415616K) From: 391715K(494592K)->482658K(482816K)
[2026-09-25T11:04:40.786+0000][50.867s][info][gc,heap        ] GC(17) ParOldGen: 1430699K(2796544K)->1828187K(2796544K)
[2026-09-25T11:04:40.786+0000][50.867s][info][gc,metaspace   ] GC(17) Metaspace: 157808K(159296K)->157808K(159296K) NonClass: 132575K(133440K)->132575K(133440K) Class: 25232K(25856K)->25232K(25856K)
[2026-09-25T11:04:40.786+0000][50.867s][info][gc             ] GC(17) Pause Young (CodeCache GC Threshold) 4056M->2256M(5561M) 257.342ms
[2026-09-25T11:04:40.786+0000][50.867s][info][gc,cpu         ] GC(17) User=0.85s Sys=0.14s Real=0.26s
[2026-09-25T11:04:40.786+0000][50.867s][info][gc,start       ] GC(18) Pause Full (CodeCache GC Threshold)
[2026-09-25T11:04:40.786+0000][50.867s][info][gc,phases,start] GC(18) Marking Phase
[2026-09-25T11:04:41.195+0000][51.276s][info][gc,phases      ] GC(18) Marking Phase 408.779ms
[2026-09-25T11:04:41.195+0000][51.276s][info][gc,phases,start] GC(18) Summary Phase
[2026-09-25T11:04:41.195+0000][51.276s][info][gc,phases      ] GC(18) Summary Phase 0.084ms
[2026-09-25T11:04:41.195+0000][51.276s][info][gc,phases,start] GC(18) Adjust Roots
[2026-09-25T11:04:41.213+0000][51.295s][info][gc,phases      ] GC(18) Adjust Roots 18.568ms
[2026-09-25T11:04:41.213+0000][51.295s][info][gc,phases,start] GC(18) Compaction Phase
[2026-09-25T11:04:41.633+0000][51.714s][info][gc,phases      ] GC(18) Compaction Phase 419.502ms
[2026-09-25T11:04:41.633+0000][51.714s][info][gc,phases,start] GC(18) Post Compact
[2026-09-25T11:04:41.647+0000][51.728s][info][gc,phases      ] GC(18) Post Compact 13.756ms
[2026-09-25T11:04:41.647+0000][51.728s][info][gc,heap        ] GC(18) PSYoungGen: 482658K(2898432K)->0K(2898432K) Eden: 0K(2415616K)->0K(2415616K) From: 482658K(482816K)->0K(482816K)
[2026-09-25T11:04:41.647+0000][51.728s][info][gc,heap        ] GC(18) ParOldGen: 1828187K(2796544K)->1389672K(2796544K)
[2026-09-25T11:04:41.647+0000][51.728s][info][gc,metaspace   ] GC(18) Metaspace: 157808K(159296K)->157754K(159296K) NonClass: 132575K(133440K)->132535K(133440K) Class: 25232K(25856K)->25218K(25856K)
[2026-09-25T11:04:41.647+0000][51.728s][info][gc             ] GC(18) Pause Full (CodeCache GC Threshold) 2256M->1357M(5561M) 860.888ms
[2026-09-25T11:04:41.647+0000][51.728s][info][gc,cpu         ] GC(18) User=3.11s Sys=0.04s Real=0.86s
[2026-09-25T11:04:50.682+0000][60.763s][info][gc,start       ] GC(19) Pause Young (Allocation Failure)
[2026-09-25T11:04:50.810+0000][60.891s][info][gc,heap        ] GC(19) PSYoungGen: 2415616K(2898432K)->548415K(2717184K) Eden: 2415616K(2415616K)->0K(2120704K) From: 0K(482816K)->548415K(596480K)
[2026-09-25T11:04:50.810+0000][60.891s][info][gc,heap        ] GC(19) ParOldGen: 1389672K(2796544K)->1498224K(2796544K)
[2026-09-25T11:04:50.810+0000][60.891s][info][gc,metaspace   ] GC(19) Metaspace: 166416K(168192K)->166416K(168192K) NonClass: 139998K(141056K)->139998K(141056K) Class: 26417K(27136K)->26417K(27136K)
[2026-09-25T11:04:50.810+0000][60.891s][info][gc             ] GC(19) Pause Young (Allocation Failure) 3716M->1998M(5384M) 127.877ms
[2026-09-25T11:04:50.810+0000][60.891s][info][gc,cpu         ] GC(19) User=0.49s Sys=0.01s Real=0.13s
[2026-09-25T11:04:54.021+0000][64.103s][info][gc,start       ] GC(20) Pause Young (CodeCache GC Threshold)
[2026-09-25T11:04:54.179+0000][64.260s][info][gc,heap        ] GC(20) PSYoungGen: 1291555K(2717184K)->120049K(2807808K) Eden: 743139K(2120704K)->0K(2120704K) From: 548415K(596480K)->120049K(687104K)
[2026-09-25T11:04:54.179+0000][64.260s][info][gc,heap        ] GC(20) ParOldGen: 1498224K(2796544K)->2035179K(2796544K)
[2026-09-25T11:04:54.179+0000][64.260s][info][gc,metaspace   ] GC(20) Metaspace: 167077K(168896K)->167077K(168896K) NonClass: 140591K(141632K)->140591K(141632K) Class: 26486K(27264K)->26486K(27264K)
[2026-09-25T11:04:54.179+0000][64.260s][info][gc             ] GC(20) Pause Young (CodeCache GC Threshold) 2724M->2104M(5473M) 157.937ms
[2026-09-25T11:04:54.179+0000][64.260s][info][gc,cpu         ] GC(20) User=0.55s Sys=0.06s Real=0.16s
[2026-09-25T11:04:54.179+0000][64.260s][info][gc,start       ] GC(21) Pause Full (CodeCache GC Threshold)
[2026-09-25T11:04:54.179+0000][64.261s][info][gc,phases,start] GC(21) Marking Phase
[2026-09-25T11:04:54.717+0000][64.798s][info][gc,phases      ] GC(21) Marking Phase 537.347ms
[2026-09-25T11:04:54.717+0000][64.798s][info][gc,phases,start] GC(21) Summary Phase
[2026-09-25T11:04:54.717+0000][64.798s][info][gc,phases      ] GC(21) Summary Phase 0.056ms
[2026-09-25T11:04:54.717+0000][64.798s][info][gc,phases,start] GC(21) Adjust Roots
[2026-09-25T11:04:54.741+0000][64.822s][info][gc,phases      ] GC(21) Adjust Roots 24.466ms
[2026-09-25T11:04:54.741+0000][64.822s][info][gc,phases,start] GC(21) Compaction Phase
[2026-09-25T11:04:55.425+0000][65.506s][info][gc,phases      ] GC(21) Compaction Phase 683.362ms
[2026-09-25T11:04:55.425+0000][65.506s][info][gc,phases,start] GC(21) Post Compact
[2026-09-25T11:04:55.435+0000][65.516s][info][gc,phases      ] GC(21) Post Compact 10.017ms
[2026-09-25T11:04:55.435+0000][65.516s][info][gc,heap        ] GC(21) PSYoungGen: 120049K(2807808K)->0K(2807808K) Eden: 0K(2120704K)->0K(2120704K) From: 120049K(687104K)->0K(687104K)
[2026-09-25T11:04:55.435+0000][65.516s][info][gc,heap        ] GC(21) ParOldGen: 2035179K(2796544K)->2079308K(2796544K)
[2026-09-25T11:04:55.435+0000][65.516s][info][gc,metaspace   ] GC(21) Metaspace: 167077K(168896K)->167032K(168832K) NonClass: 140591K(141632K)->140557K(141632K) Class: 26486K(27264K)->26474K(27200K)
[2026-09-25T11:04:55.435+0000][65.516s][info][gc             ] GC(21) Pause Full (CodeCache GC Threshold) 2104M->2030M(5473M) 1255.466ms
[2026-09-25T11:04:55.435+0000][65.516s][info][gc,cpu         ] GC(21) User=4.60s Sys=0.04s Real=1.25s
[2026-09-25T11:05:02.845+0000][72.926s][info][gc,start       ] GC(22) Pause Young (Allocation Failure)
[2026-09-25T11:05:02.928+0000][73.010s][info][gc,heap        ] GC(22) PSYoungGen: 2120704K(2807808K)->209033K(2721280K) Eden: 2120704K(2120704K)->0K(2137600K) From: 0K(687104K)->209033K(583680K)
[2026-09-25T11:05:02.928+0000][73.010s][info][gc,heap        ] GC(22) ParOldGen: 2079308K(2796544K)->2079308K(2796544K)
[2026-09-25T11:05:02.928+0000][73.010s][info][gc,metaspace   ] GC(22) Metaspace: 167064K(168896K)->167064K(168896K) NonClass: 140586K(141632K)->140586K(141632K) Class: 26478K(27264K)->26478K(27264K)
[2026-09-25T11:05:02.928+0000][73.010s][info][gc             ] GC(22) Pause Young (Allocation Failure) 4101M->2234M(5388M) 83.359ms
[2026-09-25T11:05:02.928+0000][73.010s][info][gc,cpu         ] GC(22) User=0.32s Sys=0.00s Real=0.09s
[2026-09-25T11:05:07.752+0000][77.833s][info][gc,start       ] GC(23) Pause Young (Allocation Failure)
[2026-09-25T11:05:07.900+0000][77.981s][info][gc,heap        ] GC(23) PSYoungGen: 2346633K(2721280K)->198209K(2772992K) Eden: 2137600K(2137600K)->0K(2137600K) From: 209033K(583680K)->198209K(635392K)
[2026-09-25T11:05:07.900+0000][77.981s][info][gc,heap        ] GC(23) ParOldGen: 2079308K(2796544K)->2275701K(2796544K)
[2026-09-25T11:05:07.900+0000][77.981s][info][gc,metaspace   ] GC(23) Metaspace: 167154K(168960K)->167154K(168960K) NonClass: 140628K(141696K)->140628K(141696K) Class: 26525K(27264K)->26525K(27264K)
[2026-09-25T11:05:07.900+0000][77.981s][info][gc             ] GC(23) Pause Young (Allocation Failure) 4322M->2415M(5439M) 148.073ms
[2026-09-25T11:05:07.900+0000][77.981s][info][gc,cpu         ] GC(23) User=0.53s Sys=0.06s Real=0.15s
[2026-09-25T11:05:12.127+0000][82.209s][info][gc,start       ] GC(24) Pause Young (Allocation Failure)
[2026-09-25T11:05:12.266+0000][82.347s][info][gc,heap        ] GC(24) PSYoungGen: 2335809K(2772992K)->147841K(2798592K) Eden: 2137600K(2137600K)->0K(2254848K) From: 198209K(635392K)->147841K(543744K)
[2026-09-25T11:05:12.266+0000][82.347s][info][gc,heap        ] GC(24) ParOldGen: 2275701K(2796544K)->2459704K(2796544K)
[2026-09-25T11:05:12.266+0000][82.347s][info][gc,metaspace   ] GC(24) Metaspace: 167187K(168960K)->167187K(168960K) NonClass: 140650K(141696K)->140650K(141696K) Class: 26536K(27264K)->26536K(27264K)
[2026-09-25T11:05:12.266+0000][82.347s][info][gc             ] GC(24) Pause Young (Allocation Failure) 4503M->2546M(5464M) 138.870ms
[2026-09-25T11:05:12.266+0000][82.347s][info][gc,cpu         ] GC(24) User=0.48s Sys=0.07s Real=0.14s
[2026-09-25T11:05:16.187+0000][86.268s][info][gc,start       ] GC(25) Pause Young (Allocation Failure)
[2026-09-25T11:05:16.324+0000][86.405s][info][gc,heap        ] GC(25) PSYoungGen: 2402689K(2798592K)->148625K(2839552K) Eden: 2254848K(2254848K)->0K(2254848K) From: 147841K(543744K)->148625K(584704K)
[2026-09-25T11:05:16.324+0000][86.405s][info][gc,heap        ] GC(25) ParOldGen: 2459704K(2796544K)->2589686K(2796544K)
[2026-09-25T11:05:16.324+0000][86.405s][info][gc,metaspace   ] GC(25) Metaspace: 167219K(169024K)->167219K(169024K) NonClass: 140672K(141696K)->140672K(141696K) Class: 26547K(27328K)->26547K(27328K)
[2026-09-25T11:05:16.324+0000][86.405s][info][gc             ] GC(25) Pause Young (Allocation Failure) 4748M->2674M(5504M) 137.275ms
[2026-09-25T11:05:16.324+0000][86.405s][info][gc,cpu         ] GC(25) User=0.48s Sys=0.04s Real=0.13s
[2026-09-25T11:05:19.896+0000][89.977s][info][gc,start       ] GC(26) Pause Young (Allocation Failure)
[2026-09-25T11:05:20.038+0000][90.119s][info][gc,heap        ] GC(26) PSYoungGen: 2403473K(2839552K)->143425K(2850304K) Eden: 2254848K(2254848K)->0K(2346496K) From: 148625K(584704K)->143425K(503808K)
[2026-09-25T11:05:20.038+0000][90.119s][info][gc,heap        ] GC(26) ParOldGen: 2589686K(2796544K)->2718283K(2796544K)
[2026-09-25T11:05:20.038+0000][90.119s][info][gc,metaspace   ] GC(26) Metaspace: 167224K(169024K)->167224K(169024K) NonClass: 140675K(141696K)->140675K(141696K) Class: 26549K(27328K)->26549K(27328K)
[2026-09-25T11:05:20.038+0000][90.119s][info][gc             ] GC(26) Pause Young (Allocation Failure) 4876M->2794M(5514M) 142.458ms
[2026-09-25T11:05:20.038+0000][90.119s][info][gc,cpu         ] GC(26) User=0.53s Sys=0.03s Real=0.14s
[2026-09-25T11:05:23.517+0000][93.598s][info][gc,start       ] GC(27) Pause Young (Allocation Failure)
[2026-09-25T11:05:23.658+0000][93.739s][info][gc,heap        ] GC(27) PSYoungGen: 2489921K(2850304K)->146177K(2890240K) Eden: 2346496K(2346496K)->0K(2346496K) From: 143425K(503808K)->146177K(543744K)
[2026-09-25T11:05:23.658+0000][93.739s][info][gc,heap        ] GC(27) ParOldGen: 2718283K(2796544K)->2839509K(2839552K)
[2026-09-25T11:05:23.658+0000][93.739s][info][gc,metaspace   ] GC(27) Metaspace: 167231K(169024K)->167231K(169024K) NonClass: 140677K(141696K)->140677K(141696K) Class: 26553K(27328K)->26553K(27328K)
[2026-09-25T11:05:23.658+0000][93.739s][info][gc             ] GC(27) Pause Young (Allocation Failure) 5086M->2915M(5595M) 141.572ms
[2026-09-25T11:05:23.658+0000][93.739s][info][gc,cpu         ] GC(27) User=0.49s Sys=0.05s Real=0.14s
[2026-09-25T11:05:27.014+0000][97.095s][info][gc,start       ] GC(28) Pause Young (Allocation Failure)
[2026-09-25T11:05:27.169+0000][97.250s][info][gc,heap        ] GC(28) PSYoungGen: 2492673K(2890240K)->123169K(2899456K) Eden: 2346496K(2346496K)->0K(2428416K) From: 146177K(543744K)->123169K(471040K)
[2026-09-25T11:05:27.169+0000][97.250s][info][gc,heap        ] GC(28) ParOldGen: 2839509K(2839552K)->2962082K(2962432K)
[2026-09-25T11:05:27.169+0000][97.250s][info][gc,metaspace   ] GC(28) Metaspace: 167237K(169024K)->167237K(169024K) NonClass: 140682K(141696K)->140682K(141696K) Class: 26555K(27328K)->26555K(27328K)
[2026-09-25T11:05:27.169+0000][97.250s][info][gc             ] GC(28) Pause Young (Allocation Failure) 5207M->3012M(5724M) 155.450ms
[2026-09-25T11:05:27.169+0000][97.250s][info][gc,cpu         ] GC(28) User=0.51s Sys=0.09s Real=0.16s
[2026-09-25T11:05:30.085+0000][100.166s][info][gc,start       ] GC(29) Pause Young (CodeCache GC Threshold)
[2026-09-25T11:05:30.234+0000][100.315s][info][gc,heap        ] GC(29) PSYoungGen: 2198866K(2899456K)->115697K(2544128K) Eden: 2075697K(2428416K)->0K(2428416K) From: 123169K(471040K)->115697K(115712K)
[2026-09-25T11:05:30.234+0000][100.315s][info][gc,heap        ] GC(29) ParOldGen: 2962082K(2962432K)->3059554K(3059712K)
[2026-09-25T11:05:30.234+0000][100.315s][info][gc,metaspace   ] GC(29) Metaspace: 167301K(169088K)->167301K(169088K) NonClass: 140734K(141760K)->140734K(141760K) Class: 26567K(27328K)->26567K(27328K)
[2026-09-25T11:05:30.234+0000][100.315s][info][gc             ] GC(29) Pause Young (CodeCache GC Threshold) 5039M->3100M(5472M) 148.970ms
[2026-09-25T11:05:30.234+0000][100.315s][info][gc,cpu         ] GC(29) User=0.47s Sys=0.07s Real=0.15s
[2026-09-25T11:05:30.234+0000][100.315s][info][gc,start       ] GC(30) Pause Full (CodeCache GC Threshold)
[2026-09-25T11:05:30.234+0000][100.315s][info][gc,phases,start] GC(30) Marking Phase
[2026-09-25T11:05:31.135+0000][101.217s][info][gc,phases      ] GC(30) Marking Phase 901.540ms
[2026-09-25T11:05:31.135+0000][101.217s][info][gc,phases,start] GC(30) Summary Phase
[2026-09-25T11:05:31.135+0000][101.217s][info][gc,phases      ] GC(30) Summary Phase 0.028ms
[2026-09-25T11:05:31.135+0000][101.217s][info][gc,phases,start] GC(30) Adjust Roots
[2026-09-25T11:05:31.164+0000][101.245s][info][gc,phases      ] GC(30) Adjust Roots 28.324ms
[2026-09-25T11:05:31.164+0000][101.245s][info][gc,phases,start] GC(30) Compaction Phase
[2026-09-25T11:05:33.067+0000][103.148s][info][gc,phases      ] GC(30) Compaction Phase 1903.036ms
[2026-09-25T11:05:33.067+0000][103.148s][info][gc,phases,start] GC(30) Post Compact
[2026-09-25T11:05:33.076+0000][103.157s][info][gc,phases      ] GC(30) Post Compact 8.939ms
[2026-09-25T11:05:33.076+0000][103.157s][info][gc,heap        ] GC(30) PSYoungGen: 115697K(2544128K)->57517K(2544128K) Eden: 0K(2428416K)->0K(2428416K) From: 115697K(115712K)->57517K(115712K)
[2026-09-25T11:05:33.076+0000][103.157s][info][gc,heap        ] GC(30) ParOldGen: 3059554K(3059712K)->3059483K(3059712K)
[2026-09-25T11:05:33.076+0000][103.157s][info][gc,metaspace   ] GC(30) Metaspace: 167301K(169088K)->167301K(169088K) NonClass: 140734K(141760K)->140734K(141760K) Class: 26567K(27328K)->26567K(27328K)
[2026-09-25T11:05:33.076+0000][103.157s][info][gc             ] GC(30) Pause Full (CodeCache GC Threshold) 3100M->3043M(5472M) 2842.058ms
[2026-09-25T11:05:33.076+0000][103.157s][info][gc,cpu         ] GC(30) User=10.92s Sys=0.04s Real=2.85s
[2026-09-25T11:05:36.337+0000][106.419s][info][gc,start       ] GC(31) Pause Young (Allocation Failure)
[2026-09-25T11:05:36.703+0000][106.784s][info][gc,heap        ] GC(31) PSYoungGen: 2485933K(2544128K)->130433K(2937344K) Eden: 2428416K(2428416K)->0K(2447360K) From: 57517K(115712K)->130433K(489984K)
[2026-09-25T11:05:36.703+0000][106.784s][info][gc,heap        ] GC(31) ParOldGen: 3059483K(3059712K)->3094357K(3094528K)
[2026-09-25T11:05:36.703+0000][106.784s][info][gc,metaspace   ] GC(31) Metaspace: 167312K(169088K)->167312K(169088K) NonClass: 140744K(141760K)->140744K(141760K) Class: 26567K(27328K)->26567K(27328K)
[2026-09-25T11:05:36.703+0000][106.784s][info][gc             ] GC(31) Pause Young (Allocation Failure) 5415M->3149M(5890M) 365.598ms
[2026-09-25T11:05:36.703+0000][106.784s][info][gc,cpu         ] GC(31) User=1.31s Sys=0.03s Real=0.36s
[2026-09-25T11:05:39.851+0000][109.933s][info][gc,start       ] GC(32) Pause Young (Allocation Failure)
[2026-09-25T11:05:40.014+0000][110.095s][info][gc,heap        ] GC(32) PSYoungGen: 2577793K(2937344K)->132577K(2918400K) Eden: 2447360K(2447360K)->0K(2447360K) From: 130433K(489984K)->132577K(471040K)
[2026-09-25T11:05:40.014+0000][110.095s][info][gc,heap        ] GC(32) ParOldGen: 3094357K(3094528K)->3196410K(3196416K)
[2026-09-25T11:05:40.014+0000][110.095s][info][gc,metaspace   ] GC(32) Metaspace: 167317K(169088K)->167317K(169088K) NonClass: 140749K(141760K)->140749K(141760K) Class: 26567K(27328K)->26567K(27328K)
[2026-09-25T11:05:40.014+0000][110.095s][info][gc             ] GC(32) Pause Young (Allocation Failure) 5539M->3250M(5971M) 162.682ms
[2026-09-25T11:05:40.014+0000][110.095s][info][gc,cpu         ] GC(32) User=0.57s Sys=0.07s Real=0.16s
[2026-09-25T11:05:43.089+0000][113.171s][info][gc,start       ] GC(33) Pause Young (Allocation Failure)
[2026-09-25T11:05:43.258+0000][113.339s][info][gc,heap        ] GC(33) PSYoungGen: 2579937K(2918400K)->118065K(3001856K) Eden: 2447360K(2447360K)->0K(2550272K) From: 132577K(471040K)->118065K(451584K)
[2026-09-25T11:05:43.258+0000][113.339s][info][gc,heap        ] GC(33) ParOldGen: 3196410K(3196416K)->3300316K(3300352K)
[2026-09-25T11:05:43.258+0000][113.339s][info][gc,metaspace   ] GC(33) Metaspace: 167322K(169152K)->167322K(169152K) NonClass: 140754K(141824K)->140754K(141824K) Class: 26568K(27328K)->26568K(27328K)
[2026-09-25T11:05:43.258+0000][113.339s][info][gc             ] GC(33) Pause Young (Allocation Failure) 5640M->3338M(6154M) 168.695ms
[2026-09-25T11:05:43.258+0000][113.339s][info][gc,cpu         ] GC(33) User=0.57s Sys=0.06s Real=0.17s
[2026-09-25T11:05:46.538+0000][116.619s][info][gc,start       ] GC(34) Pause Young (Allocation Failure)
[2026-09-25T11:05:46.698+0000][116.779s][info][gc,heap        ] GC(34) PSYoungGen: 2668337K(3001856K)->117009K(2985472K) Eden: 2550272K(2550272K)->0K(2550272K) From: 118065K(451584K)->117009K(435200K)
[2026-09-25T11:05:46.698+0000][116.779s][info][gc,heap        ] GC(34) ParOldGen: 3300316K(3300352K)->3387745K(3387904K)
[2026-09-25T11:05:46.698+0000][116.779s][info][gc,metaspace   ] GC(34) Metaspace: 167356K(169152K)->167356K(169152K) NonClass: 140779K(141824K)->140779K(141824K) Class: 26576K(27328K)->26576K(27328K)
[2026-09-25T11:05:46.698+0000][116.779s][info][gc             ] GC(34) Pause Young (Allocation Failure) 5828M->3422M(6224M) 159.867ms
[2026-09-25T11:05:46.698+0000][116.779s][info][gc,cpu         ] GC(34) User=0.54s Sys=0.06s Real=0.16s
[2026-09-25T11:05:49.715+0000][119.796s][info][gc,start       ] GC(35) Pause Young (Allocation Failure)
[2026-09-25T11:05:49.848+0000][119.930s][info][gc,heap        ] GC(35) PSYoungGen: 2667281K(2985472K)->62753K(3034112K) Eden: 2550272K(2550272K)->0K(2615296K) From: 117009K(435200K)->62753K(418816K)
[2026-09-25T11:05:49.848+0000][119.930s][info][gc,heap        ] GC(35) ParOldGen: 3387745K(3387904K)->3472314K(3472384K)
[2026-09-25T11:05:49.848+0000][119.930s][info][gc,metaspace   ] GC(35) Metaspace: 167389K(169280K)->167389K(169280K) NonClass: 140804K(141888K)->140804K(141888K) Class: 26585K(27392K)->26585K(27392K)
[2026-09-25T11:05:49.848+0000][119.930s][info][gc             ] GC(35) Pause Young (Allocation Failure) 5913M->3452M(6354M) 133.439ms
[2026-09-25T11:05:49.848+0000][119.930s][info][gc,cpu         ] GC(35) User=0.48s Sys=0.04s Real=0.14s
[2026-09-25T11:05:53.096+0000][123.177s][info][gc,start       ] GC(36) Pause Young (Allocation Failure)
[2026-09-25T11:05:53.209+0000][123.291s][info][gc,heap        ] GC(36) PSYoungGen: 2678049K(3034112K)->46401K(3026944K) Eden: 2615296K(2615296K)->0K(2615296K) From: 62753K(418816K)->46401K(411648K)
[2026-09-25T11:05:53.209+0000][123.291s][info][gc,heap        ] GC(36) ParOldGen: 3472314K(3472384K)->3501366K(3501568K)
[2026-09-25T11:05:53.209+0000][123.291s][info][gc,metaspace   ] GC(36) Metaspace: 167391K(169280K)->167391K(169280K) NonClass: 140806K(141888K)->140806K(141888K) Class: 26585K(27392K)->26585K(27392K)
[2026-09-25T11:05:53.209+0000][123.291s][info][gc             ] GC(36) Pause Young (Allocation Failure) 6006M->3464M(6375M) 113.709ms
[2026-09-25T11:05:53.209+0000][123.291s][info][gc,cpu         ] GC(36) User=0.41s Sys=0.02s Real=0.11s
[2026-09-25T11:05:56.408+0000][126.489s][info][gc,start       ] GC(37) Pause Young (Allocation Failure)
[2026-09-25T11:05:56.503+0000][126.584s][info][gc,heap        ] GC(37) PSYoungGen: 2661697K(3026944K)->44336K(3075072K) Eden: 2615296K(2615296K)->0K(2672640K) From: 46401K(411648K)->44336K(402432K)
[2026-09-25T11:05:56.503+0000][126.584s][info][gc,heap        ] GC(37) ParOldGen: 3501366K(3501568K)->3516366K(3516416K)
[2026-09-25T11:05:56.503+0000][126.584s][info][gc,metaspace   ] GC(37) Metaspace: 167391K(169280K)->167391K(169280K) NonClass: 140806K(141888K)->140806K(141888K) Class: 26585K(27392K)->26585K(27392K)
[2026-09-25T11:05:56.503+0000][126.584s][info][gc             ] GC(37) Pause Young (Allocation Failure) 6018M->3477M(6437M) 95.442ms
[2026-09-25T11:05:56.503+0000][126.584s][info][gc,cpu         ] GC(37) User=0.37s Sys=0.00s Real=0.09s
[2026-09-25T11:05:59.909+0000][129.990s][info][gc,start       ] GC(38) Pause Young (Allocation Failure)
[2026-09-25T11:06:00.006+0000][130.087s][info][gc,heap        ] GC(38) PSYoungGen: 2716976K(3075072K)->43841K(3069952K) Eden: 2672640K(2672640K)->0K(2672640K) From: 44336K(402432K)->43841K(397312K)
[2026-09-25T11:06:00.006+0000][130.087s][info][gc,heap        ] GC(38) ParOldGen: 3516366K(3516416K)->3528877K(3529216K)
[2026-09-25T11:06:00.006+0000][130.087s][info][gc,metaspace   ] GC(38) Metaspace: 167412K(169280K)->167412K(169280K) NonClass: 140818K(141888K)->140818K(141888K) Class: 26594K(27392K)->26594K(27392K)
[2026-09-25T11:06:00.006+0000][130.087s][info][gc             ] GC(38) Pause Young (Allocation Failure) 6087M->3488M(6444M) 97.013ms
[2026-09-25T11:06:00.006+0000][130.087s][info][gc,cpu         ] GC(38) User=0.38s Sys=0.01s Real=0.10s
[2026-09-25T11:06:03.276+0000][133.357s][info][gc,start       ] GC(39) Pause Young (Allocation Failure)
[2026-09-25T11:06:03.372+0000][133.454s][info][gc,heap        ] GC(39) PSYoungGen: 2716481K(3069952K)->45425K(3085312K) Eden: 2672640K(2672640K)->0K(2707456K) From: 43841K(397312K)->45425K(377856K)
[2026-09-25T11:06:03.372+0000][133.454s][info][gc,heap        ] GC(39) ParOldGen: 3528877K(3529216K)->3542105K(3542528K)
[2026-09-25T11:06:03.372+0000][133.454s][info][gc,metaspace   ] GC(39) Metaspace: 167418K(169280K)->167418K(169280K) NonClass: 140824K(141888K)->140824K(141888K) Class: 26594K(27392K)->26594K(27392K)
[2026-09-25T11:06:03.372+0000][133.454s][info][gc             ] GC(39) Pause Young (Allocation Failure) 6098M->3503M(6472M) 96.654ms
[2026-09-25T11:06:03.372+0000][133.454s][info][gc,cpu         ] GC(39) User=0.37s Sys=0.00s Real=0.09s
[2026-09-25T11:06:06.747+0000][136.829s][info][gc,start       ] GC(40) Pause Young (Allocation Failure)
[2026-09-25T11:06:06.845+0000][136.926s][info][gc,heap        ] GC(40) PSYoungGen: 2752881K(3085312K)->45425K(3082240K) Eden: 2707456K(2707456K)->0K(2707456K) From: 45425K(377856K)->45425K(374784K)
[2026-09-25T11:06:06.845+0000][136.926s][info][gc,heap        ] GC(40) ParOldGen: 3542105K(3542528K)->3555201K(3555328K)
[2026-09-25T11:06:06.845+0000][136.926s][info][gc,metaspace   ] GC(40) Metaspace: 167439K(169280K)->167439K(169280K) NonClass: 140843K(141888K)->140843K(141888K) Class: 26595K(27392K)->26595K(27392K)
[2026-09-25T11:06:06.845+0000][136.926s][info][gc             ] GC(40) Pause Young (Allocation Failure) 6147M->3516M(6482M) 97.448ms
[2026-09-25T11:06:06.845+0000][136.926s][info][gc,cpu         ] GC(40) User=0.37s Sys=0.01s Real=0.09s
[2026-09-25T11:06:10.247+0000][140.329s][info][gc,start       ] GC(41) Pause Young (Allocation Failure)
[2026-09-25T11:06:10.352+0000][140.433s][info][gc,heap        ] GC(41) PSYoungGen: 2752881K(3082240K)->44144K(3106304K) Eden: 2707456K(2707456K)->0K(2756096K) From: 45425K(374784K)->44144K(350208K)
[2026-09-25T11:06:10.352+0000][140.433s][info][gc,heap        ] GC(41) ParOldGen: 3555201K(3555328K)->3568657K(3569152K)
[2026-09-25T11:06:10.352+0000][140.433s][info][gc,metaspace   ] GC(41) Metaspace: 167451K(169280K)->167451K(169280K) NonClass: 140855K(141888K)->140855K(141888K) Class: 26595K(27392K)->26595K(27392K)
[2026-09-25T11:06:10.352+0000][140.433s][info][gc             ] GC(41) Pause Young (Allocation Failure) 6160M->3528M(6519M) 104.595ms
[2026-09-25T11:06:10.352+0000][140.433s][info][gc,cpu         ] GC(41) User=0.39s Sys=0.01s Real=0.10s
[2026-09-25T11:06:13.754+0000][143.835s][info][gc,start       ] GC(42) Pause Young (Allocation Failure)
[2026-09-25T11:06:13.849+0000][143.931s][info][gc,heap        ] GC(42) PSYoungGen: 2800240K(3106304K)->43745K(3104256K) Eden: 2756096K(2756096K)->0K(2756096K) From: 44144K(350208K)->43745K(348160K)
[2026-09-25T11:06:13.849+0000][143.931s][info][gc,heap        ] GC(42) ParOldGen: 3568657K(3569152K)->3581292K(3581440K)
[2026-09-25T11:06:13.849+0000][143.931s][info][gc,metaspace   ] GC(42) Metaspace: 167475K(169280K)->167475K(169280K) NonClass: 140878K(141888K)->140878K(141888K) Class: 26596K(27392K)->26596K(27392K)
[2026-09-25T11:06:13.849+0000][143.931s][info][gc             ] GC(42) Pause Young (Allocation Failure) 6219M->3540M(6529M) 95.424ms
[2026-09-25T11:06:13.850+0000][143.931s][info][gc,cpu         ] GC(42) User=0.37s Sys=0.01s Real=0.10s
[2026-09-25T11:06:17.306+0000][147.387s][info][gc,start       ] GC(43) Pause Young (Allocation Failure)
[2026-09-25T11:06:17.400+0000][147.481s][info][gc,heap        ] GC(43) PSYoungGen: 2799841K(3104256K)->43184K(3132928K) Eden: 2756096K(2756096K)->0K(2810368K) From: 43745K(348160K)->43184K(322560K)
[2026-09-25T11:06:17.400+0000][147.481s][info][gc,heap        ] GC(43) ParOldGen: 3581292K(3581440K)->3593576K(3593728K)
[2026-09-25T11:06:17.400+0000][147.481s][info][gc,metaspace   ] GC(43) Metaspace: 167511K(169344K)->167511K(169344K) NonClass: 140914K(141952K)->140914K(141952K) Class: 26596K(27392K)->26596K(27392K)
[2026-09-25T11:06:17.400+0000][147.481s][info][gc             ] GC(43) Pause Young (Allocation Failure) 6231M->3551M(6569M) 94.070ms
[2026-09-25T11:06:17.400+0000][147.481s][info][gc,cpu         ] GC(43) User=0.37s Sys=0.01s Real=0.09s
[2026-09-25T11:06:20.878+0000][150.960s][info][gc,start       ] GC(44) Pause Young (Allocation Failure)
[2026-09-25T11:06:20.973+0000][151.054s][info][gc,heap        ] GC(44) PSYoungGen: 2853552K(3132928K)->44288K(3130880K) Eden: 2810368K(2810368K)->0K(2810368K) From: 43184K(322560K)->44288K(320512K)
[2026-09-25T11:06:20.973+0000][151.054s][info][gc,heap        ] GC(44) ParOldGen: 3593576K(3593728K)->3605379K(3605504K)
[2026-09-25T11:06:20.973+0000][151.054s][info][gc,metaspace   ] GC(44) Metaspace: 167532K(169344K)->167532K(169344K) NonClass: 140935K(141952K)->140935K(141952K) Class: 26596K(27392K)->26596K(27392K)
[2026-09-25T11:06:20.973+0000][151.054s][info][gc             ] GC(44) Pause Young (Allocation Failure) 6296M->3564M(6578M) 94.457ms
[2026-09-25T11:06:20.973+0000][151.054s][info][gc,cpu         ] GC(44) User=0.36s Sys=0.01s Real=0.09s
[2026-09-25T11:06:24.512+0000][154.593s][info][gc,start       ] GC(45) Pause Young (Allocation Failure)
[2026-09-25T11:06:24.608+0000][154.689s][info][gc,heap        ] GC(45) PSYoungGen: 2854650K(3130880K)->43953K(3160064K) Eden: 2810361K(2810368K)->0K(2866176K) From: 44288K(320512K)->43953K(293888K)
[2026-09-25T11:06:24.608+0000][154.689s][info][gc,heap        ] GC(45) ParOldGen: 3605379K(3605504K)->3618214K(3618304K)
[2026-09-25T11:06:24.608+0000][154.689s][info][gc,metaspace   ] GC(45) Metaspace: 167571K(169408K)->167571K(169408K) NonClass: 140969K(142016K)->140969K(142016K) Class: 26602K(27392K)->26602K(27392K)
[2026-09-25T11:06:24.608+0000][154.689s][info][gc             ] GC(45) Pause Young (Allocation Failure) 6308M->3576M(6619M) 96.496ms
[2026-09-25T11:06:24.608+0000][154.689s][info][gc,cpu         ] GC(45) User=0.38s Sys=0.01s Real=0.10s
[2026-09-25T11:06:28.249+0000][158.330s][info][gc,start       ] GC(46) Pause Young (Allocation Failure)
[2026-09-25T11:06:28.344+0000][158.425s][info][gc,heap        ] GC(46) PSYoungGen: 2910129K(3160064K)->40656K(3158016K) Eden: 2866176K(2866176K)->0K(2866176K) From: 43953K(293888K)->40656K(291840K)
[2026-09-25T11:06:28.344+0000][158.425s][info][gc,heap        ] GC(46) ParOldGen: 3618214K(3618304K)->3630413K(3630592K)
[2026-09-25T11:06:28.344+0000][158.425s][info][gc,metaspace   ] GC(46) Metaspace: 167592K(169408K)->167592K(169408K) NonClass: 140989K(142016K)->140989K(142016K) Class: 26603K(27392K)->26603K(27392K)
[2026-09-25T11:06:28.344+0000][158.426s][info][gc             ] GC(46) Pause Young (Allocation Failure) 6375M->3585M(6629M) 95.409ms
[2026-09-25T11:06:28.344+0000][158.426s][info][gc,cpu         ] GC(46) User=0.37s Sys=0.01s Real=0.09s
[2026-09-25T11:06:31.897+0000][161.978s][info][gc,start       ] GC(47) Pause Young (Allocation Failure)
[2026-09-25T11:06:31.992+0000][162.073s][info][gc,heap        ] GC(47) PSYoungGen: 2906832K(3158016K)->42416K(3189760K) Eden: 2866176K(2866176K)->0K(2922496K) From: 40656K(291840K)->42416K(267264K)
[2026-09-25T11:06:31.992+0000][162.073s][info][gc,heap        ] GC(47) ParOldGen: 3630413K(3630592K)->3641315K(3641344K)
[2026-09-25T11:06:31.992+0000][162.073s][info][gc,metaspace   ] GC(47) Metaspace: 167618K(169408K)->167618K(169408K) NonClass: 141015K(142016K)->141015K(142016K) Class: 26603K(27392K)->26603K(27392K)
[2026-09-25T11:06:31.992+0000][162.073s][info][gc             ] GC(47) Pause Young (Allocation Failure) 6384M->3597M(6671M) 95.109ms
[2026-09-25T11:06:31.992+0000][162.073s][info][gc,cpu         ] GC(47) User=0.38s Sys=0.00s Real=0.09s
[2026-09-25T11:06:35.623+0000][165.704s][info][gc,start       ] GC(48) Pause Young (Allocation Failure)
[2026-09-25T11:06:35.720+0000][165.801s][info][gc,heap        ] GC(48) PSYoungGen: 2964912K(3189760K)->44017K(3187712K) Eden: 2922496K(2922496K)->0K(2922496K) From: 42416K(267264K)->44017K(265216K)
[2026-09-25T11:06:35.720+0000][165.801s][info][gc,heap        ] GC(48) ParOldGen: 3641315K(3641344K)->3653194K(3653632K)
[2026-09-25T11:06:35.720+0000][165.801s][info][gc,metaspace   ] GC(48) Metaspace: 167630K(169472K)->167630K(169472K) NonClass: 141027K(142080K)->141027K(142080K) Class: 26603K(27392K)->26603K(27392K)
[2026-09-25T11:06:35.720+0000][165.801s][info][gc             ] GC(48) Pause Young (Allocation Failure) 6451M->3610M(6681M) 97.462ms
[2026-09-25T11:06:35.720+0000][165.801s][info][gc,cpu         ] GC(48) User=0.38s Sys=0.01s Real=0.10s
[2026-09-25T11:06:39.465+0000][169.547s][info][gc,start       ] GC(49) Pause Young (Allocation Failure)
[2026-09-25T11:06:39.560+0000][169.642s][info][gc,heap        ] GC(49) PSYoungGen: 2966513K(3187712K)->42545K(3216896K) Eden: 2922496K(2922496K)->0K(2975232K) From: 44017K(265216K)->42545K(241664K)
[2026-09-25T11:06:39.560+0000][169.642s][info][gc,heap        ] GC(49) ParOldGen: 3653194K(3653632K)->3665426K(3665920K)
[2026-09-25T11:06:39.561+0000][169.642s][info][gc,metaspace   ] GC(49) Metaspace: 167651K(169472K)->167651K(169472K) NonClass: 141048K(142080K)->141048K(142080K) Class: 26603K(27392K)->26603K(27392K)
[2026-09-25T11:06:39.561+0000][169.642s][info][gc             ] GC(49) Pause Young (Allocation Failure) 6464M->3621M(6721M) 95.020ms
[2026-09-25T11:06:39.561+0000][169.642s][info][gc,cpu         ] GC(49) User=0.37s Sys=0.01s Real=0.09s
[2026-09-25T11:06:43.272+0000][173.354s][info][gc,start       ] GC(50) Pause Young (Allocation Failure)
[2026-09-25T11:06:43.368+0000][173.449s][info][gc,heap        ] GC(50) PSYoungGen: 3017777K(3216896K)->42464K(3213824K) Eden: 2975232K(2975232K)->0K(2975232K) From: 42545K(241664K)->42464K(238592K)
[2026-09-25T11:06:43.368+0000][173.449s][info][gc,heap        ] GC(50) ParOldGen: 3665426K(3665920K)->3677781K(3678208K)
[2026-09-25T11:06:43.368+0000][173.449s][info][gc,metaspace   ] GC(50) Metaspace: 167674K(169472K)->167674K(169472K) NonClass: 141071K(142080K)->141071K(142080K) Class: 26603K(27392K)->26603K(27392K)
[2026-09-25T11:06:43.368+0000][173.449s][info][gc             ] GC(50) Pause Young (Allocation Failure) 6526M->3633M(6730M) 95.229ms
[2026-09-25T11:06:43.368+0000][173.449s][info][gc,cpu         ] GC(50) User=0.37s Sys=0.01s Real=0.10s
[2026-09-25T11:06:47.288+0000][177.370s][info][gc,start       ] GC(51) Pause Young (Allocation Failure)
[2026-09-25T11:06:47.381+0000][177.462s][info][gc,heap        ] GC(51) PSYoungGen: 3017696K(3213824K)->41008K(3244544K) Eden: 2975232K(2975232K)->0K(3026432K) From: 42464K(238592K)->41008K(218112K)
[2026-09-25T11:06:47.381+0000][177.462s][info][gc,heap        ] GC(51) ParOldGen: 3677781K(3678208K)->3688819K(3688960K)
[2026-09-25T11:06:47.381+0000][177.462s][info][gc,metaspace   ] GC(51) Metaspace: 167738K(169536K)->167738K(169536K) NonClass: 141122K(142144K)->141122K(142144K) Class: 26616K(27392K)->26616K(27392K)
[2026-09-25T11:06:47.381+0000][177.462s][info][gc             ] GC(51) Pause Young (Allocation Failure) 6538M->3642M(6771M) 92.696ms
[2026-09-25T11:06:47.381+0000][177.462s][info][gc,cpu         ] GC(51) User=0.35s Sys=0.01s Real=0.09s
[2026-09-25T11:06:51.113+0000][181.194s][info][gc,start       ] GC(52) Pause Young (Allocation Failure)
[2026-09-25T11:06:51.207+0000][181.288s][info][gc,heap        ] GC(52) PSYoungGen: 3067440K(3244544K)->42369K(3241472K) Eden: 3026432K(3026432K)->0K(3026432K) From: 41008K(218112K)->42369K(215040K)
[2026-09-25T11:06:51.207+0000][181.288s][info][gc,heap        ] GC(52) ParOldGen: 3688819K(3688960K)->3700850K(3701248K)
[2026-09-25T11:06:51.207+0000][181.288s][info][gc,metaspace   ] GC(52) Metaspace: 167761K(169536K)->167761K(169536K) NonClass: 141138K(142144K)->141138K(142144K) Class: 26622K(27392K)->26622K(27392K)
[2026-09-25T11:06:51.207+0000][181.288s][info][gc             ] GC(52) Pause Young (Allocation Failure) 6597M->3655M(6780M) 94.651ms
[2026-09-25T11:06:51.207+0000][181.289s][info][gc,cpu         ] GC(52) User=0.37s Sys=0.01s Real=0.10s
[2026-09-25T11:06:55.300+0000][185.381s][info][gc,start       ] GC(53) Pause Young (Allocation Failure)
[2026-09-25T11:06:55.398+0000][185.479s][info][gc,heap        ] GC(53) PSYoungGen: 3068801K(3241472K)->42160K(3269120K) Eden: 3026432K(3026432K)->0K(3072512K) From: 42369K(215040K)->42160K(196608K)
[2026-09-25T11:06:55.398+0000][185.479s][info][gc,heap        ] GC(53) ParOldGen: 3700850K(3701248K)->3714354K(3714560K)
[2026-09-25T11:06:55.398+0000][185.479s][info][gc,metaspace   ] GC(53) Metaspace: 167800K(169600K)->167800K(169600K) NonClass: 141176K(142208K)->141176K(142208K) Class: 26624K(27392K)->26624K(27392K)
[2026-09-25T11:06:55.398+0000][185.479s][info][gc             ] GC(53) Pause Young (Allocation Failure) 6610M->3668M(6820M) 98.508ms
[2026-09-25T11:06:55.398+0000][185.479s][info][gc,cpu         ] GC(53) User=0.38s Sys=0.00s Real=0.10s
[2026-09-25T11:06:59.490+0000][189.571s][info][gc,start       ] GC(54) Pause Young (Allocation Failure)
[2026-09-25T11:06:59.587+0000][189.668s][info][gc,heap        ] GC(54) PSYoungGen: 3114672K(3269120K)->48144K(3265536K) Eden: 3072512K(3072512K)->0K(3072512K) From: 42160K(196608K)->48144K(193024K)
[2026-09-25T11:06:59.587+0000][189.668s][info][gc,heap        ] GC(54) ParOldGen: 3714354K(3714560K)->3727072K(3727360K)
[2026-09-25T11:06:59.587+0000][189.668s][info][gc,metaspace   ] GC(54) Metaspace: 167941K(169856K)->167941K(169856K) NonClass: 141287K(142400K)->141287K(142400K) Class: 26654K(27456K)->26654K(27456K)
[2026-09-25T11:06:59.587+0000][189.668s][info][gc             ] GC(54) Pause Young (Allocation Failure) 6668M->3686M(6829M) 96.578ms
[2026-09-25T11:06:59.587+0000][189.668s][info][gc,cpu         ] GC(54) User=0.37s Sys=0.01s Real=0.10s
[2026-09-25T11:07:03.545+0000][193.626s][info][gc,start       ] GC(55) Pause Young (Allocation Failure)
[2026-09-25T11:07:03.642+0000][193.723s][info][gc,heap        ] GC(55) PSYoungGen: 3120656K(3265536K)->43553K(3292160K) Eden: 3072512K(3072512K)->0K(3115008K) From: 48144K(193024K)->43553K(177152K)
[2026-09-25T11:07:03.642+0000][193.723s][info][gc,heap        ] GC(55) ParOldGen: 3727072K(3727360K)->3746091K(3746304K)
[2026-09-25T11:07:03.642+0000][193.723s][info][gc,metaspace   ] GC(55) Metaspace: 168078K(169920K)->168078K(169920K) NonClass: 141410K(142464K)->141410K(142464K) Class: 26667K(27456K)->26667K(27456K)
[2026-09-25T11:07:03.642+0000][193.723s][info][gc             ] GC(55) Pause Young (Allocation Failure) 6687M->3700M(6873M) 97.348ms
[2026-09-25T11:07:03.642+0000][193.723s][info][gc,cpu         ] GC(55) User=0.38s Sys=0.01s Real=0.10s
[2026-09-25T11:07:07.700+0000][197.781s][info][gc,start       ] GC(56) Pause Young (Allocation Failure)
[2026-09-25T11:07:07.804+0000][197.885s][info][gc,heap        ] GC(56) PSYoungGen: 3158561K(3292160K)->45473K(3287040K) Eden: 3115008K(3115008K)->0K(3115008K) From: 43553K(177152K)->45473K(172032K)
[2026-09-25T11:07:07.804+0000][197.885s][info][gc,heap        ] GC(56) ParOldGen: 3746091K(3746304K)->3761639K(3761664K)
[2026-09-25T11:07:07.804+0000][197.885s][info][gc,metaspace   ] GC(56) Metaspace: 168092K(169920K)->168092K(169920K) NonClass: 141424K(142464K)->141424K(142464K) Class: 26667K(27456K)->26667K(27456K)
[2026-09-25T11:07:07.804+0000][197.885s][info][gc             ] GC(56) Pause Young (Allocation Failure) 6742M->3717M(6883M) 104.486ms
[2026-09-25T11:07:07.804+0000][197.885s][info][gc,cpu         ] GC(56) User=0.39s Sys=0.02s Real=0.10s
[2026-09-25T11:07:11.810+0000][201.891s][info][gc,start       ] GC(57) Pause Young (Allocation Failure)
[2026-09-25T11:07:11.908+0000][201.989s][info][gc,heap        ] GC(57) PSYoungGen: 3160481K(3287040K)->43409K(3314176K) Eden: 3115008K(3115008K)->0K(3154432K) From: 45473K(172032K)->43409K(159744K)
[2026-09-25T11:07:11.908+0000][201.989s][info][gc,heap        ] GC(57) ParOldGen: 3761639K(3761664K)->3777783K(3778048K)
[2026-09-25T11:07:11.908+0000][201.989s][info][gc,metaspace   ] GC(57) Metaspace: 168118K(169920K)->168118K(169920K) NonClass: 141450K(142464K)->141450K(142464K) Class: 26667K(27456K)->26667K(27456K)
[2026-09-25T11:07:11.908+0000][201.989s][info][gc             ] GC(57) Pause Young (Allocation Failure) 6759M->3731M(6926M) 98.106ms
[2026-09-25T11:07:11.908+0000][201.989s][info][gc,cpu         ] GC(57) User=0.38s Sys=0.01s Real=0.10s
[2026-09-25T11:07:16.053+0000][206.134s][info][gc,start       ] GC(58) Pause Young (Allocation Failure)
[2026-09-25T11:07:16.153+0000][206.234s][info][gc,heap        ] GC(58) PSYoungGen: 3197841K(3314176K)->42960K(3308544K) Eden: 3154432K(3154432K)->0K(3154432K) From: 43409K(159744K)->42960K(154112K)
[2026-09-25T11:07:16.153+0000][206.234s][info][gc,heap        ] GC(58) ParOldGen: 3777783K(3778048K)->3792614K(3792896K)
[2026-09-25T11:07:16.153+0000][206.234s][info][gc,metaspace   ] GC(58) Metaspace: 168125K(169920K)->168125K(169920K) NonClass: 141458K(142464K)->141458K(142464K) Class: 26667K(27456K)->26667K(27456K)
[2026-09-25T11:07:16.153+0000][206.234s][info][gc             ] GC(58) Pause Young (Allocation Failure) 6812M->3745M(6935M) 100.016ms
[2026-09-25T11:07:16.153+0000][206.234s][info][gc,cpu         ] GC(58) User=0.38s Sys=0.01s Real=0.10s
[2026-09-25T11:07:20.225+0000][210.306s][info][gc,start       ] GC(59) Pause Young (Allocation Failure)
[2026-09-25T11:07:20.321+0000][210.403s][info][gc,heap        ] GC(59) PSYoungGen: 3197392K(3308544K)->40240K(3333632K) Eden: 3154432K(3154432K)->0K(3188224K) From: 42960K(154112K)->40240K(145408K)
[2026-09-25T11:07:20.321+0000][210.403s][info][gc,heap        ] GC(59) ParOldGen: 3792614K(3792896K)->3806088K(3806208K)
[2026-09-25T11:07:20.321+0000][210.403s][info][gc,metaspace   ] GC(59) Metaspace: 168189K(170048K)->168189K(170048K) NonClass: 141520K(142592K)->141520K(142592K) Class: 26668K(27456K)->26668K(27456K)
[2026-09-25T11:07:20.321+0000][210.403s][info][gc             ] GC(59) Pause Young (Allocation Failure) 6826M->3756M(6972M) 96.525ms
[2026-09-25T11:07:20.321+0000][210.403s][info][gc,cpu         ] GC(59) User=0.37s Sys=0.01s Real=0.10s
[2026-09-25T11:07:24.580+0000][214.661s][info][gc,start       ] GC(60) Pause Young (Allocation Failure)
[2026-09-25T11:07:24.688+0000][214.769s][info][gc,heap        ] GC(60) PSYoungGen: 3228464K(3333632K)->41537K(3327488K) Eden: 3188224K(3188224K)->0K(3188224K) From: 40240K(145408K)->41537K(139264K)
[2026-09-25T11:07:24.688+0000][214.769s][info][gc,heap        ] GC(60) ParOldGen: 3806088K(3806208K)->3817928K(3817984K)
[2026-09-25T11:07:24.688+0000][214.769s][info][gc,metaspace   ] GC(60) Metaspace: 168226K(170112K)->168226K(170112K) NonClass: 141557K(142656K)->141557K(142656K) Class: 26668K(27456K)->26668K(27456K)
[2026-09-25T11:07:24.688+0000][214.769s][info][gc             ] GC(60) Pause Young (Allocation Failure) 6869M->3769M(6978M) 107.418ms
[2026-09-25T11:07:24.688+0000][214.769s][info][gc,cpu         ] GC(60) User=0.38s Sys=0.04s Real=0.11s
[2026-09-25T11:07:28.981+0000][219.062s][info][gc,start       ] GC(61) Pause Young (Allocation Failure)
[2026-09-25T11:07:29.078+0000][219.159s][info][gc,heap        ] GC(61) PSYoungGen: 3229761K(3327488K)->41905K(3348992K) Eden: 3188224K(3188224K)->0K(3216896K) From: 41537K(139264K)->41905K(132096K)
[2026-09-25T11:07:29.078+0000][219.159s][info][gc,heap        ] GC(61) ParOldGen: 3817928K(3817984K)->3831715K(3831808K)
[2026-09-25T11:07:29.078+0000][219.159s][info][gc,metaspace   ] GC(61) Metaspace: 168242K(170112K)->168242K(170112K) NonClass: 141573K(142656K)->141573K(142656K) Class: 26668K(27456K)->26668K(27456K)
[2026-09-25T11:07:29.078+0000][219.159s][info][gc             ] GC(61) Pause Young (Allocation Failure) 6882M->3782M(7012M) 97.359ms
[2026-09-25T11:07:29.078+0000][219.159s][info][gc,cpu         ] GC(61) User=0.38s Sys=0.01s Real=0.10s
[2026-09-25T11:07:33.367+0000][223.449s][info][gc,start       ] GC(62) Pause Young (Allocation Failure)
[2026-09-25T11:07:33.463+0000][223.545s][info][gc,heap        ] GC(62) PSYoungGen: 3258801K(3348992K)->40033K(3342848K) Eden: 3216896K(3216896K)->0K(3216896K) From: 41905K(132096K)->40033K(125952K)
[2026-09-25T11:07:33.463+0000][223.545s][info][gc,heap        ] GC(62) ParOldGen: 3831715K(3831808K)->3845423K(3845632K)
[2026-09-25T11:07:33.463+0000][223.545s][info][gc,metaspace   ] GC(62) Metaspace: 168263K(170112K)->168263K(170112K) NonClass: 141594K(142656K)->141594K(142656K) Class: 26669K(27456K)->26669K(27456K)
[2026-09-25T11:07:33.463+0000][223.545s][info][gc             ] GC(62) Pause Young (Allocation Failure) 6924M->3794M(7020M) 96.142ms
[2026-09-25T11:07:33.463+0000][223.545s][info][gc,cpu         ] GC(62) User=0.37s Sys=0.02s Real=0.09s
[2026-09-25T11:07:37.666+0000][227.747s][info][gc,start       ] GC(63) Pause Young (Allocation Failure)
[2026-09-25T11:07:37.770+0000][227.852s][info][gc,heap        ] GC(63) PSYoungGen: 3256929K(3342848K)->43825K(3362816K) Eden: 3216896K(3216896K)->0K(3243008K) From: 40033K(125952K)->43825K(119808K)
[2026-09-25T11:07:37.771+0000][227.852s][info][gc,heap        ] GC(63) ParOldGen: 3845423K(3845632K)->3859084K(3859456K)
[2026-09-25T11:07:37.771+0000][227.852s][info][gc,metaspace   ] GC(63) Metaspace: 168285K(170176K)->168285K(170176K) NonClass: 141615K(142720K)->141615K(142720K) Class: 26669K(27456K)->26669K(27456K)
[2026-09-25T11:07:37.771+0000][227.852s][info][gc             ] GC(63) Pause Young (Allocation Failure) 6935M->3811M(7053M) 104.811ms
[2026-09-25T11:07:37.771+0000][227.852s][info][gc,cpu         ] GC(63) User=0.39s Sys=0.02s Real=0.10s
[2026-09-25T11:07:42.240+0000][232.321s][info][gc,start       ] GC(64) Pause Young (Allocation Failure)
[2026-09-25T11:07:42.338+0000][232.419s][info][gc,heap        ] GC(64) PSYoungGen: 3286833K(3362816K)->39745K(3357184K) Eden: 3243008K(3243008K)->0K(3243008K) From: 43825K(119808K)->39745K(114176K)
[2026-09-25T11:07:42.338+0000][232.419s][info][gc,heap        ] GC(64) ParOldGen: 3859084K(3859456K)->3874572K(3874816K)
[2026-09-25T11:07:42.338+0000][232.419s][info][gc,metaspace   ] GC(64) Metaspace: 168297K(170176K)->168297K(170176K) NonClass: 141628K(142720K)->141628K(142720K) Class: 26669K(27456K)->26669K(27456K)
[2026-09-25T11:07:42.338+0000][232.419s][info][gc             ] GC(64) Pause Young (Allocation Failure) 6978M->3822M(7062M) 98.359ms
[2026-09-25T11:07:42.338+0000][232.419s][info][gc,cpu         ] GC(64) User=0.38s Sys=0.01s Real=0.10s
[2026-09-25T11:07:46.657+0000][236.739s][info][gc,start       ] GC(65) Pause Young (Allocation Failure)
[2026-09-25T11:07:46.753+0000][236.835s][info][gc,heap        ] GC(65) PSYoungGen: 3282753K(3357184K)->39409K(3374592K) Eden: 3243008K(3243008K)->0K(3265536K) From: 39745K(114176K)->39409K(109056K)
[2026-09-25T11:07:46.753+0000][236.835s][info][gc,heap        ] GC(65) ParOldGen: 3874572K(3874816K)->3887676K(3888128K)
[2026-09-25T11:07:46.753+0000][236.835s][info][gc,metaspace   ] GC(65) Metaspace: 168315K(170176K)->168315K(170176K) NonClass: 141645K(142720K)->141645K(142720K) Class: 26670K(27456K)->26670K(27456K)
[2026-09-25T11:07:46.753+0000][236.835s][info][gc             ] GC(65) Pause Young (Allocation Failure) 6989M->3835M(7092M) 96.182ms
[2026-09-25T11:07:46.753+0000][236.835s][info][gc,cpu         ] GC(65) User=0.37s Sys=0.01s Real=0.09s
[2026-09-25T11:07:51.110+0000][241.191s][info][gc,start       ] GC(66) Pause Young (Allocation Failure)
[2026-09-25T11:07:51.206+0000][241.287s][info][gc,heap        ] GC(66) PSYoungGen: 3304945K(3374592K)->39953K(3369984K) Eden: 3265536K(3265536K)->0K(3265536K) From: 39409K(109056K)->39953K(104448K)
[2026-09-25T11:07:51.206+0000][241.287s][info][gc,heap        ] GC(66) ParOldGen: 3887676K(3888128K)->3900200K(3900416K)
[2026-09-25T11:07:51.206+0000][241.287s][info][gc,metaspace   ] GC(66) Metaspace: 168329K(170176K)->168329K(170176K) NonClass: 141659K(142720K)->141659K(142720K) Class: 26670K(27456K)->26670K(27456K)
[2026-09-25T11:07:51.206+0000][241.287s][info][gc             ] GC(66) Pause Young (Allocation Failure) 7024M->3847M(7100M) 96.357ms
[2026-09-25T11:07:51.206+0000][241.287s][info][gc,cpu         ] GC(66) User=0.36s Sys=0.02s Real=0.10s
[2026-09-25T11:07:55.641+0000][245.722s][info][gc,start       ] GC(67) Pause Young (Allocation Failure)
[2026-09-25T11:07:55.737+0000][245.818s][info][gc,heap        ] GC(67) PSYoungGen: 3305489K(3369984K)->39648K(3385344K) Eden: 3265536K(3265536K)->0K(3285504K) From: 39953K(104448K)->39648K(99840K)
[2026-09-25T11:07:55.737+0000][245.818s][info][gc,heap        ] GC(67) ParOldGen: 3900200K(3900416K)->3912400K(3912704K)
[2026-09-25T11:07:55.737+0000][245.818s][info][gc,metaspace   ] GC(67) Metaspace: 168340K(170176K)->168340K(170176K) NonClass: 141667K(142720K)->141667K(142720K) Class: 26673K(27456K)->26673K(27456K)
[2026-09-25T11:07:55.737+0000][245.818s][info][gc             ] GC(67) Pause Young (Allocation Failure) 7036M->3859M(7127M) 96.121ms
[2026-09-25T11:07:55.737+0000][245.818s][info][gc,cpu         ] GC(67) User=0.37s Sys=0.01s Real=0.10s
[2026-09-25T11:08:00.618+0000][250.699s][info][gc,start       ] GC(68) Pause Young (Allocation Failure)
[2026-09-25T11:08:00.717+0000][250.798s][info][gc,heap        ] GC(68) PSYoungGen: 3325152K(3385344K)->44817K(3381248K) Eden: 3285504K(3285504K)->0K(3285504K) From: 39648K(99840K)->44817K(95744K)
[2026-09-25T11:08:00.717+0000][250.798s][info][gc,heap        ] GC(68) ParOldGen: 3912400K(3912704K)->3924822K(3924992K)
[2026-09-25T11:08:00.717+0000][250.798s][info][gc,metaspace   ] GC(68) Metaspace: 168402K(170240K)->168402K(170240K) NonClass: 141729K(142784K)->141729K(142784K) Class: 26673K(27456K)->26673K(27456K)
[2026-09-25T11:08:00.717+0000][250.798s][info][gc             ] GC(68) Pause Young (Allocation Failure) 7067M->3876M(7135M) 99.526ms
[2026-09-25T11:08:00.717+0000][250.798s][info][gc,cpu         ] GC(68) User=0.37s Sys=0.02s Real=0.10s
[2026-09-25T11:08:05.240+0000][255.321s][info][gc,start       ] GC(69) Pause Young (Allocation Failure)
[2026-09-25T11:08:05.358+0000][255.439s][info][gc,heap        ] GC(69) PSYoungGen: 3330321K(3381248K)->43552K(3394560K) Eden: 3285504K(3285504K)->0K(3303424K) From: 44817K(95744K)->43552K(91136K)
[2026-09-25T11:08:05.358+0000][255.439s][info][gc,heap        ] GC(69) ParOldGen: 3924822K(3924992K)->3941606K(3941888K)
[2026-09-25T11:08:05.358+0000][255.439s][info][gc,metaspace   ] GC(69) Metaspace: 168415K(170240K)->168415K(170240K) NonClass: 141739K(142784K)->141739K(142784K) Class: 26675K(27456K)->26675K(27456K)
[2026-09-25T11:08:05.358+0000][255.439s][info][gc             ] GC(69) Pause Young (Allocation Failure) 7085M->3891M(7164M) 117.915ms
[2026-09-25T11:08:05.358+0000][255.439s][info][gc,cpu         ] GC(69) User=0.40s Sys=0.02s Real=0.12s
[2026-09-25T11:08:09.973+0000][260.055s][info][gc,start       ] GC(70) Pause Young (Allocation Failure)
[2026-09-25T11:08:10.075+0000][260.156s][info][gc,heap        ] GC(70) PSYoungGen: 3346976K(3394560K)->44545K(3390464K) Eden: 3303424K(3303424K)->0K(3303424K) From: 43552K(91136K)->44545K(87040K)
[2026-09-25T11:08:10.075+0000][260.156s][info][gc,heap        ] GC(70) ParOldGen: 3941606K(3941888K)->3957201K(3957248K)
[2026-09-25T11:08:10.075+0000][260.156s][info][gc,metaspace   ] GC(70) Metaspace: 168435K(170304K)->168435K(170304K) NonClass: 141759K(142848K)->141759K(142848K) Class: 26675K(27456K)->26675K(27456K)
[2026-09-25T11:08:10.075+0000][260.156s][info][gc             ] GC(70) Pause Young (Allocation Failure) 7117M->3907M(7175M) 101.526ms
[2026-09-25T11:08:10.075+0000][260.156s][info][gc,cpu         ] GC(70) User=0.38s Sys=0.01s Real=0.10s
[2026-09-25T11:08:14.948+0000][265.029s][info][gc,start       ] GC(71) Pause Young (Allocation Failure)
[2026-09-25T11:08:15.054+0000][265.136s][info][gc,heap        ] GC(71) PSYoungGen: 3347969K(3390464K)->45408K(3403264K) Eden: 3303424K(3303424K)->0K(3320320K) From: 44545K(87040K)->45408K(82944K)
[2026-09-25T11:08:15.055+0000][265.136s][info][gc,heap        ] GC(71) ParOldGen: 3957201K(3957248K)->3973548K(3973632K)
[2026-09-25T11:08:15.055+0000][265.136s][info][gc,metaspace   ] GC(71) Metaspace: 168549K(170368K)->168549K(170368K) NonClass: 141856K(142912K)->141856K(142912K) Class: 26693K(27456K)->26693K(27456K)
[2026-09-25T11:08:15.055+0000][265.136s][info][gc             ] GC(71) Pause Young (Allocation Failure) 7133M->3924M(7204M) 106.623ms
[2026-09-25T11:08:15.055+0000][265.136s][info][gc,cpu         ] GC(71) User=0.40s Sys=0.01s Real=0.10s
[2026-09-25T11:08:19.875+0000][269.956s][info][gc,start       ] GC(72) Pause Young (Allocation Failure)
[2026-09-25T11:08:19.978+0000][270.060s][info][gc,heap        ] GC(72) PSYoungGen: 3365728K(3403264K)->45057K(3399680K) Eden: 3320320K(3320320K)->0K(3320320K) From: 45408K(82944K)->45057K(79360K)
[2026-09-25T11:08:19.979+0000][270.060s][info][gc,heap        ] GC(72) ParOldGen: 3973548K(3973632K)->3990808K(3991040K)
[2026-09-25T11:08:19.979+0000][270.060s][info][gc,metaspace   ] GC(72) Metaspace: 168591K(170432K)->168591K(170432K) NonClass: 141897K(142976K)->141897K(142976K) Class: 26693K(27456K)->26693K(27456K)
[2026-09-25T11:08:19.979+0000][270.060s][info][gc             ] GC(72) Pause Young (Allocation Failure) 7167M->3941M(7217M) 103.601ms
[2026-09-25T11:08:19.979+0000][270.060s][info][gc,cpu         ] GC(72) User=0.39s Sys=0.01s Real=0.11s
[2026-09-25T11:08:24.705+0000][274.787s][info][gc,start       ] GC(73) Pause Young (Allocation Failure)
[2026-09-25T11:08:24.808+0000][274.889s][info][gc,heap        ] GC(73) PSYoungGen: 3365377K(3399680K)->40800K(3410432K) Eden: 3320320K(3320320K)->0K(3334656K) From: 45057K(79360K)->40800K(75776K)
[2026-09-25T11:08:24.808+0000][274.889s][info][gc,heap        ] GC(73) ParOldGen: 3990808K(3991040K)->4008223K(4008448K)
[2026-09-25T11:08:24.808+0000][274.889s][info][gc,metaspace   ] GC(73) Metaspace: 168646K(170496K)->168646K(170496K) NonClass: 141944K(142976K)->141944K(142976K) Class: 26701K(27520K)->26701K(27520K)
[2026-09-25T11:08:24.808+0000][274.889s][info][gc             ] GC(73) Pause Young (Allocation Failure) 7183M->3954M(7245M) 102.211ms
[2026-09-25T11:08:24.808+0000][274.889s][info][gc,cpu         ] GC(73) User=0.39s Sys=0.01s Real=0.10s
[2026-09-25T11:08:29.631+0000][279.712s][info][gc,start       ] GC(74) Pause Young (Allocation Failure)
[2026-09-25T11:08:29.744+0000][279.826s][info][gc,heap        ] GC(74) PSYoungGen: 3375456K(3410432K)->43137K(3408384K) Eden: 3334656K(3334656K)->0K(3334656K) From: 40800K(75776K)->43137K(73728K)
[2026-09-25T11:08:29.744+0000][279.826s][info][gc,heap        ] GC(74) ParOldGen: 4008223K(4008448K)->4022666K(4022784K)
[2026-09-25T11:08:29.744+0000][279.826s][info][gc,metaspace   ] GC(74) Metaspace: 168695K(170560K)->168695K(170560K) NonClass: 141993K(143040K)->141993K(143040K) Class: 26702K(27520K)->26702K(27520K)
[2026-09-25T11:08:29.744+0000][279.826s][info][gc             ] GC(74) Pause Young (Allocation Failure) 7210M->3970M(7257M) 113.518ms
[2026-09-25T11:08:29.744+0000][279.826s][info][gc,cpu         ] GC(74) User=0.40s Sys=0.01s Real=0.11s
[2026-09-25T11:08:34.515+0000][284.596s][info][gc,start       ] GC(75) Pause Young (Allocation Failure)
[2026-09-25T11:08:34.618+0000][284.699s][info][gc,heap        ] GC(75) PSYoungGen: 3377793K(3408384K)->44465K(3418624K) Eden: 3334656K(3334656K)->0K(3347968K) From: 43137K(73728K)->44465K(70656K)
[2026-09-25T11:08:34.618+0000][284.699s][info][gc,heap        ] GC(75) ParOldGen: 4022666K(4022784K)->4039266K(4039680K)
[2026-09-25T11:08:34.618+0000][284.699s][info][gc,metaspace   ] GC(75) Metaspace: 168717K(170560K)->168717K(170560K) NonClass: 142011K(143040K)->142011K(143040K) Class: 26705K(27520K)->26705K(27520K)
[2026-09-25T11:08:34.618+0000][284.699s][info][gc             ] GC(75) Pause Young (Allocation Failure) 7227M->3988M(7283M) 103.558ms
[2026-09-25T11:08:34.618+0000][284.699s][info][gc,cpu         ] GC(75) User=0.39s Sys=0.02s Real=0.11s
[2026-09-25T11:08:39.513+0000][289.594s][info][gc,start       ] GC(76) Pause Young (Allocation Failure)
[2026-09-25T11:08:39.617+0000][289.698s][info][gc,heap        ] GC(76) PSYoungGen: 3392433K(3418624K)->44401K(3416576K) Eden: 3347968K(3347968K)->0K(3347968K) From: 44465K(70656K)->44401K(68608K)
[2026-09-25T11:08:39.617+0000][289.698s][info][gc,heap        ] GC(76) ParOldGen: 4039266K(4039680K)->4056174K(4056576K)
[2026-09-25T11:08:39.617+0000][289.698s][info][gc,metaspace   ] GC(76) Metaspace: 168726K(170560K)->168726K(170560K) NonClass: 142020K(143040K)->142020K(143040K) Class: 26705K(27520K)->26705K(27520K)
[2026-09-25T11:08:39.617+0000][289.699s][info][gc             ] GC(76) Pause Young (Allocation Failure) 7257M->4004M(7298M) 104.650ms
[2026-09-25T11:08:39.617+0000][289.699s][info][gc,cpu         ] GC(76) User=0.39s Sys=0.01s Real=0.11s
[2026-09-25T11:08:44.397+0000][294.478s][info][gc,start       ] GC(77) Pause Young (Allocation Failure)
[2026-09-25T11:08:44.505+0000][294.587s][info][gc,heap        ] GC(77) PSYoungGen: 3392369K(3416576K)->44641K(3423744K) Eden: 3347968K(3347968K)->0K(3357696K) From: 44401K(68608K)->44641K(66048K)
[2026-09-25T11:08:44.505+0000][294.587s][info][gc,heap        ] GC(77) ParOldGen: 4056174K(4056576K)->4074082K(4074496K)
[2026-09-25T11:08:44.505+0000][294.587s][info][gc,metaspace   ] GC(77) Metaspace: 168730K(170560K)->168730K(170560K) NonClass: 142024K(143040K)->142024K(143040K) Class: 26705K(27520K)->26705K(27520K)
[2026-09-25T11:08:44.505+0000][294.587s][info][gc             ] GC(77) Pause Young (Allocation Failure) 7273M->4022M(7322M) 108.604ms
[2026-09-25T11:08:44.505+0000][294.587s][info][gc,cpu         ] GC(77) User=0.41s Sys=0.02s Real=0.11s
[2026-09-25T11:08:49.380+0000][299.462s][info][gc,start       ] GC(78) Pause Young (Allocation Failure)
[2026-09-25T11:08:49.483+0000][299.564s][info][gc,heap        ] GC(78) PSYoungGen: 3402337K(3423744K)->44209K(3421696K) Eden: 3357696K(3357696K)->0K(3357696K) From: 44641K(66048K)->44209K(64000K)
[2026-09-25T11:08:49.483+0000][299.564s][info][gc,heap        ] GC(78) ParOldGen: 4074082K(4074496K)->4091249K(4091392K)
[2026-09-25T11:08:49.483+0000][299.564s][info][gc,metaspace   ] GC(78) Metaspace: 168743K(170624K)->168743K(170624K) NonClass: 142036K(143104K)->142036K(143104K) Class: 26706K(27520K)->26706K(27520K)
[2026-09-25T11:08:49.483+0000][299.564s][info][gc             ] GC(78) Pause Young (Allocation Failure) 7301M->4038M(7337M) 102.783ms
[2026-09-25T11:08:49.483+0000][299.564s][info][gc,cpu         ] GC(78) User=0.39s Sys=0.02s Real=0.10s
[2026-09-25T11:08:54.560+0000][304.641s][info][gc,start       ] GC(79) Pause Young (Allocation Failure)
[2026-09-25T11:08:54.677+0000][304.759s][info][gc,heap        ] GC(79) PSYoungGen: 3401905K(3421696K)->48593K(3426816K) Eden: 3357696K(3357696K)->0K(3364864K) From: 44209K(64000K)->48593K(61952K)
[2026-09-25T11:08:54.677+0000][304.759s][info][gc,heap        ] GC(79) ParOldGen: 4091249K(4091392K)->4108584K(4108800K)
[2026-09-25T11:08:54.677+0000][304.759s][info][gc,metaspace   ] GC(79) Metaspace: 168753K(170624K)->168753K(170624K) NonClass: 142046K(143104K)->142046K(143104K) Class: 26706K(27520K)->26706K(27520K)
[2026-09-25T11:08:54.677+0000][304.759s][info][gc             ] GC(79) Pause Young (Allocation Failure) 7317M->4059M(7359M) 117.748ms
[2026-09-25T11:08:54.677+0000][304.759s][info][gc,cpu         ] GC(79) User=0.42s Sys=0.04s Real=0.12s
[2026-09-25T11:08:59.861+0000][309.943s][info][gc,start       ] GC(80) Pause Young (Allocation Failure)
[2026-09-25T11:08:59.974+0000][310.055s][info][gc,heap        ] GC(80) PSYoungGen: 3413457K(3426816K)->58913K(3426816K) Eden: 3364864K(3364864K)->0K(3364864K) From: 48593K(61952K)->58913K(61952K)
[2026-09-25T11:08:59.974+0000][310.055s][info][gc,heap        ] GC(80) ParOldGen: 4108584K(4108800K)->4129000K(4129280K)
[2026-09-25T11:08:59.974+0000][310.055s][info][gc,metaspace   ] GC(80) Metaspace: 168792K(170624K)->168792K(170624K) NonClass: 142085K(143104K)->142085K(143104K) Class: 26706K(27520K)->26706K(27520K)
[2026-09-25T11:08:59.974+0000][310.055s][info][gc             ] GC(80) Pause Young (Allocation Failure) 7345M->4089M(7379M) 112.719ms
[2026-09-25T11:08:59.974+0000][310.055s][info][gc,cpu         ] GC(80) User=0.43s Sys=0.02s Real=0.11s
[2026-09-25T11:09:05.064+0000][315.145s][info][gc,start       ] GC(81) Pause Young (Allocation Failure)
[2026-09-25T11:09:05.179+0000][315.261s][info][gc,heap        ] GC(81) PSYoungGen: 3423777K(3426816K)->53616K(3428352K) Eden: 3364864K(3364864K)->0K(3362816K) From: 58913K(61952K)->53616K(65536K)
[2026-09-25T11:09:05.179+0000][315.261s][info][gc,heap        ] GC(81) ParOldGen: 4129000K(4129280K)->4162101K(4162560K)
[2026-09-25T11:09:05.179+0000][315.261s][info][gc,metaspace   ] GC(81) Metaspace: 168817K(170688K)->168817K(170688K) NonClass: 142104K(143168K)->142104K(143168K) Class: 26713K(27520K)->26713K(27520K)
[2026-09-25T11:09:05.180+0000][315.261s][info][gc             ] GC(81) Pause Young (Allocation Failure) 7375M->4116M(7413M) 115.663ms
[2026-09-25T11:09:05.180+0000][315.261s][info][gc,cpu         ] GC(81) User=0.43s Sys=0.02s Real=0.12s
[2026-09-25T11:09:07.469+0000][317.550s][info][gc,start       ] GC(82) Pause Young (CodeCache GC Threshold)
[2026-09-25T11:09:07.569+0000][317.650s][info][gc,heap        ] GC(82) PSYoungGen: 1586840K(3428352K)->37376K(3428864K) Eden: 1533224K(3362816K)->0K(3362816K) From: 53616K(65536K)->37376K(66048K)
[2026-09-25T11:09:07.569+0000][317.650s][info][gc,heap        ] GC(82) ParOldGen: 4162101K(4162560K)->4189353K(4189696K)
[2026-09-25T11:09:07.569+0000][317.650s][info][gc,metaspace   ] GC(82) Metaspace: 168837K(170688K)->168837K(170688K) NonClass: 142124K(143168K)->142124K(143168K) Class: 26713K(27520K)->26713K(27520K)
[2026-09-25T11:09:07.569+0000][317.650s][info][gc             ] GC(82) Pause Young (CodeCache GC Threshold) 5614M->4127M(7440M) 99.488ms
[2026-09-25T11:09:07.569+0000][317.650s][info][gc,cpu         ] GC(82) User=0.38s Sys=0.02s Real=0.10s
[2026-09-25T11:09:07.569+0000][317.650s][info][gc,start       ] GC(83) Pause Full (CodeCache GC Threshold)
[2026-09-25T11:09:07.569+0000][317.650s][info][gc,phases,start] GC(83) Marking Phase
[2026-09-25T11:09:08.665+0000][318.747s][info][gc,phases      ] GC(83) Marking Phase 1096.789ms
[2026-09-25T11:09:08.665+0000][318.747s][info][gc,phases,start] GC(83) Summary Phase
[2026-09-25T11:09:08.666+0000][318.747s][info][gc,phases      ] GC(83) Summary Phase 0.078ms
[2026-09-25T11:09:08.666+0000][318.747s][info][gc,phases,start] GC(83) Adjust Roots
[2026-09-25T11:09:08.686+0000][318.767s][info][gc,phases      ] GC(83) Adjust Roots 20.492ms
[2026-09-25T11:09:08.686+0000][318.767s][info][gc,phases,start] GC(83) Compaction Phase
[2026-09-25T11:09:10.046+0000][320.127s][info][gc,phases      ] GC(83) Compaction Phase 1359.614ms
[2026-09-25T11:09:10.046+0000][320.127s][info][gc,phases,start] GC(83) Post Compact
[2026-09-25T11:09:10.054+0000][320.135s][info][gc,phases      ] GC(83) Post Compact 8.284ms
[2026-09-25T11:09:10.054+0000][320.135s][info][gc,heap        ] GC(83) PSYoungGen: 37376K(3428864K)->0K(3428864K) Eden: 0K(3362816K)->0K(3362816K) From: 37376K(66048K)->0K(66048K)
[2026-09-25T11:09:10.054+0000][320.135s][info][gc,heap        ] GC(83) ParOldGen: 4189353K(4189696K)->3797430K(4189696K)
[2026-09-25T11:09:10.054+0000][320.135s][info][gc,metaspace   ] GC(83) Metaspace: 168837K(170688K)->168817K(170688K) NonClass: 142124K(143168K)->142109K(143168K) Class: 26713K(27520K)->26707K(27520K)
[2026-09-25T11:09:10.054+0000][320.135s][info][gc             ] GC(83) Pause Full (CodeCache GC Threshold) 4127M->3708M(7440M) 2485.439ms
[2026-09-25T11:09:10.054+0000][320.135s][info][gc,cpu         ] GC(83) User=9.38s Sys=0.04s Real=2.48s
[2026-09-25T11:09:15.132+0000][325.214s][info][gc,start       ] GC(84) Pause Young (Allocation Failure)
[2026-09-25T11:09:15.218+0000][325.299s][info][gc,heap        ] GC(84) PSYoungGen: 3362816K(3428864K)->49616K(3427840K) Eden: 3362816K(3362816K)->0K(3362816K) From: 0K(66048K)->49616K(65024K)
[2026-09-25T11:09:15.218+0000][325.299s][info][gc,heap        ] GC(84) ParOldGen: 3797430K(4189696K)->3797430K(4189696K)
[2026-09-25T11:09:15.218+0000][325.299s][info][gc,metaspace   ] GC(84) Metaspace: 168819K(170688K)->168819K(170688K) NonClass: 142111K(143168K)->142111K(143168K) Class: 26707K(27520K)->26707K(27520K)
[2026-09-25T11:09:15.218+0000][325.299s][info][gc             ] GC(84) Pause Young (Allocation Failure) 6992M->3756M(7439M) 85.912ms
[2026-09-25T11:09:15.218+0000][325.299s][info][gc,cpu         ] GC(84) User=0.34s Sys=0.00s Real=0.09s
[2026-09-25T11:09:20.392+0000][330.473s][info][gc,start       ] GC(85) Pause Young (Allocation Failure)
[2026-09-25T11:09:20.492+0000][330.574s][info][gc,heap        ] GC(85) PSYoungGen: 3412432K(3427840K)->47232K(3410432K) Eden: 3362816K(3362816K)->0K(3362816K) From: 49616K(65024K)->47232K(47616K)
[2026-09-25T11:09:20.493+0000][330.574s][info][gc,heap        ] GC(85) ParOldGen: 3797430K(4189696K)->3820306K(4189696K)
[2026-09-25T11:09:20.493+0000][330.574s][info][gc,metaspace   ] GC(85) Metaspace: 168866K(170688K)->168866K(170688K) NonClass: 142158K(143168K)->142158K(143168K) Class: 26707K(27520K)->26707K(27520K)
[2026-09-25T11:09:20.493+0000][330.574s][info][gc             ] GC(85) Pause Young (Allocation Failure) 7040M->3776M(7422M) 101.046ms
[2026-09-25T11:09:20.493+0000][330.574s][info][gc,cpu         ] GC(85) User=0.40s Sys=0.00s Real=0.10s
[2026-09-25T11:09:25.508+0000][335.589s][info][gc,start       ] GC(86) Pause Young (Allocation Failure)
[2026-09-25T11:09:25.609+0000][335.690s][info][gc,heap        ] GC(86) PSYoungGen: 3410048K(3410432K)->47777K(3428864K) Eden: 3362816K(3362816K)->0K(3365376K) From: 47232K(47616K)->47777K(63488K)
[2026-09-25T11:09:25.609+0000][335.690s][info][gc,heap        ] GC(86) ParOldGen: 3820306K(4189696K)->3839934K(4189696K)
[2026-09-25T11:09:25.609+0000][335.690s][info][gc,metaspace   ] GC(86) Metaspace: 168883K(170688K)->168883K(170688K) NonClass: 142175K(143168K)->142175K(143168K) Class: 26707K(27520K)->26707K(27520K)
[2026-09-25T11:09:25.609+0000][335.690s][info][gc             ] GC(86) Pause Young (Allocation Failure) 7060M->3796M(7440M) 100.952ms
[2026-09-25T11:09:25.609+0000][335.690s][info][gc,cpu         ] GC(86) User=0.40s Sys=0.00s Real=0.10s
[2026-09-25T11:09:30.898+0000][340.979s][info][gc,start       ] GC(87) Pause Young (Allocation Failure)
[2026-09-25T11:09:30.998+0000][341.080s][info][gc,heap        ] GC(87) PSYoungGen: 3413153K(3428864K)->45632K(3427840K) Eden: 3365376K(3365376K)->0K(3365376K) From: 47777K(63488K)->45632K(62464K)
[2026-09-25T11:09:30.999+0000][341.080s][info][gc,heap        ] GC(87) ParOldGen: 3839934K(4189696K)->3860629K(4189696K)
[2026-09-25T11:09:30.999+0000][341.080s][info][gc,metaspace   ] GC(87) Metaspace: 168889K(170688K)->168889K(170688K) NonClass: 142180K(143168K)->142180K(143168K) Class: 26709K(27520K)->26709K(27520K)
[2026-09-25T11:09:30.999+0000][341.080s][info][gc             ] GC(87) Pause Young (Allocation Failure) 7083M->3814M(7439M) 101.029ms
[2026-09-25T11:09:30.999+0000][341.080s][info][gc,cpu         ] GC(87) User=0.39s Sys=0.00s Real=0.10s
[2026-09-25T11:09:36.309+0000][346.390s][info][gc,start       ] GC(88) Pause Young (Allocation Failure)
[2026-09-25T11:09:36.411+0000][346.492s][info][gc,heap        ] GC(88) PSYoungGen: 3411008K(3427840K)->45489K(3430912K) Eden: 3365376K(3365376K)->0K(3369984K) From: 45632K(62464K)->45489K(60928K)
[2026-09-25T11:09:36.411+0000][346.492s][info][gc,heap        ] GC(88) ParOldGen: 3860629K(4189696K)->3879941K(4189696K)
[2026-09-25T11:09:36.411+0000][346.492s][info][gc,metaspace   ] GC(88) Metaspace: 168892K(170688K)->168892K(170688K) NonClass: 142182K(143168K)->142182K(143168K) Class: 26709K(27520K)->26709K(27520K)
[2026-09-25T11:09:36.411+0000][346.492s][info][gc             ] GC(88) Pause Young (Allocation Failure) 7101M->3833M(7442M) 101.849ms
[2026-09-25T11:09:36.411+0000][346.492s][info][gc,cpu         ] GC(88) User=0.40s Sys=0.00s Real=0.10s
[2026-09-25T11:09:41.907+0000][351.989s][info][gc,start       ] GC(89) Pause Young (Allocation Failure)
[2026-09-25T11:09:42.010+0000][352.091s][info][gc,heap        ] GC(89) PSYoungGen: 3415473K(3430912K)->42065K(3429888K) Eden: 3369984K(3369984K)->0K(3369984K) From: 45489K(60928K)->42065K(59904K)
[2026-09-25T11:09:42.010+0000][352.091s][info][gc,heap        ] GC(89) ParOldGen: 3879941K(4189696K)->3897448K(4189696K)
[2026-09-25T11:09:42.010+0000][352.091s][info][gc,metaspace   ] GC(89) Metaspace: 168894K(170688K)->168894K(170688K) NonClass: 142184K(143168K)->142184K(143168K) Class: 26709K(27520K)->26709K(27520K)
[2026-09-25T11:09:42.010+0000][352.091s][info][gc             ] GC(89) Pause Young (Allocation Failure) 7124M->3847M(7441M) 102.668ms
[2026-09-25T11:09:42.010+0000][352.091s][info][gc,cpu         ] GC(89) User=0.40s Sys=0.00s Real=0.10s
[2026-09-25T11:09:47.566+0000][357.648s][info][gc,start       ] GC(90) Pause Young (Allocation Failure)
[2026-09-25T11:09:47.691+0000][357.772s][info][gc,heap        ] GC(90) PSYoungGen: 3412049K(3429888K)->56337K(3430400K) Eden: 3369984K(3369984K)->0K(3371008K) From: 42065K(59904K)->56337K(59392K)
[2026-09-25T11:09:47.691+0000][357.772s][info][gc,heap        ] GC(90) ParOldGen: 3897448K(4189696K)->3911696K(4189696K)
[2026-09-25T11:09:47.691+0000][357.772s][info][gc,metaspace   ] GC(90) Metaspace: 168907K(170816K)->168907K(170816K) NonClass: 142198K(143296K)->142198K(143296K) Class: 26709K(27520K)->26709K(27520K)
[2026-09-25T11:09:47.691+0000][357.772s][info][gc             ] GC(90) Pause Young (Allocation Failure) 7138M->3875M(7441M) 124.619ms
[2026-09-25T11:09:47.691+0000][357.772s][info][gc,cpu         ] GC(90) User=0.43s Sys=0.03s Real=0.12s
[2026-09-25T11:09:53.946+0000][364.027s][info][gc,start       ] GC(91) Pause Young (Allocation Failure)
[2026-09-25T11:09:54.050+0000][364.131s][info][gc,heap        ] GC(91) PSYoungGen: 3427345K(3430400K)->49889K(3432960K) Eden: 3371008K(3371008K)->0K(3371008K) From: 56337K(59392K)->49889K(61952K)
[2026-09-25T11:09:54.050+0000][364.131s][info][gc,heap        ] GC(91) ParOldGen: 3911696K(4189696K)->3942213K(4189696K)
[2026-09-25T11:09:54.050+0000][364.131s][info][gc,metaspace   ] GC(91) Metaspace: 168933K(170816K)->168933K(170816K) NonClass: 142220K(143296K)->142220K(143296K) Class: 26713K(27520K)->26713K(27520K)
[2026-09-25T11:09:54.050+0000][364.131s][info][gc             ] GC(91) Pause Young (Allocation Failure) 7167M->3898M(7444M) 104.618ms
[2026-09-25T11:09:54.050+0000][364.131s][info][gc,cpu         ] GC(91) User=0.40s Sys=0.01s Real=0.10s
[2026-09-25T11:10:00.073+0000][370.154s][info][gc,start       ] GC(92) Pause Young (GCLocker Initiated GC)
[2026-09-25T11:10:00.182+0000][370.263s][info][gc,heap        ] GC(92) PSYoungGen: 3420897K(3432960K)->53553K(3431424K) Eden: 3371008K(3371008K)->0K(3369984K) From: 49889K(61952K)->53553K(61440K)
[2026-09-25T11:10:00.182+0000][370.263s][info][gc,heap        ] GC(92) ParOldGen: 3942214K(4189696K)->3966306K(4189696K)
[2026-09-25T11:10:00.182+0000][370.263s][info][gc,metaspace   ] GC(92) Metaspace: 168976K(170816K)->168976K(170816K) NonClass: 142260K(143296K)->142260K(143296K) Class: 26716K(27520K)->26716K(27520K)
[2026-09-25T11:10:00.182+0000][370.263s][info][gc             ] GC(92) Pause Young (GCLocker Initiated GC) 7190M->3925M(7442M) 108.565ms
[2026-09-25T11:10:00.182+0000][370.263s][info][gc,cpu         ] GC(92) User=0.42s Sys=0.01s Real=0.11s
[2026-09-25T11:10:06.053+0000][376.134s][info][gc,start       ] GC(93) Pause Young (Allocation Failure)
[2026-09-25T11:10:06.161+0000][376.242s][info][gc,heap        ] GC(93) PSYoungGen: 3423537K(3431424K)->48673K(3419136K) Eden: 3369984K(3369984K)->0K(3369984K) From: 53553K(61440K)->48673K(49152K)
[2026-09-25T11:10:06.161+0000][376.242s][info][gc,heap        ] GC(93) ParOldGen: 3966309K(4189696K)->3992386K(4189696K)
[2026-09-25T11:10:06.161+0000][376.242s][info][gc,metaspace   ] GC(93) Metaspace: 168978K(170816K)->168978K(170816K) NonClass: 142262K(143296K)->142262K(143296K) Class: 26716K(27520K)->26716K(27520K)
[2026-09-25T11:10:06.161+0000][376.242s][info][gc             ] GC(93) Pause Young (Allocation Failure) 7216M->3946M(7430M) 107.712ms
[2026-09-25T11:10:06.161+0000][376.242s][info][gc,cpu         ] GC(93) User=0.42s Sys=0.00s Real=0.11s
[2026-09-25T11:10:12.013+0000][382.094s][info][gc,start       ] GC(94) Pause Young (Allocation Failure)
[2026-09-25T11:10:12.116+0000][382.197s][info][gc,heap        ] GC(94) PSYoungGen: 3418657K(3419136K)->49409K(3432448K) Eden: 3369984K(3369984K)->0K(3371520K) From: 48673K(49152K)->49409K(60928K)
[2026-09-25T11:10:12.116+0000][382.197s][info][gc,heap        ] GC(94) ParOldGen: 3992386K(4189696K)->4012654K(4189696K)
[2026-09-25T11:10:12.116+0000][382.197s][info][gc,metaspace   ] GC(94) Metaspace: 168988K(170880K)->168988K(170880K) NonClass: 142272K(143360K)->142272K(143360K) Class: 26716K(27520K)->26716K(27520K)
[2026-09-25T11:10:12.116+0000][382.197s][info][gc             ] GC(94) Pause Young (Allocation Failure) 7237M->3966M(7443M) 102.860ms
[2026-09-25T11:10:12.116+0000][382.197s][info][gc,cpu         ] GC(94) User=0.41s Sys=0.01s Real=0.11s
[2026-09-25T11:10:18.098+0000][388.180s][info][gc,start       ] GC(95) Pause Young (Allocation Failure)
[2026-09-25T11:10:18.205+0000][388.286s][info][gc,heap        ] GC(95) PSYoungGen: 3420929K(3432448K)->47584K(3431936K) Eden: 3371520K(3371520K)->0K(3371520K) From: 49409K(60928K)->47584K(60416K)
[2026-09-25T11:10:18.205+0000][388.286s][info][gc,heap        ] GC(95) ParOldGen: 4012654K(4189696K)->4033378K(4189696K)
[2026-09-25T11:10:18.205+0000][388.286s][info][gc,metaspace   ] GC(95) Metaspace: 168993K(170880K)->168993K(170880K) NonClass: 142277K(143360K)->142277K(143360K) Class: 26716K(27520K)->26716K(27520K)
[2026-09-25T11:10:18.205+0000][388.286s][info][gc             ] GC(95) Pause Young (Allocation Failure) 7259M->3985M(7443M) 106.307ms
[2026-09-25T11:10:18.205+0000][388.286s][info][gc,cpu         ] GC(95) User=0.41s Sys=0.00s Real=0.10s
[2026-09-25T11:10:24.136+0000][394.217s][info][gc,start       ] GC(96) Pause Young (Allocation Failure)
[2026-09-25T11:10:24.238+0000][394.319s][info][gc,heap        ] GC(96) PSYoungGen: 3419104K(3431936K)->42129K(3432960K) Eden: 3371520K(3371520K)->0K(3373568K) From: 47584K(60416K)->42129K(59392K)
[2026-09-25T11:10:24.238+0000][394.319s][info][gc,heap        ] GC(96) ParOldGen: 4033378K(4189696K)->4049537K(4189696K)
[2026-09-25T11:10:24.238+0000][394.319s][info][gc,metaspace   ] GC(96) Metaspace: 168999K(170880K)->168999K(170880K) NonClass: 142282K(143360K)->142282K(143360K) Class: 26716K(27520K)->26716K(27520K)
[2026-09-25T11:10:24.238+0000][394.319s][info][gc             ] GC(96) Pause Young (Allocation Failure) 7277M->3995M(7444M) 102.376ms
[2026-09-25T11:10:24.238+0000][394.319s][info][gc,cpu         ] GC(96) User=0.41s Sys=0.00s Real=0.10s
[2026-09-25T11:10:30.225+0000][400.306s][info][gc,start       ] GC(97) Pause Young (Allocation Failure)
[2026-09-25T11:10:30.324+0000][400.406s][info][gc,heap        ] GC(97) PSYoungGen: 3415697K(3432960K)->45777K(3432960K) Eden: 3373568K(3373568K)->0K(3373568K) From: 42129K(59392K)->45777K(59392K)
[2026-09-25T11:10:30.324+0000][400.406s][info][gc,heap        ] GC(97) ParOldGen: 4049537K(4189696K)->4064509K(4189696K)
[2026-09-25T11:10:30.324+0000][400.406s][info][gc,metaspace   ] GC(97) Metaspace: 169010K(170880K)->169010K(170880K) NonClass: 142293K(143360K)->142293K(143360K) Class: 26716K(27520K)->26716K(27520K)
[2026-09-25T11:10:30.324+0000][400.406s][info][gc             ] GC(97) Pause Young (Allocation Failure) 7290M->4013M(7444M) 99.695ms
[2026-09-25T11:10:30.324+0000][400.406s][info][gc,cpu         ] GC(97) User=0.40s Sys=0.00s Real=0.10s
[2026-09-25T11:10:36.315+0000][406.397s][info][gc,start       ] GC(98) Pause Young (Allocation Failure)
[2026-09-25T11:10:36.420+0000][406.502s][info][gc,heap        ] GC(98) PSYoungGen: 3419345K(3432960K)->48577K(3435008K) Eden: 3373568K(3373568K)->0K(3376640K) From: 45777K(59392K)->48577K(58368K)
[2026-09-25T11:10:36.420+0000][406.502s][info][gc,heap        ] GC(98) ParOldGen: 4064509K(4189696K)->4083537K(4189696K)
[2026-09-25T11:10:36.420+0000][406.502s][info][gc,metaspace   ] GC(98) Metaspace: 169078K(170944K)->169078K(170944K) NonClass: 142352K(143360K)->142352K(143360K) Class: 26726K(27584K)->26726K(27584K)
[2026-09-25T11:10:36.420+0000][406.502s][info][gc             ] GC(98) Pause Young (Allocation Failure) 7308M->4035M(7446M) 104.870ms
[2026-09-25T11:10:36.420+0000][406.502s][info][gc,cpu         ] GC(98) User=0.42s Sys=0.00s Real=0.10s
[2026-09-25T11:10:42.441+0000][412.523s][info][gc,start       ] GC(99) Pause Young (Allocation Failure)
[2026-09-25T11:10:42.546+0000][412.627s][info][gc,heap        ] GC(99) PSYoungGen: 3425217K(3435008K)->42112K(3434496K) Eden: 3376640K(3376640K)->0K(3376640K) From: 48577K(58368K)->42112K(57856K)
[2026-09-25T11:10:42.546+0000][412.627s][info][gc,heap        ] GC(99) ParOldGen: 4083537K(4189696K)->4103706K(4189696K)
[2026-09-25T11:10:42.546+0000][412.627s][info][gc,metaspace   ] GC(99) Metaspace: 169113K(170944K)->169113K(170944K) NonClass: 142374K(143360K)->142374K(143360K) Class: 26739K(27584K)->26739K(27584K)
[2026-09-25T11:10:42.546+0000][412.627s][info][gc             ] GC(99) Pause Young (Allocation Failure) 7332M->4048M(7445M) 104.532ms
[2026-09-25T11:10:42.546+0000][412.627s][info][gc,cpu         ] GC(99) User=0.41s Sys=0.00s Real=0.11s
[2026-09-25T11:10:48.606+0000][418.688s][info][gc,start       ] GC(100) Pause Young (Allocation Failure)
[2026-09-25T11:10:48.712+0000][418.793s][info][gc,heap        ] GC(100) PSYoungGen: 3418752K(3434496K)->42608K(3436544K) Eden: 3376640K(3376640K)->0K(3379200K) From: 42112K(57856K)->42608K(57344K)
[2026-09-25T11:10:48.712+0000][418.793s][info][gc,heap        ] GC(100) ParOldGen: 4103706K(4189696K)->4117700K(4189696K)
[2026-09-25T11:10:48.712+0000][418.793s][info][gc,metaspace   ] GC(100) Metaspace: 169116K(170944K)->169116K(170944K) NonClass: 142376K(143360K)->142376K(143360K) Class: 26739K(27584K)->26739K(27584K)
[2026-09-25T11:10:48.712+0000][418.793s][info][gc             ] GC(100) Pause Young (Allocation Failure) 7346M->4062M(7447M) 105.372ms
[2026-09-25T11:10:48.712+0000][418.793s][info][gc,cpu         ] GC(100) User=0.41s Sys=0.00s Real=0.10s
[2026-09-25T11:10:54.906+0000][424.987s][info][gc,start       ] GC(101) Pause Young (Allocation Failure)
[2026-09-25T11:10:55.021+0000][425.103s][info][gc,heap        ] GC(101) PSYoungGen: 3421808K(3436544K)->43137K(3436544K) Eden: 3379200K(3379200K)->0K(3379200K) From: 42608K(57344K)->43137K(57344K)
[2026-09-25T11:10:55.021+0000][425.103s][info][gc,heap        ] GC(101) ParOldGen: 4117700K(4189696K)->4132008K(4189696K)
[2026-09-25T11:10:55.021+0000][425.103s][info][gc,metaspace   ] GC(101) Metaspace: 169121K(171008K)->169121K(171008K) NonClass: 142382K(143424K)->142382K(143424K) Class: 26739K(27584K)->26739K(27584K)
[2026-09-25T11:10:55.021+0000][425.103s][info][gc             ] GC(101) Pause Young (Allocation Failure) 7362M->4077M(7447M) 115.843ms
[2026-09-25T11:10:55.021+0000][425.103s][info][gc,cpu         ] GC(101) User=0.41s Sys=0.04s Real=0.11s
[2026-09-25T11:11:01.347+0000][431.428s][info][gc,start       ] GC(102) Pause Young (Allocation Failure)
[2026-09-25T11:11:01.452+0000][431.533s][info][gc,heap        ] GC(102) PSYoungGen: 3422337K(3436544K)->45121K(3436032K) Eden: 3379200K(3379200K)->0K(3380736K) From: 43137K(57344K)->45121K(55296K)
[2026-09-25T11:11:01.452+0000][431.533s][info][gc,heap        ] GC(102) ParOldGen: 4132008K(4189696K)->4147264K(4189696K)
[2026-09-25T11:11:01.452+0000][431.533s][info][gc,metaspace   ] GC(102) Metaspace: 171166K(173056K)->171166K(173056K) NonClass: 144190K(145216K)->144190K(145216K) Class: 26976K(27840K)->26976K(27840K)
[2026-09-25T11:11:01.452+0000][431.533s][info][gc             ] GC(102) Pause Young (Allocation Failure) 7377M->4094M(7447M) 104.812ms
[2026-09-25T11:11:01.452+0000][431.533s][info][gc,cpu         ] GC(102) User=0.41s Sys=0.00s Real=0.10s
[2026-09-25T11:11:07.519+0000][437.600s][info][gc,start       ] GC(103) Pause Young (GCLocker Initiated GC)
[2026-09-25T11:11:07.622+0000][437.703s][info][gc,heap        ] GC(103) PSYoungGen: 3425857K(3436032K)->40737K(3436544K) Eden: 3380736K(3380736K)->0K(3380736K) From: 45121K(55296K)->40737K(55808K)
[2026-09-25T11:11:07.622+0000][437.704s][info][gc,heap        ] GC(103) ParOldGen: 4147453K(4189696K)->4166253K(4189696K)
[2026-09-25T11:11:07.622+0000][437.704s][info][gc,metaspace   ] GC(103) Metaspace: 171171K(173056K)->171171K(173056K) NonClass: 144194K(145216K)->144194K(145216K) Class: 26977K(27840K)->26977K(27840K)
[2026-09-25T11:11:07.622+0000][437.704s][info][gc             ] GC(103) Pause Young (GCLocker Initiated GC) 7395M->4108M(7447M) 103.133ms
[2026-09-25T11:11:07.622+0000][437.704s][info][gc,cpu         ] GC(103) User=0.41s Sys=0.00s Real=0.10s
[2026-09-25T11:11:13.783+0000][443.864s][info][gc,start       ] GC(104) Pause Young (Allocation Failure)
[2026-09-25T11:11:13.885+0000][443.966s][info][gc,heap        ] GC(104) PSYoungGen: 3421473K(3436544K)->45329K(3437568K) Eden: 3380736K(3380736K)->0K(3381760K) From: 40737K(55808K)->45329K(55808K)
[2026-09-25T11:11:13.885+0000][443.966s][info][gc,heap        ] GC(104) ParOldGen: 4166255K(4189696K)->4180939K(4189696K)
[2026-09-25T11:11:13.885+0000][443.966s][info][gc,metaspace   ] GC(104) Metaspace: 171181K(173056K)->171181K(173056K) NonClass: 144204K(145216K)->144204K(145216K) Class: 26977K(27840K)->26977K(27840K)
[2026-09-25T11:11:13.885+0000][443.966s][info][gc             ] GC(104) Pause Young (Allocation Failure) 7409M->4127M(7448M) 102.308ms
[2026-09-25T11:11:13.885+0000][443.966s][info][gc,cpu         ] GC(104) User=0.39s Sys=0.00s Real=0.10s
[2026-09-25T11:11:20.228+0000][450.309s][info][gc,start       ] GC(105) Pause Young (Allocation Failure)
[2026-09-25T11:11:20.333+0000][450.414s][info][gc,heap        ] GC(105) PSYoungGen: 3427089K(3437568K)->45297K(3436544K) Eden: 3381760K(3381760K)->0K(3381760K) From: 45329K(55808K)->45297K(54784K)
[2026-09-25T11:11:20.333+0000][450.414s][info][gc,heap        ] GC(105) ParOldGen: 4180939K(4189696K)->4198270K(4198400K)
[2026-09-25T11:11:20.333+0000][450.414s][info][gc,metaspace   ] GC(105) Metaspace: 171190K(173056K)->171190K(173056K) NonClass: 144212K(145216K)->144212K(145216K) Class: 26978K(27840K)->26978K(27840K)
[2026-09-25T11:11:20.333+0000][450.414s][info][gc             ] GC(105) Pause Young (Allocation Failure) 7429M->4144M(7456M) 105.331ms
[2026-09-25T11:11:20.333+0000][450.414s][info][gc,cpu         ] GC(105) User=0.40s Sys=0.00s Real=0.10s
[2026-09-25T11:11:26.502+0000][456.584s][info][gc,start       ] GC(106) Pause Young (Allocation Failure)
[2026-09-25T11:11:26.610+0000][456.691s][info][gc,heap        ] GC(106) PSYoungGen: 3427057K(3436544K)->43681K(3439104K) Eden: 3381760K(3381760K)->0K(3384832K) From: 45297K(54784K)->43681K(54272K)
[2026-09-25T11:11:26.610+0000][456.691s][info][gc,heap        ] GC(106) ParOldGen: 4198270K(4198400K)->4215287K(4215296K)
[2026-09-25T11:11:26.610+0000][456.691s][info][gc,metaspace   ] GC(106) Metaspace: 171218K(173120K)->171218K(173120K) NonClass: 144235K(145280K)->144235K(145280K) Class: 26983K(27840K)->26983K(27840K)
[2026-09-25T11:11:26.610+0000][456.691s][info][gc             ] GC(106) Pause Young (Allocation Failure) 7446M->4159M(7475M) 107.469ms
[2026-09-25T11:11:26.610+0000][456.691s][info][gc,cpu         ] GC(106) User=0.41s Sys=0.01s Real=0.11s
[2026-09-25T11:11:33.128+0000][463.209s][info][gc,start       ] GC(107) Pause Young (Allocation Failure)
[2026-09-25T11:11:33.239+0000][463.320s][info][gc,heap        ] GC(107) PSYoungGen: 3428513K(3439104K)->47803K(3438592K) Eden: 3384831K(3384832K)->0K(3384832K) From: 43681K(54272K)->47803K(53760K)
[2026-09-25T11:11:33.239+0000][463.320s][info][gc,heap        ] GC(107) ParOldGen: 4215287K(4215296K)->4231203K(4231680K)
[2026-09-25T11:11:33.239+0000][463.320s][info][gc,metaspace   ] GC(107) Metaspace: 172116K(174016K)->172116K(174016K) NonClass: 145016K(146048K)->145016K(146048K) Class: 27099K(27968K)->27099K(27968K)
[2026-09-25T11:11:33.239+0000][463.320s][info][gc             ] GC(107) Pause Young (Allocation Failure) 7464M->4178M(7490M) 111.385ms
[2026-09-25T11:11:33.239+0000][463.320s][info][gc,cpu         ] GC(107) User=0.42s Sys=0.01s Real=0.11s
[2026-09-25T11:11:39.238+0000][469.320s][info][gc,start       ] GC(108) Pause Young (Allocation Failure)
[2026-09-25T11:11:39.319+0000][469.400s][info][gc,heap        ] GC(108) PSYoungGen: 3432635K(3438592K)->14400K(3431936K) Eden: 3384832K(3384832K)->0K(3378176K) From: 47803K(53760K)->14400K(53760K)
[2026-09-25T11:11:39.319+0000][469.400s][info][gc,heap        ] GC(108) ParOldGen: 4231203K(4231680K)->4271877K(4272128K)
[2026-09-25T11:11:39.319+0000][469.400s][info][gc,metaspace   ] GC(108) Metaspace: 172397K(174336K)->172397K(174336K) NonClass: 145277K(146368K)->145277K(146368K) Class: 27120K(27968K)->27120K(27968K)
[2026-09-25T11:11:39.319+0000][469.400s][info][gc             ] GC(108) Pause Young (Allocation Failure) 7484M->4185M(7523M) 80.528ms
[2026-09-25T11:11:39.319+0000][469.400s][info][gc,cpu         ] GC(108) User=0.29s Sys=0.02s Real=0.08s
[2026-09-25T11:11:45.174+0000][475.255s][info][gc,start       ] GC(109) Pause Young (Allocation Failure)
[2026-09-25T11:11:45.216+0000][475.297s][info][gc,heap        ] GC(109) PSYoungGen: 3392576K(3431936K)->13136K(3391488K) Eden: 3378176K(3378176K)->0K(3378176K) From: 14400K(53760K)->13136K(13312K)
[2026-09-25T11:11:45.216+0000][475.297s][info][gc,heap        ] GC(109) ParOldGen: 4271877K(4272128K)->4275337K(4275712K)
[2026-09-25T11:11:45.216+0000][475.297s][info][gc,metaspace   ] GC(109) Metaspace: 172481K(174400K)->172481K(174400K) NonClass: 145348K(146432K)->145348K(146432K) Class: 27133K(27968K)->27133K(27968K)
[2026-09-25T11:11:45.216+0000][475.297s][info][gc             ] GC(109) Pause Young (Allocation Failure) 7484M->4187M(7487M) 42.096ms
[2026-09-25T11:11:45.216+0000][475.297s][info][gc,cpu         ] GC(109) User=0.16s Sys=0.01s Real=0.05s
[2026-09-25T11:11:51.057+0000][481.138s][info][gc,start       ] GC(110) Pause Young (Allocation Failure)
[2026-09-25T11:11:51.100+0000][481.181s][info][gc,heap        ] GC(110) PSYoungGen: 3391312K(3391488K)->13696K(3428352K) Eden: 3378176K(3378176K)->0K(3366912K) From: 13136K(13312K)->13696K(61440K)
[2026-09-25T11:11:51.100+0000][481.181s][info][gc,heap        ] GC(110) ParOldGen: 4275337K(4275712K)->4278681K(4278784K)
[2026-09-25T11:11:51.100+0000][481.181s][info][gc,metaspace   ] GC(110) Metaspace: 172501K(174400K)->172501K(174400K) NonClass: 145368K(146432K)->145368K(146432K) Class: 27133K(27968K)->27133K(27968K)
[2026-09-25T11:11:51.100+0000][481.182s][info][gc             ] GC(110) Pause Young (Allocation Failure) 7486M->4191M(7526M) 43.122ms
[2026-09-25T11:11:51.100+0000][481.182s][info][gc,cpu         ] GC(110) User=0.16s Sys=0.00s Real=0.04s
[2026-09-25T11:11:56.761+0000][486.842s][info][gc,heap,exit   ] Heap
[2026-09-25T11:11:56.761+0000][486.842s][info][gc,heap,exit   ]  PSYoungGen      total 3428352K, used 3190921K [0x000000072ab00000, 0x0000000800000000, 0x0000000800000000)
[2026-09-25T11:11:56.761+0000][486.842s][info][gc,heap,exit   ]   eden space 3366912K, 94% used [0x000000072ab00000,0x00000007ec9c26f0,0x00000007f8300000)
[2026-09-25T11:11:56.761+0000][486.842s][info][gc,heap,exit   ]   from space 61440K, 22% used [0x00000007fc400000,0x00000007fd160000,0x0000000800000000)
[2026-09-25T11:11:56.761+0000][486.842s][info][gc,heap,exit   ]   to   space 64000K, 0% used [0x00000007f8300000,0x00000007f8300000,0x00000007fc180000)
[2026-09-25T11:11:56.761+0000][486.842s][info][gc,heap,exit   ]  ParOldGen       total 4278784K, used 4278681K [0x0000000580000000, 0x0000000685280000, 0x000000072ab00000)
[2026-09-25T11:11:56.761+0000][486.842s][info][gc,heap,exit   ]   object space 4278784K, 99% used [0x0000000580000000,0x0000000685266718,0x0000000685280000)
[2026-09-25T11:11:56.761+0000][486.842s][info][gc,heap,exit   ]  Metaspace       used 172593K, committed 174464K, reserved 1245184K
[2026-09-25T11:11:56.761+0000][486.842s][info][gc,heap,exit   ]   class space    used 27147K, committed 27968K, reserved 1048576K
