[2026-09-23T19:43:47.610+0000][0.041s][info][gc,init] CardTable entry size: 512
[2026-09-23T19:43:47.610+0000][0.041s][info][gc     ] Using Parallel
[2026-09-23T19:43:47.620+0000][0.051s][info][gc,init] Version: 21.0.12.1+1-LTS (release)
[2026-09-23T19:43:47.620+0000][0.051s][info][gc,init] CPUs: 4 total, 4 available
[2026-09-23T19:43:47.620+0000][0.051s][info][gc,init] Memory: 15988M
[2026-09-23T19:43:47.620+0000][0.051s][info][gc,init] Large Page Support: Disabled
[2026-09-23T19:43:47.620+0000][0.051s][info][gc,init] NUMA Support: Disabled
[2026-09-23T19:43:47.620+0000][0.051s][info][gc,init] Compressed Oops: Enabled (Zero based)
[2026-09-23T19:43:47.620+0000][0.051s][info][gc,init] Alignments: Space 512K, Generation 512K, Heap 2M
[2026-09-23T19:43:47.620+0000][0.051s][info][gc,init] Heap Min Capacity: 4G
[2026-09-23T19:43:47.620+0000][0.051s][info][gc,init] Heap Initial Capacity: 4G
[2026-09-23T19:43:47.620+0000][0.051s][info][gc,init] Heap Max Capacity: 10G
[2026-09-23T19:43:47.620+0000][0.051s][info][gc,init] Pre-touch: Disabled
[2026-09-23T19:43:47.620+0000][0.051s][info][gc,init] Parallel Workers: 4
[2026-09-23T19:43:47.628+0000][0.058s][info][gc,metaspace] CDS archive(s) mapped at: [0x00007f09a5000000-0x00007f09a5c9c000-0x00007f09a5c9c000), size 13221888, SharedBaseAddress: 0x00007f09a5000000, ArchiveRelocationMode: 1.
[2026-09-23T19:43:47.628+0000][0.058s][info][gc,metaspace] Compressed class space mapped at: 0x00007f09a6000000-0x00007f09e6000000, reserved size: 1073741824
[2026-09-23T19:43:47.628+0000][0.058s][info][gc,metaspace] Narrow klass base: 0x00007f09a5000000, Narrow klass shift: 0, Narrow klass range: 0x100000000
[2026-09-23T19:43:50.023+0000][2.454s][info][gc,start    ] GC(0) Pause Young (Metadata GC Threshold)
[2026-09-23T19:43:50.033+0000][2.464s][info][gc,heap     ] GC(0) PSYoungGen: 919402K(1223168K)->12665K(1223168K) Eden: 919402K(1048576K)->0K(1048576K) From: 0K(174592K)->12665K(174592K)
[2026-09-23T19:43:50.033+0000][2.464s][info][gc,heap     ] GC(0) ParOldGen: 1073K(2796544K)->1145K(2796544K)
[2026-09-23T19:43:50.033+0000][2.464s][info][gc,metaspace] GC(0) Metaspace: 21082K(21504K)->21082K(21504K) NonClass: 18708K(18944K)->18708K(18944K) Class: 2374K(2560K)->2374K(2560K)
[2026-09-23T19:43:50.033+0000][2.464s][info][gc          ] GC(0) Pause Young (Metadata GC Threshold) 898M->13M(3925M) 9.928ms
[2026-09-23T19:43:50.033+0000][2.464s][info][gc,cpu      ] GC(0) User=0.03s Sys=0.01s Real=0.01s
[2026-09-23T19:43:50.033+0000][2.464s][info][gc,start    ] GC(1) Pause Full (Metadata GC Threshold)
[2026-09-23T19:43:50.033+0000][2.464s][info][gc,phases,start] GC(1) Marking Phase
[2026-09-23T19:43:50.043+0000][2.474s][info][gc,phases      ] GC(1) Marking Phase 10.060ms
[2026-09-23T19:43:50.043+0000][2.474s][info][gc,phases,start] GC(1) Summary Phase
[2026-09-23T19:43:50.043+0000][2.474s][info][gc,phases      ] GC(1) Summary Phase 0.012ms
[2026-09-23T19:43:50.043+0000][2.474s][info][gc,phases,start] GC(1) Adjust Roots
[2026-09-23T19:43:50.047+0000][2.478s][info][gc,phases      ] GC(1) Adjust Roots 3.565ms
[2026-09-23T19:43:50.047+0000][2.478s][info][gc,phases,start] GC(1) Compaction Phase
[2026-09-23T19:43:50.055+0000][2.486s][info][gc,phases      ] GC(1) Compaction Phase 8.330ms
[2026-09-23T19:43:50.055+0000][2.486s][info][gc,phases,start] GC(1) Post Compact
[2026-09-23T19:43:50.057+0000][2.488s][info][gc,phases      ] GC(1) Post Compact 1.667ms
[2026-09-23T19:43:50.057+0000][2.488s][info][gc,heap        ] GC(1) PSYoungGen: 12665K(1223168K)->0K(1223168K) Eden: 0K(1048576K)->0K(1048576K) From: 12665K(174592K)->0K(174592K)
[2026-09-23T19:43:50.057+0000][2.488s][info][gc,heap        ] GC(1) ParOldGen: 1145K(2796544K)->13576K(2796544K)
[2026-09-23T19:43:50.057+0000][2.488s][info][gc,metaspace   ] GC(1) Metaspace: 21082K(21504K)->21082K(21504K) NonClass: 18708K(18944K)->18708K(18944K) Class: 2374K(2560K)->2374K(2560K)
[2026-09-23T19:43:50.057+0000][2.488s][info][gc             ] GC(1) Pause Full (Metadata GC Threshold) 13M->13M(3925M) 23.833ms
[2026-09-23T19:43:50.057+0000][2.488s][info][gc,cpu         ] GC(1) User=0.05s Sys=0.01s Real=0.02s
[2026-09-23T19:43:51.205+0000][3.636s][info][gc,start       ] GC(2) Pause Young (Metadata GC Threshold)
[2026-09-23T19:43:51.234+0000][3.665s][info][gc,heap        ] GC(2) PSYoungGen: 446308K(1223168K)->51071K(1223168K) Eden: 446308K(1048576K)->0K(1048576K) From: 0K(174592K)->51071K(174592K)
[2026-09-23T19:43:51.234+0000][3.665s][info][gc,heap        ] GC(2) ParOldGen: 13576K(2796544K)->13584K(2796544K)
[2026-09-23T19:43:51.234+0000][3.665s][info][gc,metaspace   ] GC(2) Metaspace: 35373K(35840K)->35373K(35840K) NonClass: 31283K(31552K)->31283K(31552K) Class: 4089K(4288K)->4089K(4288K)
[2026-09-23T19:43:51.234+0000][3.665s][info][gc             ] GC(2) Pause Young (Metadata GC Threshold) 449M->63M(3925M) 28.951ms
[2026-09-23T19:43:51.234+0000][3.665s][info][gc,cpu         ] GC(2) User=0.08s Sys=0.04s Real=0.03s
[2026-09-23T19:43:51.234+0000][3.665s][info][gc,start       ] GC(3) Pause Full (Metadata GC Threshold)
[2026-09-23T19:43:51.234+0000][3.665s][info][gc,phases,start] GC(3) Marking Phase
[2026-09-23T19:43:51.265+0000][3.696s][info][gc,phases      ] GC(3) Marking Phase 31.189ms
[2026-09-23T19:43:51.265+0000][3.696s][info][gc,phases,start] GC(3) Summary Phase
[2026-09-23T19:43:51.265+0000][3.696s][info][gc,phases      ] GC(3) Summary Phase 0.026ms
[2026-09-23T19:43:51.265+0000][3.696s][info][gc,phases,start] GC(3) Adjust Roots
[2026-09-23T19:43:51.269+0000][3.700s][info][gc,phases      ] GC(3) Adjust Roots 3.902ms
[2026-09-23T19:43:51.269+0000][3.700s][info][gc,phases,start] GC(3) Compaction Phase
[2026-09-23T19:43:51.314+0000][3.744s][info][gc,phases      ] GC(3) Compaction Phase 44.178ms
[2026-09-23T19:43:51.314+0000][3.744s][info][gc,phases,start] GC(3) Post Compact
[2026-09-23T19:43:51.315+0000][3.746s][info][gc,phases      ] GC(3) Post Compact 1.652ms
[2026-09-23T19:43:51.315+0000][3.746s][info][gc,heap        ] GC(3) PSYoungGen: 51071K(1223168K)->0K(1223168K) Eden: 0K(1048576K)->0K(1048576K) From: 51071K(174592K)->0K(174592K)
[2026-09-23T19:43:51.315+0000][3.746s][info][gc,heap        ] GC(3) ParOldGen: 13584K(2796544K)->64279K(2796544K)
[2026-09-23T19:43:51.315+0000][3.746s][info][gc,metaspace   ] GC(3) Metaspace: 35373K(35840K)->35373K(35840K) NonClass: 31283K(31552K)->31283K(31552K) Class: 4089K(4288K)->4089K(4288K)
[2026-09-23T19:43:51.315+0000][3.746s][info][gc             ] GC(3) Pause Full (Metadata GC Threshold) 63M->62M(3925M) 81.189ms
[2026-09-23T19:43:51.315+0000][3.746s][info][gc,cpu         ] GC(3) User=0.26s Sys=0.02s Real=0.08s
[2026-09-23T19:43:53.262+0000][5.693s][info][gc,start       ] GC(4) Pause Young (Metadata GC Threshold)
[2026-09-23T19:43:53.293+0000][5.724s][info][gc,heap        ] GC(4) PSYoungGen: 362810K(1223168K)->42945K(1223168K) Eden: 362810K(1048576K)->0K(1048576K) From: 0K(174592K)->42945K(174592K)
[2026-09-23T19:43:53.293+0000][5.724s][info][gc,heap        ] GC(4) ParOldGen: 64279K(2796544K)->64287K(2796544K)
[2026-09-23T19:43:53.293+0000][5.724s][info][gc,metaspace   ] GC(4) Metaspace: 59166K(59776K)->59166K(59776K) NonClass: 50576K(50880K)->50576K(50880K) Class: 8589K(8896K)->8589K(8896K)
[2026-09-23T19:43:53.293+0000][5.724s][info][gc             ] GC(4) Pause Young (Metadata GC Threshold) 417M->104M(3925M) 30.658ms
[2026-09-23T19:43:53.293+0000][5.724s][info][gc,cpu         ] GC(4) User=0.11s Sys=0.02s Real=0.03s
[2026-09-23T19:43:53.293+0000][5.724s][info][gc,start       ] GC(5) Pause Full (Metadata GC Threshold)
[2026-09-23T19:43:53.293+0000][5.724s][info][gc,phases,start] GC(5) Marking Phase
[2026-09-23T19:43:53.350+0000][5.780s][info][gc,phases      ] GC(5) Marking Phase 56.544ms
[2026-09-23T19:43:53.350+0000][5.780s][info][gc,phases,start] GC(5) Summary Phase
[2026-09-23T19:43:53.350+0000][5.780s][info][gc,phases      ] GC(5) Summary Phase 0.009ms
[2026-09-23T19:43:53.350+0000][5.780s][info][gc,phases,start] GC(5) Adjust Roots
[2026-09-23T19:43:53.357+0000][5.787s][info][gc,phases      ] GC(5) Adjust Roots 6.983ms
[2026-09-23T19:43:53.357+0000][5.787s][info][gc,phases,start] GC(5) Compaction Phase
[2026-09-23T19:43:53.442+0000][5.873s][info][gc,phases      ] GC(5) Compaction Phase 85.301ms
[2026-09-23T19:43:53.442+0000][5.873s][info][gc,phases,start] GC(5) Post Compact
[2026-09-23T19:43:53.444+0000][5.874s][info][gc,phases      ] GC(5) Post Compact 1.622ms
[2026-09-23T19:43:53.444+0000][5.874s][info][gc,heap        ] GC(5) PSYoungGen: 42945K(1223168K)->0K(1223168K) Eden: 0K(1048576K)->0K(1048576K) From: 42945K(174592K)->0K(174592K)
[2026-09-23T19:43:53.444+0000][5.874s][info][gc,heap        ] GC(5) ParOldGen: 64287K(2796544K)->103004K(2796544K)
[2026-09-23T19:43:53.444+0000][5.874s][info][gc,metaspace   ] GC(5) Metaspace: 59166K(59776K)->59166K(59776K) NonClass: 50576K(50880K)->50576K(50880K) Class: 8589K(8896K)->8589K(8896K)
[2026-09-23T19:43:53.444+0000][5.874s][info][gc             ] GC(5) Pause Full (Metadata GC Threshold) 104M->100M(3925M) 150.668ms
[2026-09-23T19:43:53.444+0000][5.874s][info][gc,cpu         ] GC(5) User=0.54s Sys=0.01s Real=0.15s
[2026-09-23T19:43:56.502+0000][8.933s][info][gc,start       ] GC(6) Pause Young (Metadata GC Threshold)
[2026-09-23T19:43:56.627+0000][9.058s][info][gc,heap        ] GC(6) PSYoungGen: 745969K(1223168K)->174580K(1223168K) Eden: 745969K(1048576K)->0K(1048576K) From: 0K(174592K)->174580K(174592K)
[2026-09-23T19:43:56.627+0000][9.058s][info][gc,heap        ] GC(6) ParOldGen: 103004K(2796544K)->105428K(2796544K)
[2026-09-23T19:43:56.628+0000][9.058s][info][gc,metaspace   ] GC(6) Metaspace: 98819K(99648K)->98819K(99648K) NonClass: 84863K(85312K)->84863K(85312K) Class: 13955K(14336K)->13955K(14336K)
[2026-09-23T19:43:56.628+0000][9.058s][info][gc             ] GC(6) Pause Young (Metadata GC Threshold) 829M->273M(3925M) 125.480ms
[2026-09-23T19:43:56.628+0000][9.058s][info][gc,cpu         ] GC(6) User=0.40s Sys=0.10s Real=0.12s
[2026-09-23T19:43:56.628+0000][9.058s][info][gc,start       ] GC(7) Pause Full (Metadata GC Threshold)
[2026-09-23T19:43:56.628+0000][9.058s][info][gc,phases,start] GC(7) Marking Phase
[2026-09-23T19:43:56.797+0000][9.227s][info][gc,phases      ] GC(7) Marking Phase 169.042ms
[2026-09-23T19:43:56.797+0000][9.227s][info][gc,phases,start] GC(7) Summary Phase
[2026-09-23T19:43:56.797+0000][9.227s][info][gc,phases      ] GC(7) Summary Phase 0.040ms
[2026-09-23T19:43:56.797+0000][9.227s][info][gc,phases,start] GC(7) Adjust Roots
[2026-09-23T19:43:56.809+0000][9.239s][info][gc,phases      ] GC(7) Adjust Roots 11.817ms
[2026-09-23T19:43:56.809+0000][9.239s][info][gc,phases,start] GC(7) Compaction Phase
[2026-09-23T19:43:57.155+0000][9.586s][info][gc,phases      ] GC(7) Compaction Phase 346.742ms
[2026-09-23T19:43:57.155+0000][9.586s][info][gc,phases,start] GC(7) Post Compact
[2026-09-23T19:43:57.158+0000][9.588s][info][gc,phases      ] GC(7) Post Compact 2.318ms
[2026-09-23T19:43:57.158+0000][9.588s][info][gc,heap        ] GC(7) PSYoungGen: 174580K(1223168K)->0K(1223168K) Eden: 0K(1048576K)->0K(1048576K) From: 174580K(174592K)->0K(174592K)
[2026-09-23T19:43:57.158+0000][9.588s][info][gc,heap        ] GC(7) ParOldGen: 105428K(2796544K)->278445K(2796544K)
[2026-09-23T19:43:57.158+0000][9.588s][info][gc,metaspace   ] GC(7) Metaspace: 98819K(99648K)->98819K(99648K) NonClass: 84863K(85312K)->84863K(85312K) Class: 13955K(14336K)->13955K(14336K)
[2026-09-23T19:43:57.158+0000][9.588s][info][gc             ] GC(7) Pause Full (Metadata GC Threshold) 273M->271M(3925M) 530.229ms
[2026-09-23T19:43:57.158+0000][9.588s][info][gc,cpu         ] GC(7) User=1.92s Sys=0.06s Real=0.53s
[2026-09-23T19:44:00.422+0000][12.853s][info][gc,start       ] GC(8) Pause Young (Allocation Failure)
[2026-09-23T19:44:00.456+0000][12.887s][info][gc,heap        ] GC(8) PSYoungGen: 1048576K(1223168K)->45389K(1223168K) Eden: 1048576K(1048576K)->0K(1048576K) From: 0K(174592K)->45389K(174592K)
[2026-09-23T19:44:00.456+0000][12.887s][info][gc,heap        ] GC(8) ParOldGen: 278445K(2796544K)->278461K(2796544K)
[2026-09-23T19:44:00.456+0000][12.887s][info][gc,metaspace   ] GC(8) Metaspace: 119854K(120896K)->119854K(120896K) NonClass: 102612K(103232K)->102612K(103232K) Class: 17242K(17664K)->17242K(17664K)
[2026-09-23T19:44:00.456+0000][12.887s][info][gc             ] GC(8) Pause Young (Allocation Failure) 1295M->316M(3925M) 34.251ms
[2026-09-23T19:44:00.456+0000][12.887s][info][gc,cpu         ] GC(8) User=0.13s Sys=0.00s Real=0.03s
[2026-09-23T19:44:06.913+0000][19.344s][info][gc,start       ] GC(9) Pause Young (Allocation Failure)
[2026-09-23T19:44:06.996+0000][19.427s][info][gc,heap        ] GC(9) PSYoungGen: 1093965K(1223168K)->129156K(2233856K) Eden: 1048576K(1048576K)->0K(2076160K) From: 45389K(174592K)->129156K(157696K)
[2026-09-23T19:44:06.996+0000][19.427s][info][gc,heap        ] GC(9) ParOldGen: 278461K(2796544K)->278493K(2796544K)
[2026-09-23T19:44:06.996+0000][19.427s][info][gc,metaspace   ] GC(9) Metaspace: 150472K(151680K)->150472K(151680K) NonClass: 125994K(126720K)->125994K(126720K) Class: 24478K(24960K)->24478K(24960K)
[2026-09-23T19:44:06.996+0000][19.427s][info][gc             ] GC(9) Pause Young (Allocation Failure) 1340M->398M(4912M) 83.519ms
[2026-09-23T19:44:06.996+0000][19.427s][info][gc,cpu         ] GC(9) User=0.20s Sys=0.11s Real=0.08s
[2026-09-23T19:44:07.547+0000][19.977s][info][gc,start       ] GC(10) Pause Young (CodeCache GC Threshold)
[2026-09-23T19:44:07.619+0000][20.050s][info][gc,heap        ] GC(10) PSYoungGen: 330809K(2233856K)->142457K(2254848K) Eden: 201652K(2076160K)->0K(2076160K) From: 129156K(157696K)->142457K(178688K)
[2026-09-23T19:44:07.619+0000][20.050s][info][gc,heap        ] GC(10) ParOldGen: 278493K(2796544K)->278501K(2796544K)
[2026-09-23T19:44:07.619+0000][20.050s][info][gc,metaspace   ] GC(10) Metaspace: 150840K(152064K)->150840K(152064K) NonClass: 126333K(127040K)->126333K(127040K) Class: 24506K(25024K)->24506K(25024K)
[2026-09-23T19:44:07.619+0000][20.050s][info][gc             ] GC(10) Pause Young (CodeCache GC Threshold) 595M->411M(4933M) 72.373ms
[2026-09-23T19:44:07.619+0000][20.050s][info][gc,cpu         ] GC(10) User=0.19s Sys=0.09s Real=0.07s
[2026-09-23T19:44:07.619+0000][20.050s][info][gc,start       ] GC(11) Pause Full (CodeCache GC Threshold)
[2026-09-23T19:44:07.619+0000][20.050s][info][gc,phases,start] GC(11) Marking Phase
[2026-09-23T19:44:07.845+0000][20.276s][info][gc,phases      ] GC(11) Marking Phase 225.684ms
[2026-09-23T19:44:07.845+0000][20.276s][info][gc,phases,start] GC(11) Summary Phase
[2026-09-23T19:44:07.845+0000][20.276s][info][gc,phases      ] GC(11) Summary Phase 0.029ms
[2026-09-23T19:44:07.845+0000][20.276s][info][gc,phases,start] GC(11) Adjust Roots
[2026-09-23T19:44:07.869+0000][20.299s][info][gc,phases      ] GC(11) Adjust Roots 23.708ms
[2026-09-23T19:44:07.869+0000][20.299s][info][gc,phases,start] GC(11) Compaction Phase
[2026-09-23T19:44:08.268+0000][20.699s][info][gc,phases      ] GC(11) Compaction Phase 399.254ms
[2026-09-23T19:44:08.268+0000][20.699s][info][gc,phases,start] GC(11) Post Compact
[2026-09-23T19:44:08.275+0000][20.706s][info][gc,phases      ] GC(11) Post Compact 7.178ms
[2026-09-23T19:44:08.275+0000][20.706s][info][gc,heap        ] GC(11) PSYoungGen: 142457K(2254848K)->0K(2254848K) Eden: 0K(2076160K)->0K(2076160K) From: 142457K(178688K)->0K(178688K)
[2026-09-23T19:44:08.275+0000][20.706s][info][gc,heap        ] GC(11) ParOldGen: 278501K(2796544K)->381473K(2796544K)
[2026-09-23T19:44:08.275+0000][20.706s][info][gc,metaspace   ] GC(11) Metaspace: 150840K(152064K)->150776K(152064K) NonClass: 126333K(127040K)->126285K(127040K) Class: 24506K(25024K)->24491K(25024K)
[2026-09-23T19:44:08.275+0000][20.706s][info][gc             ] GC(11) Pause Full (CodeCache GC Threshold) 411M->372M(4933M) 656.109ms
[2026-09-23T19:44:08.275+0000][20.706s][info][gc,cpu         ] GC(11) User=2.38s Sys=0.03s Real=0.66s
[2026-09-23T19:44:12.563+0000][24.994s][info][gc,start       ] GC(12) Pause Young (Allocation Failure)
[2026-09-23T19:44:12.680+0000][25.111s][info][gc,heap        ] GC(12) PSYoungGen: 2076160K(2254848K)->197615K(2227200K) Eden: 2076160K(2076160K)->0K(2029568K) From: 0K(178688K)->197615K(197632K)
[2026-09-23T19:44:12.681+0000][25.111s][info][gc,heap        ] GC(12) ParOldGen: 381473K(2796544K)->454521K(2796544K)
[2026-09-23T19:44:12.681+0000][25.111s][info][gc,metaspace   ] GC(12) Metaspace: 152746K(154112K)->152746K(154112K) NonClass: 127930K(128704K)->127930K(128704K) Class: 24815K(25408K)->24815K(25408K)
[2026-09-23T19:44:12.681+0000][25.111s][info][gc             ] GC(12) Pause Young (Allocation Failure) 2400M->636M(4906M) 117.215ms
[2026-09-23T19:44:12.681+0000][25.111s][info][gc,cpu         ] GC(12) User=0.38s Sys=0.09s Real=0.12s
[2026-09-23T19:44:16.556+0000][28.987s][info][gc,start       ] GC(13) Pause Young (Allocation Failure)
[2026-09-23T19:44:16.682+0000][29.113s][info][gc,heap        ] GC(13) PSYoungGen: 2227183K(2227200K)->265204K(2294784K) Eden: 2029568K(2029568K)->0K(2029568K) From: 197615K(197632K)->265204K(265216K)
[2026-09-23T19:44:16.682+0000][29.113s][info][gc,heap        ] GC(13) ParOldGen: 454521K(2796544K)->534741K(2796544K)
[2026-09-23T19:44:16.682+0000][29.113s][info][gc,metaspace   ] GC(13) Metaspace: 153270K(154752K)->153270K(154752K) NonClass: 128385K(129216K)->128385K(129216K) Class: 24885K(25536K)->24885K(25536K)
[2026-09-23T19:44:16.682+0000][29.113s][info][gc             ] GC(13) Pause Young (Allocation Failure) 2618M->781M(4972M) 126.297ms
[2026-09-23T19:44:16.682+0000][29.113s][info][gc,cpu         ] GC(13) User=0.41s Sys=0.07s Real=0.13s
[2026-09-23T19:44:20.353+0000][32.783s][info][gc,start       ] GC(14) Pause Young (Allocation Failure)
[2026-09-23T19:44:20.609+0000][33.039s][info][gc,heap        ] GC(14) PSYoungGen: 2294772K(2294784K)->344036K(2846720K) Eden: 2029568K(2029568K)->0K(2502656K) From: 265204K(265216K)->344036K(344064K)
[2026-09-23T19:44:20.609+0000][33.039s][info][gc,heap        ] GC(14) ParOldGen: 534741K(2796544K)->792653K(2796544K)
[2026-09-23T19:44:20.609+0000][33.039s][info][gc,metaspace   ] GC(14) Metaspace: 154114K(155648K)->154114K(155648K) NonClass: 129112K(129984K)->129112K(129984K) Class: 25001K(25664K)->25001K(25664K)
[2026-09-23T19:44:20.609+0000][33.039s][info][gc             ] GC(14) Pause Young (Allocation Failure) 2763M->1110M(5511M) 255.759ms
[2026-09-23T19:44:20.609+0000][33.039s][info][gc,cpu         ] GC(14) User=0.72s Sys=0.29s Real=0.25s
[2026-09-23T19:44:24.560+0000][36.991s][info][gc,start       ] GC(15) Pause Young (Allocation Failure)
[2026-09-23T19:44:24.845+0000][37.275s][info][gc,heap        ] GC(15) PSYoungGen: 2846692K(2846720K)->328994K(2831872K) Eden: 2502656K(2502656K)->0K(2502656K) From: 344036K(344064K)->328994K(329216K)
[2026-09-23T19:44:24.845+0000][37.275s][info][gc,heap        ] GC(15) ParOldGen: 792653K(2796544K)->1154601K(2796544K)
[2026-09-23T19:44:24.845+0000][37.275s][info][gc,metaspace   ] GC(15) Metaspace: 154596K(156096K)->154596K(156096K) NonClass: 129543K(130368K)->129543K(130368K) Class: 25053K(25728K)->25053K(25728K)
[2026-09-23T19:44:24.845+0000][37.275s][info][gc             ] GC(15) Pause Young (Allocation Failure) 3554M->1448M(5496M) 284.854ms
[2026-09-23T19:44:24.845+0000][37.275s][info][gc,cpu         ] GC(15) User=0.80s Sys=0.34s Real=0.28s
[2026-09-23T19:44:29.025+0000][41.455s][info][gc,start       ] GC(16) Pause Young (Allocation Failure)
[2026-09-23T19:44:29.328+0000][41.759s][info][gc,heap        ] GC(16) PSYoungGen: 2831650K(2831872K)->371749K(2909696K) Eden: 2502656K(2502656K)->0K(2390016K) From: 328994K(329216K)->371749K(519680K)
[2026-09-23T19:44:29.329+0000][41.759s][info][gc,heap        ] GC(16) ParOldGen: 1154601K(2796544K)->1496017K(2796544K)
[2026-09-23T19:44:29.329+0000][41.759s][info][gc,metaspace   ] GC(16) Metaspace: 154907K(156416K)->154907K(156416K) NonClass: 129827K(130688K)->129827K(130688K) Class: 25079K(25728K)->25079K(25728K)
[2026-09-23T19:44:29.329+0000][41.759s][info][gc             ] GC(16) Pause Young (Allocation Failure) 3892M->1823M(5572M) 303.885ms
[2026-09-23T19:44:29.329+0000][41.759s][info][gc,cpu         ] GC(16) User=0.94s Sys=0.26s Real=0.30s
[2026-09-23T19:44:32.874+0000][45.305s][info][gc,start       ] GC(17) Pause Young (Allocation Failure)
[2026-09-23T19:44:33.190+0000][45.621s][info][gc,heap        ] GC(17) PSYoungGen: 2761765K(2909696K)->344896K(2735104K) Eden: 2390016K(2390016K)->0K(2390016K) From: 371749K(519680K)->344896K(345088K)
[2026-09-23T19:44:33.190+0000][45.621s][info][gc,heap        ] GC(17) ParOldGen: 1496017K(2796544K)->1882150K(2796544K)
[2026-09-23T19:44:33.190+0000][45.621s][info][gc,metaspace   ] GC(17) Metaspace: 154941K(156416K)->154941K(156416K) NonClass: 129861K(130688K)->129861K(130688K) Class: 25079K(25728K)->25079K(25728K)
[2026-09-23T19:44:33.190+0000][45.621s][info][gc             ] GC(17) Pause Young (Allocation Failure) 4157M->2174M(5402M) 315.454ms
[2026-09-23T19:44:33.190+0000][45.621s][info][gc,cpu         ] GC(17) User=0.99s Sys=0.24s Real=0.32s
[2026-09-23T19:44:35.554+0000][47.985s][info][gc,start       ] GC(18) Pause Young (CodeCache GC Threshold)
[2026-09-23T19:44:35.790+0000][48.220s][info][gc,heap        ] GC(18) PSYoungGen: 1034499K(2735104K)->130119K(2945024K) Eden: 689603K(2390016K)->0K(2377728K) From: 344896K(345088K)->130119K(567296K)
[2026-09-23T19:44:35.790+0000][48.220s][info][gc,heap        ] GC(18) ParOldGen: 1882150K(2796544K)->2239689K(2796544K)
[2026-09-23T19:44:35.790+0000][48.220s][info][gc,metaspace   ] GC(18) Metaspace: 160408K(161984K)->160408K(161984K) NonClass: 134486K(135360K)->134486K(135360K) Class: 25921K(26624K)->25921K(26624K)
[2026-09-23T19:44:35.790+0000][48.220s][info][gc             ] GC(18) Pause Young (CodeCache GC Threshold) 2848M->2314M(5607M) 235.747ms
[2026-09-23T19:44:35.790+0000][48.220s][info][gc,cpu         ] GC(18) User=0.68s Sys=0.25s Real=0.24s
[2026-09-23T19:44:35.790+0000][48.221s][info][gc,start       ] GC(19) Pause Full (CodeCache GC Threshold)
[2026-09-23T19:44:35.790+0000][48.221s][info][gc,phases,start] GC(19) Marking Phase
[2026-09-23T19:44:36.330+0000][48.760s][info][gc,phases      ] GC(19) Marking Phase 539.871ms
[2026-09-23T19:44:36.330+0000][48.760s][info][gc,phases,start] GC(19) Summary Phase
[2026-09-23T19:44:36.330+0000][48.761s][info][gc,phases      ] GC(19) Summary Phase 0.112ms
[2026-09-23T19:44:36.330+0000][48.761s][info][gc,phases,start] GC(19) Adjust Roots
[2026-09-23T19:44:36.348+0000][48.779s][info][gc,phases      ] GC(19) Adjust Roots 18.191ms
[2026-09-23T19:44:36.348+0000][48.779s][info][gc,phases,start] GC(19) Compaction Phase
[2026-09-23T19:44:36.808+0000][49.239s][info][gc,phases      ] GC(19) Compaction Phase 460.303ms
[2026-09-23T19:44:36.809+0000][49.239s][info][gc,phases,start] GC(19) Post Compact
[2026-09-23T19:44:36.843+0000][49.274s][info][gc,phases      ] GC(19) Post Compact 34.700ms
[2026-09-23T19:44:36.843+0000][49.274s][info][gc,heap        ] GC(19) PSYoungGen: 130119K(2945024K)->0K(2945024K) Eden: 0K(2377728K)->0K(2377728K) From: 130119K(567296K)->0K(567296K)
[2026-09-23T19:44:36.843+0000][49.274s][info][gc,heap        ] GC(19) ParOldGen: 2239689K(2796544K)->1403315K(2796544K)
[2026-09-23T19:44:36.843+0000][49.274s][info][gc,metaspace   ] GC(19) Metaspace: 160408K(161984K)->160355K(161984K) NonClass: 134486K(135360K)->134447K(135360K) Class: 25921K(26624K)->25907K(26624K)
[2026-09-23T19:44:36.843+0000][49.274s][info][gc             ] GC(19) Pause Full (CodeCache GC Threshold) 2314M->1370M(5607M) 1053.437ms
[2026-09-23T19:44:36.843+0000][49.274s][info][gc,cpu         ] GC(19) User=3.77s Sys=0.08s Real=1.05s
[2026-09-23T19:44:46.762+0000][59.193s][info][gc,start       ] GC(20) Pause Young (Allocation Failure)
[2026-09-23T19:44:46.900+0000][59.330s][info][gc,heap        ] GC(20) PSYoungGen: 2377728K(2945024K)->326525K(2927616K) Eden: 2377728K(2377728K)->0K(2377728K) From: 0K(567296K)->326525K(549888K)
[2026-09-23T19:44:46.900+0000][59.330s][info][gc,heap        ] GC(20) ParOldGen: 1403315K(2796544K)->1403323K(2796544K)
[2026-09-23T19:44:46.900+0000][59.330s][info][gc,metaspace   ] GC(20) Metaspace: 164556K(166208K)->164556K(166208K) NonClass: 138251K(139200K)->138251K(139200K) Class: 26304K(27008K)->26304K(27008K)
[2026-09-23T19:44:46.900+0000][59.330s][info][gc             ] GC(20) Pause Young (Allocation Failure) 3692M->1689M(5590M) 137.408ms
[2026-09-23T19:44:46.900+0000][59.330s][info][gc,cpu         ] GC(20) User=0.54s Sys=0.01s Real=0.14s
[2026-09-23T19:44:46.971+0000][59.402s][info][gc,start       ] GC(21) Pause Young (CodeCache GC Threshold)
[2026-09-23T19:44:47.140+0000][59.571s][info][gc,heap        ] GC(21) PSYoungGen: 397304K(2927616K)->2512K(2927616K) Eden: 70779K(2377728K)->0K(2370560K) From: 326525K(549888K)->2512K(557056K)
[2026-09-23T19:44:47.140+0000][59.571s][info][gc,heap        ] GC(21) ParOldGen: 1403323K(2796544K)->1730248K(2796544K)
[2026-09-23T19:44:47.140+0000][59.571s][info][gc,metaspace   ] GC(21) Metaspace: 164562K(166208K)->164562K(166208K) NonClass: 138257K(139200K)->138257K(139200K) Class: 26304K(27008K)->26304K(27008K)
[2026-09-23T19:44:47.140+0000][59.571s][info][gc             ] GC(21) Pause Young (CodeCache GC Threshold) 1758M->1692M(5590M) 169.166ms
[2026-09-23T19:44:47.140+0000][59.571s][info][gc,cpu         ] GC(21) User=0.67s Sys=0.00s Real=0.17s
[2026-09-23T19:44:47.140+0000][59.571s][info][gc,start       ] GC(22) Pause Full (CodeCache GC Threshold)
[2026-09-23T19:44:47.140+0000][59.571s][info][gc,phases,start] GC(22) Marking Phase
[2026-09-23T19:44:47.804+0000][60.235s][info][gc,phases      ] GC(22) Marking Phase 664.075ms
[2026-09-23T19:44:47.804+0000][60.235s][info][gc,phases,start] GC(22) Summary Phase
[2026-09-23T19:44:47.804+0000][60.235s][info][gc,phases      ] GC(22) Summary Phase 0.058ms
[2026-09-23T19:44:47.804+0000][60.235s][info][gc,phases,start] GC(22) Adjust Roots
[2026-09-23T19:44:47.830+0000][60.261s][info][gc,phases      ] GC(22) Adjust Roots 25.546ms
[2026-09-23T19:44:47.830+0000][60.261s][info][gc,phases,start] GC(22) Compaction Phase
[2026-09-23T19:44:48.614+0000][61.045s][info][gc,phases      ] GC(22) Compaction Phase 783.966ms
[2026-09-23T19:44:48.614+0000][61.045s][info][gc,phases,start] GC(22) Post Compact
[2026-09-23T19:44:48.627+0000][61.058s][info][gc,phases      ] GC(22) Post Compact 12.790ms
[2026-09-23T19:44:48.627+0000][61.058s][info][gc,heap        ] GC(22) PSYoungGen: 2512K(2927616K)->0K(2927616K) Eden: 0K(2370560K)->0K(2370560K) From: 2512K(557056K)->0K(557056K)
[2026-09-23T19:44:48.627+0000][61.058s][info][gc,heap        ] GC(22) ParOldGen: 1730248K(2796544K)->1714361K(2796544K)
[2026-09-23T19:44:48.627+0000][61.058s][info][gc,metaspace   ] GC(22) Metaspace: 164562K(166208K)->164518K(166208K) NonClass: 138257K(139200K)->138225K(139200K) Class: 26304K(27008K)->26293K(27008K)
[2026-09-23T19:44:48.627+0000][61.058s][info][gc             ] GC(22) Pause Full (CodeCache GC Threshold) 1692M->1674M(5590M) 1486.724ms
[2026-09-23T19:44:48.627+0000][61.058s][info][gc,cpu         ] GC(22) User=5.56s Sys=0.00s Real=1.48s
[2026-09-23T19:44:53.961+0000][66.392s][info][gc,start       ] GC(23) Pause Young (Allocation Failure)
[2026-09-23T19:44:54.072+0000][66.503s][info][gc,heap        ] GC(23) PSYoungGen: 2370560K(2927616K)->217714K(2588672K) Eden: 2370560K(2370560K)->0K(2370560K) From: 0K(557056K)->217714K(218112K)
[2026-09-23T19:44:54.072+0000][66.503s][info][gc,heap        ] GC(23) ParOldGen: 1714361K(2796544K)->1714361K(2796544K)
[2026-09-23T19:44:54.072+0000][66.503s][info][gc,metaspace   ] GC(23) Metaspace: 164573K(166272K)->164573K(166272K) NonClass: 138262K(139200K)->138262K(139200K) Class: 26311K(27072K)->26311K(27072K)
[2026-09-23T19:44:54.072+0000][66.503s][info][gc             ] GC(23) Pause Young (Allocation Failure) 3989M->1886M(5259M) 111.313ms
[2026-09-23T19:44:54.072+0000][66.503s][info][gc,cpu         ] GC(23) User=0.44s Sys=0.00s Real=0.11s
[2026-09-23T19:44:58.228+0000][70.659s][info][gc,start       ] GC(24) Pause Young (Allocation Failure)
[2026-09-23T19:44:58.420+0000][70.851s][info][gc,heap        ] GC(24) PSYoungGen: 2588274K(2588672K)->172866K(2933760K) Eden: 2370560K(2370560K)->0K(2402304K) From: 217714K(218112K)->172866K(531456K)
[2026-09-23T19:44:58.420+0000][70.851s][info][gc,heap        ] GC(24) ParOldGen: 1714361K(2796544K)->1917119K(2796544K)
[2026-09-23T19:44:58.420+0000][70.851s][info][gc,metaspace   ] GC(24) Metaspace: 164646K(166336K)->164646K(166336K) NonClass: 138278K(139264K)->138278K(139264K) Class: 26367K(27072K)->26367K(27072K)
[2026-09-23T19:44:58.420+0000][70.851s][info][gc             ] GC(24) Pause Young (Allocation Failure) 4201M->2041M(5596M) 191.773ms
[2026-09-23T19:44:58.420+0000][70.851s][info][gc,cpu         ] GC(24) User=0.75s Sys=0.01s Real=0.20s
[2026-09-23T19:45:01.973+0000][74.404s][info][gc,start       ] GC(25) Pause Young (Allocation Failure)
[2026-09-23T19:45:02.165+0000][74.595s][info][gc,heap        ] GC(25) PSYoungGen: 2575170K(2933760K)->158530K(2907136K) Eden: 2402304K(2402304K)->0K(2402304K) From: 172866K(531456K)->158530K(504832K)
[2026-09-23T19:45:02.165+0000][74.595s][info][gc,heap        ] GC(25) ParOldGen: 1917119K(2796544K)->2071204K(2796544K)
[2026-09-23T19:45:02.165+0000][74.595s][info][gc,metaspace   ] GC(25) Metaspace: 164730K(166464K)->164730K(166464K) NonClass: 138350K(139328K)->138350K(139328K) Class: 26379K(27136K)->26379K(27136K)
[2026-09-23T19:45:02.165+0000][74.595s][info][gc             ] GC(25) Pause Young (Allocation Failure) 4387M->2177M(5570M) 191.831ms
[2026-09-23T19:45:02.165+0000][74.595s][info][gc,cpu         ] GC(25) User=0.70s Sys=0.00s Real=0.19s
[2026-09-23T19:45:05.515+0000][77.945s][info][gc,start       ] GC(26) Pause Young (Allocation Failure)
[2026-09-23T19:45:05.675+0000][78.106s][info][gc,heap        ] GC(26) PSYoungGen: 2560834K(2907136K)->152609K(2960896K) Eden: 2402304K(2402304K)->0K(2479104K) From: 158530K(504832K)->152609K(481792K)
[2026-09-23T19:45:05.675+0000][78.106s][info][gc,heap        ] GC(26) ParOldGen: 2071204K(2796544K)->2208216K(2796544K)
[2026-09-23T19:45:05.675+0000][78.106s][info][gc,metaspace   ] GC(26) Metaspace: 165037K(166720K)->165037K(166720K) NonClass: 138622K(139584K)->138622K(139584K) Class: 26414K(27136K)->26414K(27136K)
[2026-09-23T19:45:05.675+0000][78.106s][info][gc             ] GC(26) Pause Young (Allocation Failure) 4523M->2305M(5622M) 160.482ms
[2026-09-23T19:45:05.675+0000][78.106s][info][gc,cpu         ] GC(26) User=0.62s Sys=0.01s Real=0.16s
[2026-09-23T19:45:08.854+0000][81.285s][info][gc,start       ] GC(27) Pause Young (Allocation Failure)
[2026-09-23T19:45:09.036+0000][81.467s][info][gc,heap        ] GC(27) PSYoungGen: 2631713K(2960896K)->138161K(2940416K) Eden: 2479104K(2479104K)->0K(2479104K) From: 152609K(481792K)->138161K(461312K)
[2026-09-23T19:45:09.036+0000][81.467s][info][gc,heap        ] GC(27) ParOldGen: 2208216K(2796544K)->2337295K(2796544K)
[2026-09-23T19:45:09.036+0000][81.467s][info][gc,metaspace   ] GC(27) Metaspace: 165114K(166784K)->165114K(166784K) NonClass: 138698K(139648K)->138698K(139648K) Class: 26415K(27136K)->26415K(27136K)
[2026-09-23T19:45:09.036+0000][81.467s][info][gc             ] GC(27) Pause Young (Allocation Failure) 4726M->2417M(5602M) 182.003ms
[2026-09-23T19:45:09.036+0000][81.467s][info][gc,cpu         ] GC(27) User=0.65s Sys=0.06s Real=0.18s
[2026-09-23T19:45:12.257+0000][84.688s][info][gc,start       ] GC(28) Pause Young (Allocation Failure)
[2026-09-23T19:45:12.448+0000][84.879s][info][gc,heap        ] GC(28) PSYoungGen: 2617265K(2940416K)->144642K(3014656K) Eden: 2479104K(2479104K)->0K(2570240K) From: 138161K(461312K)->144642K(444416K)
[2026-09-23T19:45:12.448+0000][84.879s][info][gc,heap        ] GC(28) ParOldGen: 2337295K(2796544K)->2448209K(2796544K)
[2026-09-23T19:45:12.448+0000][84.879s][info][gc,metaspace   ] GC(28) Metaspace: 165200K(166848K)->165200K(166848K) NonClass: 138780K(139712K)->138780K(139712K) Class: 26419K(27136K)->26419K(27136K)
[2026-09-23T19:45:12.448+0000][84.879s][info][gc             ] GC(28) Pause Young (Allocation Failure) 4838M->2532M(5675M) 191.223ms
[2026-09-23T19:45:12.448+0000][84.879s][info][gc,cpu         ] GC(28) User=0.66s Sys=0.10s Real=0.19s
[2026-09-23T19:45:15.843+0000][88.274s][info][gc,start       ] GC(29) Pause Young (Allocation Failure)
[2026-09-23T19:45:16.034+0000][88.465s][info][gc,heap        ] GC(29) PSYoungGen: 2714882K(3014656K)->136562K(2996224K) Eden: 2570240K(2570240K)->0K(2570240K) From: 144642K(444416K)->136562K(425984K)
[2026-09-23T19:45:16.034+0000][88.465s][info][gc,heap        ] GC(29) ParOldGen: 2448209K(2796544K)->2563709K(2796544K)
[2026-09-23T19:45:16.034+0000][88.465s][info][gc,metaspace   ] GC(29) Metaspace: 165289K(166976K)->165289K(166976K) NonClass: 138852K(139776K)->138852K(139776K) Class: 26437K(27200K)->26437K(27200K)
[2026-09-23T19:45:16.034+0000][88.465s][info][gc             ] GC(29) Pause Young (Allocation Failure) 5042M->2636M(5657M) 191.351ms
[2026-09-23T19:45:16.034+0000][88.465s][info][gc,cpu         ] GC(29) User=0.67s Sys=0.09s Real=0.19s
[2026-09-23T19:45:19.097+0000][91.527s][info][gc,start       ] GC(30) Pause Young (Allocation Failure)
[2026-09-23T19:45:19.286+0000][91.716s][info][gc,heap        ] GC(30) PSYoungGen: 2706802K(2996224K)->138242K(3051008K) Eden: 2570240K(2570240K)->0K(2640896K) From: 136562K(425984K)->138242K(410112K)
[2026-09-23T19:45:19.286+0000][91.716s][info][gc,heap        ] GC(30) ParOldGen: 2563709K(2796544K)->2669408K(2796544K)
[2026-09-23T19:45:19.286+0000][91.716s][info][gc,metaspace   ] GC(30) Metaspace: 165373K(167104K)->165373K(167104K) NonClass: 138935K(139904K)->138935K(139904K) Class: 26438K(27200K)->26438K(27200K)
[2026-09-23T19:45:19.286+0000][91.716s][info][gc             ] GC(30) Pause Young (Allocation Failure) 5146M->2741M(5710M) 189.190ms
[2026-09-23T19:45:19.286+0000][91.716s][info][gc,cpu         ] GC(30) User=0.62s Sys=0.08s Real=0.19s
[2026-09-23T19:45:19.678+0000][92.109s][info][gc,start       ] GC(31) Pause Young (CodeCache GC Threshold)
[2026-09-23T19:45:19.829+0000][92.259s][info][gc,heap        ] GC(31) PSYoungGen: 530630K(3051008K)->36768K(3034624K) Eden: 392388K(2640896K)->0K(2640896K) From: 138242K(410112K)->36768K(393728K)
[2026-09-23T19:45:19.829+0000][92.259s][info][gc,heap        ] GC(31) ParOldGen: 2669408K(2796544K)->2790127K(2796544K)
[2026-09-23T19:45:19.829+0000][92.259s][info][gc,metaspace   ] GC(31) Metaspace: 165382K(167104K)->165382K(167104K) NonClass: 138944K(139904K)->138944K(139904K) Class: 26438K(27200K)->26438K(27200K)
[2026-09-23T19:45:19.829+0000][92.259s][info][gc             ] GC(31) Pause Young (CodeCache GC Threshold) 3125M->2760M(5694M) 150.247ms
[2026-09-23T19:45:19.829+0000][92.259s][info][gc,cpu         ] GC(31) User=0.48s Sys=0.08s Real=0.15s
[2026-09-23T19:45:19.829+0000][92.259s][info][gc,start       ] GC(32) Pause Full (CodeCache GC Threshold)
[2026-09-23T19:45:19.829+0000][92.259s][info][gc,phases,start] GC(32) Marking Phase
[2026-09-23T19:45:20.898+0000][93.329s][info][gc,phases      ] GC(32) Marking Phase 1069.712ms
[2026-09-23T19:45:20.899+0000][93.329s][info][gc,phases,start] GC(32) Summary Phase
[2026-09-23T19:45:20.899+0000][93.329s][info][gc,phases      ] GC(32) Summary Phase 0.089ms
[2026-09-23T19:45:20.899+0000][93.329s][info][gc,phases,start] GC(32) Adjust Roots
[2026-09-23T19:45:20.921+0000][93.351s][info][gc,phases      ] GC(32) Adjust Roots 21.969ms
[2026-09-23T19:45:20.921+0000][93.351s][info][gc,phases,start] GC(32) Compaction Phase
[2026-09-23T19:45:22.094+0000][94.524s][info][gc,phases      ] GC(32) Compaction Phase 1172.972ms
[2026-09-23T19:45:22.094+0000][94.524s][info][gc,phases,start] GC(32) Post Compact
[2026-09-23T19:45:22.108+0000][94.538s][info][gc,phases      ] GC(32) Post Compact 14.006ms
[2026-09-23T19:45:22.108+0000][94.538s][info][gc,heap        ] GC(32) PSYoungGen: 36768K(3034624K)->0K(3034624K) Eden: 0K(2640896K)->0K(2640896K) From: 36768K(393728K)->0K(393728K)
[2026-09-23T19:45:22.108+0000][94.538s][info][gc,heap        ] GC(32) ParOldGen: 2790127K(2796544K)->2760273K(2796544K)
[2026-09-23T19:45:22.108+0000][94.538s][info][gc,metaspace   ] GC(32) Metaspace: 165382K(167104K)->165369K(167104K) NonClass: 138944K(139904K)->138934K(139904K) Class: 26438K(27200K)->26435K(27200K)
[2026-09-23T19:45:22.108+0000][94.538s][info][gc             ] GC(32) Pause Full (CodeCache GC Threshold) 2760M->2695M(5694M) 2279.009ms
[2026-09-23T19:45:22.108+0000][94.538s][info][gc,cpu         ] GC(32) User=8.34s Sys=0.18s Real=2.28s
[2026-09-23T19:45:25.441+0000][97.872s][info][gc,start       ] GC(33) Pause Young (Allocation Failure)
[2026-09-23T19:45:25.593+0000][98.023s][info][gc,heap        ] GC(33) PSYoungGen: 2640896K(3034624K)->129826K(3073024K) Eden: 2640896K(2640896K)->0K(2677248K) From: 0K(393728K)->129826K(395776K)
[2026-09-23T19:45:25.593+0000][98.023s][info][gc,heap        ] GC(33) ParOldGen: 2760273K(2796544K)->2760273K(2796544K)
[2026-09-23T19:45:25.593+0000][98.023s][info][gc,metaspace   ] GC(33) Metaspace: 165470K(167232K)->165470K(167232K) NonClass: 139021K(140032K)->139021K(140032K) Class: 26448K(27200K)->26448K(27200K)
[2026-09-23T19:45:25.593+0000][98.023s][info][gc             ] GC(33) Pause Young (Allocation Failure) 5274M->2822M(5732M) 151.482ms
[2026-09-23T19:45:25.593+0000][98.024s][info][gc,cpu         ] GC(33) User=0.56s Sys=0.02s Real=0.15s
[2026-09-23T19:45:28.764+0000][101.195s][info][gc,start       ] GC(34) Pause Young (Allocation Failure)
[2026-09-23T19:45:28.966+0000][101.397s][info][gc,heap        ] GC(34) PSYoungGen: 2807074K(3073024K)->133298K(3054592K) Eden: 2677248K(2677248K)->0K(2677248K) From: 129826K(395776K)->133298K(377344K)
[2026-09-23T19:45:28.966+0000][101.397s][info][gc,heap        ] GC(34) ParOldGen: 2760273K(2796544K)->2856229K(2856448K)
[2026-09-23T19:45:28.966+0000][101.397s][info][gc,metaspace   ] GC(34) Metaspace: 165541K(167296K)->165541K(167296K) NonClass: 139092K(140096K)->139092K(140096K) Class: 26449K(27200K)->26449K(27200K)
[2026-09-23T19:45:28.966+0000][101.397s][info][gc             ] GC(34) Pause Young (Allocation Failure) 5436M->2919M(5772M) 202.163ms
[2026-09-23T19:45:28.966+0000][101.397s][info][gc,cpu         ] GC(34) User=0.73s Sys=0.06s Real=0.20s
[2026-09-23T19:45:32.425+0000][104.855s][info][gc,start       ] GC(35) Pause Young (Allocation Failure)
[2026-09-23T19:45:32.649+0000][105.080s][info][gc,heap        ] GC(35) PSYoungGen: 2810546K(3054592K)->130273K(3098112K) Eden: 2677248K(2677248K)->0K(2738176K) From: 133298K(377344K)->130273K(359936K)
[2026-09-23T19:45:32.649+0000][105.080s][info][gc,heap        ] GC(35) ParOldGen: 2856229K(2856448K)->2953708K(2953728K)
[2026-09-23T19:45:32.649+0000][105.080s][info][gc,metaspace   ] GC(35) Metaspace: 165582K(167296K)->165582K(167296K) NonClass: 139130K(140096K)->139130K(140096K) Class: 26452K(27200K)->26452K(27200K)
[2026-09-23T19:45:32.649+0000][105.080s][info][gc             ] GC(35) Pause Young (Allocation Failure) 5533M->3011M(5910M) 224.498ms
[2026-09-23T19:45:32.649+0000][105.080s][info][gc,cpu         ] GC(35) User=0.77s Sys=0.08s Real=0.22s
[2026-09-23T19:45:35.819+0000][108.249s][info][gc,start       ] GC(36) Pause Young (Allocation Failure)
[2026-09-23T19:45:36.012+0000][108.443s][info][gc,heap        ] GC(36) PSYoungGen: 2868449K(3098112K)->118082K(3081728K) Eden: 2738176K(2738176K)->0K(2738176K) From: 130273K(359936K)->118082K(343552K)
[2026-09-23T19:45:36.012+0000][108.443s][info][gc,heap        ] GC(36) ParOldGen: 2953708K(2953728K)->3047006K(3047424K)
[2026-09-23T19:45:36.012+0000][108.443s][info][gc,metaspace   ] GC(36) Metaspace: 165648K(167360K)->165648K(167360K) NonClass: 139190K(140160K)->139190K(140160K) Class: 26457K(27200K)->26457K(27200K)
[2026-09-23T19:45:36.012+0000][108.443s][info][gc             ] GC(36) Pause Young (Allocation Failure) 5685M->3090M(5985M) 193.615ms
[2026-09-23T19:45:36.012+0000][108.443s][info][gc,cpu         ] GC(36) User=0.67s Sys=0.08s Real=0.20s
[2026-09-23T19:45:39.377+0000][111.808s][info][gc,start       ] GC(37) Pause Young (Allocation Failure)
[2026-09-23T19:45:39.560+0000][111.991s][info][gc,heap        ] GC(37) PSYoungGen: 2856258K(3081728K)->73681K(3127296K) Eden: 2738176K(2738176K)->0K(2796544K) From: 118082K(343552K)->73681K(330752K)
[2026-09-23T19:45:39.560+0000][111.991s][info][gc,heap        ] GC(37) ParOldGen: 3047006K(3047424K)->3124580K(3124736K)
[2026-09-23T19:45:39.560+0000][111.991s][info][gc,metaspace   ] GC(37) Metaspace: 165713K(167424K)->165713K(167424K) NonClass: 139246K(140224K)->139246K(140224K) Class: 26467K(27200K)->26467K(27200K)
[2026-09-23T19:45:39.560+0000][111.991s][info][gc             ] GC(37) Pause Young (Allocation Failure) 5764M->3123M(6105M) 183.268ms
[2026-09-23T19:45:39.560+0000][111.991s][info][gc,cpu         ] GC(37) User=0.63s Sys=0.05s Real=0.19s
[2026-09-23T19:45:42.864+0000][115.294s][info][gc,start       ] GC(38) Pause Young (Allocation Failure)
[2026-09-23T19:45:43.014+0000][115.445s][info][gc,heap        ] GC(38) PSYoungGen: 2870225K(3127296K)->63970K(3122176K) Eden: 2796544K(2796544K)->0K(2796544K) From: 73681K(330752K)->63970K(325632K)
[2026-09-23T19:45:43.014+0000][115.445s][info][gc,heap        ] GC(38) ParOldGen: 3124580K(3124736K)->3157728K(3158016K)
[2026-09-23T19:45:43.014+0000][115.445s][info][gc,metaspace   ] GC(38) Metaspace: 165748K(167488K)->165748K(167488K) NonClass: 139280K(140288K)->139280K(140288K) Class: 26467K(27200K)->26467K(27200K)
[2026-09-23T19:45:43.014+0000][115.445s][info][gc             ] GC(38) Pause Young (Allocation Failure) 5854M->3146M(6133M) 150.704ms
[2026-09-23T19:45:43.014+0000][115.445s][info][gc,cpu         ] GC(38) User=0.57s Sys=0.03s Real=0.15s
[2026-09-23T19:45:46.280+0000][118.711s][info][gc,start       ] GC(39) Pause Young (Allocation Failure)
[2026-09-23T19:45:46.425+0000][118.856s][info][gc,heap        ] GC(39) PSYoungGen: 2860514K(3122176K)->59185K(3163648K) Eden: 2796544K(2796544K)->0K(2844160K) From: 63970K(325632K)->59185K(319488K)
[2026-09-23T19:45:46.425+0000][118.856s][info][gc,heap        ] GC(39) ParOldGen: 3157728K(3158016K)->3181862K(3182080K)
[2026-09-23T19:45:46.425+0000][118.856s][info][gc,metaspace   ] GC(39) Metaspace: 165830K(167616K)->165830K(167616K) NonClass: 139352K(140352K)->139352K(140352K) Class: 26477K(27264K)->26477K(27264K)
[2026-09-23T19:45:46.425+0000][118.856s][info][gc             ] GC(39) Pause Young (Allocation Failure) 5877M->3165M(6197M) 145.197ms
[2026-09-23T19:45:46.425+0000][118.856s][info][gc,cpu         ] GC(39) User=0.55s Sys=0.02s Real=0.14s
[2026-09-23T19:45:49.867+0000][122.298s][info][gc,start       ] GC(40) Pause Young (Allocation Failure)
[2026-09-23T19:45:50.017+0000][122.447s][info][gc,heap        ] GC(40) PSYoungGen: 2903345K(3163648K)->60770K(3159040K) Eden: 2844160K(2844160K)->0K(2844160K) From: 59185K(319488K)->60770K(314880K)
[2026-09-23T19:45:50.017+0000][122.447s][info][gc,heap        ] GC(40) ParOldGen: 3181862K(3182080K)->3202105K(3202560K)
[2026-09-23T19:45:50.017+0000][122.447s][info][gc,metaspace   ] GC(40) Metaspace: 165870K(167616K)->165870K(167616K) NonClass: 139391K(140352K)->139391K(140352K) Class: 26479K(27264K)->26479K(27264K)
[2026-09-23T19:45:50.017+0000][122.447s][info][gc             ] GC(40) Pause Young (Allocation Failure) 5942M->3186M(6212M) 149.730ms
[2026-09-23T19:45:50.017+0000][122.447s][info][gc,cpu         ] GC(40) User=0.56s Sys=0.04s Real=0.15s
[2026-09-23T19:45:53.465+0000][125.895s][info][gc,start       ] GC(41) Pause Young (Allocation Failure)
[2026-09-23T19:45:53.609+0000][126.040s][info][gc,heap        ] GC(41) PSYoungGen: 2904930K(3159040K)->60402K(3171328K) Eden: 2844160K(2844160K)->0K(2869248K) From: 60770K(314880K)->60402K(302080K)
[2026-09-23T19:45:53.609+0000][126.040s][info][gc,heap        ] GC(41) ParOldGen: 3202105K(3202560K)->3224635K(3225088K)
[2026-09-23T19:45:53.609+0000][126.040s][info][gc,metaspace   ] GC(41) Metaspace: 165890K(167680K)->165890K(167680K) NonClass: 139411K(140416K)->139411K(140416K) Class: 26479K(27264K)->26479K(27264K)
[2026-09-23T19:45:53.609+0000][126.040s][info][gc             ] GC(41) Pause Young (Allocation Failure) 5963M->3208M(6246M) 144.098ms
[2026-09-23T19:45:53.609+0000][126.040s][info][gc,cpu         ] GC(41) User=0.55s Sys=0.01s Real=0.14s
[2026-09-23T19:45:57.429+0000][129.859s][info][gc,start       ] GC(42) Pause Young (Allocation Failure)
[2026-09-23T19:45:57.573+0000][130.004s][info][gc,heap        ] GC(42) PSYoungGen: 2929650K(3171328K)->55857K(3167744K) Eden: 2869248K(2869248K)->0K(2869248K) From: 60402K(302080K)->55857K(298496K)
[2026-09-23T19:45:57.573+0000][130.004s][info][gc,heap        ] GC(42) ParOldGen: 3224635K(3225088K)->3247233K(3247616K)
[2026-09-23T19:45:57.573+0000][130.004s][info][gc,metaspace   ] GC(42) Metaspace: 165943K(167680K)->165943K(167680K) NonClass: 139463K(140416K)->139463K(140416K) Class: 26480K(27264K)->26480K(27264K)
[2026-09-23T19:45:57.573+0000][130.004s][info][gc             ] GC(42) Pause Young (Allocation Failure) 6010M->3225M(6265M) 144.638ms
[2026-09-23T19:45:57.573+0000][130.004s][info][gc,cpu         ] GC(42) User=0.53s Sys=0.02s Real=0.15s
[2026-09-23T19:46:00.955+0000][133.386s][info][gc,start       ] GC(43) Pause Young (Allocation Failure)
[2026-09-23T19:46:01.091+0000][133.521s][info][gc,heap        ] GC(43) PSYoungGen: 2925105K(3167744K)->57426K(3186688K) Eden: 2869248K(2869248K)->0K(2904064K) From: 55857K(298496K)->57426K(282624K)
[2026-09-23T19:46:01.091+0000][133.521s][info][gc,heap        ] GC(43) ParOldGen: 3247233K(3247616K)->3265369K(3265536K)
[2026-09-23T19:46:01.091+0000][133.521s][info][gc,metaspace   ] GC(43) Metaspace: 165996K(167744K)->165996K(167744K) NonClass: 139513K(140480K)->139513K(140480K) Class: 26483K(27264K)->26483K(27264K)
[2026-09-23T19:46:01.091+0000][133.521s][info][gc             ] GC(43) Pause Young (Allocation Failure) 6027M->3244M(6301M) 135.879ms
[2026-09-23T19:46:01.091+0000][133.521s][info][gc,cpu         ] GC(43) User=0.53s Sys=0.01s Real=0.14s
[2026-09-23T19:46:04.646+0000][137.076s][info][gc,start       ] GC(44) Pause Young (Allocation Failure)
[2026-09-23T19:46:04.798+0000][137.229s][info][gc,heap        ] GC(44) PSYoungGen: 2961490K(3186688K)->57329K(3184640K) Eden: 2904064K(2904064K)->0K(2904064K) From: 57426K(282624K)->57329K(280576K)
[2026-09-23T19:46:04.799+0000][137.229s][info][gc,heap        ] GC(44) ParOldGen: 3265369K(3265536K)->3285136K(3285504K)
[2026-09-23T19:46:04.799+0000][137.229s][info][gc,metaspace   ] GC(44) Metaspace: 166048K(167808K)->166048K(167808K) NonClass: 139559K(140544K)->139559K(140544K) Class: 26489K(27264K)->26489K(27264K)
[2026-09-23T19:46:04.799+0000][137.229s][info][gc             ] GC(44) Pause Young (Allocation Failure) 6080M->3264M(6318M) 152.701ms
[2026-09-23T19:46:04.799+0000][137.229s][info][gc,cpu         ] GC(44) User=0.59s Sys=0.02s Real=0.15s
[2026-09-23T19:46:08.298+0000][140.729s][info][gc,start       ] GC(45) Pause Young (Allocation Failure)
[2026-09-23T19:46:08.442+0000][140.872s][info][gc,heap        ] GC(45) PSYoungGen: 2961393K(3184640K)->57890K(3204096K) Eden: 2904064K(2904064K)->0K(2941952K) From: 57329K(280576K)->57890K(262144K)
[2026-09-23T19:46:08.442+0000][140.872s][info][gc,heap        ] GC(45) ParOldGen: 3285136K(3285504K)->3304645K(3304960K)
[2026-09-23T19:46:08.442+0000][140.872s][info][gc,metaspace   ] GC(45) Metaspace: 166060K(167808K)->166060K(167808K) NonClass: 139571K(140544K)->139571K(140544K) Class: 26489K(27264K)->26489K(27264K)
[2026-09-23T19:46:08.442+0000][140.872s][info][gc             ] GC(45) Pause Young (Allocation Failure) 6100M->3283M(6356M) 143.226ms
[2026-09-23T19:46:08.442+0000][140.872s][info][gc,cpu         ] GC(45) User=0.55s Sys=0.01s Real=0.15s
[2026-09-23T19:46:12.018+0000][144.449s][info][gc,start       ] GC(46) Pause Young (Allocation Failure)
[2026-09-23T19:46:12.159+0000][144.589s][info][gc,heap        ] GC(46) PSYoungGen: 2999842K(3204096K)->57729K(3202560K) Eden: 2941952K(2941952K)->0K(2941952K) From: 57890K(262144K)->57729K(260608K)
[2026-09-23T19:46:12.159+0000][144.589s][info][gc,heap        ] GC(46) ParOldGen: 3304645K(3304960K)->3324440K(3324928K)
[2026-09-23T19:46:12.159+0000][144.589s][info][gc,metaspace   ] GC(46) Metaspace: 166098K(167808K)->166098K(167808K) NonClass: 139606K(140544K)->139606K(140544K) Class: 26492K(27264K)->26492K(27264K)
[2026-09-23T19:46:12.159+0000][144.589s][info][gc             ] GC(46) Pause Young (Allocation Failure) 6156M->3302M(6374M) 140.485ms
[2026-09-23T19:46:12.159+0000][144.589s][info][gc,cpu         ] GC(46) User=0.55s Sys=0.02s Real=0.14s
[2026-09-23T19:46:15.652+0000][148.083s][info][gc,start       ] GC(47) Pause Young (Allocation Failure)
[2026-09-23T19:46:15.790+0000][148.221s][info][gc,heap        ] GC(47) PSYoungGen: 2999681K(3202560K)->55537K(3224064K) Eden: 2941952K(2941952K)->0K(2982400K) From: 57729K(260608K)->55537K(241664K)
[2026-09-23T19:46:15.791+0000][148.221s][info][gc,heap        ] GC(47) ParOldGen: 3324440K(3324928K)->3343842K(3343872K)
[2026-09-23T19:46:15.791+0000][148.221s][info][gc,metaspace   ] GC(47) Metaspace: 166122K(167872K)->166122K(167872K) NonClass: 139627K(140608K)->139627K(140608K) Class: 26494K(27264K)->26494K(27264K)
[2026-09-23T19:46:15.791+0000][148.221s][info][gc             ] GC(47) Pause Young (Allocation Failure) 6175M->3319M(6414M) 138.226ms
[2026-09-23T19:46:15.791+0000][148.221s][info][gc,cpu         ] GC(47) User=0.52s Sys=0.01s Real=0.14s
[2026-09-23T19:46:19.092+0000][151.522s][info][gc,start       ] GC(48) Pause Young (Allocation Failure)
[2026-09-23T19:46:19.217+0000][151.648s][info][gc,heap        ] GC(48) PSYoungGen: 3037937K(3224064K)->56977K(3222528K) Eden: 2982400K(2982400K)->0K(2982400K) From: 55537K(241664K)->56977K(240128K)
[2026-09-23T19:46:19.217+0000][151.648s][info][gc,heap        ] GC(48) ParOldGen: 3343842K(3343872K)->3360685K(3360768K)
[2026-09-23T19:46:19.217+0000][151.648s][info][gc,metaspace   ] GC(48) Metaspace: 166134K(167872K)->166134K(167872K) NonClass: 139640K(140608K)->139640K(140608K) Class: 26494K(27264K)->26494K(27264K)
[2026-09-23T19:46:19.217+0000][151.648s][info][gc             ] GC(48) Pause Young (Allocation Failure) 6232M->3337M(6429M) 125.344ms
[2026-09-23T19:46:19.217+0000][151.648s][info][gc,cpu         ] GC(48) User=0.49s Sys=0.01s Real=0.12s
[2026-09-23T19:46:22.409+0000][154.840s][info][gc,start       ] GC(49) Pause Young (Allocation Failure)
[2026-09-23T19:46:22.531+0000][154.961s][info][gc,heap        ] GC(49) PSYoungGen: 3039377K(3222528K)->55377K(3245568K) Eden: 2982400K(2982400K)->0K(3022336K) From: 56977K(240128K)->55377K(223232K)
[2026-09-23T19:46:22.531+0000][154.961s][info][gc,heap        ] GC(49) ParOldGen: 3360685K(3360768K)->3378412K(3378688K)
[2026-09-23T19:46:22.531+0000][154.961s][info][gc,metaspace   ] GC(49) Metaspace: 166159K(167872K)->166159K(167872K) NonClass: 139665K(140608K)->139665K(140608K) Class: 26494K(27264K)->26494K(27264K)
[2026-09-23T19:46:22.531+0000][154.961s][info][gc             ] GC(49) Pause Young (Allocation Failure) 6250M->3353M(6469M) 121.862ms
[2026-09-23T19:46:22.531+0000][154.961s][info][gc,cpu         ] GC(49) User=0.47s Sys=0.02s Real=0.13s
[2026-09-23T19:46:25.767+0000][158.198s][info][gc,start       ] GC(50) Pause Young (Allocation Failure)
[2026-09-23T19:46:25.900+0000][158.331s][info][gc,heap        ] GC(50) PSYoungGen: 3077713K(3245568K)->55553K(3243008K) Eden: 3022336K(3022336K)->0K(3022336K) From: 55377K(223232K)->55553K(220672K)
[2026-09-23T19:46:25.900+0000][158.331s][info][gc,heap        ] GC(50) ParOldGen: 3378412K(3378688K)->3396507K(3396608K)
[2026-09-23T19:46:25.900+0000][158.331s][info][gc,metaspace   ] GC(50) Metaspace: 166167K(167872K)->166167K(167872K) NonClass: 139672K(140608K)->139672K(140608K) Class: 26494K(27264K)->26494K(27264K)
[2026-09-23T19:46:25.900+0000][158.331s][info][gc             ] GC(50) Pause Young (Allocation Failure) 6304M->3371M(6484M) 133.256ms
[2026-09-23T19:46:25.900+0000][158.331s][info][gc,cpu         ] GC(50) User=0.52s Sys=0.01s Real=0.14s
[2026-09-23T19:46:29.423+0000][161.854s][info][gc,start       ] GC(51) Pause Young (Allocation Failure)
[2026-09-23T19:46:29.563+0000][161.994s][info][gc,heap        ] GC(51) PSYoungGen: 3077889K(3243008K)->57682K(3264512K) Eden: 3022336K(3022336K)->0K(3060736K) From: 55553K(220672K)->57682K(203776K)
[2026-09-23T19:46:29.563+0000][161.994s][info][gc,heap        ] GC(51) ParOldGen: 3396507K(3396608K)->3414090K(3414528K)
[2026-09-23T19:46:29.563+0000][161.994s][info][gc,metaspace   ] GC(51) Metaspace: 166185K(167936K)->166185K(167936K) NonClass: 139690K(140672K)->139690K(140672K) Class: 26494K(27264K)->26494K(27264K)
[2026-09-23T19:46:29.563+0000][161.994s][info][gc             ] GC(51) Pause Young (Allocation Failure) 6322M->3390M(6522M) 140.349ms
[2026-09-23T19:46:29.563+0000][161.994s][info][gc,cpu         ] GC(51) User=0.55s Sys=0.01s Real=0.14s
[2026-09-23T19:46:32.996+0000][165.426s][info][gc,start       ] GC(52) Pause Young (Allocation Failure)
[2026-09-23T19:46:33.116+0000][165.547s][info][gc,heap        ] GC(52) PSYoungGen: 3118418K(3264512K)->55761K(3261952K) Eden: 3060736K(3060736K)->0K(3060736K) From: 57682K(203776K)->55761K(201216K)
[2026-09-23T19:46:33.116+0000][165.547s][info][gc,heap        ] GC(52) ParOldGen: 3414090K(3414528K)->3433249K(3433472K)
[2026-09-23T19:46:33.116+0000][165.547s][info][gc,metaspace   ] GC(52) Metaspace: 166197K(167936K)->166197K(167936K) NonClass: 139702K(140672K)->139702K(140672K) Class: 26494K(27264K)->26494K(27264K)
[2026-09-23T19:46:33.116+0000][165.547s][info][gc             ] GC(52) Pause Young (Allocation Failure) 6379M->3407M(6538M) 120.806ms
[2026-09-23T19:46:33.116+0000][165.547s][info][gc,cpu         ] GC(52) User=0.47s Sys=0.02s Real=0.12s
[2026-09-23T19:46:36.280+0000][168.711s][info][gc,start       ] GC(53) Pause Young (Allocation Failure)
[2026-09-23T19:46:36.414+0000][168.844s][info][gc,heap        ] GC(53) PSYoungGen: 3116497K(3261952K)->53472K(3285504K) Eden: 3060736K(3060736K)->0K(3098112K) From: 55761K(201216K)->53472K(187392K)
[2026-09-23T19:46:36.414+0000][168.844s][info][gc,heap        ] GC(53) ParOldGen: 3433249K(3433472K)->3451717K(3451904K)
[2026-09-23T19:46:36.414+0000][168.844s][info][gc,metaspace   ] GC(53) Metaspace: 166205K(167936K)->166205K(167936K) NonClass: 139710K(140672K)->139710K(140672K) Class: 26494K(27264K)->26494K(27264K)
[2026-09-23T19:46:36.414+0000][168.844s][info][gc             ] GC(53) Pause Young (Allocation Failure) 6396M->3423M(6579M) 133.338ms
[2026-09-23T19:46:36.414+0000][168.844s][info][gc,cpu         ] GC(53) User=0.50s Sys=0.02s Real=0.13s
[2026-09-23T19:46:39.711+0000][172.141s][info][gc,start       ] GC(54) Pause Young (Allocation Failure)
[2026-09-23T19:46:39.838+0000][172.268s][info][gc,heap        ] GC(54) PSYoungGen: 3151584K(3285504K)->57489K(3282432K) Eden: 3098112K(3098112K)->0K(3098112K) From: 53472K(187392K)->57489K(184320K)
[2026-09-23T19:46:39.838+0000][172.268s][info][gc,heap        ] GC(54) ParOldGen: 3451717K(3451904K)->3467191K(3467264K)
[2026-09-23T19:46:39.838+0000][172.268s][info][gc,metaspace   ] GC(54) Metaspace: 166219K(167936K)->166219K(167936K) NonClass: 139723K(140672K)->139723K(140672K) Class: 26495K(27264K)->26495K(27264K)
[2026-09-23T19:46:39.838+0000][172.269s][info][gc             ] GC(54) Pause Young (Allocation Failure) 6448M->3442M(6591M) 127.075ms
[2026-09-23T19:46:39.838+0000][172.269s][info][gc,cpu         ] GC(54) User=0.47s Sys=0.04s Real=0.12s
[2026-09-23T19:46:43.068+0000][175.498s][info][gc,start       ] GC(55) Pause Young (Allocation Failure)
[2026-09-23T19:46:43.194+0000][175.624s][info][gc,heap        ] GC(55) PSYoungGen: 3155601K(3282432K)->57042K(3302912K) Eden: 3098112K(3098112K)->0K(3130880K) From: 57489K(184320K)->57042K(172032K)
[2026-09-23T19:46:43.194+0000][175.624s][info][gc,heap        ] GC(55) ParOldGen: 3467191K(3467264K)->3485580K(3485696K)
[2026-09-23T19:46:43.194+0000][175.624s][info][gc,metaspace   ] GC(55) Metaspace: 166244K(167936K)->166244K(167936K) NonClass: 139749K(140672K)->139749K(140672K) Class: 26495K(27264K)->26495K(27264K)
[2026-09-23T19:46:43.194+0000][175.624s][info][gc             ] GC(55) Pause Young (Allocation Failure) 6467M->3459M(6629M) 125.970ms
[2026-09-23T19:46:43.194+0000][175.624s][info][gc,cpu         ] GC(55) User=0.50s Sys=0.01s Real=0.13s
[2026-09-23T19:46:46.977+0000][179.407s][info][gc,start       ] GC(56) Pause Young (Allocation Failure)
[2026-09-23T19:46:47.116+0000][179.547s][info][gc,heap        ] GC(56) PSYoungGen: 3187922K(3302912K)->62549K(3298816K) Eden: 3130880K(3130880K)->0K(3130880K) From: 57042K(172032K)->62549K(167936K)
[2026-09-23T19:46:47.116+0000][179.547s][info][gc,heap        ] GC(56) ParOldGen: 3485580K(3485696K)->3504861K(3505152K)
[2026-09-23T19:46:47.116+0000][179.547s][info][gc,metaspace   ] GC(56) Metaspace: 166439K(168192K)->166439K(168192K) NonClass: 139907K(140928K)->139907K(140928K) Class: 26532K(27264K)->26532K(27264K)
[2026-09-23T19:46:47.116+0000][179.547s][info][gc             ] GC(56) Pause Young (Allocation Failure) 6517M->3483M(6644M) 139.465ms
[2026-09-23T19:46:47.116+0000][179.547s][info][gc,cpu         ] GC(56) User=0.53s Sys=0.02s Real=0.14s
[2026-09-23T19:46:50.653+0000][183.083s][info][gc,start       ] GC(57) Pause Young (Allocation Failure)
[2026-09-23T19:46:50.791+0000][183.221s][info][gc,heap        ] GC(57) PSYoungGen: 3193429K(3298816K)->53937K(3320320K) Eden: 3130880K(3130880K)->0K(3161600K) From: 62549K(167936K)->53937K(158720K)
[2026-09-23T19:46:50.791+0000][183.222s][info][gc,heap        ] GC(57) ParOldGen: 3504861K(3505152K)->3529297K(3529728K)
[2026-09-23T19:46:50.791+0000][183.222s][info][gc,metaspace   ] GC(57) Metaspace: 166579K(168256K)->166579K(168256K) NonClass: 140033K(140992K)->140033K(140992K) Class: 26545K(27264K)->26545K(27264K)
[2026-09-23T19:46:50.791+0000][183.222s][info][gc             ] GC(57) Pause Young (Allocation Failure) 6541M->3499M(6689M) 138.230ms
[2026-09-23T19:46:50.791+0000][183.222s][info][gc,cpu         ] GC(57) User=0.53s Sys=0.01s Real=0.14s
[2026-09-23T19:46:54.489+0000][186.919s][info][gc,start       ] GC(58) Pause Young (Allocation Failure)
[2026-09-23T19:46:54.626+0000][187.056s][info][gc,heap        ] GC(58) PSYoungGen: 3215537K(3320320K)->53409K(3314176K) Eden: 3161600K(3161600K)->0K(3161600K) From: 53937K(158720K)->53409K(152576K)
[2026-09-23T19:46:54.626+0000][187.056s][info][gc,heap        ] GC(58) ParOldGen: 3529297K(3529728K)->3546852K(3547136K)
[2026-09-23T19:46:54.626+0000][187.056s][info][gc,metaspace   ] GC(58) Metaspace: 166585K(168256K)->166585K(168256K) NonClass: 140040K(140992K)->140040K(140992K) Class: 26545K(27264K)->26545K(27264K)
[2026-09-23T19:46:54.626+0000][187.056s][info][gc             ] GC(58) Pause Young (Allocation Failure) 6586M->3515M(6700M) 136.986ms
[2026-09-23T19:46:54.626+0000][187.056s][info][gc,cpu         ] GC(58) User=0.52s Sys=0.01s Real=0.14s
[2026-09-23T19:46:58.374+0000][190.805s][info][gc,start       ] GC(59) Pause Young (Allocation Failure)
[2026-09-23T19:46:58.502+0000][190.933s][info][gc,heap        ] GC(59) PSYoungGen: 3215009K(3314176K)->54161K(3336192K) Eden: 3161600K(3161600K)->0K(3189760K) From: 53409K(152576K)->54161K(146432K)
[2026-09-23T19:46:58.502+0000][190.933s][info][gc,heap        ] GC(59) ParOldGen: 3546852K(3547136K)->3564599K(3565056K)
[2026-09-23T19:46:58.502+0000][190.933s][info][gc,metaspace   ] GC(59) Metaspace: 166675K(168448K)->166675K(168448K) NonClass: 140115K(141120K)->140115K(141120K) Class: 26559K(27328K)->26559K(27328K)
[2026-09-23T19:46:58.502+0000][190.933s][info][gc             ] GC(59) Pause Young (Allocation Failure) 6603M->3533M(6739M) 128.468ms
[2026-09-23T19:46:58.503+0000][190.933s][info][gc,cpu         ] GC(59) User=0.51s Sys=0.00s Real=0.13s
[2026-09-23T19:47:01.897+0000][194.328s][info][gc,start       ] GC(60) Pause Young (Allocation Failure)
[2026-09-23T19:47:02.020+0000][194.451s][info][gc,heap        ] GC(60) PSYoungGen: 3243921K(3336192K)->56977K(3330048K) Eden: 3189760K(3189760K)->0K(3189760K) From: 54161K(146432K)->56977K(140288K)
[2026-09-23T19:47:02.020+0000][194.451s][info][gc,heap        ] GC(60) ParOldGen: 3564599K(3565056K)->3582562K(3582976K)
[2026-09-23T19:47:02.020+0000][194.451s][info][gc,metaspace   ] GC(60) Metaspace: 166692K(168448K)->166692K(168448K) NonClass: 140132K(141120K)->140132K(141120K) Class: 26559K(27328K)->26559K(27328K)
[2026-09-23T19:47:02.020+0000][194.451s][info][gc             ] GC(60) Pause Young (Allocation Failure) 6648M->3554M(6751M) 122.898ms
[2026-09-23T19:47:02.020+0000][194.451s][info][gc,cpu         ] GC(60) User=0.48s Sys=0.00s Real=0.13s
[2026-09-23T19:47:05.662+0000][198.092s][info][gc,start       ] GC(61) Pause Young (Allocation Failure)
[2026-09-23T19:47:05.793+0000][198.224s][info][gc,heap        ] GC(61) PSYoungGen: 3246737K(3330048K)->54001K(3347456K) Eden: 3189760K(3189760K)->0K(3213312K) From: 56977K(140288K)->54001K(134144K)
[2026-09-23T19:47:05.793+0000][198.224s][info][gc,heap        ] GC(61) ParOldGen: 3582562K(3582976K)->3602356K(3602432K)
[2026-09-23T19:47:05.793+0000][198.224s][info][gc,metaspace   ] GC(61) Metaspace: 166702K(168448K)->166702K(168448K) NonClass: 140142K(141120K)->140142K(141120K) Class: 26559K(27328K)->26559K(27328K)
[2026-09-23T19:47:05.793+0000][198.224s][info][gc             ] GC(61) Pause Young (Allocation Failure) 6669M->3570M(6787M) 131.593ms
[2026-09-23T19:47:05.793+0000][198.224s][info][gc,cpu         ] GC(61) User=0.50s Sys=0.02s Real=0.13s
[2026-09-23T19:47:09.671+0000][202.101s][info][gc,start       ] GC(62) Pause Young (Allocation Failure)
[2026-09-23T19:47:09.789+0000][202.219s][info][gc,heap        ] GC(62) PSYoungGen: 3267313K(3347456K)->53377K(3342336K) Eden: 3213312K(3213312K)->0K(3213312K) From: 54001K(134144K)->53377K(129024K)
[2026-09-23T19:47:09.789+0000][202.219s][info][gc,heap        ] GC(62) ParOldGen: 3602356K(3602432K)->3619765K(3619840K)
[2026-09-23T19:47:09.789+0000][202.219s][info][gc,metaspace   ] GC(62) Metaspace: 166721K(168448K)->166721K(168448K) NonClass: 140160K(141120K)->140160K(141120K) Class: 26560K(27328K)->26560K(27328K)
[2026-09-23T19:47:09.789+0000][202.220s][info][gc             ] GC(62) Pause Young (Allocation Failure) 6708M->3587M(6799M) 118.045ms
[2026-09-23T19:47:09.789+0000][202.220s][info][gc,cpu         ] GC(62) User=0.47s Sys=0.01s Real=0.11s
[2026-09-23T19:47:13.139+0000][205.570s][info][gc,start       ] GC(63) Pause Young (Allocation Failure)
[2026-09-23T19:47:13.268+0000][205.699s][info][gc,heap        ] GC(63) PSYoungGen: 3266689K(3342336K)->55793K(3360768K) Eden: 3213312K(3213312K)->0K(3236864K) From: 53377K(129024K)->55793K(123904K)
[2026-09-23T19:47:13.268+0000][205.699s][info][gc,heap        ] GC(63) ParOldGen: 3619765K(3619840K)->3636895K(3637248K)
[2026-09-23T19:47:13.268+0000][205.699s][info][gc,metaspace   ] GC(63) Metaspace: 166800K(168512K)->166800K(168512K) NonClass: 140231K(141184K)->140231K(141184K) Class: 26569K(27328K)->26569K(27328K)
[2026-09-23T19:47:13.268+0000][205.699s][info][gc             ] GC(63) Pause Young (Allocation Failure) 6725M->3606M(6834M) 128.924ms
[2026-09-23T19:47:13.268+0000][205.699s][info][gc,cpu         ] GC(63) User=0.48s Sys=0.02s Real=0.13s
[2026-09-23T19:47:16.596+0000][209.027s][info][gc,start       ] GC(64) Pause Young (Allocation Failure)
[2026-09-23T19:47:16.720+0000][209.150s][info][gc,heap        ] GC(64) PSYoungGen: 3292657K(3360768K)->56321K(3355648K) Eden: 3236864K(3236864K)->0K(3236864K) From: 55793K(123904K)->56321K(118784K)
[2026-09-23T19:47:16.720+0000][209.150s][info][gc,heap        ] GC(64) ParOldGen: 3636895K(3637248K)->3656561K(3656704K)
[2026-09-23T19:47:16.720+0000][209.150s][info][gc,metaspace   ] GC(64) Metaspace: 166816K(168576K)->166816K(168576K) NonClass: 140246K(141248K)->140246K(141248K) Class: 26569K(27328K)->26569K(27328K)
[2026-09-23T19:47:16.720+0000][209.150s][info][gc             ] GC(64) Pause Young (Allocation Failure) 6767M->3625M(6848M) 123.692ms
[2026-09-23T19:47:16.720+0000][209.150s][info][gc,cpu         ] GC(64) User=0.49s Sys=0.01s Real=0.13s
[2026-09-23T19:47:20.607+0000][213.038s][info][gc,start       ] GC(65) Pause Young (Allocation Failure)
[2026-09-23T19:47:20.732+0000][213.163s][info][gc,heap        ] GC(65) PSYoungGen: 3293185K(3355648K)->54385K(3370496K) Eden: 3236864K(3236864K)->0K(3256320K) From: 56321K(118784K)->54385K(114176K)
[2026-09-23T19:47:20.732+0000][213.163s][info][gc,heap        ] GC(65) ParOldGen: 3656561K(3656704K)->3676853K(3677184K)
[2026-09-23T19:47:20.732+0000][213.163s][info][gc,metaspace   ] GC(65) Metaspace: 166872K(168640K)->166872K(168640K) NonClass: 140301K(141312K)->140301K(141312K) Class: 26570K(27328K)->26570K(27328K)
[2026-09-23T19:47:20.732+0000][213.163s][info][gc             ] GC(65) Pause Young (Allocation Failure) 6786M->3643M(6882M) 124.766ms
[2026-09-23T19:47:20.732+0000][213.163s][info][gc,cpu         ] GC(65) User=0.48s Sys=0.01s Real=0.13s
[2026-09-23T19:47:24.659+0000][217.089s][info][gc,start       ] GC(66) Pause Young (Allocation Failure)
[2026-09-23T19:47:24.801+0000][217.232s][info][gc,heap        ] GC(66) PSYoungGen: 3310705K(3370496K)->54929K(3366400K) Eden: 3256320K(3256320K)->0K(3256320K) From: 54385K(114176K)->54929K(110080K)
[2026-09-23T19:47:24.801+0000][217.232s][info][gc,heap        ] GC(66) ParOldGen: 3676853K(3677184K)->3696156K(3696640K)
[2026-09-23T19:47:24.801+0000][217.232s][info][gc,metaspace   ] GC(66) Metaspace: 166907K(168640K)->166907K(168640K) NonClass: 140331K(141312K)->140331K(141312K) Class: 26575K(27328K)->26575K(27328K)
[2026-09-23T19:47:24.801+0000][217.232s][info][gc             ] GC(66) Pause Young (Allocation Failure) 6823M->3663M(6897M) 142.397ms
[2026-09-23T19:47:24.801+0000][217.232s][info][gc,cpu         ] GC(66) User=0.55s Sys=0.01s Real=0.15s
[2026-09-23T19:47:28.803+0000][221.233s][info][gc,start       ] GC(67) Pause Young (Allocation Failure)
[2026-09-23T19:47:28.926+0000][221.357s][info][gc,heap        ] GC(67) PSYoungGen: 3311249K(3366400K)->54721K(3380224K) Eden: 3256320K(3256320K)->0K(3274240K) From: 54929K(110080K)->54721K(105984K)
[2026-09-23T19:47:28.926+0000][221.357s][info][gc,heap        ] GC(67) ParOldGen: 3696156K(3696640K)->3714605K(3715072K)
[2026-09-23T19:47:28.926+0000][221.357s][info][gc,metaspace   ] GC(67) Metaspace: 166922K(168704K)->166922K(168704K) NonClass: 140346K(141376K)->140346K(141376K) Class: 26575K(27328K)->26575K(27328K)
[2026-09-23T19:47:28.926+0000][221.357s][info][gc             ] GC(67) Pause Young (Allocation Failure) 6843M->3680M(6929M) 123.373ms
[2026-09-23T19:47:28.926+0000][221.357s][info][gc,cpu         ] GC(67) User=0.47s Sys=0.02s Real=0.12s
[2026-09-23T19:47:32.804+0000][225.235s][info][gc,start       ] GC(68) Pause Young (Allocation Failure)
[2026-09-23T19:47:32.943+0000][225.374s][info][gc,heap        ] GC(68) PSYoungGen: 3328961K(3380224K)->56001K(3376640K) Eden: 3274240K(3274240K)->0K(3274240K) From: 54721K(105984K)->56001K(102400K)
[2026-09-23T19:47:32.943+0000][225.374s][info][gc,heap        ] GC(68) ParOldGen: 3714605K(3715072K)->3733828K(3734016K)
[2026-09-23T19:47:32.943+0000][225.374s][info][gc,metaspace   ] GC(68) Metaspace: 166941K(168704K)->166941K(168704K) NonClass: 140365K(141376K)->140365K(141376K) Class: 26575K(27328K)->26575K(27328K)
[2026-09-23T19:47:32.943+0000][225.374s][info][gc             ] GC(68) Pause Young (Allocation Failure) 6878M->3701M(6944M) 138.666ms
[2026-09-23T19:47:32.943+0000][225.374s][info][gc,cpu         ] GC(68) User=0.53s Sys=0.01s Real=0.14s
[2026-09-23T19:47:36.601+0000][229.032s][info][gc,start       ] GC(69) Pause Young (Allocation Failure)
[2026-09-23T19:47:36.728+0000][229.159s][info][gc,heap        ] GC(69) PSYoungGen: 3330241K(3376640K)->54129K(3387904K) Eden: 3274240K(3274240K)->0K(3289600K) From: 56001K(102400K)->54129K(98304K)
[2026-09-23T19:47:36.728+0000][229.159s][info][gc,heap        ] GC(69) ParOldGen: 3733828K(3734016K)->3754468K(3754496K)
[2026-09-23T19:47:36.728+0000][229.159s][info][gc,metaspace   ] GC(69) Metaspace: 166961K(168704K)->166961K(168704K) NonClass: 140383K(141376K)->140383K(141376K) Class: 26578K(27328K)->26578K(27328K)
[2026-09-23T19:47:36.728+0000][229.159s][info][gc             ] GC(69) Pause Young (Allocation Failure) 6898M->3719M(6975M) 127.214ms
[2026-09-23T19:47:36.728+0000][229.159s][info][gc,cpu         ] GC(69) User=0.49s Sys=0.01s Real=0.12s
[2026-09-23T19:47:40.728+0000][233.159s][info][gc,start       ] GC(70) Pause Young (Allocation Failure)
[2026-09-23T19:47:40.852+0000][233.283s][info][gc,heap        ] GC(70) PSYoungGen: 3343729K(3387904K)->53361K(3384832K) Eden: 3289600K(3289600K)->0K(3289600K) From: 54129K(98304K)->53361K(95232K)
[2026-09-23T19:47:40.852+0000][233.283s][info][gc,heap        ] GC(70) ParOldGen: 3754468K(3754496K)->3773445K(3773952K)
[2026-09-23T19:47:40.852+0000][233.283s][info][gc,metaspace   ] GC(70) Metaspace: 166982K(168704K)->166982K(168704K) NonClass: 140404K(141376K)->140404K(141376K) Class: 26578K(27328K)->26578K(27328K)
[2026-09-23T19:47:40.852+0000][233.283s][info][gc             ] GC(70) Pause Young (Allocation Failure) 6931M->3737M(6991M) 124.330ms
[2026-09-23T19:47:40.852+0000][233.283s][info][gc,cpu         ] GC(70) User=0.49s Sys=0.01s Real=0.13s
[2026-09-23T19:47:43.169+0000][235.600s][info][gc,start       ] GC(71) Pause Young (CodeCache GC Threshold)
[2026-09-23T19:47:43.283+0000][235.713s][info][gc,heap        ] GC(71) PSYoungGen: 1985435K(3384832K)->43712K(3392000K) Eden: 1932073K(3289600K)->0K(3301376K) From: 53361K(95232K)->43712K(90624K)
[2026-09-23T19:47:43.283+0000][235.713s][info][gc,heap        ] GC(71) ParOldGen: 3773445K(3773952K)->3793716K(3793920K)
[2026-09-23T19:47:43.283+0000][235.713s][info][gc,metaspace   ] GC(71) Metaspace: 166988K(168704K)->166988K(168704K) NonClass: 140410K(141376K)->140410K(141376K) Class: 26578K(27328K)->26578K(27328K)
[2026-09-23T19:47:43.283+0000][235.713s][info][gc             ] GC(71) Pause Young (CodeCache GC Threshold) 5623M->3747M(7017M) 113.755ms
[2026-09-23T19:47:43.283+0000][235.713s][info][gc,cpu         ] GC(71) User=0.43s Sys=0.02s Real=0.12s
[2026-09-23T19:47:43.283+0000][235.713s][info][gc,start       ] GC(72) Pause Full (CodeCache GC Threshold)
[2026-09-23T19:47:43.283+0000][235.713s][info][gc,phases,start] GC(72) Marking Phase
[2026-09-23T19:47:44.542+0000][236.973s][info][gc,phases      ] GC(72) Marking Phase 1259.274ms
[2026-09-23T19:47:44.542+0000][236.973s][info][gc,phases,start] GC(72) Summary Phase
[2026-09-23T19:47:44.542+0000][236.973s][info][gc,phases      ] GC(72) Summary Phase 0.105ms
[2026-09-23T19:47:44.542+0000][236.973s][info][gc,phases,start] GC(72) Adjust Roots
[2026-09-23T19:47:44.560+0000][236.991s][info][gc,phases      ] GC(72) Adjust Roots 18.014ms
[2026-09-23T19:47:44.560+0000][236.991s][info][gc,phases,start] GC(72) Compaction Phase
[2026-09-23T19:47:46.009+0000][238.439s][info][gc,phases      ] GC(72) Compaction Phase 1448.387ms
[2026-09-23T19:47:46.009+0000][238.439s][info][gc,phases,start] GC(72) Post Compact
[2026-09-23T19:47:46.022+0000][238.453s][info][gc,phases      ] GC(72) Post Compact 13.848ms
[2026-09-23T19:47:46.023+0000][238.453s][info][gc,heap        ] GC(72) PSYoungGen: 43712K(3392000K)->0K(3392000K) Eden: 0K(3301376K)->0K(3301376K) From: 43712K(90624K)->0K(90624K)
[2026-09-23T19:47:46.023+0000][238.453s][info][gc,heap        ] GC(72) ParOldGen: 3793716K(3793920K)->3454667K(3793920K)
[2026-09-23T19:47:46.023+0000][238.453s][info][gc,metaspace   ] GC(72) Metaspace: 166988K(168704K)->166988K(168704K) NonClass: 140410K(141376K)->140410K(141376K) Class: 26578K(27328K)->26578K(27328K)
[2026-09-23T19:47:46.023+0000][238.453s][info][gc             ] GC(72) Pause Full (CodeCache GC Threshold) 3747M->3373M(7017M) 2739.888ms
[2026-09-23T19:47:46.023+0000][238.453s][info][gc,cpu         ] GC(72) User=10.55s Sys=0.03s Real=2.74s
[2026-09-23T19:47:49.776+0000][242.206s][info][gc,start       ] GC(73) Pause Young (Allocation Failure)
[2026-09-23T19:47:49.881+0000][242.312s][info][gc,heap        ] GC(73) PSYoungGen: 3301376K(3392000K)->56961K(3393024K) Eden: 3301376K(3301376K)->0K(3301376K) From: 0K(90624K)->56961K(91648K)
[2026-09-23T19:47:49.882+0000][242.312s][info][gc,heap        ] GC(73) ParOldGen: 3454667K(3793920K)->3454667K(3793920K)
[2026-09-23T19:47:49.882+0000][242.312s][info][gc,metaspace   ] GC(73) Metaspace: 167070K(168832K)->167070K(168832K) NonClass: 140491K(141504K)->140491K(141504K) Class: 26578K(27328K)->26578K(27328K)
[2026-09-23T19:47:49.882+0000][242.312s][info][gc             ] GC(73) Pause Young (Allocation Failure) 6597M->3429M(7018M) 106.005ms
[2026-09-23T19:47:49.882+0000][242.312s][info][gc,cpu         ] GC(73) User=0.42s Sys=0.00s Real=0.11s
[2026-09-23T19:47:53.605+0000][246.036s][info][gc,start       ] GC(74) Pause Young (Allocation Failure)
[2026-09-23T19:47:53.728+0000][246.159s][info][gc,heap        ] GC(74) PSYoungGen: 3358337K(3393024K)->51057K(3401216K) Eden: 3301376K(3301376K)->0K(3314688K) From: 56961K(91648K)->51057K(86528K)
[2026-09-23T19:47:53.728+0000][246.159s][info][gc,heap        ] GC(74) ParOldGen: 3454667K(3793920K)->3476245K(3793920K)
[2026-09-23T19:47:53.729+0000][246.159s][info][gc,metaspace   ] GC(74) Metaspace: 167081K(168832K)->167081K(168832K) NonClass: 140503K(141504K)->140503K(141504K) Class: 26578K(27328K)->26578K(27328K)
[2026-09-23T19:47:53.729+0000][246.159s][info][gc             ] GC(74) Pause Young (Allocation Failure) 6653M->3444M(7026M) 123.254ms
[2026-09-23T19:47:53.729+0000][246.159s][info][gc,cpu         ] GC(74) User=0.49s Sys=0.00s Real=0.12s
[2026-09-23T19:47:57.449+0000][249.879s][info][gc,start       ] GC(75) Pause Young (Allocation Failure)
[2026-09-23T19:47:57.580+0000][250.010s][info][gc,heap        ] GC(75) PSYoungGen: 3365745K(3401216K)->56545K(3400704K) Eden: 3314688K(3314688K)->0K(3314688K) From: 51057K(86528K)->56545K(86016K)
[2026-09-23T19:47:57.580+0000][250.010s][info][gc,heap        ] GC(75) ParOldGen: 3476245K(3793920K)->3492354K(3793920K)
[2026-09-23T19:47:57.580+0000][250.010s][info][gc,metaspace   ] GC(75) Metaspace: 167086K(168832K)->167086K(168832K) NonClass: 140507K(141504K)->140507K(141504K) Class: 26578K(27328K)->26578K(27328K)
[2026-09-23T19:47:57.580+0000][250.010s][info][gc             ] GC(75) Pause Young (Allocation Failure) 6681M->3465M(7026M) 130.935ms
[2026-09-23T19:47:57.580+0000][250.010s][info][gc,cpu         ] GC(75) User=0.51s Sys=0.01s Real=0.14s
[2026-09-23T19:48:01.632+0000][254.062s][info][gc,start       ] GC(76) Pause Young (Allocation Failure)
[2026-09-23T19:48:01.765+0000][254.196s][info][gc,heap        ] GC(76) PSYoungGen: 3371233K(3400704K)->52945K(3406336K) Eden: 3314688K(3314688K)->0K(3324928K) From: 56545K(86016K)->52945K(81408K)
[2026-09-23T19:48:01.765+0000][254.196s][info][gc,heap        ] GC(76) ParOldGen: 3492354K(3793920K)->3513557K(3793920K)
[2026-09-23T19:48:01.765+0000][254.196s][info][gc,metaspace   ] GC(76) Metaspace: 167151K(168896K)->167151K(168896K) NonClass: 140565K(141568K)->140565K(141568K) Class: 26585K(27328K)->26585K(27328K)
[2026-09-23T19:48:01.765+0000][254.196s][info][gc             ] GC(76) Pause Young (Allocation Failure) 6702M->3482M(7031M) 133.319ms
[2026-09-23T19:48:01.765+0000][254.196s][info][gc,cpu         ] GC(76) User=0.52s Sys=0.01s Real=0.13s
[2026-09-23T19:48:05.961+0000][258.391s][info][gc,start       ] GC(77) Pause Young (Allocation Failure)
[2026-09-23T19:48:06.086+0000][258.517s][info][gc,heap        ] GC(77) PSYoungGen: 3377873K(3406336K)->51556K(3405824K) Eden: 3324928K(3324928K)->0K(3324928K) From: 52945K(81408K)->51556K(80896K)
[2026-09-23T19:48:06.086+0000][258.517s][info][gc,heap        ] GC(77) ParOldGen: 3513557K(3793920K)->3531391K(3793920K)
[2026-09-23T19:48:06.086+0000][258.517s][info][gc,metaspace   ] GC(77) Metaspace: 167162K(168896K)->167162K(168896K) NonClass: 140575K(141568K)->140575K(141568K) Class: 26587K(27328K)->26587K(27328K)
[2026-09-23T19:48:06.086+0000][258.517s][info][gc             ] GC(77) Pause Young (Allocation Failure) 6729M->3498M(7031M) 125.800ms
[2026-09-23T19:48:06.086+0000][258.517s][info][gc,cpu         ] GC(77) User=0.50s Sys=0.00s Real=0.12s
[2026-09-23T19:48:10.582+0000][263.012s][info][gc,start       ] GC(78) Pause Young (Allocation Failure)
[2026-09-23T19:48:10.721+0000][263.151s][info][gc,heap        ] GC(78) PSYoungGen: 3376484K(3405824K)->56785K(3411968K) Eden: 3324928K(3324928K)->0K(3334656K) From: 51556K(80896K)->56785K(77312K)
[2026-09-23T19:48:10.721+0000][263.151s][info][gc,heap        ] GC(78) ParOldGen: 3531391K(3793920K)->3548069K(3793920K)
[2026-09-23T19:48:10.721+0000][263.151s][info][gc,metaspace   ] GC(78) Metaspace: 167167K(168896K)->167167K(168896K) NonClass: 140580K(141568K)->140580K(141568K) Class: 26587K(27328K)->26587K(27328K)
[2026-09-23T19:48:10.721+0000][263.151s][info][gc             ] GC(78) Pause Young (Allocation Failure) 6745M->3520M(7037M) 138.875ms
[2026-09-23T19:48:10.721+0000][263.151s][info][gc,cpu         ] GC(78) User=0.53s Sys=0.02s Real=0.14s
[2026-09-23T19:48:14.661+0000][267.092s][info][gc,start       ] GC(79) Pause Young (Allocation Failure)
[2026-09-23T19:48:14.780+0000][267.210s][info][gc,heap        ] GC(79) PSYoungGen: 3391441K(3411968K)->55953K(3411968K) Eden: 3334656K(3334656K)->0K(3334656K) From: 56785K(77312K)->55953K(77312K)
[2026-09-23T19:48:14.780+0000][267.210s][info][gc,heap        ] GC(79) ParOldGen: 3548069K(3793920K)->3569797K(3793920K)
[2026-09-23T19:48:14.780+0000][267.210s][info][gc,metaspace   ] GC(79) Metaspace: 167170K(168896K)->167170K(168896K) NonClass: 140583K(141568K)->140583K(141568K) Class: 26587K(27328K)->26587K(27328K)
[2026-09-23T19:48:14.780+0000][267.210s][info][gc             ] GC(79) Pause Young (Allocation Failure) 6776M->3540M(7037M) 118.343ms
[2026-09-23T19:48:14.780+0000][267.210s][info][gc,cpu         ] GC(79) User=0.46s Sys=0.00s Real=0.12s
[2026-09-23T19:48:18.874+0000][271.305s][info][gc,start       ] GC(80) Pause Young (Allocation Failure)
[2026-09-23T19:48:19.012+0000][271.442s][info][gc,heap        ] GC(80) PSYoungGen: 3390609K(3411968K)->58321K(3416064K) Eden: 3334656K(3334656K)->0K(3340800K) From: 55953K(77312K)->58321K(75264K)
[2026-09-23T19:48:19.012+0000][271.442s][info][gc,heap        ] GC(80) ParOldGen: 3569797K(3793920K)->3591328K(3793920K)
[2026-09-23T19:48:19.012+0000][271.442s][info][gc,metaspace   ] GC(80) Metaspace: 167202K(168896K)->167202K(168896K) NonClass: 140615K(141568K)->140615K(141568K) Class: 26587K(27328K)->26587K(27328K)
[2026-09-23T19:48:19.012+0000][271.442s][info][gc             ] GC(80) Pause Young (Allocation Failure) 6797M->3564M(7041M) 137.575ms
[2026-09-23T19:48:19.012+0000][271.442s][info][gc,cpu         ] GC(80) User=0.54s Sys=0.01s Real=0.14s
[2026-09-23T19:48:23.339+0000][275.770s][info][gc,start       ] GC(81) Pause Young (Allocation Failure)
[2026-09-23T19:48:23.471+0000][275.901s][info][gc,heap        ] GC(81) PSYoungGen: 3399121K(3416064K)->59169K(3415552K) Eden: 3340800K(3340800K)->0K(3340800K) From: 58321K(75264K)->59169K(74752K)
[2026-09-23T19:48:23.471+0000][275.901s][info][gc,heap        ] GC(81) ParOldGen: 3591328K(3793920K)->3614646K(3793920K)
[2026-09-23T19:48:23.471+0000][275.901s][info][gc,metaspace   ] GC(81) Metaspace: 167259K(168960K)->167259K(168960K) NonClass: 140663K(141632K)->140663K(141632K) Class: 26596K(27328K)->26596K(27328K)
[2026-09-23T19:48:23.471+0000][275.901s][info][gc             ] GC(81) Pause Young (Allocation Failure) 6826M->3587M(7040M) 131.310ms
[2026-09-23T19:48:23.471+0000][275.901s][info][gc,cpu         ] GC(81) User=0.52s Sys=0.00s Real=0.14s
[2026-09-23T19:48:27.829+0000][280.260s][info][gc,start       ] GC(82) Pause Young (Allocation Failure)
[2026-09-23T19:48:27.952+0000][280.383s][info][gc,heap        ] GC(82) PSYoungGen: 3399969K(3415552K)->57153K(3419136K) Eden: 3340800K(3340800K)->0K(3345920K) From: 59169K(74752K)->57153K(73216K)
[2026-09-23T19:48:27.952+0000][280.383s][info][gc,heap        ] GC(82) ParOldGen: 3614646K(3793920K)->3639301K(3793920K)
[2026-09-23T19:48:27.952+0000][280.383s][info][gc,metaspace   ] GC(82) Metaspace: 167285K(169024K)->167285K(169024K) NonClass: 140688K(141696K)->140688K(141696K) Class: 26597K(27328K)->26597K(27328K)
[2026-09-23T19:48:27.952+0000][280.383s][info][gc             ] GC(82) Pause Young (Allocation Failure) 6850M->3609M(7044M) 123.361ms
[2026-09-23T19:48:27.952+0000][280.383s][info][gc,cpu         ] GC(82) User=0.49s Sys=0.00s Real=0.13s
[2026-09-23T19:48:32.292+0000][284.722s][info][gc,start       ] GC(83) Pause Young (Allocation Failure)
[2026-09-23T19:48:32.423+0000][284.854s][info][gc,heap        ] GC(83) PSYoungGen: 3403073K(3419136K)->56641K(3418624K) Eden: 3345920K(3345920K)->0K(3345920K) From: 57153K(73216K)->56641K(72704K)
[2026-09-23T19:48:32.423+0000][284.854s][info][gc,heap        ] GC(83) ParOldGen: 3639301K(3793920K)->3661544K(3793920K)
[2026-09-23T19:48:32.423+0000][284.854s][info][gc,metaspace   ] GC(83) Metaspace: 167312K(169088K)->167312K(169088K) NonClass: 140715K(141760K)->140715K(141760K) Class: 26597K(27328K)->26597K(27328K)
[2026-09-23T19:48:32.423+0000][284.854s][info][gc             ] GC(83) Pause Young (Allocation Failure) 6877M->3631M(7043M) 131.423ms
[2026-09-23T19:48:32.423+0000][284.854s][info][gc,cpu         ] GC(83) User=0.52s Sys=0.00s Real=0.13s
[2026-09-23T19:48:36.630+0000][289.060s][info][gc,start       ] GC(84) Pause Young (Allocation Failure)
[2026-09-23T19:48:36.758+0000][289.189s][info][gc,heap        ] GC(84) PSYoungGen: 3402561K(3418624K)->52785K(3421184K) Eden: 3345920K(3345920K)->0K(3350016K) From: 56641K(72704K)->52785K(71168K)
[2026-09-23T19:48:36.758+0000][289.189s][info][gc,heap        ] GC(84) ParOldGen: 3661544K(3793920K)->3683158K(3793920K)
[2026-09-23T19:48:36.758+0000][289.189s][info][gc,metaspace   ] GC(84) Metaspace: 167330K(169088K)->167330K(169088K) NonClass: 140732K(141760K)->140732K(141760K) Class: 26598K(27328K)->26598K(27328K)
[2026-09-23T19:48:36.758+0000][289.189s][info][gc             ] GC(84) Pause Young (Allocation Failure) 6898M->3648M(7046M) 128.368ms
[2026-09-23T19:48:36.758+0000][289.189s][info][gc,cpu         ] GC(84) User=0.51s Sys=0.00s Real=0.12s
[2026-09-23T19:48:41.419+0000][293.849s][info][gc,start       ] GC(85) Pause Young (Allocation Failure)
[2026-09-23T19:48:41.550+0000][293.980s][info][gc,heap        ] GC(85) PSYoungGen: 3402801K(3421184K)->57985K(3420160K) Eden: 3350016K(3350016K)->0K(3350016K) From: 52785K(71168K)->57985K(70144K)
[2026-09-23T19:48:41.550+0000][293.980s][info][gc,heap        ] GC(85) ParOldGen: 3683158K(3793920K)->3701464K(3793920K)
[2026-09-23T19:48:41.550+0000][293.980s][info][gc,metaspace   ] GC(85) Metaspace: 167353K(169088K)->167353K(169088K) NonClass: 140755K(141760K)->140755K(141760K) Class: 26598K(27328K)->26598K(27328K)
[2026-09-23T19:48:41.550+0000][293.980s][info][gc             ] GC(85) Pause Young (Allocation Failure) 6919M->3671M(7045M) 130.934ms
[2026-09-23T19:48:41.550+0000][293.980s][info][gc,cpu         ] GC(85) User=0.52s Sys=0.00s Real=0.14s
[2026-09-23T19:48:46.170+0000][298.601s][info][gc,start       ] GC(86) Pause Young (Allocation Failure)
[2026-09-23T19:48:46.301+0000][298.732s][info][gc,heap        ] GC(86) PSYoungGen: 3408001K(3420160K)->55936K(3423232K) Eden: 3350016K(3350016K)->0K(3355136K) From: 57985K(70144K)->55936K(68096K)
[2026-09-23T19:48:46.301+0000][298.732s][info][gc,heap        ] GC(86) ParOldGen: 3701464K(3793920K)->3724577K(3793920K)
[2026-09-23T19:48:46.301+0000][298.732s][info][gc,metaspace   ] GC(86) Metaspace: 167372K(169088K)->167372K(169088K) NonClass: 140773K(141760K)->140773K(141760K) Class: 26598K(27328K)->26598K(27328K)
[2026-09-23T19:48:46.301+0000][298.732s][info][gc             ] GC(86) Pause Young (Allocation Failure) 6942M->3691M(7048M) 131.087ms
[2026-09-23T19:48:46.301+0000][298.732s][info][gc,cpu         ] GC(86) User=0.51s Sys=0.00s Real=0.13s
[2026-09-23T19:48:50.450+0000][302.881s][info][gc,start       ] GC(87) Pause Young (Allocation Failure)
[2026-09-23T19:48:50.573+0000][303.004s][info][gc,heap        ] GC(87) PSYoungGen: 3411072K(3423232K)->54480K(3423232K) Eden: 3355136K(3355136K)->0K(3355136K) From: 55936K(68096K)->54480K(68096K)
[2026-09-23T19:48:50.574+0000][303.004s][info][gc,heap        ] GC(87) ParOldGen: 3724577K(3793920K)->3745831K(3793920K)
[2026-09-23T19:48:50.574+0000][303.004s][info][gc,metaspace   ] GC(87) Metaspace: 167394K(169152K)->167394K(169152K) NonClass: 140796K(141824K)->140796K(141824K) Class: 26598K(27328K)->26598K(27328K)
[2026-09-23T19:48:50.574+0000][303.004s][info][gc             ] GC(87) Pause Young (Allocation Failure) 6968M->3711M(7048M) 123.404ms
[2026-09-23T19:48:50.574+0000][303.004s][info][gc,cpu         ] GC(87) User=0.49s Sys=0.00s Real=0.12s
[2026-09-23T19:48:55.018+0000][307.448s][info][gc,start       ] GC(88) Pause Young (Allocation Failure)
[2026-09-23T19:48:55.138+0000][307.568s][info][gc,heap        ] GC(88) PSYoungGen: 3409616K(3423232K)->51968K(3426304K) Eden: 3355136K(3355136K)->0K(3359232K) From: 54480K(68096K)->51968K(67072K)
[2026-09-23T19:48:55.138+0000][307.569s][info][gc,heap        ] GC(88) ParOldGen: 3745831K(3793920K)->3766211K(3793920K)
[2026-09-23T19:48:55.138+0000][307.569s][info][gc,metaspace   ] GC(88) Metaspace: 167403K(169152K)->167403K(169152K) NonClass: 140804K(141824K)->140804K(141824K) Class: 26598K(27328K)->26598K(27328K)
[2026-09-23T19:48:55.138+0000][307.569s][info][gc             ] GC(88) Pause Young (Allocation Failure) 6987M->3728M(7051M) 120.124ms
[2026-09-23T19:48:55.138+0000][307.569s][info][gc,cpu         ] GC(88) User=0.48s Sys=0.00s Real=0.12s
[2026-09-23T19:48:59.628+0000][312.058s][info][gc,start       ] GC(89) Pause Young (Allocation Failure)
[2026-09-23T19:48:59.757+0000][312.188s][info][gc,heap        ] GC(89) PSYoungGen: 3411200K(3426304K)->53536K(3426304K) Eden: 3359232K(3359232K)->0K(3359232K) From: 51968K(67072K)->53536K(67072K)
[2026-09-23T19:48:59.757+0000][312.188s][info][gc,heap        ] GC(89) ParOldGen: 3766211K(3793920K)->3783703K(3793920K)
[2026-09-23T19:48:59.757+0000][312.188s][info][gc,metaspace   ] GC(89) Metaspace: 167416K(169152K)->167416K(169152K) NonClass: 140817K(141824K)->140817K(141824K) Class: 26598K(27328K)->26598K(27328K)
[2026-09-23T19:48:59.757+0000][312.188s][info][gc             ] GC(89) Pause Young (Allocation Failure) 7009M->3747M(7051M) 129.504ms
[2026-09-23T19:48:59.757+0000][312.188s][info][gc,cpu         ] GC(89) User=0.51s Sys=0.00s Real=0.13s
[2026-09-23T19:49:04.170+0000][316.600s][info][gc,start       ] GC(90) Pause Young (Allocation Failure)
[2026-09-23T19:49:04.302+0000][316.732s][info][gc,heap        ] GC(90) PSYoungGen: 3412768K(3426304K)->51713K(3427328K) Eden: 3359232K(3359232K)->0K(3361280K) From: 53536K(67072K)->51713K(66048K)
[2026-09-23T19:49:04.302+0000][316.732s][info][gc,heap        ] GC(90) ParOldGen: 3783703K(3793920K)->3802756K(3803136K)
[2026-09-23T19:49:04.302+0000][316.732s][info][gc,metaspace   ] GC(90) Metaspace: 167424K(169152K)->167424K(169152K) NonClass: 140825K(141824K)->140825K(141824K) Class: 26598K(27328K)->26598K(27328K)
[2026-09-23T19:49:04.302+0000][316.732s][info][gc             ] GC(90) Pause Young (Allocation Failure) 7027M->3764M(7061M) 132.230ms
[2026-09-23T19:49:04.302+0000][316.732s][info][gc,cpu         ] GC(90) User=0.50s Sys=0.01s Real=0.14s
[2026-09-23T19:49:09.095+0000][321.526s][info][gc,start       ] GC(91) Pause Young (Allocation Failure)
[2026-09-23T19:49:09.217+0000][321.647s][info][gc,heap        ] GC(91) PSYoungGen: 3412993K(3427328K)->56384K(3426816K) Eden: 3361280K(3361280K)->0K(3361280K) From: 51713K(66048K)->56384K(65536K)
[2026-09-23T19:49:09.217+0000][321.647s][info][gc,heap        ] GC(91) ParOldGen: 3802756K(3803136K)->3820513K(3820544K)
[2026-09-23T19:49:09.217+0000][321.647s][info][gc,metaspace   ] GC(91) Metaspace: 167442K(169152K)->167442K(169152K) NonClass: 140843K(141824K)->140843K(141824K) Class: 26598K(27328K)->26598K(27328K)
[2026-09-23T19:49:09.217+0000][321.647s][info][gc             ] GC(91) Pause Young (Allocation Failure) 7046M->3786M(7077M) 121.518ms
[2026-09-23T19:49:09.217+0000][321.647s][info][gc,cpu         ] GC(91) User=0.47s Sys=0.01s Real=0.12s
[2026-09-23T19:49:13.210+0000][325.641s][info][gc,start       ] GC(92) Pause Young (Allocation Failure)
[2026-09-23T19:49:13.335+0000][325.765s][info][gc,heap        ] GC(92) PSYoungGen: 3417664K(3426816K)->58401K(3427840K) Eden: 3361280K(3361280K)->0K(3362816K) From: 56384K(65536K)->58401K(65024K)
[2026-09-23T19:49:13.335+0000][325.765s][info][gc,heap        ] GC(92) ParOldGen: 3820513K(3820544K)->3842550K(3842560K)
[2026-09-23T19:49:13.335+0000][325.765s][info][gc,metaspace   ] GC(92) Metaspace: 167448K(169152K)->167448K(169152K) NonClass: 140849K(141824K)->140849K(141824K) Class: 26598K(27328K)->26598K(27328K)
[2026-09-23T19:49:13.335+0000][325.765s][info][gc             ] GC(92) Pause Young (Allocation Failure) 7068M->3809M(7100M) 124.407ms
[2026-09-23T19:49:13.335+0000][325.765s][info][gc,cpu         ] GC(92) User=0.47s Sys=0.02s Real=0.12s
[2026-09-23T19:49:17.923+0000][330.354s][info][gc,start       ] GC(93) Pause Young (Allocation Failure)
[2026-09-23T19:49:18.050+0000][330.480s][info][gc,heap        ] GC(93) PSYoungGen: 3421217K(3427840K)->56848K(3428352K) Eden: 3362816K(3362816K)->0K(3362816K) From: 58401K(65024K)->56848K(65536K)
[2026-09-23T19:49:18.050+0000][330.480s][info][gc,heap        ] GC(93) ParOldGen: 3842550K(3842560K)->3866868K(3867136K)
[2026-09-23T19:49:18.050+0000][330.480s][info][gc,metaspace   ] GC(93) Metaspace: 167466K(169216K)->167466K(169216K) NonClass: 140867K(141888K)->140867K(141888K) Class: 26598K(27328K)->26598K(27328K)
[2026-09-23T19:49:18.050+0000][330.480s][info][gc             ] GC(93) Pause Young (Allocation Failure) 7093M->3831M(7124M) 126.519ms
[2026-09-23T19:49:18.050+0000][330.480s][info][gc,cpu         ] GC(93) User=0.48s Sys=0.01s Real=0.13s
[2026-09-23T19:49:22.666+0000][335.096s][info][gc,start       ] GC(94) Pause Young (Allocation Failure)
[2026-09-23T19:49:22.790+0000][335.221s][info][gc,heap        ] GC(94) PSYoungGen: 3419664K(3428352K)->56513K(3428352K) Eden: 3362816K(3362816K)->0K(3364352K) From: 56848K(65536K)->56513K(64000K)
[2026-09-23T19:49:22.790+0000][335.221s][info][gc,heap        ] GC(94) ParOldGen: 3866868K(3867136K)->3889183K(3889664K)
[2026-09-23T19:49:22.790+0000][335.221s][info][gc,metaspace   ] GC(94) Metaspace: 167501K(169216K)->167501K(169216K) NonClass: 140902K(141888K)->140902K(141888K) Class: 26598K(27328K)->26598K(27328K)
[2026-09-23T19:49:22.790+0000][335.221s][info][gc             ] GC(94) Pause Young (Allocation Failure) 7115M->3853M(7146M) 124.169ms
[2026-09-23T19:49:22.790+0000][335.221s][info][gc,cpu         ] GC(94) User=0.47s Sys=0.01s Real=0.13s
[2026-09-23T19:49:27.072+0000][339.502s][info][gc,start       ] GC(95) Pause Young (Allocation Failure)
[2026-09-23T19:49:27.204+0000][339.634s][info][gc,heap        ] GC(95) PSYoungGen: 3420865K(3428352K)->56433K(3428864K) Eden: 3364352K(3364352K)->0K(3364352K) From: 56513K(64000K)->56433K(64512K)
[2026-09-23T19:49:27.204+0000][339.634s][info][gc,heap        ] GC(95) ParOldGen: 3889183K(3889664K)->3911345K(3911680K)
[2026-09-23T19:49:27.204+0000][339.634s][info][gc,metaspace   ] GC(95) Metaspace: 167528K(169216K)->167528K(169216K) NonClass: 140929K(141888K)->140929K(141888K) Class: 26598K(27328K)->26598K(27328K)
[2026-09-23T19:49:27.204+0000][339.634s][info][gc             ] GC(95) Pause Young (Allocation Failure) 7138M->3874M(7168M) 131.948ms
[2026-09-23T19:49:27.204+0000][339.634s][info][gc,cpu         ] GC(95) User=0.50s Sys=0.01s Real=0.13s
[2026-09-23T19:49:31.767+0000][344.197s][info][gc,start       ] GC(96) Pause Young (Allocation Failure)
[2026-09-23T19:49:31.888+0000][344.318s][info][gc,heap        ] GC(96) PSYoungGen: 3420785K(3428864K)->54945K(3428352K) Eden: 3364352K(3364352K)->0K(3366400K) From: 56433K(64512K)->54945K(61952K)
[2026-09-23T19:49:31.888+0000][344.318s][info][gc,heap        ] GC(96) ParOldGen: 3911345K(3911680K)->3933402K(3933696K)
[2026-09-23T19:49:31.888+0000][344.318s][info][gc,metaspace   ] GC(96) Metaspace: 167645K(169408K)->167645K(169408K) NonClass: 141029K(142016K)->141029K(142016K) Class: 26616K(27392K)->26616K(27392K)
[2026-09-23T19:49:31.888+0000][344.318s][info][gc             ] GC(96) Pause Young (Allocation Failure) 7160M->3894M(7189M) 120.947ms
[2026-09-23T19:49:31.888+0000][344.318s][info][gc,cpu         ] GC(96) User=0.46s Sys=0.02s Real=0.12s
[2026-09-23T19:49:36.388+0000][348.819s][info][gc,start       ] GC(97) Pause Young (Allocation Failure)
[2026-09-23T19:49:36.508+0000][348.939s][info][gc,heap        ] GC(97) PSYoungGen: 3421345K(3428352K)->56160K(3429376K) Eden: 3366400K(3366400K)->0K(3366400K) From: 54945K(61952K)->56160K(62976K)
[2026-09-23T19:49:36.508+0000][348.939s][info][gc,heap        ] GC(97) ParOldGen: 3933402K(3933696K)->3953775K(3954176K)
[2026-09-23T19:49:36.508+0000][348.939s][info][gc,metaspace   ] GC(97) Metaspace: 167651K(169408K)->167651K(169408K) NonClass: 141034K(142016K)->141034K(142016K) Class: 26616K(27392K)->26616K(27392K)
[2026-09-23T19:49:36.508+0000][348.939s][info][gc             ] GC(97) Pause Young (Allocation Failure) 7182M->3915M(7210M) 120.153ms
[2026-09-23T19:49:36.508+0000][348.939s][info][gc,cpu         ] GC(97) User=0.47s Sys=0.01s Real=0.12s
[2026-09-23T19:49:41.270+0000][353.701s][info][gc,start       ] GC(98) Pause Young (Allocation Failure)
[2026-09-23T19:49:41.400+0000][353.831s][info][gc,heap        ] GC(98) PSYoungGen: 3422560K(3429376K)->56705K(3431424K) Eden: 3366400K(3366400K)->0K(3369472K) From: 56160K(62976K)->56705K(61952K)
[2026-09-23T19:49:41.400+0000][353.831s][info][gc,heap        ] GC(98) ParOldGen: 3953775K(3954176K)->3974524K(3974656K)
[2026-09-23T19:49:41.400+0000][353.831s][info][gc,metaspace   ] GC(98) Metaspace: 167661K(169408K)->167661K(169408K) NonClass: 141043K(142016K)->141043K(142016K) Class: 26617K(27392K)->26617K(27392K)
[2026-09-23T19:49:41.400+0000][353.831s][info][gc             ] GC(98) Pause Young (Allocation Failure) 7203M->3936M(7232M) 129.978ms
[2026-09-23T19:49:41.400+0000][353.831s][info][gc,cpu         ] GC(98) User=0.50s Sys=0.01s Real=0.13s
[2026-09-23T19:49:46.375+0000][358.806s][info][gc,start       ] GC(99) Pause Young (Allocation Failure)
[2026-09-23T19:49:46.508+0000][358.938s][info][gc,heap        ] GC(99) PSYoungGen: 3426177K(3431424K)->58145K(3431936K) Eden: 3369472K(3369472K)->0K(3369472K) From: 56705K(61952K)->58145K(62464K)
[2026-09-23T19:49:46.508+0000][358.938s][info][gc,heap        ] GC(99) ParOldGen: 3974524K(3974656K)->3997375K(3997696K)
[2026-09-23T19:49:46.508+0000][358.938s][info][gc,metaspace   ] GC(99) Metaspace: 167694K(169472K)->167694K(169472K) NonClass: 141076K(142080K)->141076K(142080K) Class: 26618K(27392K)->26618K(27392K)
[2026-09-23T19:49:46.508+0000][358.938s][info][gc             ] GC(99) Pause Young (Allocation Failure) 7227M->3960M(7255M) 132.531ms
[2026-09-23T19:49:46.508+0000][358.938s][info][gc,cpu         ] GC(99) User=0.49s Sys=0.02s Real=0.13s
[2026-09-23T19:49:51.643+0000][364.074s][info][gc,start       ] GC(100) Pause Young (Allocation Failure)
[2026-09-23T19:49:51.778+0000][364.209s][info][gc,heap        ] GC(100) PSYoungGen: 3427617K(3431936K)->52657K(3432448K) Eden: 3369472K(3369472K)->0K(3369984K) From: 58145K(62464K)->52657K(62464K)
[2026-09-23T19:49:51.778+0000][364.209s][info][gc,heap        ] GC(100) ParOldGen: 3997375K(3997696K)->4021430K(4021760K)
[2026-09-23T19:49:51.778+0000][364.209s][info][gc,metaspace   ] GC(100) Metaspace: 167701K(169472K)->167701K(169472K) NonClass: 141083K(142080K)->141083K(142080K) Class: 26618K(27392K)->26618K(27392K)
[2026-09-23T19:49:51.778+0000][364.209s][info][gc             ] GC(100) Pause Young (Allocation Failure) 7250M->3978M(7279M) 134.802ms
[2026-09-23T19:49:51.778+0000][364.209s][info][gc,cpu         ] GC(100) User=0.52s Sys=0.01s Real=0.13s
[2026-09-23T19:49:56.868+0000][369.299s][info][gc,start       ] GC(101) Pause Young (Allocation Failure)
[2026-09-23T19:49:56.982+0000][369.413s][info][gc,heap        ] GC(101) PSYoungGen: 3422641K(3432448K)->50433K(3420672K) Eden: 3369984K(3369984K)->0K(3369984K) From: 52657K(62464K)->50433K(50688K)
[2026-09-23T19:49:56.982+0000][369.413s][info][gc,heap        ] GC(101) ParOldGen: 4021430K(4021760K)->4040282K(4040704K)
[2026-09-23T19:49:56.982+0000][369.413s][info][gc,metaspace   ] GC(101) Metaspace: 167707K(169472K)->167707K(169472K) NonClass: 141089K(142080K)->141089K(142080K) Class: 26618K(27392K)->26618K(27392K)
[2026-09-23T19:49:56.982+0000][369.413s][info][gc             ] GC(101) Pause Young (Allocation Failure) 7269M->3994M(7286M) 113.868ms
[2026-09-23T19:49:56.982+0000][369.413s][info][gc,cpu         ] GC(101) User=0.44s Sys=0.01s Real=0.12s
[2026-09-23T19:50:02.074+0000][374.504s][info][gc,start       ] GC(102) Pause Young (Allocation Failure)
[2026-09-23T19:50:02.205+0000][374.635s][info][gc,heap        ] GC(102) PSYoungGen: 3420417K(3420672K)->58945K(3430912K) Eden: 3369984K(3369984K)->0K(3367936K) From: 50433K(50688K)->58945K(62976K)
[2026-09-23T19:50:02.205+0000][374.635s][info][gc,heap        ] GC(102) ParOldGen: 4040282K(4040704K)->4056796K(4057088K)
[2026-09-23T19:50:02.205+0000][374.635s][info][gc,metaspace   ] GC(102) Metaspace: 167717K(169472K)->167717K(169472K) NonClass: 141098K(142080K)->141098K(142080K) Class: 26619K(27392K)->26619K(27392K)
[2026-09-23T19:50:02.205+0000][374.635s][info][gc             ] GC(102) Pause Young (Allocation Failure) 7285M->4019M(7312M) 131.032ms
[2026-09-23T19:50:02.205+0000][374.635s][info][gc,cpu         ] GC(102) User=0.50s Sys=0.01s Real=0.13s
[2026-09-23T19:50:07.674+0000][380.105s][info][gc,start       ] GC(103) Pause Young (Allocation Failure)
[2026-09-23T19:50:07.812+0000][380.242s][info][gc,heap        ] GC(103) PSYoungGen: 3426881K(3430912K)->56417K(3431424K) Eden: 3367936K(3367936K)->0K(3367936K) From: 58945K(62976K)->56417K(63488K)
[2026-09-23T19:50:07.812+0000][380.242s][info][gc,heap        ] GC(103) ParOldGen: 4056796K(4057088K)->4079886K(4080128K)
[2026-09-23T19:50:07.812+0000][380.242s][info][gc,metaspace   ] GC(103) Metaspace: 167741K(169536K)->167741K(169536K) NonClass: 141118K(142144K)->141118K(142144K) Class: 26622K(27392K)->26622K(27392K)
[2026-09-23T19:50:07.812+0000][380.242s][info][gc             ] GC(103) Pause Young (Allocation Failure) 7308M->4039M(7335M) 137.607ms
[2026-09-23T19:50:07.812+0000][380.242s][info][gc,cpu         ] GC(103) User=0.53s Sys=0.02s Real=0.14s
[2026-09-23T19:50:13.126+0000][385.557s][info][gc,start       ] GC(104) Pause Young (Allocation Failure)
[2026-09-23T19:50:13.249+0000][385.680s][info][gc,heap        ] GC(104) PSYoungGen: 3424353K(3431424K)->59922K(3429888K) Eden: 3367936K(3367936K)->0K(3366912K) From: 56417K(63488K)->59922K(62976K)
[2026-09-23T19:50:13.249+0000][385.680s][info][gc,heap        ] GC(104) ParOldGen: 4079886K(4080128K)->4102472K(4102656K)
[2026-09-23T19:50:13.249+0000][385.680s][info][gc,metaspace   ] GC(104) Metaspace: 167756K(169536K)->167756K(169536K) NonClass: 141131K(142144K)->141131K(142144K) Class: 26624K(27392K)->26624K(27392K)
[2026-09-23T19:50:13.249+0000][385.680s][info][gc             ] GC(104) Pause Young (Allocation Failure) 7328M->4064M(7356M) 122.921ms
[2026-09-23T19:50:13.249+0000][385.680s][info][gc,cpu         ] GC(104) User=0.47s Sys=0.01s Real=0.12s
[2026-09-23T19:50:18.747+0000][391.177s][info][gc,start       ] GC(105) Pause Young (Allocation Failure)
[2026-09-23T19:50:18.876+0000][391.307s][info][gc,heap        ] GC(105) PSYoungGen: 3426834K(3429888K)->57473K(3430912K) Eden: 3366912K(3366912K)->0K(3366912K) From: 59922K(62976K)->57473K(64000K)
[2026-09-23T19:50:18.876+0000][391.307s][info][gc,heap        ] GC(105) ParOldGen: 4102472K(4102656K)->4127876K(4128256K)
[2026-09-23T19:50:18.876+0000][391.307s][info][gc,metaspace   ] GC(105) Metaspace: 167778K(169536K)->167778K(169536K) NonClass: 141151K(142144K)->141151K(142144K) Class: 26626K(27392K)->26626K(27392K)
[2026-09-23T19:50:18.876+0000][391.307s][info][gc             ] GC(105) Pause Young (Allocation Failure) 7352M->4087M(7382M) 129.410ms
[2026-09-23T19:50:18.876+0000][391.307s][info][gc,cpu         ] GC(105) User=0.49s Sys=0.01s Real=0.13s
[2026-09-23T19:50:24.276+0000][396.706s][info][gc,start       ] GC(106) Pause Young (Allocation Failure)
[2026-09-23T19:50:24.410+0000][396.841s][info][gc,heap        ] GC(106) PSYoungGen: 3424385K(3430912K)->56721K(3429376K) Eden: 3366912K(3366912K)->0K(3367424K) From: 57473K(64000K)->56721K(61952K)
[2026-09-23T19:50:24.410+0000][396.841s][info][gc,heap        ] GC(106) ParOldGen: 4127876K(4128256K)->4149174K(4149248K)
[2026-09-23T19:50:24.410+0000][396.841s][info][gc,metaspace   ] GC(106) Metaspace: 167788K(169536K)->167788K(169536K) NonClass: 141161K(142144K)->141161K(142144K) Class: 26626K(27392K)->26626K(27392K)
[2026-09-23T19:50:24.410+0000][396.841s][info][gc             ] GC(106) Pause Young (Allocation Failure) 7375M->4107M(7401M) 134.637ms
[2026-09-23T19:50:24.410+0000][396.841s][info][gc,cpu         ] GC(106) User=0.52s Sys=0.02s Real=0.14s
[2026-09-23T19:50:30.126+0000][402.557s][info][gc,start       ] GC(107) Pause Young (Allocation Failure)
[2026-09-23T19:50:30.261+0000][402.692s][info][gc,heap        ] GC(107) PSYoungGen: 3424145K(3429376K)->51841K(3430400K) Eden: 3367424K(3367424K)->0K(3367424K) From: 56721K(61952K)->51841K(62976K)
[2026-09-23T19:50:30.261+0000][402.692s][info][gc,heap        ] GC(107) ParOldGen: 4149174K(4149248K)->4171363K(4171776K)
[2026-09-23T19:50:30.261+0000][402.692s][info][gc,metaspace   ] GC(107) Metaspace: 167799K(169536K)->167799K(169536K) NonClass: 141172K(142144K)->141172K(142144K) Class: 26626K(27392K)->26626K(27392K)
[2026-09-23T19:50:30.261+0000][402.692s][info][gc             ] GC(107) Pause Young (Allocation Failure) 7395M->4124M(7424M) 135.136ms
[2026-09-23T19:50:30.261+0000][402.692s][info][gc,cpu         ] GC(107) User=0.53s Sys=0.01s Real=0.14s
[2026-09-23T19:50:35.996+0000][408.427s][info][gc,start       ] GC(108) Pause Young (Allocation Failure)
[2026-09-23T19:50:36.132+0000][408.563s][info][gc,heap        ] GC(108) PSYoungGen: 3419265K(3430400K)->55265K(3430912K) Eden: 3367424K(3367424K)->0K(3368960K) From: 51841K(62976K)->55265K(61952K)
[2026-09-23T19:50:36.132+0000][408.563s][info][gc,heap        ] GC(108) ParOldGen: 4171363K(4171776K)->4188750K(4189184K)
[2026-09-23T19:50:36.132+0000][408.563s][info][gc,metaspace   ] GC(108) Metaspace: 167809K(169536K)->167809K(169536K) NonClass: 141183K(142144K)->141183K(142144K) Class: 26626K(27392K)->26626K(27392K)
[2026-09-23T19:50:36.132+0000][408.563s][info][gc             ] GC(108) Pause Young (Allocation Failure) 7412M->4144M(7441M) 135.877ms
[2026-09-23T19:50:36.132+0000][408.563s][info][gc,cpu         ] GC(108) User=0.52s Sys=0.02s Real=0.14s
[2026-09-23T19:50:41.851+0000][414.282s][info][gc,start       ] GC(109) Pause Young (Allocation Failure)
[2026-09-23T19:50:41.987+0000][414.418s][info][gc,heap        ] GC(109) PSYoungGen: 3424225K(3430912K)->51104K(3431424K) Eden: 3368960K(3368960K)->0K(3368960K) From: 55265K(61952K)->51104K(62464K)
[2026-09-23T19:50:41.987+0000][414.418s][info][gc,heap        ] GC(109) ParOldGen: 4188750K(4189184K)->4207316K(4207616K)
[2026-09-23T19:50:41.987+0000][414.418s][info][gc,metaspace   ] GC(109) Metaspace: 167810K(169536K)->167810K(169536K) NonClass: 141184K(142144K)->141184K(142144K) Class: 26626K(27392K)->26626K(27392K)
[2026-09-23T19:50:41.987+0000][414.418s][info][gc             ] GC(109) Pause Young (Allocation Failure) 7434M->4158M(7460M) 136.265ms
[2026-09-23T19:50:41.987+0000][414.418s][info][gc,cpu         ] GC(109) User=0.53s Sys=0.01s Real=0.13s
[2026-09-23T19:50:48.568+0000][420.999s][info][gc,start       ] GC(110) Pause Young (Allocation Failure)
[2026-09-23T19:50:48.711+0000][421.141s][info][gc,heap        ] GC(110) PSYoungGen: 3420064K(3431424K)->62458K(3414016K) Eden: 3368960K(3368960K)->0K(3351552K) From: 51104K(62464K)->62458K(62464K)
[2026-09-23T19:50:48.711+0000][421.141s][info][gc,heap        ] GC(110) ParOldGen: 4207316K(4207616K)->4227017K(4227072K)
[2026-09-23T19:50:48.711+0000][421.141s][info][gc,metaspace   ] GC(110) Metaspace: 170120K(171840K)->170120K(171840K) NonClass: 143259K(144256K)->143259K(144256K) Class: 26861K(27584K)->26861K(27584K)
[2026-09-23T19:50:48.711+0000][421.141s][info][gc             ] GC(110) Pause Young (Allocation Failure) 7448M->4188M(7462M) 142.697ms
[2026-09-23T19:50:48.711+0000][421.141s][info][gc,cpu         ] GC(110) User=0.55s Sys=0.02s Real=0.15s
[2026-09-23T19:50:54.652+0000][427.082s][info][gc,start       ] GC(111) Pause Young (Allocation Failure)
[2026-09-23T19:50:54.786+0000][427.216s][info][gc,heap        ] GC(111) PSYoungGen: 3414010K(3414016K)->55792K(3423232K) Eden: 3351552K(3351552K)->0K(3351552K) From: 62458K(62464K)->55792K(71680K)
[2026-09-23T19:50:54.786+0000][427.216s][info][gc,heap        ] GC(111) ParOldGen: 4227017K(4227072K)->4244949K(4244992K)
[2026-09-23T19:50:54.786+0000][427.216s][info][gc,metaspace   ] GC(111) Metaspace: 170294K(172032K)->170294K(172032K) NonClass: 143427K(144448K)->143427K(144448K) Class: 26866K(27584K)->26866K(27584K)
[2026-09-23T19:50:54.786+0000][427.216s][info][gc             ] GC(111) Pause Young (Allocation Failure) 7461M->4199M(7488M) 133.943ms
[2026-09-23T19:50:54.786+0000][427.216s][info][gc,cpu         ] GC(111) User=0.52s Sys=0.01s Real=0.13s
[2026-09-23T19:51:00.035+0000][432.466s][info][gc,start       ] GC(112) Pause Young (Allocation Failure)
[2026-09-23T19:51:00.169+0000][432.599s][info][gc,heap        ] GC(112) PSYoungGen: 3407344K(3423232K)->52081K(3421696K) Eden: 3351552K(3351552K)->0K(3352064K) From: 55792K(71680K)->52081K(69632K)
[2026-09-23T19:51:00.169+0000][432.599s][info][gc,heap        ] GC(112) ParOldGen: 4244949K(4244992K)->4264694K(4264960K)
[2026-09-23T19:51:00.169+0000][432.599s][info][gc,metaspace   ] GC(112) Metaspace: 170312K(172032K)->170312K(172032K) NonClass: 143445K(144448K)->143445K(144448K) Class: 26867K(27584K)->26867K(27584K)
[2026-09-23T19:51:00.169+0000][432.599s][info][gc             ] GC(112) Pause Young (Allocation Failure) 7472M->4215M(7506M) 133.334ms
[2026-09-23T19:51:00.169+0000][432.599s][info][gc,cpu         ] GC(112) User=0.52s Sys=0.01s Real=0.13s
[2026-09-23T19:51:05.872+0000][438.303s][info][gc,start       ] GC(113) Pause Young (Allocation Failure)
[2026-09-23T19:51:06.002+0000][438.433s][info][gc,heap        ] GC(113) PSYoungGen: 3404145K(3421696K)->49456K(3422720K) Eden: 3352064K(3352064K)->0K(3352064K) From: 52081K(69632K)->49456K(70656K)
[2026-09-23T19:51:06.002+0000][438.433s][info][gc,heap        ] GC(113) ParOldGen: 4264694K(4264960K)->4283287K(4283392K)
[2026-09-23T19:51:06.002+0000][438.433s][info][gc,metaspace   ] GC(113) Metaspace: 170321K(172032K)->170321K(172032K) NonClass: 143454K(144448K)->143454K(144448K) Class: 26867K(27584K)->26867K(27584K)
[2026-09-23T19:51:06.002+0000][438.433s][info][gc             ] GC(113) Pause Young (Allocation Failure) 7489M->4231M(7525M) 129.571ms
[2026-09-23T19:51:06.002+0000][438.433s][info][gc,cpu         ] GC(113) User=0.51s Sys=0.01s Real=0.13s
[2026-09-23T19:51:11.793+0000][444.224s][info][gc,start       ] GC(114) Pause Young (Allocation Failure)
[2026-09-23T19:51:11.926+0000][444.356s][info][gc,heap        ] GC(114) PSYoungGen: 3401520K(3422720K)->52385K(3423232K) Eden: 3352064K(3352064K)->0K(3353600K) From: 49456K(70656K)->52385K(69632K)
[2026-09-23T19:51:11.926+0000][444.356s][info][gc,heap        ] GC(114) ParOldGen: 4283287K(4283392K)->4298171K(4298240K)
[2026-09-23T19:51:11.926+0000][444.356s][info][gc,metaspace   ] GC(114) Metaspace: 170329K(172032K)->170329K(172032K) NonClass: 143462K(144448K)->143462K(144448K) Class: 26867K(27584K)->26867K(27584K)
[2026-09-23T19:51:11.926+0000][444.356s][info][gc             ] GC(114) Pause Young (Allocation Failure) 7504M->4248M(7540M) 132.388ms
[2026-09-23T19:51:11.926+0000][444.356s][info][gc,cpu         ] GC(114) User=0.52s Sys=0.00s Real=0.13s
[2026-09-23T19:51:17.742+0000][450.173s][info][gc,start       ] GC(115) Pause Young (Allocation Failure)
[2026-09-23T19:51:17.877+0000][450.307s][info][gc,heap        ] GC(115) PSYoungGen: 3405985K(3423232K)->52113K(3423744K) Eden: 3353600K(3353600K)->0K(3353600K) From: 52385K(69632K)->52113K(70144K)
[2026-09-23T19:51:17.877+0000][450.307s][info][gc,heap        ] GC(115) ParOldGen: 4298171K(4298240K)->4314743K(4315136K)
[2026-09-23T19:51:17.877+0000][450.307s][info][gc,metaspace   ] GC(115) Metaspace: 170332K(172032K)->170332K(172032K) NonClass: 143465K(144448K)->143465K(144448K) Class: 26867K(27584K)->26867K(27584K)
[2026-09-23T19:51:17.877+0000][450.307s][info][gc             ] GC(115) Pause Young (Allocation Failure) 7523M->4264M(7557M) 134.815ms
[2026-09-23T19:51:17.877+0000][450.307s][info][gc,cpu         ] GC(115) User=0.51s Sys=0.02s Real=0.13s
[2026-09-23T19:51:22.194+0000][454.624s][info][gc,start       ] GC(116) Pause Young (CodeCache GC Threshold)
[2026-09-23T19:51:22.317+0000][454.747s][info][gc,heap        ] GC(116) PSYoungGen: 2284685K(3423744K)->50954K(3423232K) Eden: 2232571K(3353600K)->0K(3355136K) From: 52113K(70144K)->50954K(68096K)
[2026-09-23T19:51:22.317+0000][454.747s][info][gc,heap        ] GC(116) ParOldGen: 4314743K(4315136K)->4334387K(4334592K)
[2026-09-23T19:51:22.317+0000][454.747s][info][gc,metaspace   ] GC(116) Metaspace: 171328K(172992K)->171328K(172992K) NonClass: 144330K(145280K)->144330K(145280K) Class: 26998K(27712K)->26998K(27712K)
[2026-09-23T19:51:22.317+0000][454.747s][info][gc             ] GC(116) Pause Young (CodeCache GC Threshold) 6444M->4282M(7576M) 122.917ms
[2026-09-23T19:51:22.317+0000][454.747s][info][gc,cpu         ] GC(116) User=0.46s Sys=0.02s Real=0.12s
[2026-09-23T19:51:22.317+0000][454.747s][info][gc,start       ] GC(117) Pause Full (CodeCache GC Threshold)
[2026-09-23T19:51:22.317+0000][454.747s][info][gc,phases,start] GC(117) Marking Phase
[2026-09-23T19:51:23.625+0000][456.056s][info][gc,phases      ] GC(117) Marking Phase 1308.671ms
[2026-09-23T19:51:23.626+0000][456.056s][info][gc,phases,start] GC(117) Summary Phase
[2026-09-23T19:51:23.626+0000][456.056s][info][gc,phases      ] GC(117) Summary Phase 0.135ms
[2026-09-23T19:51:23.626+0000][456.056s][info][gc,phases,start] GC(117) Adjust Roots
[2026-09-23T19:51:23.648+0000][456.078s][info][gc,phases      ] GC(117) Adjust Roots 22.025ms
[2026-09-23T19:51:23.648+0000][456.078s][info][gc,phases,start] GC(117) Compaction Phase
[2026-09-23T19:51:25.166+0000][457.597s][info][gc,phases      ] GC(117) Compaction Phase 1518.180ms
[2026-09-23T19:51:25.166+0000][457.597s][info][gc,phases,start] GC(117) Post Compact
[2026-09-23T19:51:25.180+0000][457.611s][info][gc,phases      ] GC(117) Post Compact 14.162ms
[2026-09-23T19:51:25.180+0000][457.611s][info][gc,heap        ] GC(117) PSYoungGen: 50954K(3423232K)->0K(3423232K) Eden: 0K(3355136K)->0K(3355136K) From: 50954K(68096K)->0K(68096K)
[2026-09-23T19:51:25.180+0000][457.611s][info][gc,heap        ] GC(117) ParOldGen: 4334387K(4334592K)->3559588K(4334592K)
[2026-09-23T19:51:25.180+0000][457.611s][info][gc,metaspace   ] GC(117) Metaspace: 171328K(172992K)->171328K(172992K) NonClass: 144330K(145280K)->144330K(145280K) Class: 26998K(27712K)->26998K(27712K)
[2026-09-23T19:51:25.180+0000][457.611s][info][gc             ] GC(117) Pause Full (CodeCache GC Threshold) 4282M->3476M(7576M) 2863.409ms
[2026-09-23T19:51:25.180+0000][457.611s][info][gc,cpu         ] GC(117) User=10.95s Sys=0.01s Real=2.87s
[2026-09-23T19:51:31.301+0000][463.732s][info][gc,start       ] GC(118) Pause Young (Allocation Failure)
[2026-09-23T19:51:31.647+0000][464.077s][info][gc,heap        ] GC(118) PSYoungGen: 3355136K(3423232K)->68608K(3423744K) Eden: 3355136K(3355136K)->0K(3355136K) From: 0K(68096K)->68608K(68608K)
[2026-09-23T19:51:31.647+0000][464.078s][info][gc,heap        ] GC(118) ParOldGen: 3559588K(4334592K)->4109553K(4334592K)
[2026-09-23T19:51:31.647+0000][464.078s][info][gc,metaspace   ] GC(118) Metaspace: 171579K(173312K)->171579K(173312K) NonClass: 144562K(145536K)->144562K(145536K) Class: 27016K(27776K)->27016K(27776K)
[2026-09-23T19:51:31.647+0000][464.078s][info][gc             ] GC(118) Pause Young (Allocation Failure) 6752M->4080M(7576M) 345.995ms
[2026-09-23T19:51:31.647+0000][464.078s][info][gc,cpu         ] GC(118) User=1.37s Sys=0.00s Real=0.34s
[2026-09-23T19:51:37.806+0000][470.237s][info][gc,start       ] GC(119) Pause Young (Allocation Failure)
[2026-09-23T19:51:38.257+0000][470.687s][info][gc,heap        ] GC(119) PSYoungGen: 3423744K(3423744K)->71168K(2619904K) Eden: 3355136K(3355136K)->0K(2548736K) From: 68608K(68608K)->71168K(71168K)
[2026-09-23T19:51:38.257+0000][470.688s][info][gc,heap        ] GC(119) ParOldGen: 4109553K(4334592K)->4728066K(4728320K)
[2026-09-23T19:51:38.257+0000][470.688s][info][gc,metaspace   ] GC(119) Metaspace: 171632K(173376K)->171632K(173376K) NonClass: 144611K(145600K)->144611K(145600K) Class: 27020K(27776K)->27020K(27776K)
[2026-09-23T19:51:38.257+0000][470.688s][info][gc             ] GC(119) Pause Young (Allocation Failure) 7356M->4686M(7176M) 450.624ms
[2026-09-23T19:51:38.257+0000][470.688s][info][gc,cpu         ] GC(119) User=1.51s Sys=0.22s Real=0.45s
[2026-09-23T19:51:42.849+0000][475.280s][info][gc,start       ] GC(120) Pause Young (Allocation Failure)
[2026-09-23T19:51:43.101+0000][475.531s][info][gc,heap        ] GC(120) PSYoungGen: 2619904K(2619904K)->460384K(3009536K) Eden: 2548736K(2548736K)->0K(2548736K) From: 71168K(71168K)->460384K(460800K)
[2026-09-23T19:51:43.101+0000][475.531s][info][gc,heap        ] GC(120) ParOldGen: 4728066K(4728320K)->4800502K(4800512K)
[2026-09-23T19:51:43.101+0000][475.531s][info][gc,metaspace   ] GC(120) Metaspace: 171649K(173376K)->171649K(173376K) NonClass: 144629K(145600K)->144629K(145600K) Class: 27020K(27776K)->27020K(27776K)
[2026-09-23T19:51:43.101+0000][475.531s][info][gc             ] GC(120) Pause Young (Allocation Failure) 7175M->5137M(7627M) 251.811ms
[2026-09-23T19:51:43.101+0000][475.531s][info][gc,cpu         ] GC(120) User=0.95s Sys=0.04s Real=0.26s
[2026-09-23T19:51:47.635+0000][480.065s][info][gc,start       ] GC(121) Pause Young (Allocation Failure)
[2026-09-23T19:51:48.123+0000][480.554s][info][gc,heap        ] GC(121) PSYoungGen: 3009120K(3009536K)->457968K(2757632K) Eden: 2548736K(2548736K)->0K(2272256K) From: 460384K(460800K)->457968K(485376K)
[2026-09-23T19:51:48.123+0000][480.554s][info][gc,heap        ] GC(121) ParOldGen: 4800502K(4800512K)->5273899K(5274112K)
[2026-09-23T19:51:48.123+0000][480.554s][info][gc,metaspace   ] GC(121) Metaspace: 171667K(173376K)->171667K(173376K) NonClass: 144647K(145600K)->144647K(145600K) Class: 27020K(27776K)->27020K(27776K)
[2026-09-23T19:51:48.123+0000][480.554s][info][gc             ] GC(121) Pause Young (Allocation Failure) 7626M->5597M(7843M) 488.218ms
[2026-09-23T19:51:48.123+0000][480.554s][info][gc,cpu         ] GC(121) User=1.60s Sys=0.29s Real=0.49s
[2026-09-23T19:51:51.312+0000][483.743s][info][gc,heap,exit   ] Heap
[2026-09-23T19:51:51.312+0000][483.743s][info][gc,heap,exit   ]  PSYoungGen      total 2757632K, used 1747367K [0x000000072ab00000, 0x0000000800000000, 0x0000000800000000)
[2026-09-23T19:51:51.312+0000][483.743s][info][gc,heap,exit   ]   eden space 2272256K, 56% used [0x000000072ab00000,0x000000077962dc88,0x00000007b5600000)
[2026-09-23T19:51:51.312+0000][483.743s][info][gc,heap,exit   ]   from space 485376K, 94% used [0x00000007e2600000,0x00000007fe53c010,0x0000000800000000)
[2026-09-23T19:51:51.312+0000][483.743s][info][gc,heap,exit   ]   to   space 611328K, 0% used [0x00000007b5600000,0x00000007b5600000,0x00000007dab00000)
[2026-09-23T19:51:51.312+0000][483.743s][info][gc,heap,exit   ]  ParOldGen       total 5274112K, used 5273899K [0x0000000580000000, 0x00000006c1e80000, 0x000000072ab00000)
[2026-09-23T19:51:51.312+0000][483.743s][info][gc,heap,exit   ]   object space 5274112K, 99% used [0x0000000580000000,0x00000006c1e4add0,0x00000006c1e80000)
[2026-09-23T19:51:51.312+0000][483.743s][info][gc,heap,exit   ]  Metaspace       used 171749K, committed 173568K, reserved 1245184K
[2026-09-23T19:51:51.312+0000][483.743s][info][gc,heap,exit   ]   class space    used 27036K, committed 27840K, reserved 1048576K
