[2026-09-25T07:47:57.160+0000][0.028s][info][gc,init] CardTable entry size: 512
[2026-09-25T07:47:57.160+0000][0.028s][info][gc     ] Using Parallel
[2026-09-25T07:47:57.172+0000][0.040s][info][gc,init] Version: 21.0.12.1+1-LTS (release)
[2026-09-25T07:47:57.172+0000][0.040s][info][gc,init] CPUs: 4 total, 4 available
[2026-09-25T07:47:57.172+0000][0.040s][info][gc,init] Memory: 15989M
[2026-09-25T07:47:57.172+0000][0.040s][info][gc,init] Large Page Support: Disabled
[2026-09-25T07:47:57.172+0000][0.040s][info][gc,init] NUMA Support: Disabled
[2026-09-25T07:47:57.172+0000][0.040s][info][gc,init] Compressed Oops: Enabled (Zero based)
[2026-09-25T07:47:57.172+0000][0.040s][info][gc,init] Alignments: Space 512K, Generation 512K, Heap 2M
[2026-09-25T07:47:57.172+0000][0.040s][info][gc,init] Heap Min Capacity: 4G
[2026-09-25T07:47:57.172+0000][0.040s][info][gc,init] Heap Initial Capacity: 4G
[2026-09-25T07:47:57.172+0000][0.040s][info][gc,init] Heap Max Capacity: 10G
[2026-09-25T07:47:57.172+0000][0.040s][info][gc,init] Pre-touch: Disabled
[2026-09-25T07:47:57.172+0000][0.040s][info][gc,init] Parallel Workers: 4
[2026-09-25T07:47:57.180+0000][0.048s][info][gc,metaspace] CDS archive(s) mapped at: [0x00007fde3b000000-0x00007fde3bc9c000-0x00007fde3bc9c000), size 13221888, SharedBaseAddress: 0x00007fde3b000000, ArchiveRelocationMode: 1.
[2026-09-25T07:47:57.180+0000][0.048s][info][gc,metaspace] Compressed class space mapped at: 0x00007fde3c000000-0x00007fde7c000000, reserved size: 1073741824
[2026-09-25T07:47:57.180+0000][0.048s][info][gc,metaspace] Narrow klass base: 0x00007fde3b000000, Narrow klass shift: 0, Narrow klass range: 0x100000000
[2026-09-25T07:47:59.709+0000][2.577s][info][gc,start    ] GC(0) Pause Young (Metadata GC Threshold)
[2026-09-25T07:47:59.715+0000][2.583s][info][gc,heap     ] GC(0) PSYoungGen: 919414K(1223168K)->12704K(1223168K) Eden: 919414K(1048576K)->0K(1048576K) From: 0K(174592K)->12704K(174592K)
[2026-09-25T07:47:59.715+0000][2.583s][info][gc,heap     ] GC(0) ParOldGen: 1073K(2796544K)->1081K(2796544K)
[2026-09-25T07:47:59.715+0000][2.583s][info][gc,metaspace] GC(0) Metaspace: 21077K(21504K)->21077K(21504K) NonClass: 18703K(18944K)->18703K(18944K) Class: 2374K(2560K)->2374K(2560K)
[2026-09-25T07:47:59.715+0000][2.583s][info][gc          ] GC(0) Pause Young (Metadata GC Threshold) 898M->13M(3925M) 6.164ms
[2026-09-25T07:47:59.715+0000][2.583s][info][gc,cpu      ] GC(0) User=0.01s Sys=0.00s Real=0.00s
[2026-09-25T07:47:59.715+0000][2.583s][info][gc,start    ] GC(1) Pause Full (Metadata GC Threshold)
[2026-09-25T07:47:59.715+0000][2.583s][info][gc,phases,start] GC(1) Marking Phase
[2026-09-25T07:47:59.722+0000][2.591s][info][gc,phases      ] GC(1) Marking Phase 7.346ms
[2026-09-25T07:47:59.722+0000][2.591s][info][gc,phases,start] GC(1) Summary Phase
[2026-09-25T07:47:59.722+0000][2.591s][info][gc,phases      ] GC(1) Summary Phase 0.009ms
[2026-09-25T07:47:59.722+0000][2.591s][info][gc,phases,start] GC(1) Adjust Roots
[2026-09-25T07:47:59.725+0000][2.593s][info][gc,phases      ] GC(1) Adjust Roots 2.578ms
[2026-09-25T07:47:59.725+0000][2.593s][info][gc,phases,start] GC(1) Compaction Phase
[2026-09-25T07:47:59.731+0000][2.600s][info][gc,phases      ] GC(1) Compaction Phase 6.709ms
[2026-09-25T07:47:59.731+0000][2.600s][info][gc,phases,start] GC(1) Post Compact
[2026-09-25T07:47:59.733+0000][2.601s][info][gc,phases      ] GC(1) Post Compact 1.074ms
[2026-09-25T07:47:59.733+0000][2.601s][info][gc,heap        ] GC(1) PSYoungGen: 12704K(1223168K)->0K(1223168K) Eden: 0K(1048576K)->0K(1048576K) From: 12704K(174592K)->0K(174592K)
[2026-09-25T07:47:59.733+0000][2.601s][info][gc,heap        ] GC(1) ParOldGen: 1081K(2796544K)->13575K(2796544K)
[2026-09-25T07:47:59.733+0000][2.601s][info][gc,metaspace   ] GC(1) Metaspace: 21077K(21504K)->21077K(21504K) NonClass: 18703K(18944K)->18703K(18944K) Class: 2374K(2560K)->2374K(2560K)
[2026-09-25T07:47:59.733+0000][2.601s][info][gc             ] GC(1) Pause Full (Metadata GC Threshold) 13M->13M(3925M) 17.836ms
[2026-09-25T07:47:59.733+0000][2.601s][info][gc,cpu         ] GC(1) User=0.05s Sys=0.00s Real=0.02s
[2026-09-25T07:48:00.893+0000][3.761s][info][gc,start       ] GC(2) Pause Young (Metadata GC Threshold)
[2026-09-25T07:48:00.915+0000][3.784s][info][gc,heap        ] GC(2) PSYoungGen: 437922K(1223168K)->51001K(1223168K) Eden: 437922K(1048576K)->0K(1048576K) From: 0K(174592K)->51001K(174592K)
[2026-09-25T07:48:00.915+0000][3.784s][info][gc,heap        ] GC(2) ParOldGen: 13575K(2796544K)->13583K(2796544K)
[2026-09-25T07:48:00.915+0000][3.784s][info][gc,metaspace   ] GC(2) Metaspace: 35381K(35840K)->35381K(35840K) NonClass: 31293K(31552K)->31293K(31552K) Class: 4088K(4288K)->4088K(4288K)
[2026-09-25T07:48:00.915+0000][3.784s][info][gc             ] GC(2) Pause Young (Metadata GC Threshold) 440M->63M(3925M) 22.190ms
[2026-09-25T07:48:00.915+0000][3.784s][info][gc,cpu         ] GC(2) User=0.08s Sys=0.01s Real=0.02s
[2026-09-25T07:48:00.915+0000][3.784s][info][gc,start       ] GC(3) Pause Full (Metadata GC Threshold)
[2026-09-25T07:48:00.915+0000][3.784s][info][gc,phases,start] GC(3) Marking Phase
[2026-09-25T07:48:00.937+0000][3.806s][info][gc,phases      ] GC(3) Marking Phase 22.193ms
[2026-09-25T07:48:00.937+0000][3.806s][info][gc,phases,start] GC(3) Summary Phase
[2026-09-25T07:48:00.937+0000][3.806s][info][gc,phases      ] GC(3) Summary Phase 0.017ms
[2026-09-25T07:48:00.937+0000][3.806s][info][gc,phases,start] GC(3) Adjust Roots
[2026-09-25T07:48:00.940+0000][3.809s][info][gc,phases      ] GC(3) Adjust Roots 2.889ms
[2026-09-25T07:48:00.940+0000][3.809s][info][gc,phases,start] GC(3) Compaction Phase
[2026-09-25T07:48:00.977+0000][3.846s][info][gc,phases      ] GC(3) Compaction Phase 36.725ms
[2026-09-25T07:48:00.977+0000][3.846s][info][gc,phases,start] GC(3) Post Compact
[2026-09-25T07:48:00.978+0000][3.846s][info][gc,phases      ] GC(3) Post Compact 0.820ms
[2026-09-25T07:48:00.978+0000][3.846s][info][gc,heap        ] GC(3) PSYoungGen: 51001K(1223168K)->0K(1223168K) Eden: 0K(1048576K)->0K(1048576K) From: 51001K(174592K)->0K(174592K)
[2026-09-25T07:48:00.978+0000][3.846s][info][gc,heap        ] GC(3) ParOldGen: 13583K(2796544K)->64235K(2796544K)
[2026-09-25T07:48:00.978+0000][3.846s][info][gc,metaspace   ] GC(3) Metaspace: 35381K(35840K)->35381K(35840K) NonClass: 31293K(31552K)->31293K(31552K) Class: 4088K(4288K)->4088K(4288K)
[2026-09-25T07:48:00.978+0000][3.846s][info][gc             ] GC(3) Pause Full (Metadata GC Threshold) 63M->62M(3925M) 62.796ms
[2026-09-25T07:48:00.978+0000][3.846s][info][gc,cpu         ] GC(3) User=0.22s Sys=0.00s Real=0.07s
[2026-09-25T07:48:02.669+0000][5.538s][info][gc,start       ] GC(4) Pause Young (Metadata GC Threshold)
[2026-09-25T07:48:02.706+0000][5.575s][info][gc,heap        ] GC(4) PSYoungGen: 362757K(1223168K)->43019K(1223168K) Eden: 362757K(1048576K)->0K(1048576K) From: 0K(174592K)->43019K(174592K)
[2026-09-25T07:48:02.706+0000][5.575s][info][gc,heap        ] GC(4) ParOldGen: 64235K(2796544K)->64259K(2796544K)
[2026-09-25T07:48:02.706+0000][5.575s][info][gc,metaspace   ] GC(4) Metaspace: 59156K(59776K)->59156K(59776K) NonClass: 50563K(50880K)->50563K(50880K) Class: 8593K(8896K)->8593K(8896K)
[2026-09-25T07:48:02.706+0000][5.575s][info][gc             ] GC(4) Pause Young (Metadata GC Threshold) 416M->104M(3925M) 36.956ms
[2026-09-25T07:48:02.706+0000][5.575s][info][gc,cpu         ] GC(4) User=0.13s Sys=0.01s Real=0.04s
[2026-09-25T07:48:02.706+0000][5.575s][info][gc,start       ] GC(5) Pause Full (Metadata GC Threshold)
[2026-09-25T07:48:02.706+0000][5.575s][info][gc,phases,start] GC(5) Marking Phase
[2026-09-25T07:48:02.760+0000][5.628s][info][gc,phases      ] GC(5) Marking Phase 53.194ms
[2026-09-25T07:48:02.760+0000][5.628s][info][gc,phases,start] GC(5) Summary Phase
[2026-09-25T07:48:02.760+0000][5.628s][info][gc,phases      ] GC(5) Summary Phase 0.010ms
[2026-09-25T07:48:02.760+0000][5.628s][info][gc,phases,start] GC(5) Adjust Roots
[2026-09-25T07:48:02.767+0000][5.636s][info][gc,phases      ] GC(5) Adjust Roots 7.199ms
[2026-09-25T07:48:02.767+0000][5.636s][info][gc,phases,start] GC(5) Compaction Phase
[2026-09-25T07:48:02.838+0000][5.707s][info][gc,phases      ] GC(5) Compaction Phase 71.080ms
[2026-09-25T07:48:02.838+0000][5.707s][info][gc,phases,start] GC(5) Post Compact
[2026-09-25T07:48:02.839+0000][5.708s][info][gc,phases      ] GC(5) Post Compact 0.928ms
[2026-09-25T07:48:02.839+0000][5.708s][info][gc,heap        ] GC(5) PSYoungGen: 43019K(1223168K)->0K(1223168K) Eden: 0K(1048576K)->0K(1048576K) From: 43019K(174592K)->0K(174592K)
[2026-09-25T07:48:02.839+0000][5.708s][info][gc,heap        ] GC(5) ParOldGen: 64259K(2796544K)->103050K(2796544K)
[2026-09-25T07:48:02.839+0000][5.708s][info][gc,metaspace   ] GC(5) Metaspace: 59156K(59776K)->59156K(59776K) NonClass: 50563K(50880K)->50563K(50880K) Class: 8593K(8896K)->8593K(8896K)
[2026-09-25T07:48:02.839+0000][5.708s][info][gc             ] GC(5) Pause Full (Metadata GC Threshold) 104M->100M(3925M) 132.583ms
[2026-09-25T07:48:02.839+0000][5.708s][info][gc,cpu         ] GC(5) User=0.48s Sys=0.01s Real=0.13s
[2026-09-25T07:48:05.967+0000][8.836s][info][gc,start       ] GC(6) Pause Young (Metadata GC Threshold)
[2026-09-25T07:48:06.069+0000][8.937s][info][gc,heap        ] GC(6) PSYoungGen: 767007K(1223168K)->174574K(1223168K) Eden: 767007K(1048576K)->0K(1048576K) From: 0K(174592K)->174574K(174592K)
[2026-09-25T07:48:06.069+0000][8.937s][info][gc,heap        ] GC(6) ParOldGen: 103050K(2796544K)->105450K(2796544K)
[2026-09-25T07:48:06.069+0000][8.937s][info][gc,metaspace   ] GC(6) Metaspace: 98794K(99648K)->98794K(99648K) NonClass: 84841K(85312K)->84841K(85312K) Class: 13953K(14336K)->13953K(14336K)
[2026-09-25T07:48:06.069+0000][8.937s][info][gc             ] GC(6) Pause Young (Metadata GC Threshold) 849M->273M(3925M) 101.558ms
[2026-09-25T07:48:06.069+0000][8.937s][info][gc,cpu         ] GC(6) User=0.39s Sys=0.02s Real=0.10s
[2026-09-25T07:48:06.069+0000][8.937s][info][gc,start       ] GC(7) Pause Full (Metadata GC Threshold)
[2026-09-25T07:48:06.069+0000][8.937s][info][gc,phases,start] GC(7) Marking Phase
[2026-09-25T07:48:06.195+0000][9.063s][info][gc,phases      ] GC(7) Marking Phase 126.027ms
[2026-09-25T07:48:06.195+0000][9.064s][info][gc,phases,start] GC(7) Summary Phase
[2026-09-25T07:48:06.195+0000][9.064s][info][gc,phases      ] GC(7) Summary Phase 0.030ms
[2026-09-25T07:48:06.195+0000][9.064s][info][gc,phases,start] GC(7) Adjust Roots
[2026-09-25T07:48:06.205+0000][9.074s][info][gc,phases      ] GC(7) Adjust Roots 9.964ms
[2026-09-25T07:48:06.205+0000][9.074s][info][gc,phases,start] GC(7) Compaction Phase
[2026-09-25T07:48:06.482+0000][9.350s][info][gc,phases      ] GC(7) Compaction Phase 276.932ms
[2026-09-25T07:48:06.482+0000][9.351s][info][gc,phases,start] GC(7) Post Compact
[2026-09-25T07:48:06.483+0000][9.352s][info][gc,phases      ] GC(7) Post Compact 1.552ms
[2026-09-25T07:48:06.483+0000][9.352s][info][gc,heap        ] GC(7) PSYoungGen: 174574K(1223168K)->0K(1223168K) Eden: 0K(1048576K)->0K(1048576K) From: 174574K(174592K)->0K(174592K)
[2026-09-25T07:48:06.483+0000][9.352s][info][gc,heap        ] GC(7) ParOldGen: 105450K(2796544K)->278457K(2796544K)
[2026-09-25T07:48:06.483+0000][9.352s][info][gc,metaspace   ] GC(7) Metaspace: 98794K(99648K)->98794K(99648K) NonClass: 84841K(85312K)->84841K(85312K) Class: 13953K(14336K)->13953K(14336K)
[2026-09-25T07:48:06.483+0000][9.352s][info][gc             ] GC(7) Pause Full (Metadata GC Threshold) 273M->271M(3925M) 414.666ms
[2026-09-25T07:48:06.483+0000][9.352s][info][gc,cpu         ] GC(7) User=1.50s Sys=0.01s Real=0.41s
[2026-09-25T07:48:09.940+0000][12.809s][info][gc,start       ] GC(8) Pause Young (Allocation Failure)
[2026-09-25T07:48:09.970+0000][12.839s][info][gc,heap        ] GC(8) PSYoungGen: 1048576K(1223168K)->45478K(1223168K) Eden: 1048576K(1048576K)->0K(1048576K) From: 0K(174592K)->45478K(174592K)
[2026-09-25T07:48:09.970+0000][12.839s][info][gc,heap        ] GC(8) ParOldGen: 278457K(2796544K)->278473K(2796544K)
[2026-09-25T07:48:09.970+0000][12.839s][info][gc,metaspace   ] GC(8) Metaspace: 119828K(120832K)->119828K(120832K) NonClass: 102590K(103168K)->102590K(103168K) Class: 17237K(17664K)->17237K(17664K)
[2026-09-25T07:48:09.970+0000][12.839s][info][gc             ] GC(8) Pause Young (Allocation Failure) 1295M->316M(3925M) 30.199ms
[2026-09-25T07:48:09.970+0000][12.839s][info][gc,cpu         ] GC(8) User=0.11s Sys=0.00s Real=0.03s
[2026-09-25T07:48:17.048+0000][19.917s][info][gc,start       ] GC(9) Pause Young (Allocation Failure)
[2026-09-25T07:48:17.105+0000][19.974s][info][gc,heap        ] GC(9) PSYoungGen: 1094054K(1223168K)->134382K(2230784K) Eden: 1048576K(1048576K)->0K(2073088K) From: 45478K(174592K)->134382K(157696K)
[2026-09-25T07:48:17.105+0000][19.974s][info][gc,heap        ] GC(9) ParOldGen: 278473K(2796544K)->278481K(2796544K)
[2026-09-25T07:48:17.105+0000][19.974s][info][gc,metaspace   ] GC(9) Metaspace: 150535K(151744K)->150535K(151744K) NonClass: 126086K(126784K)->126086K(126784K) Class: 24449K(24960K)->24449K(24960K)
[2026-09-25T07:48:17.105+0000][19.974s][info][gc             ] GC(9) Pause Young (Allocation Failure) 1340M->403M(4909M) 56.641ms
[2026-09-25T07:48:17.105+0000][19.974s][info][gc,cpu         ] GC(9) User=0.20s Sys=0.03s Real=0.05s
[2026-09-25T07:48:17.395+0000][20.264s][info][gc,start       ] GC(10) Pause Young (CodeCache GC Threshold)
[2026-09-25T07:48:17.444+0000][20.313s][info][gc,heap        ] GC(10) PSYoungGen: 285018K(2230784K)->142135K(2254848K) Eden: 150635K(2073088K)->0K(2073088K) From: 134382K(157696K)->142135K(181760K)
[2026-09-25T07:48:17.444+0000][20.313s][info][gc,heap        ] GC(10) ParOldGen: 278481K(2796544K)->278521K(2796544K)
[2026-09-25T07:48:17.444+0000][20.313s][info][gc,metaspace   ] GC(10) Metaspace: 150590K(151808K)->150590K(151808K) NonClass: 126122K(126848K)->126122K(126848K) Class: 24468K(24960K)->24468K(24960K)
[2026-09-25T07:48:17.444+0000][20.313s][info][gc             ] GC(10) Pause Young (CodeCache GC Threshold) 550M->410M(4933M) 49.155ms
[2026-09-25T07:48:17.444+0000][20.313s][info][gc,cpu         ] GC(10) User=0.19s Sys=0.02s Real=0.05s
[2026-09-25T07:48:17.444+0000][20.313s][info][gc,start       ] GC(11) Pause Full (CodeCache GC Threshold)
[2026-09-25T07:48:17.444+0000][20.313s][info][gc,phases,start] GC(11) Marking Phase
[2026-09-25T07:48:17.625+0000][20.494s][info][gc,phases      ] GC(11) Marking Phase 181.214ms
[2026-09-25T07:48:17.625+0000][20.494s][info][gc,phases,start] GC(11) Summary Phase
[2026-09-25T07:48:17.625+0000][20.494s][info][gc,phases      ] GC(11) Summary Phase 0.034ms
[2026-09-25T07:48:17.625+0000][20.494s][info][gc,phases,start] GC(11) Adjust Roots
[2026-09-25T07:48:17.648+0000][20.516s][info][gc,phases      ] GC(11) Adjust Roots 22.189ms
[2026-09-25T07:48:17.648+0000][20.516s][info][gc,phases,start] GC(11) Compaction Phase
[2026-09-25T07:48:17.981+0000][20.850s][info][gc,phases      ] GC(11) Compaction Phase 333.356ms
[2026-09-25T07:48:17.981+0000][20.850s][info][gc,phases,start] GC(11) Post Compact
[2026-09-25T07:48:17.987+0000][20.856s][info][gc,phases      ] GC(11) Post Compact 6.489ms
[2026-09-25T07:48:17.988+0000][20.856s][info][gc,heap        ] GC(11) PSYoungGen: 142135K(2254848K)->0K(2254848K) Eden: 0K(2073088K)->0K(2073088K) From: 142135K(181760K)->0K(181760K)
[2026-09-25T07:48:17.988+0000][20.856s][info][gc,heap        ] GC(11) ParOldGen: 278521K(2796544K)->381184K(2796544K)
[2026-09-25T07:48:17.988+0000][20.856s][info][gc,metaspace   ] GC(11) Metaspace: 150590K(151808K)->150525K(151808K) NonClass: 126122K(126848K)->126072K(126848K) Class: 24468K(24960K)->24452K(24960K)
[2026-09-25T07:48:17.988+0000][20.856s][info][gc             ] GC(11) Pause Full (CodeCache GC Threshold) 410M->372M(4933M) 543.483ms
[2026-09-25T07:48:17.988+0000][20.856s][info][gc,cpu         ] GC(11) User=1.92s Sys=0.03s Real=0.55s
[2026-09-25T07:48:22.382+0000][25.250s][info][gc,start       ] GC(12) Pause Young (Allocation Failure)
[2026-09-25T07:48:22.466+0000][25.335s][info][gc,heap        ] GC(12) PSYoungGen: 2073088K(2254848K)->199675K(2226176K) Eden: 2073088K(2073088K)->0K(2026496K) From: 0K(181760K)->199675K(199680K)
[2026-09-25T07:48:22.466+0000][25.335s][info][gc,heap        ] GC(12) ParOldGen: 381184K(2796544K)->459832K(2796544K)
[2026-09-25T07:48:22.466+0000][25.335s][info][gc,metaspace   ] GC(12) Metaspace: 152690K(154048K)->152690K(154048K) NonClass: 127877K(128640K)->127877K(128640K) Class: 24812K(25408K)->24812K(25408K)
[2026-09-25T07:48:22.466+0000][25.335s][info][gc             ] GC(12) Pause Young (Allocation Failure) 2396M->644M(4905M) 84.543ms
[2026-09-25T07:48:22.466+0000][25.335s][info][gc,cpu         ] GC(12) User=0.31s Sys=0.03s Real=0.09s
[2026-09-25T07:48:26.628+0000][29.496s][info][gc,start       ] GC(13) Pause Young (Allocation Failure)
[2026-09-25T07:48:26.705+0000][29.574s][info][gc,heap        ] GC(13) PSYoungGen: 2226171K(2226176K)->270332K(2296832K) Eden: 2026496K(2026496K)->0K(2026496K) From: 199675K(199680K)->270332K(270336K)
[2026-09-25T07:48:26.705+0000][29.574s][info][gc,heap        ] GC(13) ParOldGen: 459832K(2796544K)->539865K(2796544K)
[2026-09-25T07:48:26.705+0000][29.574s][info][gc,metaspace   ] GC(13) Metaspace: 153295K(154752K)->153295K(154752K) NonClass: 128394K(129216K)->128394K(129216K) Class: 24901K(25536K)->24901K(25536K)
[2026-09-25T07:48:26.705+0000][29.574s][info][gc             ] GC(13) Pause Young (Allocation Failure) 2623M->791M(4974M) 77.277ms
[2026-09-25T07:48:26.705+0000][29.574s][info][gc,cpu         ] GC(13) User=0.29s Sys=0.02s Real=0.07s
[2026-09-25T07:48:30.124+0000][32.993s][info][gc,start       ] GC(14) Pause Young (Allocation Failure)
[2026-09-25T07:48:30.278+0000][33.146s][info][gc,heap        ] GC(14) PSYoungGen: 2296828K(2296832K)->350196K(2853888K) Eden: 2026496K(2026496K)->0K(2503680K) From: 270332K(270336K)->350196K(350208K)
[2026-09-25T07:48:30.278+0000][33.146s][info][gc,heap        ] GC(14) ParOldGen: 539865K(2796544K)->776297K(2796544K)
[2026-09-25T07:48:30.278+0000][33.146s][info][gc,metaspace   ] GC(14) Metaspace: 153991K(155456K)->153991K(155456K) NonClass: 129003K(129856K)->129003K(129856K) Class: 24987K(25600K)->24987K(25600K)
[2026-09-25T07:48:30.278+0000][33.146s][info][gc             ] GC(14) Pause Young (Allocation Failure) 2770M->1100M(5518M) 153.785ms
[2026-09-25T07:48:30.278+0000][33.146s][info][gc,cpu         ] GC(14) User=0.52s Sys=0.09s Real=0.16s
[2026-09-25T07:48:34.566+0000][37.435s][info][gc,start       ] GC(15) Pause Young (Allocation Failure)
[2026-09-25T07:48:34.751+0000][37.619s][info][gc,heap        ] GC(15) PSYoungGen: 2853876K(2853888K)->327897K(2831872K) Eden: 2503680K(2503680K)->0K(2503680K) From: 350196K(350208K)->327897K(328192K)
[2026-09-25T07:48:34.751+0000][37.620s][info][gc,heap        ] GC(15) ParOldGen: 776297K(2796544K)->1144569K(2796544K)
[2026-09-25T07:48:34.751+0000][37.620s][info][gc,metaspace   ] GC(15) Metaspace: 154471K(155904K)->154471K(155904K) NonClass: 129433K(130240K)->129433K(130240K) Class: 25037K(25664K)->25037K(25664K)
[2026-09-25T07:48:34.751+0000][37.620s][info][gc             ] GC(15) Pause Young (Allocation Failure) 3545M->1437M(5496M) 184.936ms
[2026-09-25T07:48:34.751+0000][37.620s][info][gc,cpu         ] GC(15) User=0.64s Sys=0.09s Real=0.18s
[2026-09-25T07:48:39.405+0000][42.273s][info][gc,start       ] GC(16) Pause Young (Allocation Failure)
[2026-09-25T07:48:39.608+0000][42.477s][info][gc,heap        ] GC(16) PSYoungGen: 2831577K(2831872K)->373957K(2908672K) Eden: 2503680K(2503680K)->0K(2390016K) From: 327897K(328192K)->373957K(518656K)
[2026-09-25T07:48:39.608+0000][42.477s][info][gc,heap        ] GC(16) ParOldGen: 1144569K(2796544K)->1485226K(2796544K)
[2026-09-25T07:48:39.608+0000][42.477s][info][gc,metaspace   ] GC(16) Metaspace: 154744K(156160K)->154744K(156160K) NonClass: 129687K(130496K)->129687K(130496K) Class: 25056K(25664K)->25056K(25664K)
[2026-09-25T07:48:39.608+0000][42.477s][info][gc             ] GC(16) Pause Young (Allocation Failure) 3882M->1815M(5571M) 203.455ms
[2026-09-25T07:48:39.608+0000][42.477s][info][gc,cpu         ] GC(16) User=0.75s Sys=0.06s Real=0.21s
[2026-09-25T07:48:43.659+0000][46.528s][info][gc,start       ] GC(17) Pause Young (Allocation Failure)
[2026-09-25T07:48:43.865+0000][46.734s][info][gc,heap        ] GC(17) PSYoungGen: 2763973K(2908672K)->369248K(2759680K) Eden: 2390016K(2390016K)->0K(2390016K) From: 373957K(518656K)->369248K(369664K)
[2026-09-25T07:48:43.865+0000][46.734s][info][gc,heap        ] GC(17) ParOldGen: 1485226K(2796544K)->1873153K(2796544K)
[2026-09-25T07:48:43.865+0000][46.734s][info][gc,metaspace   ] GC(17) Metaspace: 155332K(156736K)->155332K(156736K) NonClass: 130256K(131072K)->130256K(131072K) Class: 25076K(25664K)->25076K(25664K)
[2026-09-25T07:48:43.865+0000][46.734s][info][gc             ] GC(17) Pause Young (Allocation Failure) 4149M->2189M(5426M) 206.369ms
[2026-09-25T07:48:43.865+0000][46.734s][info][gc,cpu         ] GC(17) User=0.74s Sys=0.07s Real=0.20s
[2026-09-25T07:48:45.863+0000][48.732s][info][gc,start       ] GC(18) Pause Young (CodeCache GC Threshold)
[2026-09-25T07:48:45.996+0000][48.865s][info][gc,heap        ] GC(18) PSYoungGen: 925675K(2759680K)->160923K(2941952K) Eden: 556427K(2390016K)->0K(2365952K) From: 369248K(369664K)->160923K(576000K)
[2026-09-25T07:48:45.996+0000][48.865s][info][gc,heap        ] GC(18) ParOldGen: 1873153K(2796544K)->2256104K(2796544K)
[2026-09-25T07:48:45.996+0000][48.865s][info][gc,metaspace   ] GC(18) Metaspace: 161174K(162752K)->161174K(162752K) NonClass: 135158K(136064K)->135158K(136064K) Class: 26016K(26688K)->26016K(26688K)
[2026-09-25T07:48:45.996+0000][48.865s][info][gc             ] GC(18) Pause Young (CodeCache GC Threshold) 2733M->2360M(5604M) 133.447ms
[2026-09-25T07:48:45.996+0000][48.865s][info][gc,cpu         ] GC(18) User=0.45s Sys=0.07s Real=0.14s
[2026-09-25T07:48:45.996+0000][48.865s][info][gc,start       ] GC(19) Pause Full (CodeCache GC Threshold)
[2026-09-25T07:48:45.996+0000][48.865s][info][gc,phases,start] GC(19) Marking Phase
[2026-09-25T07:48:46.431+0000][49.299s][info][gc,phases      ] GC(19) Marking Phase 434.297ms
[2026-09-25T07:48:46.431+0000][49.299s][info][gc,phases,start] GC(19) Summary Phase
[2026-09-25T07:48:46.431+0000][49.300s][info][gc,phases      ] GC(19) Summary Phase 0.085ms
[2026-09-25T07:48:46.431+0000][49.300s][info][gc,phases,start] GC(19) Adjust Roots
[2026-09-25T07:48:46.452+0000][49.320s][info][gc,phases      ] GC(19) Adjust Roots 20.816ms
[2026-09-25T07:48:46.452+0000][49.320s][info][gc,phases,start] GC(19) Compaction Phase
[2026-09-25T07:48:46.889+0000][49.758s][info][gc,phases      ] GC(19) Compaction Phase 437.676ms
[2026-09-25T07:48:46.889+0000][49.758s][info][gc,phases,start] GC(19) Post Compact
[2026-09-25T07:48:46.904+0000][49.772s][info][gc,phases      ] GC(19) Post Compact 14.038ms
[2026-09-25T07:48:46.904+0000][49.772s][info][gc,heap        ] GC(19) PSYoungGen: 160923K(2941952K)->0K(2941952K) Eden: 0K(2365952K)->0K(2365952K) From: 160923K(576000K)->0K(576000K)
[2026-09-25T07:48:46.904+0000][49.772s][info][gc,heap        ] GC(19) ParOldGen: 2256104K(2796544K)->1456645K(2796544K)
[2026-09-25T07:48:46.904+0000][49.772s][info][gc,metaspace   ] GC(19) Metaspace: 161174K(162752K)->161120K(162752K) NonClass: 135158K(136064K)->135118K(136064K) Class: 26016K(26688K)->26002K(26688K)
[2026-09-25T07:48:46.904+0000][49.772s][info][gc             ] GC(19) Pause Full (CodeCache GC Threshold) 2360M->1422M(5604M) 907.119ms
[2026-09-25T07:48:46.904+0000][49.772s][info][gc,cpu         ] GC(19) User=3.26s Sys=0.04s Real=0.90s
[2026-09-25T07:48:56.086+0000][58.955s][info][gc,start       ] GC(20) Pause Young (Allocation Failure)
[2026-09-25T07:48:56.206+0000][59.075s][info][gc,heap        ] GC(20) PSYoungGen: 2365952K(2941952K)->326349K(2918912K) Eden: 2365952K(2365952K)->0K(2365952K) From: 0K(576000K)->326349K(552960K)
[2026-09-25T07:48:56.206+0000][59.075s][info][gc,heap        ] GC(20) ParOldGen: 1456645K(2796544K)->1456653K(2796544K)
[2026-09-25T07:48:56.206+0000][59.075s][info][gc,metaspace   ] GC(20) Metaspace: 164449K(166016K)->164449K(166016K) NonClass: 138156K(139072K)->138156K(139072K) Class: 26293K(26944K)->26293K(26944K)
[2026-09-25T07:48:56.206+0000][59.075s][info][gc             ] GC(20) Pause Young (Allocation Failure) 3733M->1741M(5581M) 120.358ms
[2026-09-25T07:48:56.206+0000][59.075s][info][gc,cpu         ] GC(20) User=0.48s Sys=0.00s Real=0.12s
[2026-09-25T07:48:58.107+0000][60.975s][info][gc,start       ] GC(21) Pause Young (CodeCache GC Threshold)
[2026-09-25T07:48:58.243+0000][61.111s][info][gc,heap        ] GC(21) PSYoungGen: 1198114K(2918912K)->92576K(2907136K) Eden: 871765K(2365952K)->0K(2365952K) From: 326349K(552960K)->92576K(541184K)
[2026-09-25T07:48:58.243+0000][61.111s][info][gc,heap        ] GC(21) ParOldGen: 1456653K(2796544K)->1775080K(2796544K)
[2026-09-25T07:48:58.243+0000][61.111s][info][gc,metaspace   ] GC(21) Metaspace: 164651K(166272K)->164651K(166272K) NonClass: 138336K(139264K)->138336K(139264K) Class: 26314K(27008K)->26314K(27008K)
[2026-09-25T07:48:58.243+0000][61.111s][info][gc             ] GC(21) Pause Young (CodeCache GC Threshold) 2592M->1823M(5570M) 136.038ms
[2026-09-25T07:48:58.243+0000][61.111s][info][gc,cpu         ] GC(21) User=0.53s Sys=0.00s Real=0.13s
[2026-09-25T07:48:58.243+0000][61.111s][info][gc,start       ] GC(22) Pause Full (CodeCache GC Threshold)
[2026-09-25T07:48:58.243+0000][61.111s][info][gc,phases,start] GC(22) Marking Phase
[2026-09-25T07:48:58.818+0000][61.687s][info][gc,phases      ] GC(22) Marking Phase 575.164ms
[2026-09-25T07:48:58.818+0000][61.687s][info][gc,phases,start] GC(22) Summary Phase
[2026-09-25T07:48:58.818+0000][61.687s][info][gc,phases      ] GC(22) Summary Phase 0.042ms
[2026-09-25T07:48:58.818+0000][61.687s][info][gc,phases,start] GC(22) Adjust Roots
[2026-09-25T07:48:58.845+0000][61.713s][info][gc,phases      ] GC(22) Adjust Roots 26.488ms
[2026-09-25T07:48:58.845+0000][61.713s][info][gc,phases,start] GC(22) Compaction Phase
[2026-09-25T07:48:59.586+0000][62.455s][info][gc,phases      ] GC(22) Compaction Phase 741.862ms
[2026-09-25T07:48:59.586+0000][62.455s][info][gc,phases,start] GC(22) Post Compact
[2026-09-25T07:48:59.595+0000][62.464s][info][gc,phases      ] GC(22) Post Compact 8.421ms
[2026-09-25T07:48:59.595+0000][62.464s][info][gc,heap        ] GC(22) PSYoungGen: 92576K(2907136K)->0K(2907136K) Eden: 0K(2365952K)->0K(2365952K) From: 92576K(541184K)->0K(541184K)
[2026-09-25T07:48:59.595+0000][62.464s][info][gc,heap        ] GC(22) ParOldGen: 1775080K(2796544K)->1850016K(2796544K)
[2026-09-25T07:48:59.595+0000][62.464s][info][gc,metaspace   ] GC(22) Metaspace: 164651K(166272K)->164610K(166272K) NonClass: 138336K(139264K)->138306K(139264K) Class: 26314K(27008K)->26304K(27008K)
[2026-09-25T07:48:59.595+0000][62.464s][info][gc             ] GC(22) Pause Full (CodeCache GC Threshold) 1823M->1806M(5570M) 1352.184ms
[2026-09-25T07:48:59.595+0000][62.464s][info][gc,cpu         ] GC(22) User=5.02s Sys=0.04s Real=1.35s
[2026-09-25T07:49:03.874+0000][66.743s][info][gc,start       ] GC(23) Pause Young (Allocation Failure)
[2026-09-25T07:49:03.976+0000][66.844s][info][gc,heap        ] GC(23) PSYoungGen: 2365952K(2907136K)->188610K(2915840K) Eden: 2365952K(2365952K)->0K(2365952K) From: 0K(541184K)->188610K(549888K)
[2026-09-25T07:49:03.976+0000][66.844s][info][gc,heap        ] GC(23) ParOldGen: 1850016K(2796544K)->1850024K(2796544K)
[2026-09-25T07:49:03.976+0000][66.844s][info][gc,metaspace   ] GC(23) Metaspace: 164652K(166336K)->164652K(166336K) NonClass: 138339K(139328K)->138339K(139328K) Class: 26313K(27008K)->26313K(27008K)
[2026-09-25T07:49:03.976+0000][66.844s][info][gc             ] GC(23) Pause Young (Allocation Failure) 4117M->1990M(5578M) 101.252ms
[2026-09-25T07:49:03.976+0000][66.844s][info][gc,cpu         ] GC(23) User=0.39s Sys=0.01s Real=0.11s
[2026-09-25T07:49:07.602+0000][70.471s][info][gc,start       ] GC(24) Pause Young (Allocation Failure)
[2026-09-25T07:49:07.745+0000][70.614s][info][gc,heap        ] GC(24) PSYoungGen: 2554562K(2915840K)->170113K(2918400K) Eden: 2365952K(2365952K)->0K(2423296K) From: 188610K(549888K)->170113K(495104K)
[2026-09-25T07:49:07.745+0000][70.614s][info][gc,heap        ] GC(24) ParOldGen: 1850024K(2796544K)->2021663K(2796544K)
[2026-09-25T07:49:07.745+0000][70.614s][info][gc,metaspace   ] GC(24) Metaspace: 164723K(166336K)->164723K(166336K) NonClass: 138378K(139328K)->138378K(139328K) Class: 26345K(27008K)->26345K(27008K)
[2026-09-25T07:49:07.745+0000][70.614s][info][gc             ] GC(24) Pause Young (Allocation Failure) 4301M->2140M(5581M) 143.328ms
[2026-09-25T07:49:07.745+0000][70.614s][info][gc,cpu         ] GC(24) User=0.57s Sys=0.01s Real=0.14s
[2026-09-25T07:49:10.865+0000][73.734s][info][gc,start       ] GC(25) Pause Young (Allocation Failure)
[2026-09-25T07:49:11.009+0000][73.878s][info][gc,heap        ] GC(25) PSYoungGen: 2593409K(2918400K)->144049K(2921984K) Eden: 2423296K(2423296K)->0K(2423296K) From: 170113K(495104K)->144049K(498688K)
[2026-09-25T07:49:11.009+0000][73.878s][info][gc,heap        ] GC(25) ParOldGen: 2021663K(2796544K)->2171891K(2796544K)
[2026-09-25T07:49:11.009+0000][73.878s][info][gc,metaspace   ] GC(25) Metaspace: 164727K(166336K)->164727K(166336K) NonClass: 138380K(139328K)->138380K(139328K) Class: 26346K(27008K)->26346K(27008K)
[2026-09-25T07:49:11.009+0000][73.878s][info][gc             ] GC(25) Pause Young (Allocation Failure) 4506M->2261M(5584M) 143.905ms
[2026-09-25T07:49:11.009+0000][73.878s][info][gc,cpu         ] GC(25) User=0.55s Sys=0.02s Real=0.14s
[2026-09-25T07:49:14.058+0000][76.927s][info][gc,start       ] GC(26) Pause Young (Allocation Failure)
[2026-09-25T07:49:14.201+0000][77.069s][info][gc,heap        ] GC(26) PSYoungGen: 2567345K(2921984K)->154514K(2972160K) Eden: 2423296K(2423296K)->0K(2514944K) From: 144049K(498688K)->154514K(457216K)
[2026-09-25T07:49:14.201+0000][77.069s][info][gc,heap        ] GC(26) ParOldGen: 2171891K(2796544K)->2292769K(2796544K)
[2026-09-25T07:49:14.201+0000][77.069s][info][gc,metaspace   ] GC(26) Metaspace: 164951K(166592K)->164951K(166592K) NonClass: 138570K(139520K)->138570K(139520K) Class: 26380K(27072K)->26380K(27072K)
[2026-09-25T07:49:14.201+0000][77.069s][info][gc             ] GC(26) Pause Young (Allocation Failure) 4628M->2389M(5633M) 142.305ms
[2026-09-25T07:49:14.201+0000][77.069s][info][gc,cpu         ] GC(26) User=0.54s Sys=0.01s Real=0.14s
[2026-09-25T07:49:17.221+0000][80.090s][info][gc,start       ] GC(27) Pause Young (Allocation Failure)
[2026-09-25T07:49:17.385+0000][80.254s][info][gc,heap        ] GC(27) PSYoungGen: 2669458K(2972160K)->141378K(2977280K) Eden: 2514944K(2514944K)->0K(2514944K) From: 154514K(457216K)->141378K(462336K)
[2026-09-25T07:49:17.385+0000][80.254s][info][gc,heap        ] GC(27) ParOldGen: 2292769K(2796544K)->2422363K(2796544K)
[2026-09-25T07:49:17.385+0000][80.254s][info][gc,metaspace   ] GC(27) Metaspace: 165068K(166720K)->165068K(166720K) NonClass: 138681K(139648K)->138681K(139648K) Class: 26386K(27072K)->26386K(27072K)
[2026-09-25T07:49:17.385+0000][80.254s][info][gc             ] GC(27) Pause Young (Allocation Failure) 4845M->2503M(5638M) 163.731ms
[2026-09-25T07:49:17.385+0000][80.254s][info][gc,cpu         ] GC(27) User=0.61s Sys=0.03s Real=0.16s
[2026-09-25T07:49:20.447+0000][83.315s][info][gc,start       ] GC(28) Pause Young (Allocation Failure)
[2026-09-25T07:49:20.606+0000][83.475s][info][gc,heap        ] GC(28) PSYoungGen: 2656322K(2977280K)->150178K(3008000K) Eden: 2514944K(2514944K)->0K(2586624K) From: 141378K(462336K)->150178K(421376K)
[2026-09-25T07:49:20.606+0000][83.475s][info][gc,heap        ] GC(28) ParOldGen: 2422363K(2796544K)->2535907K(2796544K)
[2026-09-25T07:49:20.606+0000][83.475s][info][gc,metaspace   ] GC(28) Metaspace: 165290K(166976K)->165290K(166976K) NonClass: 138860K(139840K)->138860K(139840K) Class: 26430K(27136K)->26430K(27136K)
[2026-09-25T07:49:20.606+0000][83.475s][info][gc             ] GC(28) Pause Young (Allocation Failure) 4959M->2623M(5668M) 159.588ms
[2026-09-25T07:49:20.606+0000][83.475s][info][gc,cpu         ] GC(28) User=0.60s Sys=0.02s Real=0.16s
[2026-09-25T07:49:23.739+0000][86.607s][info][gc,start       ] GC(29) Pause Young (Allocation Failure)
[2026-09-25T07:49:23.907+0000][86.776s][info][gc,heap        ] GC(29) PSYoungGen: 2736802K(3008000K)->138194K(3014656K) Eden: 2586624K(2586624K)->0K(2586624K) From: 150178K(421376K)->138194K(428032K)
[2026-09-25T07:49:23.907+0000][86.776s][info][gc,heap        ] GC(29) ParOldGen: 2535907K(2796544K)->2656536K(2796544K)
[2026-09-25T07:49:23.907+0000][86.776s][info][gc,metaspace   ] GC(29) Metaspace: 165353K(167040K)->165353K(167040K) NonClass: 138918K(139904K)->138918K(139904K) Class: 26434K(27136K)->26434K(27136K)
[2026-09-25T07:49:23.907+0000][86.776s][info][gc             ] GC(29) Pause Young (Allocation Failure) 5149M->2729M(5675M) 168.840ms
[2026-09-25T07:49:23.907+0000][86.776s][info][gc,cpu         ] GC(29) User=0.63s Sys=0.03s Real=0.17s
[2026-09-25T07:49:26.739+0000][89.607s][info][gc,start       ] GC(30) Pause Young (Allocation Failure)
[2026-09-25T07:49:26.900+0000][89.769s][info][gc,heap        ] GC(30) PSYoungGen: 2724818K(3014656K)->127666K(3048960K) Eden: 2586624K(2586624K)->0K(2654208K) From: 138194K(428032K)->127666K(394752K)
[2026-09-25T07:49:26.900+0000][89.769s][info][gc,heap        ] GC(30) ParOldGen: 2656536K(2796544K)->2763850K(2796544K)
[2026-09-25T07:49:26.900+0000][89.769s][info][gc,metaspace   ] GC(30) Metaspace: 165380K(167040K)->165380K(167040K) NonClass: 138945K(139904K)->138945K(139904K) Class: 26434K(27136K)->26434K(27136K)
[2026-09-25T07:49:26.900+0000][89.769s][info][gc             ] GC(30) Pause Young (Allocation Failure) 5255M->2823M(5708M) 161.435ms
[2026-09-25T07:49:26.900+0000][89.769s][info][gc,cpu         ] GC(30) User=0.60s Sys=0.03s Real=0.16s
[2026-09-25T07:49:29.783+0000][92.652s][info][gc,start       ] GC(31) Pause Young (Allocation Failure)
[2026-09-25T07:49:29.978+0000][92.846s][info][gc,heap        ] GC(31) PSYoungGen: 2781874K(3048960K)->144002K(3053568K) Eden: 2654208K(2654208K)->0K(2654208K) From: 127666K(394752K)->144002K(399360K)
[2026-09-25T07:49:29.978+0000][92.846s][info][gc,heap        ] GC(31) ParOldGen: 2763850K(2796544K)->2858166K(2858496K)
[2026-09-25T07:49:29.978+0000][92.846s][info][gc,metaspace   ] GC(31) Metaspace: 165457K(167104K)->165457K(167104K) NonClass: 139022K(139968K)->139022K(139968K) Class: 26435K(27136K)->26435K(27136K)
[2026-09-25T07:49:29.978+0000][92.847s][info][gc             ] GC(31) Pause Young (Allocation Failure) 5415M->2931M(5773M) 194.659ms
[2026-09-25T07:49:29.978+0000][92.847s][info][gc,cpu         ] GC(31) User=0.68s Sys=0.06s Real=0.20s
[2026-09-25T07:49:32.949+0000][95.818s][info][gc,start       ] GC(32) Pause Young (Allocation Failure)
[2026-09-25T07:49:33.138+0000][96.007s][info][gc,heap        ] GC(32) PSYoungGen: 2798210K(3053568K)->125362K(3081216K) Eden: 2654208K(2654208K)->0K(2712064K) From: 144002K(399360K)->125362K(369152K)
[2026-09-25T07:49:33.138+0000][96.007s][info][gc,heap        ] GC(32) ParOldGen: 2858166K(2858496K)->2966079K(2966528K)
[2026-09-25T07:49:33.138+0000][96.007s][info][gc,metaspace   ] GC(32) Metaspace: 165541K(167168K)->165541K(167168K) NonClass: 139102K(140032K)->139102K(140032K) Class: 26439K(27136K)->26439K(27136K)
[2026-09-25T07:49:33.138+0000][96.007s][info][gc             ] GC(32) Pause Young (Allocation Failure) 5523M->3018M(5906M) 189.100ms
[2026-09-25T07:49:33.138+0000][96.007s][info][gc,cpu         ] GC(32) User=0.66s Sys=0.08s Real=0.19s
[2026-09-25T07:49:35.919+0000][98.787s][info][gc,start       ] GC(33) Pause Young (Allocation Failure)
[2026-09-25T07:49:36.126+0000][98.994s][info][gc,heap        ] GC(33) PSYoungGen: 2837426K(3081216K)->127425K(3082752K) Eden: 2712064K(2712064K)->0K(2712064K) From: 125362K(369152K)->127425K(370688K)
[2026-09-25T07:49:36.126+0000][98.994s][info][gc,heap        ] GC(33) ParOldGen: 2966079K(2966528K)->3053702K(3054080K)
[2026-09-25T07:49:36.126+0000][98.994s][info][gc,metaspace   ] GC(33) Metaspace: 165586K(167232K)->165586K(167232K) NonClass: 139143K(140096K)->139143K(140096K) Class: 26442K(27136K)->26442K(27136K)
[2026-09-25T07:49:36.126+0000][98.994s][info][gc             ] GC(33) Pause Young (Allocation Failure) 5667M->3106M(5993M) 207.000ms
[2026-09-25T07:49:36.126+0000][98.994s][info][gc,cpu         ] GC(33) User=0.69s Sys=0.08s Real=0.21s
[2026-09-25T07:49:39.193+0000][102.062s][info][gc,start       ] GC(34) Pause Young (Allocation Failure)
[2026-09-25T07:49:39.384+0000][102.252s][info][gc,heap        ] GC(34) PSYoungGen: 2839489K(3082752K)->129825K(3109888K) Eden: 2712064K(2712064K)->0K(2766336K) From: 127425K(370688K)->129825K(343552K)
[2026-09-25T07:49:39.384+0000][102.252s][info][gc,heap        ] GC(34) ParOldGen: 3053702K(3054080K)->3142052K(3142144K)
[2026-09-25T07:49:39.384+0000][102.252s][info][gc,metaspace   ] GC(34) Metaspace: 165694K(167360K)->165694K(167360K) NonClass: 139236K(140160K)->139236K(140160K) Class: 26458K(27200K)->26458K(27200K)
[2026-09-25T07:49:39.384+0000][102.252s][info][gc             ] GC(34) Pause Young (Allocation Failure) 5755M->3195M(6105M) 190.160ms
[2026-09-25T07:49:39.384+0000][102.252s][info][gc,cpu         ] GC(34) User=0.67s Sys=0.07s Real=0.19s
[2026-09-25T07:49:41.920+0000][104.788s][info][gc,start       ] GC(35) Pause Young (CodeCache GC Threshold)
[2026-09-25T07:49:42.140+0000][105.008s][info][gc,heap        ] GC(35) PSYoungGen: 2597720K(3109888K)->60913K(2827264K) Eden: 2467895K(2766336K)->0K(2766336K) From: 129825K(343552K)->60913K(60928K)
[2026-09-25T07:49:42.140+0000][105.008s][info][gc,heap        ] GC(35) ParOldGen: 3142052K(3142144K)->3232542K(3232768K)
[2026-09-25T07:49:42.140+0000][105.008s][info][gc,metaspace   ] GC(35) Metaspace: 165718K(167424K)->165718K(167424K) NonClass: 139259K(140224K)->139259K(140224K) Class: 26458K(27200K)->26458K(27200K)
[2026-09-25T07:49:42.140+0000][105.008s][info][gc             ] GC(35) Pause Young (CodeCache GC Threshold) 5605M->3216M(5918M) 220.123ms
[2026-09-25T07:49:42.140+0000][105.008s][info][gc,cpu         ] GC(35) User=0.78s Sys=0.07s Real=0.22s
[2026-09-25T07:49:42.140+0000][105.008s][info][gc,start       ] GC(36) Pause Full (CodeCache GC Threshold)
[2026-09-25T07:49:42.140+0000][105.008s][info][gc,phases,start] GC(36) Marking Phase
[2026-09-25T07:49:43.181+0000][106.050s][info][gc,phases      ] GC(36) Marking Phase 1041.720ms
[2026-09-25T07:49:43.182+0000][106.050s][info][gc,phases,start] GC(36) Summary Phase
[2026-09-25T07:49:43.182+0000][106.050s][info][gc,phases      ] GC(36) Summary Phase 0.063ms
[2026-09-25T07:49:43.182+0000][106.050s][info][gc,phases,start] GC(36) Adjust Roots
[2026-09-25T07:49:43.203+0000][106.072s][info][gc,phases      ] GC(36) Adjust Roots 21.368ms
[2026-09-25T07:49:43.203+0000][106.072s][info][gc,phases,start] GC(36) Compaction Phase
[2026-09-25T07:49:44.452+0000][107.321s][info][gc,phases      ] GC(36) Compaction Phase 1248.903ms
[2026-09-25T07:49:44.452+0000][107.321s][info][gc,phases,start] GC(36) Post Compact
[2026-09-25T07:49:44.459+0000][107.328s][info][gc,phases      ] GC(36) Post Compact 7.482ms
[2026-09-25T07:49:44.459+0000][107.328s][info][gc,heap        ] GC(36) PSYoungGen: 60913K(2827264K)->0K(2827264K) Eden: 0K(2766336K)->0K(2766336K) From: 60913K(60928K)->0K(60928K)
[2026-09-25T07:49:44.459+0000][107.328s][info][gc,heap        ] GC(36) ParOldGen: 3232542K(3232768K)->3188917K(3232768K)
[2026-09-25T07:49:44.459+0000][107.328s][info][gc,metaspace   ] GC(36) Metaspace: 165718K(167424K)->165704K(167424K) NonClass: 139259K(140224K)->139249K(140224K) Class: 26458K(27200K)->26455K(27200K)
[2026-09-25T07:49:44.459+0000][107.328s][info][gc             ] GC(36) Pause Full (CodeCache GC Threshold) 3216M->3114M(5918M) 2319.736ms
[2026-09-25T07:49:44.460+0000][107.328s][info][gc,cpu         ] GC(36) User=8.81s Sys=0.04s Real=2.32s
[2026-09-25T07:49:47.434+0000][110.302s][info][gc,start       ] GC(37) Pause Young (Allocation Failure)
[2026-09-25T07:49:47.569+0000][110.438s][info][gc,heap        ] GC(37) PSYoungGen: 2766336K(2827264K)->60225K(3113984K) Eden: 2766336K(2766336K)->0K(2769920K) From: 0K(60928K)->60225K(344064K)
[2026-09-25T07:49:47.569+0000][110.438s][info][gc,heap        ] GC(37) ParOldGen: 3188917K(3232768K)->3188917K(3232768K)
[2026-09-25T07:49:47.569+0000][110.438s][info][gc,metaspace   ] GC(37) Metaspace: 165757K(167424K)->165757K(167424K) NonClass: 139287K(140224K)->139287K(140224K) Class: 26469K(27200K)->26469K(27200K)
[2026-09-25T07:49:47.569+0000][110.438s][info][gc             ] GC(37) Pause Young (Allocation Failure) 5815M->3172M(6198M) 135.834ms
[2026-09-25T07:49:47.570+0000][110.438s][info][gc,cpu         ] GC(37) User=0.54s Sys=0.00s Real=0.14s
[2026-09-25T07:49:50.317+0000][113.186s][info][gc,start       ] GC(38) Pause Young (Allocation Failure)
[2026-09-25T07:49:50.451+0000][113.319s][info][gc,heap        ] GC(38) PSYoungGen: 2830145K(3113984K)->61506K(3110400K) Eden: 2769920K(2769920K)->0K(2769920K) From: 60225K(344064K)->61506K(340480K)
[2026-09-25T07:49:50.451+0000][113.319s][info][gc,heap        ] GC(38) ParOldGen: 3188917K(3232768K)->3209838K(3232768K)
[2026-09-25T07:49:50.451+0000][113.319s][info][gc,metaspace   ] GC(38) Metaspace: 165776K(167424K)->165776K(167424K) NonClass: 139306K(140224K)->139306K(140224K) Class: 26469K(27200K)->26469K(27200K)
[2026-09-25T07:49:50.451+0000][113.319s][info][gc             ] GC(38) Pause Young (Allocation Failure) 5877M->3194M(6194M) 133.284ms
[2026-09-25T07:49:50.451+0000][113.319s][info][gc,cpu         ] GC(38) User=0.53s Sys=0.00s Real=0.13s
[2026-09-25T07:49:53.540+0000][116.409s][info][gc,start       ] GC(39) Pause Young (Allocation Failure)
[2026-09-25T07:49:53.711+0000][116.580s][info][gc,heap        ] GC(39) PSYoungGen: 2831426K(3110400K)->60226K(3147264K) Eden: 2769920K(2769920K)->0K(2817536K) From: 61506K(340480K)->60226K(329728K)
[2026-09-25T07:49:53.711+0000][116.580s][info][gc,heap        ] GC(39) ParOldGen: 3209838K(3232768K)->3230513K(3232768K)
[2026-09-25T07:49:53.711+0000][116.580s][info][gc,metaspace   ] GC(39) Metaspace: 165802K(167488K)->165802K(167488K) NonClass: 139332K(140288K)->139332K(140288K) Class: 26469K(27200K)->26469K(27200K)
[2026-09-25T07:49:53.712+0000][116.580s][info][gc             ] GC(39) Pause Young (Allocation Failure) 5899M->3213M(6230M) 171.635ms
[2026-09-25T07:49:53.712+0000][116.580s][info][gc,cpu         ] GC(39) User=0.62s Sys=0.02s Real=0.17s
[2026-09-25T07:49:56.726+0000][119.594s][info][gc,start       ] GC(40) Pause Young (Allocation Failure)
[2026-09-25T07:49:56.874+0000][119.742s][info][gc,heap        ] GC(40) PSYoungGen: 2877762K(3147264K)->60242K(3144704K) Eden: 2817536K(2817536K)->0K(2817536K) From: 60226K(329728K)->60242K(327168K)
[2026-09-25T07:49:56.874+0000][119.742s][info][gc,heap        ] GC(40) ParOldGen: 3230513K(3232768K)->3250874K(3251200K)
[2026-09-25T07:49:56.874+0000][119.742s][info][gc,metaspace   ] GC(40) Metaspace: 165814K(167488K)->165814K(167488K) NonClass: 139344K(140288K)->139344K(140288K) Class: 26469K(27200K)->26469K(27200K)
[2026-09-25T07:49:56.874+0000][119.743s][info][gc             ] GC(40) Pause Young (Allocation Failure) 5965M->3233M(6246M) 148.048ms
[2026-09-25T07:49:56.874+0000][119.743s][info][gc,cpu         ] GC(40) User=0.56s Sys=0.02s Real=0.14s
[2026-09-25T07:49:59.984+0000][122.853s][info][gc,start       ] GC(41) Pause Young (Allocation Failure)
[2026-09-25T07:50:00.131+0000][122.999s][info][gc,heap        ] GC(41) PSYoungGen: 2877778K(3144704K)->58386K(3158528K) Eden: 2817536K(2817536K)->0K(2847232K) From: 60242K(327168K)->58386K(311296K)
[2026-09-25T07:50:00.131+0000][122.999s][info][gc,heap        ] GC(41) ParOldGen: 3250874K(3251200K)->3271734K(3272192K)
[2026-09-25T07:50:00.131+0000][122.999s][info][gc,metaspace   ] GC(41) Metaspace: 165873K(167552K)->165873K(167552K) NonClass: 139403K(140352K)->139403K(140352K) Class: 26469K(27200K)->26469K(27200K)
[2026-09-25T07:50:00.131+0000][122.999s][info][gc             ] GC(41) Pause Young (Allocation Failure) 5985M->3252M(6280M) 146.238ms
[2026-09-25T07:50:00.131+0000][122.999s][info][gc,cpu         ] GC(41) User=0.54s Sys=0.04s Real=0.15s
[2026-09-25T07:50:03.109+0000][125.978s][info][gc,start       ] GC(42) Pause Young (Allocation Failure)
[2026-09-25T07:50:03.246+0000][126.114s][info][gc,heap        ] GC(42) PSYoungGen: 2905618K(3158528K)->56161K(3156480K) Eden: 2847232K(2847232K)->0K(2847232K) From: 58386K(311296K)->56161K(309248K)
[2026-09-25T07:50:03.246+0000][126.114s][info][gc,heap        ] GC(42) ParOldGen: 3271734K(3272192K)->3291325K(3291648K)
[2026-09-25T07:50:03.246+0000][126.114s][info][gc,metaspace   ] GC(42) Metaspace: 165915K(167616K)->165915K(167616K) NonClass: 139445K(140416K)->139445K(140416K) Class: 26469K(27200K)->26469K(27200K)
[2026-09-25T07:50:03.246+0000][126.114s][info][gc             ] GC(42) Pause Young (Allocation Failure) 6032M->3269M(6297M) 136.574ms
[2026-09-25T07:50:03.246+0000][126.114s][info][gc,cpu         ] GC(42) User=0.52s Sys=0.02s Real=0.14s
[2026-09-25T07:50:06.318+0000][129.186s][info][gc,start       ] GC(43) Pause Young (Allocation Failure)
[2026-09-25T07:50:06.455+0000][129.324s][info][gc,heap        ] GC(43) PSYoungGen: 2903393K(3156480K)->54833K(3175424K) Eden: 2847232K(2847232K)->0K(2884608K) From: 56161K(309248K)->54833K(290816K)
[2026-09-25T07:50:06.455+0000][129.324s][info][gc,heap        ] GC(43) ParOldGen: 3291325K(3291648K)->3308855K(3309056K)
[2026-09-25T07:50:06.455+0000][129.324s][info][gc,metaspace   ] GC(43) Metaspace: 165935K(167616K)->165935K(167616K) NonClass: 139466K(140416K)->139466K(140416K) Class: 26469K(27200K)->26469K(27200K)
[2026-09-25T07:50:06.455+0000][129.324s][info][gc             ] GC(43) Pause Young (Allocation Failure) 6049M->3284M(6332M) 137.550ms
[2026-09-25T07:50:06.455+0000][129.324s][info][gc,cpu         ] GC(43) User=0.53s Sys=0.01s Real=0.13s
[2026-09-25T07:50:09.431+0000][132.300s][info][gc,start       ] GC(44) Pause Young (Allocation Failure)
[2026-09-25T07:50:09.563+0000][132.432s][info][gc,heap        ] GC(44) PSYoungGen: 2939441K(3175424K)->55713K(3174400K) Eden: 2884608K(2884608K)->0K(2884608K) From: 54833K(290816K)->55713K(289792K)
[2026-09-25T07:50:09.563+0000][132.432s][info][gc,heap        ] GC(44) ParOldGen: 3308855K(3309056K)->3325130K(3325440K)
[2026-09-25T07:50:09.563+0000][132.432s][info][gc,metaspace   ] GC(44) Metaspace: 165956K(167616K)->165956K(167616K) NonClass: 139486K(140416K)->139486K(140416K) Class: 26469K(27200K)->26469K(27200K)
[2026-09-25T07:50:09.563+0000][132.432s][info][gc             ] GC(44) Pause Young (Allocation Failure) 6101M->3301M(6347M) 131.874ms
[2026-09-25T07:50:09.563+0000][132.432s][info][gc,cpu         ] GC(44) User=0.50s Sys=0.01s Real=0.13s
[2026-09-25T07:50:12.492+0000][135.360s][info][gc,start       ] GC(45) Pause Young (Allocation Failure)
[2026-09-25T07:50:12.623+0000][135.492s][info][gc,heap        ] GC(45) PSYoungGen: 2940321K(3174400K)->55745K(3194368K) Eden: 2884608K(2884608K)->0K(2925056K) From: 55713K(289792K)->55745K(269312K)
[2026-09-25T07:50:12.623+0000][135.492s][info][gc,heap        ] GC(45) ParOldGen: 3325130K(3325440K)->3341958K(3342336K)
[2026-09-25T07:50:12.623+0000][135.492s][info][gc,metaspace   ] GC(45) Metaspace: 165977K(167616K)->165977K(167616K) NonClass: 139507K(140416K)->139507K(140416K) Class: 26469K(27200K)->26469K(27200K)
[2026-09-25T07:50:12.623+0000][135.492s][info][gc             ] GC(45) Pause Young (Allocation Failure) 6118M->3318M(6383M) 131.356ms
[2026-09-25T07:50:12.623+0000][135.492s][info][gc,cpu         ] GC(45) User=0.51s Sys=0.01s Real=0.13s
[2026-09-25T07:50:15.607+0000][138.475s][info][gc,start       ] GC(46) Pause Young (Allocation Failure)
[2026-09-25T07:50:15.739+0000][138.608s][info][gc,heap        ] GC(46) PSYoungGen: 2980801K(3194368K)->56209K(3193344K) Eden: 2925056K(2925056K)->0K(2925056K) From: 55745K(269312K)->56209K(268288K)
[2026-09-25T07:50:15.739+0000][138.608s][info][gc,heap        ] GC(46) ParOldGen: 3341958K(3342336K)->3359089K(3359232K)
[2026-09-25T07:50:15.739+0000][138.608s][info][gc,metaspace   ] GC(46) Metaspace: 165987K(167616K)->165987K(167616K) NonClass: 139517K(140416K)->139517K(140416K) Class: 26469K(27200K)->26469K(27200K)
[2026-09-25T07:50:15.739+0000][138.608s][info][gc             ] GC(46) Pause Young (Allocation Failure) 6174M->3335M(6399M) 132.669ms
[2026-09-25T07:50:15.739+0000][138.608s][info][gc,cpu         ] GC(46) User=0.51s Sys=0.01s Real=0.13s
[2026-09-25T07:50:18.804+0000][141.672s][info][gc,start       ] GC(47) Pause Young (Allocation Failure)
[2026-09-25T07:50:18.940+0000][141.809s][info][gc,heap        ] GC(47) PSYoungGen: 2981265K(3193344K)->54241K(3215872K) Eden: 2925056K(2925056K)->0K(2968064K) From: 56209K(268288K)->54241K(247808K)
[2026-09-25T07:50:18.940+0000][141.809s][info][gc,heap        ] GC(47) ParOldGen: 3359089K(3359232K)->3376501K(3376640K)
[2026-09-25T07:50:18.940+0000][141.809s][info][gc,metaspace   ] GC(47) Metaspace: 166013K(167680K)->166013K(167680K) NonClass: 139543K(140480K)->139543K(140480K) Class: 26469K(27200K)->26469K(27200K)
[2026-09-25T07:50:18.940+0000][141.809s][info][gc             ] GC(47) Pause Young (Allocation Failure) 6191M->3350M(6438M) 136.921ms
[2026-09-25T07:50:18.941+0000][141.809s][info][gc,cpu         ] GC(47) User=0.53s Sys=0.02s Real=0.14s
[2026-09-25T07:50:21.910+0000][144.779s][info][gc,start       ] GC(48) Pause Young (Allocation Failure)
[2026-09-25T07:50:22.043+0000][144.911s][info][gc,heap        ] GC(48) PSYoungGen: 3022305K(3215872K)->55713K(3214848K) Eden: 2968064K(2968064K)->0K(2968064K) From: 54241K(247808K)->55713K(246784K)
[2026-09-25T07:50:22.043+0000][144.911s][info][gc,heap        ] GC(48) ParOldGen: 3376501K(3376640K)->3391955K(3392000K)
[2026-09-25T07:50:22.043+0000][144.911s][info][gc,metaspace   ] GC(48) Metaspace: 166066K(167744K)->166066K(167744K) NonClass: 139595K(140544K)->139595K(140544K) Class: 26470K(27200K)->26470K(27200K)
[2026-09-25T07:50:22.043+0000][144.911s][info][gc             ] GC(48) Pause Young (Allocation Failure) 6248M->3366M(6452M) 132.206ms
[2026-09-25T07:50:22.043+0000][144.911s][info][gc,cpu         ] GC(48) User=0.51s Sys=0.01s Real=0.13s
[2026-09-25T07:50:25.101+0000][147.969s][info][gc,start       ] GC(49) Pause Young (Allocation Failure)
[2026-09-25T07:50:25.234+0000][148.102s][info][gc,heap        ] GC(49) PSYoungGen: 3023777K(3214848K)->57793K(3237376K) Eden: 2968064K(2968064K)->0K(3011072K) From: 55713K(246784K)->57793K(226304K)
[2026-09-25T07:50:25.234+0000][148.102s][info][gc,heap        ] GC(49) ParOldGen: 3391955K(3392000K)->3408665K(3408896K)
[2026-09-25T07:50:25.234+0000][148.102s][info][gc,metaspace   ] GC(49) Metaspace: 166072K(167808K)->166072K(167808K) NonClass: 139601K(140608K)->139601K(140608K) Class: 26470K(27200K)->26470K(27200K)
[2026-09-25T07:50:25.234+0000][148.102s][info][gc             ] GC(49) Pause Young (Allocation Failure) 6265M->3385M(6490M) 133.074ms
[2026-09-25T07:50:25.234+0000][148.102s][info][gc,cpu         ] GC(49) User=0.52s Sys=0.01s Real=0.13s
[2026-09-25T07:50:28.419+0000][151.288s][info][gc,start       ] GC(50) Pause Young (Allocation Failure)
[2026-09-25T07:50:28.553+0000][151.421s][info][gc,heap        ] GC(50) PSYoungGen: 3068865K(3237376K)->53521K(3236352K) Eden: 3011072K(3011072K)->0K(3011072K) From: 57793K(226304K)->53521K(225280K)
[2026-09-25T07:50:28.553+0000][151.422s][info][gc,heap        ] GC(50) ParOldGen: 3408665K(3408896K)->3427180K(3427328K)
[2026-09-25T07:50:28.553+0000][151.422s][info][gc,metaspace   ] GC(50) Metaspace: 166082K(167808K)->166082K(167808K) NonClass: 139611K(140608K)->139611K(140608K) Class: 26470K(27200K)->26470K(27200K)
[2026-09-25T07:50:28.553+0000][151.422s][info][gc             ] GC(50) Pause Young (Allocation Failure) 6325M->3399M(6507M) 133.378ms
[2026-09-25T07:50:28.553+0000][151.422s][info][gc,cpu         ] GC(50) User=0.51s Sys=0.01s Real=0.13s
[2026-09-25T07:50:31.618+0000][154.487s][info][gc,start       ] GC(51) Pause Young (Allocation Failure)
[2026-09-25T07:50:31.749+0000][154.618s][info][gc,heap        ] GC(51) PSYoungGen: 3064593K(3236352K)->53345K(3260416K) Eden: 3011072K(3011072K)->0K(3052544K) From: 53521K(225280K)->53345K(207872K)
[2026-09-25T07:50:31.749+0000][154.618s][info][gc,heap        ] GC(51) ParOldGen: 3427180K(3427328K)->3443226K(3443712K)
[2026-09-25T07:50:31.749+0000][154.618s][info][gc,metaspace   ] GC(51) Metaspace: 166085K(167808K)->166085K(167808K) NonClass: 139613K(140608K)->139613K(140608K) Class: 26472K(27200K)->26472K(27200K)
[2026-09-25T07:50:31.749+0000][154.618s][info][gc             ] GC(51) Pause Young (Allocation Failure) 6339M->3414M(6547M) 130.599ms
[2026-09-25T07:50:31.749+0000][154.618s][info][gc,cpu         ] GC(51) User=0.50s Sys=0.01s Real=0.13s
[2026-09-25T07:50:34.802+0000][157.671s][info][gc,start       ] GC(52) Pause Young (Allocation Failure)
[2026-09-25T07:50:34.957+0000][157.825s][info][gc,heap        ] GC(52) PSYoungGen: 3105889K(3260416K)->56209K(3258880K) Eden: 3052544K(3052544K)->0K(3052544K) From: 53345K(207872K)->56209K(206336K)
[2026-09-25T07:50:34.957+0000][157.826s][info][gc,heap        ] GC(52) ParOldGen: 3443226K(3443712K)->3458848K(3459072K)
[2026-09-25T07:50:34.957+0000][157.826s][info][gc,metaspace   ] GC(52) Metaspace: 166093K(167808K)->166093K(167808K) NonClass: 139621K(140608K)->139621K(140608K) Class: 26472K(27200K)->26472K(27200K)
[2026-09-25T07:50:34.957+0000][157.826s][info][gc             ] GC(52) Pause Young (Allocation Failure) 6395M->3432M(6560M) 154.385ms
[2026-09-25T07:50:34.957+0000][157.826s][info][gc,cpu         ] GC(52) User=0.53s Sys=0.06s Real=0.16s
[2026-09-25T07:50:38.032+0000][160.900s][info][gc,start       ] GC(53) Pause Young (Allocation Failure)
[2026-09-25T07:50:38.165+0000][161.034s][info][gc,heap        ] GC(53) PSYoungGen: 3108753K(3258880K)->57809K(3278848K) Eden: 3052544K(3052544K)->0K(3090432K) From: 56209K(206336K)->57809K(188416K)
[2026-09-25T07:50:38.165+0000][161.034s][info][gc,heap        ] GC(53) ParOldGen: 3458848K(3459072K)->3476142K(3476480K)
[2026-09-25T07:50:38.165+0000][161.034s][info][gc,metaspace   ] GC(53) Metaspace: 166134K(167808K)->166134K(167808K) NonClass: 139651K(140608K)->139651K(140608K) Class: 26483K(27200K)->26483K(27200K)
[2026-09-25T07:50:38.165+0000][161.034s][info][gc             ] GC(53) Pause Young (Allocation Failure) 6413M->3451M(6597M) 133.648ms
[2026-09-25T07:50:38.165+0000][161.034s][info][gc,cpu         ] GC(53) User=0.52s Sys=0.01s Real=0.13s
[2026-09-25T07:50:41.438+0000][164.307s][info][gc,start       ] GC(54) Pause Young (Allocation Failure)
[2026-09-25T07:50:41.573+0000][164.441s][info][gc,heap        ] GC(54) PSYoungGen: 3148241K(3278848K)->56353K(3277312K) Eden: 3090432K(3090432K)->0K(3090432K) From: 57809K(188416K)->56353K(186880K)
[2026-09-25T07:50:41.573+0000][164.441s][info][gc,heap        ] GC(54) ParOldGen: 3476142K(3476480K)->3494475K(3494912K)
[2026-09-25T07:50:41.573+0000][164.441s][info][gc,metaspace   ] GC(54) Metaspace: 166156K(167872K)->166156K(167872K) NonClass: 139673K(140672K)->139673K(140672K) Class: 26483K(27200K)->26483K(27200K)
[2026-09-25T07:50:41.573+0000][164.441s][info][gc             ] GC(54) Pause Young (Allocation Failure) 6469M->3467M(6613M) 134.180ms
[2026-09-25T07:50:41.573+0000][164.441s][info][gc,cpu         ] GC(54) User=0.53s Sys=0.00s Real=0.13s
[2026-09-25T07:50:44.732+0000][167.601s][info][gc,start       ] GC(55) Pause Young (Allocation Failure)
[2026-09-25T07:50:44.869+0000][167.737s][info][gc,heap        ] GC(55) PSYoungGen: 3146785K(3277312K)->56465K(3299840K) Eden: 3090432K(3090432K)->0K(3127808K) From: 56353K(186880K)->56465K(172032K)
[2026-09-25T07:50:44.869+0000][167.737s][info][gc,heap        ] GC(55) ParOldGen: 3494475K(3494912K)->3513194K(3513344K)
[2026-09-25T07:50:44.869+0000][167.737s][info][gc,metaspace   ] GC(55) Metaspace: 166183K(167872K)->166183K(167872K) NonClass: 139699K(140672K)->139699K(140672K) Class: 26484K(27200K)->26484K(27200K)
[2026-09-25T07:50:44.869+0000][167.737s][info][gc             ] GC(55) Pause Young (Allocation Failure) 6485M->3485M(6653M) 136.203ms
[2026-09-25T07:50:44.869+0000][167.737s][info][gc,cpu         ] GC(55) User=0.52s Sys=0.02s Real=0.14s
[2026-09-25T07:50:48.265+0000][171.134s][info][gc,start       ] GC(56) Pause Young (Allocation Failure)
[2026-09-25T07:50:48.403+0000][171.272s][info][gc,heap        ] GC(56) PSYoungGen: 3184273K(3299840K)->59105K(3297792K) Eden: 3127808K(3127808K)->0K(3127808K) From: 56465K(172032K)->59105K(169984K)
[2026-09-25T07:50:48.403+0000][171.272s][info][gc,heap        ] GC(56) ParOldGen: 3513194K(3513344K)->3532129K(3532288K)
[2026-09-25T07:50:48.403+0000][171.272s][info][gc,metaspace   ] GC(56) Metaspace: 166371K(168000K)->166371K(168000K) NonClass: 139861K(140800K)->139861K(140800K) Class: 26510K(27200K)->26510K(27200K)
[2026-09-25T07:50:48.403+0000][171.272s][info][gc             ] GC(56) Pause Young (Allocation Failure) 6540M->3507M(6670M) 137.464ms
[2026-09-25T07:50:48.403+0000][171.272s][info][gc,cpu         ] GC(56) User=0.51s Sys=0.01s Real=0.13s
[2026-09-25T07:50:51.699+0000][174.567s][info][gc,start       ] GC(57) Pause Young (Allocation Failure)
[2026-09-25T07:50:51.833+0000][174.702s][info][gc,heap        ] GC(57) PSYoungGen: 3186913K(3297792K)->53809K(3317760K) Eden: 3127808K(3127808K)->0K(3160064K) From: 59105K(169984K)->53809K(157696K)
[2026-09-25T07:50:51.833+0000][174.702s][info][gc,heap        ] GC(57) ParOldGen: 3532129K(3532288K)->3554932K(3555328K)
[2026-09-25T07:50:51.833+0000][174.702s][info][gc,metaspace   ] GC(57) Metaspace: 166521K(168256K)->166521K(168256K) NonClass: 139996K(140992K)->139996K(140992K) Class: 26524K(27264K)->26524K(27264K)
[2026-09-25T07:50:51.833+0000][174.702s][info][gc             ] GC(57) Pause Young (Allocation Failure) 6561M->3524M(6712M) 134.587ms
[2026-09-25T07:50:51.833+0000][174.702s][info][gc,cpu         ] GC(57) User=0.52s Sys=0.02s Real=0.13s
[2026-09-25T07:50:55.082+0000][177.950s][info][gc,start       ] GC(58) Pause Young (Allocation Failure)
[2026-09-25T07:50:55.215+0000][178.084s][info][gc,heap        ] GC(58) PSYoungGen: 3213873K(3317760K)->53248K(3314688K) Eden: 3160064K(3160064K)->0K(3160064K) From: 53809K(157696K)->53248K(154624K)
[2026-09-25T07:50:55.215+0000][178.084s][info][gc,heap        ] GC(58) ParOldGen: 3554932K(3555328K)->3572126K(3572224K)
[2026-09-25T07:50:55.215+0000][178.084s][info][gc,metaspace   ] GC(58) Metaspace: 166542K(168256K)->166542K(168256K) NonClass: 140017K(140992K)->140017K(140992K) Class: 26524K(27264K)->26524K(27264K)
[2026-09-25T07:50:55.215+0000][178.084s][info][gc             ] GC(58) Pause Young (Allocation Failure) 6610M->3540M(6725M) 133.569ms
[2026-09-25T07:50:55.215+0000][178.084s][info][gc,cpu         ] GC(58) User=0.52s Sys=0.01s Real=0.13s
[2026-09-25T07:50:58.569+0000][181.438s][info][gc,start       ] GC(59) Pause Young (Allocation Failure)
[2026-09-25T07:50:58.702+0000][181.571s][info][gc,heap        ] GC(59) PSYoungGen: 3213312K(3314688K)->55569K(3333632K) Eden: 3160064K(3160064K)->0K(3189248K) From: 53248K(154624K)->55569K(144384K)
[2026-09-25T07:50:58.702+0000][181.571s][info][gc,heap        ] GC(59) ParOldGen: 3572126K(3572224K)->3587807K(3588096K)
[2026-09-25T07:50:58.702+0000][181.571s][info][gc,metaspace   ] GC(59) Metaspace: 166628K(168384K)->166628K(168384K) NonClass: 140090K(141056K)->140090K(141056K) Class: 26538K(27328K)->26538K(27328K)
[2026-09-25T07:50:58.702+0000][181.571s][info][gc             ] GC(59) Pause Young (Allocation Failure) 6626M->3557M(6759M) 132.768ms
[2026-09-25T07:50:58.702+0000][181.571s][info][gc,cpu         ] GC(59) User=0.52s Sys=0.00s Real=0.13s
[2026-09-25T07:51:02.161+0000][185.029s][info][gc,start       ] GC(60) Pause Young (Allocation Failure)
[2026-09-25T07:51:02.299+0000][185.167s][info][gc,heap        ] GC(60) PSYoungGen: 3244817K(3333632K)->53169K(3331072K) Eden: 3189248K(3189248K)->0K(3189248K) From: 55569K(144384K)->53169K(141824K)
[2026-09-25T07:51:02.299+0000][185.167s][info][gc,heap        ] GC(60) ParOldGen: 3587807K(3588096K)->3606877K(3607040K)
[2026-09-25T07:51:02.299+0000][185.167s][info][gc,metaspace   ] GC(60) Metaspace: 166639K(168448K)->166639K(168448K) NonClass: 140100K(141120K)->140100K(141120K) Class: 26539K(27328K)->26539K(27328K)
[2026-09-25T07:51:02.299+0000][185.167s][info][gc             ] GC(60) Pause Young (Allocation Failure) 6672M->3574M(6775M) 137.964ms
[2026-09-25T07:51:02.299+0000][185.167s][info][gc,cpu         ] GC(60) User=0.53s Sys=0.01s Real=0.14s
[2026-09-25T07:51:05.670+0000][188.538s][info][gc,start       ] GC(61) Pause Young (Allocation Failure)
[2026-09-25T07:51:05.853+0000][188.722s][info][gc,heap        ] GC(61) PSYoungGen: 3242417K(3331072K)->54385K(3347456K) Eden: 3189248K(3189248K)->0K(3214336K) From: 53169K(141824K)->54385K(133120K)
[2026-09-25T07:51:05.854+0000][188.722s][info][gc,heap        ] GC(61) ParOldGen: 3606877K(3607040K)->3624396K(3624448K)
[2026-09-25T07:51:05.854+0000][188.722s][info][gc,metaspace   ] GC(61) Metaspace: 166655K(168448K)->166655K(168448K) NonClass: 140114K(141120K)->140114K(141120K) Class: 26540K(27328K)->26540K(27328K)
[2026-09-25T07:51:05.854+0000][188.722s][info][gc             ] GC(61) Pause Young (Allocation Failure) 6688M->3592M(6808M) 184.030ms
[2026-09-25T07:51:05.854+0000][188.722s][info][gc,cpu         ] GC(61) User=0.72s Sys=0.01s Real=0.18s
[2026-09-25T07:51:09.234+0000][192.103s][info][gc,start       ] GC(62) Pause Young (Allocation Failure)
[2026-09-25T07:51:09.368+0000][192.237s][info][gc,heap        ] GC(62) PSYoungGen: 3268721K(3347456K)->56193K(3344384K) Eden: 3214336K(3214336K)->0K(3214336K) From: 54385K(133120K)->56193K(130048K)
[2026-09-25T07:51:09.368+0000][192.237s][info][gc,heap        ] GC(62) ParOldGen: 3624396K(3624448K)->3642357K(3642368K)
[2026-09-25T07:51:09.368+0000][192.237s][info][gc,metaspace   ] GC(62) Metaspace: 166675K(168448K)->166675K(168448K) NonClass: 140133K(141120K)->140133K(141120K) Class: 26541K(27328K)->26541K(27328K)
[2026-09-25T07:51:09.368+0000][192.237s][info][gc             ] GC(62) Pause Young (Allocation Failure) 6731M->3611M(6823M) 134.371ms
[2026-09-25T07:51:09.368+0000][192.237s][info][gc,cpu         ] GC(62) User=0.51s Sys=0.01s Real=0.14s
[2026-09-25T07:51:12.935+0000][195.804s][info][gc,start       ] GC(63) Pause Young (Allocation Failure)
[2026-09-25T07:51:13.067+0000][195.936s][info][gc,heap        ] GC(63) PSYoungGen: 3270529K(3344384K)->55505K(3359744K) Eden: 3214336K(3214336K)->0K(3236864K) From: 56193K(130048K)->55505K(122880K)
[2026-09-25T07:51:13.067+0000][195.936s][info][gc,heap        ] GC(63) ParOldGen: 3642357K(3642368K)->3662592K(3662848K)
[2026-09-25T07:51:13.067+0000][195.936s][info][gc,metaspace   ] GC(63) Metaspace: 166690K(168448K)->166690K(168448K) NonClass: 140148K(141120K)->140148K(141120K) Class: 26541K(27328K)->26541K(27328K)
[2026-09-25T07:51:13.067+0000][195.936s][info][gc             ] GC(63) Pause Young (Allocation Failure) 6750M->3630M(6858M) 132.302ms
[2026-09-25T07:51:13.067+0000][195.936s][info][gc,cpu         ] GC(63) User=0.51s Sys=0.02s Real=0.14s
[2026-09-25T07:51:16.542+0000][199.411s][info][gc,start       ] GC(64) Pause Young (Allocation Failure)
[2026-09-25T07:51:16.677+0000][199.546s][info][gc,heap        ] GC(64) PSYoungGen: 3292369K(3359744K)->53777K(3356160K) Eden: 3236864K(3236864K)->0K(3236864K) From: 55505K(122880K)->53777K(119296K)
[2026-09-25T07:51:16.677+0000][199.546s][info][gc,heap        ] GC(64) ParOldGen: 3662592K(3662848K)->3682848K(3683328K)
[2026-09-25T07:51:16.677+0000][199.546s][info][gc,metaspace   ] GC(64) Metaspace: 166751K(168512K)->166751K(168512K) NonClass: 140206K(141184K)->140206K(141184K) Class: 26544K(27328K)->26544K(27328K)
[2026-09-25T07:51:16.677+0000][199.546s][info][gc             ] GC(64) Pause Young (Allocation Failure) 6791M->3649M(6874M) 135.028ms
[2026-09-25T07:51:16.677+0000][199.546s][info][gc,cpu         ] GC(64) User=0.52s Sys=0.01s Real=0.14s
[2026-09-25T07:51:19.949+0000][202.817s][info][gc,start       ] GC(65) Pause Young (Allocation Failure)
[2026-09-25T07:51:20.083+0000][202.952s][info][gc,heap        ] GC(65) PSYoungGen: 3290641K(3356160K)->53201K(3371520K) Eden: 3236864K(3236864K)->0K(3256832K) From: 53777K(119296K)->53201K(114688K)
[2026-09-25T07:51:20.083+0000][202.952s][info][gc,heap        ] GC(65) ParOldGen: 3682848K(3683328K)->3700754K(3701248K)
[2026-09-25T07:51:20.083+0000][202.952s][info][gc,metaspace   ] GC(65) Metaspace: 166781K(168576K)->166781K(168576K) NonClass: 140237K(141248K)->140237K(141248K) Class: 26544K(27328K)->26544K(27328K)
[2026-09-25T07:51:20.083+0000][202.952s][info][gc             ] GC(65) Pause Young (Allocation Failure) 6810M->3665M(6907M) 134.609ms
[2026-09-25T07:51:20.083+0000][202.952s][info][gc,cpu         ] GC(65) User=0.51s Sys=0.02s Real=0.13s
[2026-09-25T07:51:23.735+0000][206.604s][info][gc,start       ] GC(66) Pause Young (Allocation Failure)
[2026-09-25T07:51:23.865+0000][206.733s][info][gc,heap        ] GC(66) PSYoungGen: 3310033K(3371520K)->52641K(3367424K) Eden: 3256832K(3256832K)->0K(3256832K) From: 53201K(114688K)->52641K(110592K)
[2026-09-25T07:51:23.865+0000][206.733s][info][gc,heap        ] GC(66) ParOldGen: 3700754K(3701248K)->3718145K(3718656K)
[2026-09-25T07:51:23.865+0000][206.733s][info][gc,metaspace   ] GC(66) Metaspace: 166818K(168576K)->166818K(168576K) NonClass: 140273K(141248K)->140273K(141248K) Class: 26544K(27328K)->26544K(27328K)
[2026-09-25T07:51:23.865+0000][206.733s][info][gc             ] GC(66) Pause Young (Allocation Failure) 6846M->3682M(6920M) 129.769ms
[2026-09-25T07:51:23.865+0000][206.733s][info][gc,cpu         ] GC(66) User=0.50s Sys=0.01s Real=0.13s
[2026-09-25T07:51:27.432+0000][210.301s][info][gc,start       ] GC(67) Pause Young (Allocation Failure)
[2026-09-25T07:51:27.567+0000][210.436s][info][gc,heap        ] GC(67) PSYoungGen: 3309473K(3367424K)->54513K(3380224K) Eden: 3256832K(3256832K)->0K(3273728K) From: 52641K(110592K)->54513K(106496K)
[2026-09-25T07:51:27.567+0000][210.436s][info][gc,heap        ] GC(67) ParOldGen: 3718145K(3718656K)->3735659K(3736064K)
[2026-09-25T07:51:27.567+0000][210.436s][info][gc,metaspace   ] GC(67) Metaspace: 166833K(168576K)->166833K(168576K) NonClass: 140289K(141248K)->140289K(141248K) Class: 26544K(27328K)->26544K(27328K)
[2026-09-25T07:51:27.567+0000][210.436s][info][gc             ] GC(67) Pause Young (Allocation Failure) 6862M->3701M(6949M) 135.006ms
[2026-09-25T07:51:27.567+0000][210.436s][info][gc,cpu         ] GC(67) User=0.52s Sys=0.01s Real=0.14s
[2026-09-25T07:51:31.310+0000][214.179s][info][gc,start       ] GC(68) Pause Young (Allocation Failure)
[2026-09-25T07:51:31.444+0000][214.312s][info][gc,heap        ] GC(68) PSYoungGen: 3328241K(3380224K)->51857K(3376640K) Eden: 3273728K(3273728K)->0K(3273728K) From: 54513K(106496K)->51857K(102912K)
[2026-09-25T07:51:31.444+0000][214.312s][info][gc,heap        ] GC(68) ParOldGen: 3735659K(3736064K)->3754621K(3755008K)
[2026-09-25T07:51:31.444+0000][214.312s][info][gc,metaspace   ] GC(68) Metaspace: 166850K(168576K)->166850K(168576K) NonClass: 140303K(141248K)->140303K(141248K) Class: 26546K(27328K)->26546K(27328K)
[2026-09-25T07:51:31.444+0000][214.312s][info][gc             ] GC(68) Pause Young (Allocation Failure) 6898M->3717M(6964M) 133.307ms
[2026-09-25T07:51:31.444+0000][214.312s][info][gc,cpu         ] GC(68) User=0.52s Sys=0.01s Real=0.13s
[2026-09-25T07:51:35.185+0000][218.054s][info][gc,start       ] GC(69) Pause Young (Allocation Failure)
[2026-09-25T07:51:35.322+0000][218.191s][info][gc,heap        ] GC(69) PSYoungGen: 3325585K(3376640K)->55537K(3388416K) Eden: 3273728K(3273728K)->0K(3289088K) From: 51857K(102912K)->55537K(99328K)
[2026-09-25T07:51:35.322+0000][218.191s][info][gc,heap        ] GC(69) ParOldGen: 3754621K(3755008K)->3771714K(3771904K)
[2026-09-25T07:51:35.322+0000][218.191s][info][gc,metaspace   ] GC(69) Metaspace: 166856K(168576K)->166856K(168576K) NonClass: 140309K(141248K)->140309K(141248K) Class: 26546K(27328K)->26546K(27328K)
[2026-09-25T07:51:35.322+0000][218.191s][info][gc             ] GC(69) Pause Young (Allocation Failure) 6914M->3737M(6992M) 136.919ms
[2026-09-25T07:51:35.322+0000][218.191s][info][gc,cpu         ] GC(69) User=0.51s Sys=0.02s Real=0.14s
[2026-09-25T07:51:38.946+0000][221.815s][info][gc,start       ] GC(70) Pause Young (Allocation Failure)
[2026-09-25T07:51:39.080+0000][221.948s][info][gc,heap        ] GC(70) PSYoungGen: 3344625K(3388416K)->52641K(3384832K) Eden: 3289088K(3289088K)->0K(3289088K) From: 55537K(99328K)->52641K(95744K)
[2026-09-25T07:51:39.080+0000][221.948s][info][gc,heap        ] GC(70) ParOldGen: 3771714K(3771904K)->3792898K(3793408K)
[2026-09-25T07:51:39.080+0000][221.948s][info][gc,metaspace   ] GC(70) Metaspace: 166881K(168640K)->166881K(168640K) NonClass: 140330K(141312K)->140330K(141312K) Class: 26550K(27328K)->26550K(27328K)
[2026-09-25T07:51:39.080+0000][221.948s][info][gc             ] GC(70) Pause Young (Allocation Failure) 6949M->3755M(7010M) 133.647ms
[2026-09-25T07:51:39.080+0000][221.948s][info][gc,cpu         ] GC(70) User=0.51s Sys=0.02s Real=0.13s
[2026-09-25T07:51:42.699+0000][225.568s][info][gc,start       ] GC(71) Pause Young (Allocation Failure)
[2026-09-25T07:51:42.831+0000][225.699s][info][gc,heap        ] GC(71) PSYoungGen: 3341729K(3384832K)->50721K(3394560K) Eden: 3289088K(3289088K)->0K(3301888K) From: 52641K(95744K)->50721K(92672K)
[2026-09-25T07:51:42.831+0000][225.699s][info][gc,heap        ] GC(71) ParOldGen: 3792898K(3793408K)->3810732K(3810816K)
[2026-09-25T07:51:42.831+0000][225.699s][info][gc,metaspace   ] GC(71) Metaspace: 166888K(168640K)->166888K(168640K) NonClass: 140338K(141312K)->140338K(141312K) Class: 26550K(27328K)->26550K(27328K)
[2026-09-25T07:51:42.831+0000][225.699s][info][gc             ] GC(71) Pause Young (Allocation Failure) 6967M->3770M(7036M) 131.179ms
[2026-09-25T07:51:42.831+0000][225.699s][info][gc,cpu         ] GC(71) User=0.50s Sys=0.02s Real=0.13s
[2026-09-25T07:51:46.577+0000][229.446s][info][gc,start       ] GC(72) Pause Young (Allocation Failure)
[2026-09-25T07:51:46.736+0000][229.605s][info][gc,heap        ] GC(72) PSYoungGen: 3352609K(3394560K)->57377K(3392512K) Eden: 3301888K(3301888K)->0K(3301888K) From: 50721K(92672K)->57377K(90624K)
[2026-09-25T07:51:46.736+0000][229.605s][info][gc,heap        ] GC(72) ParOldGen: 3810732K(3810816K)->3826978K(3827200K)
[2026-09-25T07:51:46.736+0000][229.605s][info][gc,metaspace   ] GC(72) Metaspace: 166924K(168640K)->166924K(168640K) NonClass: 140373K(141312K)->140373K(141312K) Class: 26550K(27328K)->26550K(27328K)
[2026-09-25T07:51:46.736+0000][229.605s][info][gc             ] GC(72) Pause Young (Allocation Failure) 6995M->3793M(7050M) 158.767ms
[2026-09-25T07:51:46.736+0000][229.605s][info][gc,cpu         ] GC(72) User=0.56s Sys=0.04s Real=0.16s
[2026-09-25T07:51:50.373+0000][233.241s][info][gc,start       ] GC(73) Pause Young (Allocation Failure)
[2026-09-25T07:51:50.510+0000][233.379s][info][gc,heap        ] GC(73) PSYoungGen: 3359265K(3392512K)->53137K(3401728K) Eden: 3301888K(3301888K)->0K(3314176K) From: 57377K(90624K)->53137K(87552K)
[2026-09-25T07:51:50.511+0000][233.379s][info][gc,heap        ] GC(73) ParOldGen: 3826978K(3827200K)->3849040K(3849216K)
[2026-09-25T07:51:50.511+0000][233.379s][info][gc,metaspace   ] GC(73) Metaspace: 166941K(168640K)->166941K(168640K) NonClass: 140390K(141312K)->140390K(141312K) Class: 26550K(27328K)->26550K(27328K)
[2026-09-25T07:51:50.511+0000][233.379s][info][gc             ] GC(73) Pause Young (Allocation Failure) 7017M->3810M(7081M) 137.730ms
[2026-09-25T07:51:50.511+0000][233.379s][info][gc,cpu         ] GC(73) User=0.53s Sys=0.02s Real=0.14s
[2026-09-25T07:51:54.383+0000][237.251s][info][gc,start       ] GC(74) Pause Young (Allocation Failure)
[2026-09-25T07:51:54.514+0000][237.382s][info][gc,heap        ] GC(74) PSYoungGen: 3367313K(3401728K)->52529K(3399168K) Eden: 3314176K(3314176K)->0K(3314176K) From: 53137K(87552K)->52529K(84992K)
[2026-09-25T07:51:54.514+0000][237.382s][info][gc,heap        ] GC(74) ParOldGen: 3849040K(3849216K)->3866414K(3866624K)
[2026-09-25T07:51:54.514+0000][237.382s][info][gc,metaspace   ] GC(74) Metaspace: 166953K(168704K)->166953K(168704K) NonClass: 140403K(141376K)->140403K(141376K) Class: 26550K(27328K)->26550K(27328K)
[2026-09-25T07:51:54.514+0000][237.382s][info][gc             ] GC(74) Pause Young (Allocation Failure) 7047M->3827M(7095M) 130.988ms
[2026-09-25T07:51:54.514+0000][237.382s][info][gc,cpu         ] GC(74) User=0.50s Sys=0.01s Real=0.13s
[2026-09-25T07:51:58.503+0000][241.372s][info][gc,start       ] GC(75) Pause Young (Allocation Failure)
[2026-09-25T07:51:58.638+0000][241.507s][info][gc,heap        ] GC(75) PSYoungGen: 3366705K(3399168K)->54497K(3406848K) Eden: 3314176K(3314176K)->0K(3324416K) From: 52529K(84992K)->54497K(82432K)
[2026-09-25T07:51:58.638+0000][241.507s][info][gc,heap        ] GC(75) ParOldGen: 3866414K(3866624K)->3883259K(3883520K)
[2026-09-25T07:51:58.638+0000][241.507s][info][gc,metaspace   ] GC(75) Metaspace: 166958K(168704K)->166958K(168704K) NonClass: 140407K(141376K)->140407K(141376K) Class: 26550K(27328K)->26550K(27328K)
[2026-09-25T07:51:58.638+0000][241.507s][info][gc             ] GC(75) Pause Young (Allocation Failure) 7063M->3845M(7119M) 135.136ms
[2026-09-25T07:51:58.638+0000][241.507s][info][gc,cpu         ] GC(75) User=0.51s Sys=0.03s Real=0.14s
[2026-09-25T07:52:02.487+0000][245.356s][info][gc,start       ] GC(76) Pause Young (Allocation Failure)
[2026-09-25T07:52:02.623+0000][245.491s][info][gc,heap        ] GC(76) PSYoungGen: 3378913K(3406848K)->54448K(3404800K) Eden: 3324416K(3324416K)->0K(3324416K) From: 54497K(82432K)->54448K(80384K)
[2026-09-25T07:52:02.623+0000][245.491s][info][gc,heap        ] GC(76) ParOldGen: 3883259K(3883520K)->3902886K(3902976K)
[2026-09-25T07:52:02.623+0000][245.491s][info][gc,metaspace   ] GC(76) Metaspace: 166984K(168704K)->166984K(168704K) NonClass: 140432K(141376K)->140432K(141376K) Class: 26552K(27328K)->26552K(27328K)
[2026-09-25T07:52:02.623+0000][245.491s][info][gc             ] GC(76) Pause Young (Allocation Failure) 7091M->3864M(7136M) 135.634ms
[2026-09-25T07:52:02.623+0000][245.491s][info][gc,cpu         ] GC(76) User=0.53s Sys=0.02s Real=0.13s
[2026-09-25T07:52:06.697+0000][249.566s][info][gc,start       ] GC(77) Pause Young (Allocation Failure)
[2026-09-25T07:52:06.836+0000][249.705s][info][gc,heap        ] GC(77) PSYoungGen: 3378864K(3404800K)->59601K(3410432K) Eden: 3324416K(3324416K)->0K(3332608K) From: 54448K(80384K)->59601K(77824K)
[2026-09-25T07:52:06.836+0000][249.705s][info][gc,heap        ] GC(77) ParOldGen: 3902886K(3902976K)->3922296K(3922432K)
[2026-09-25T07:52:06.836+0000][249.705s][info][gc,metaspace   ] GC(77) Metaspace: 167003K(168704K)->167003K(168704K) NonClass: 140450K(141376K)->140450K(141376K) Class: 26552K(27328K)->26552K(27328K)
[2026-09-25T07:52:06.836+0000][249.705s][info][gc             ] GC(77) Pause Young (Allocation Failure) 7111M->3888M(7161M) 138.437ms
[2026-09-25T07:52:06.836+0000][249.705s][info][gc,cpu         ] GC(77) User=0.53s Sys=0.02s Real=0.14s
[2026-09-25T07:52:10.906+0000][253.775s][info][gc,start       ] GC(78) Pause Young (Allocation Failure)
[2026-09-25T07:52:11.055+0000][253.923s][info][gc,heap        ] GC(78) PSYoungGen: 3392209K(3410432K)->58753K(3409920K) Eden: 3332608K(3332608K)->0K(3332608K) From: 59601K(77824K)->58753K(77312K)
[2026-09-25T07:52:11.055+0000][253.923s][info][gc,heap        ] GC(78) ParOldGen: 3922296K(3922432K)->3946234K(3946496K)
[2026-09-25T07:52:11.055+0000][253.924s][info][gc,metaspace   ] GC(78) Metaspace: 167012K(168832K)->167012K(168832K) NonClass: 140458K(141504K)->140458K(141504K) Class: 26553K(27328K)->26553K(27328K)
[2026-09-25T07:52:11.055+0000][253.924s][info][gc             ] GC(78) Pause Young (Allocation Failure) 7143M->3911M(7184M) 148.354ms
[2026-09-25T07:52:11.055+0000][253.924s][info][gc,cpu         ] GC(78) User=0.56s Sys=0.02s Real=0.14s
[2026-09-25T07:52:15.019+0000][257.888s][info][gc,start       ] GC(79) Pause Young (Allocation Failure)
[2026-09-25T07:52:15.155+0000][258.024s][info][gc,heap        ] GC(79) PSYoungGen: 3391361K(3409920K)->56865K(3415040K) Eden: 3332608K(3332608K)->0K(3341312K) From: 58753K(77312K)->56865K(73728K)
[2026-09-25T07:52:15.155+0000][258.024s][info][gc,heap        ] GC(79) ParOldGen: 3946234K(3946496K)->3970193K(3970560K)
[2026-09-25T07:52:15.155+0000][258.024s][info][gc,metaspace   ] GC(79) Metaspace: 167031K(168832K)->167031K(168832K) NonClass: 140475K(141504K)->140475K(141504K) Class: 26555K(27328K)->26555K(27328K)
[2026-09-25T07:52:15.155+0000][258.024s][info][gc             ] GC(79) Pause Young (Allocation Failure) 7165M->3932M(7212M) 135.957ms
[2026-09-25T07:52:15.155+0000][258.024s][info][gc,cpu         ] GC(79) User=0.53s Sys=0.02s Real=0.14s
[2026-09-25T07:52:19.167+0000][262.036s][info][gc,start       ] GC(80) Pause Young (Allocation Failure)
[2026-09-25T07:52:19.307+0000][262.175s][info][gc,heap        ] GC(80) PSYoungGen: 3398177K(3415040K)->59521K(3415552K) Eden: 3341312K(3341312K)->0K(3341312K) From: 56865K(73728K)->59521K(74240K)
[2026-09-25T07:52:19.307+0000][262.175s][info][gc,heap        ] GC(80) ParOldGen: 3970193K(3970560K)->3992503K(3992576K)
[2026-09-25T07:52:19.307+0000][262.175s][info][gc,metaspace   ] GC(80) Metaspace: 167035K(168832K)->167035K(168832K) NonClass: 140479K(141504K)->140479K(141504K) Class: 26555K(27328K)->26555K(27328K)
[2026-09-25T07:52:19.307+0000][262.175s][info][gc             ] GC(80) Pause Young (Allocation Failure) 7195M->3957M(7234M) 139.470ms
[2026-09-25T07:52:19.307+0000][262.175s][info][gc,cpu         ] GC(80) User=0.54s Sys=0.02s Real=0.14s
[2026-09-25T07:52:23.213+0000][266.082s][info][gc,start       ] GC(81) Pause Young (Allocation Failure)
[2026-09-25T07:52:23.349+0000][266.218s][info][gc,heap        ] GC(81) PSYoungGen: 3400833K(3415552K)->54177K(3418624K) Eden: 3341312K(3341312K)->0K(3346944K) From: 59521K(74240K)->54177K(71680K)
[2026-09-25T07:52:23.349+0000][266.218s][info][gc,heap        ] GC(81) ParOldGen: 3992503K(3992576K)->4016958K(4017152K)
[2026-09-25T07:52:23.349+0000][266.218s][info][gc,metaspace   ] GC(81) Metaspace: 167089K(168896K)->167089K(168896K) NonClass: 140528K(141568K)->140528K(141568K) Class: 26560K(27328K)->26560K(27328K)
[2026-09-25T07:52:23.349+0000][266.218s][info][gc             ] GC(81) Pause Young (Allocation Failure) 7220M->3975M(7261M) 136.096ms
[2026-09-25T07:52:23.349+0000][266.218s][info][gc,cpu         ] GC(81) User=0.52s Sys=0.02s Real=0.14s
[2026-09-25T07:52:27.379+0000][270.248s][info][gc,start       ] GC(82) Pause Young (Allocation Failure)
[2026-09-25T07:52:27.522+0000][270.391s][info][gc,heap        ] GC(82) PSYoungGen: 3401121K(3418624K)->55793K(3419648K) Eden: 3346944K(3346944K)->0K(3346944K) From: 54177K(71680K)->55793K(72704K)
[2026-09-25T07:52:27.523+0000][270.391s][info][gc,heap        ] GC(82) ParOldGen: 4016958K(4017152K)->4036033K(4036096K)
[2026-09-25T07:52:27.523+0000][270.391s][info][gc,metaspace   ] GC(82) Metaspace: 167096K(168896K)->167096K(168896K) NonClass: 140536K(141568K)->140536K(141568K) Class: 26560K(27328K)->26560K(27328K)
[2026-09-25T07:52:27.523+0000][270.391s][info][gc             ] GC(82) Pause Young (Allocation Failure) 7244M->3995M(7281M) 143.067ms
[2026-09-25T07:52:27.523+0000][270.391s][info][gc,cpu         ] GC(82) User=0.54s Sys=0.02s Real=0.14s
[2026-09-25T07:52:31.633+0000][274.501s][info][gc,start       ] GC(83) Pause Young (Allocation Failure)
[2026-09-25T07:52:31.784+0000][274.653s][info][gc,heap        ] GC(83) PSYoungGen: 3402737K(3419648K)->54753K(3420672K) Eden: 3346944K(3346944K)->0K(3351040K) From: 55793K(72704K)->54753K(69632K)
[2026-09-25T07:52:31.784+0000][274.653s][info][gc,heap        ] GC(83) ParOldGen: 4036033K(4036096K)->4056674K(4057088K)
[2026-09-25T07:52:31.784+0000][274.653s][info][gc,metaspace   ] GC(83) Metaspace: 167158K(168896K)->167158K(168896K) NonClass: 140597K(141568K)->140597K(141568K) Class: 26560K(27328K)->26560K(27328K)
[2026-09-25T07:52:31.784+0000][274.653s][info][gc             ] GC(83) Pause Young (Allocation Failure) 7264M->4015M(7302M) 151.464ms
[2026-09-25T07:52:31.784+0000][274.653s][info][gc,cpu         ] GC(83) User=0.54s Sys=0.04s Real=0.15s
[2026-09-25T07:52:35.790+0000][278.659s][info][gc,start       ] GC(84) Pause Young (Allocation Failure)
[2026-09-25T07:52:35.941+0000][278.810s][info][gc,heap        ] GC(84) PSYoungGen: 3405793K(3420672K)->55649K(3421184K) Eden: 3351040K(3351040K)->0K(3351040K) From: 54753K(69632K)->55649K(70144K)
[2026-09-25T07:52:35.941+0000][278.810s][info][gc,heap        ] GC(84) ParOldGen: 4056674K(4057088K)->4076205K(4076544K)
[2026-09-25T07:52:35.941+0000][278.810s][info][gc,metaspace   ] GC(84) Metaspace: 167175K(168960K)->167175K(168960K) NonClass: 140614K(141632K)->140614K(141632K) Class: 26561K(27328K)->26561K(27328K)
[2026-09-25T07:52:35.941+0000][278.810s][info][gc             ] GC(84) Pause Young (Allocation Failure) 7287M->4035M(7322M) 150.638ms
[2026-09-25T07:52:35.941+0000][278.810s][info][gc,cpu         ] GC(84) User=0.54s Sys=0.05s Real=0.15s
[2026-09-25T07:52:40.073+0000][282.942s][info][gc,start       ] GC(85) Pause Young (Allocation Failure)
[2026-09-25T07:52:40.210+0000][283.078s][info][gc,heap        ] GC(85) PSYoungGen: 3406689K(3421184K)->56241K(3423744K) Eden: 3351040K(3351040K)->0K(3356160K) From: 55649K(70144K)->56241K(67584K)
[2026-09-25T07:52:40.210+0000][283.078s][info][gc,heap        ] GC(85) ParOldGen: 4076205K(4076544K)->4096983K(4097024K)
[2026-09-25T07:52:40.210+0000][283.078s][info][gc,metaspace   ] GC(85) Metaspace: 167179K(168960K)->167179K(168960K) NonClass: 140618K(141632K)->140618K(141632K) Class: 26561K(27328K)->26561K(27328K)
[2026-09-25T07:52:40.210+0000][283.078s][info][gc             ] GC(85) Pause Young (Allocation Failure) 7307M->4055M(7344M) 136.625ms
[2026-09-25T07:52:40.210+0000][283.078s][info][gc,cpu         ] GC(85) User=0.54s Sys=0.01s Real=0.14s
[2026-09-25T07:52:44.294+0000][287.163s][info][gc,start       ] GC(86) Pause Young (Allocation Failure)
[2026-09-25T07:52:44.426+0000][287.294s][info][gc,heap        ] GC(86) PSYoungGen: 3412401K(3423744K)->51153K(3423744K) Eden: 3356160K(3356160K)->0K(3356160K) From: 56241K(67584K)->51153K(67584K)
[2026-09-25T07:52:44.426+0000][287.295s][info][gc,heap        ] GC(86) ParOldGen: 4096983K(4097024K)->4118654K(4119040K)
[2026-09-25T07:52:44.426+0000][287.295s][info][gc,metaspace   ] GC(86) Metaspace: 167185K(168960K)->167185K(168960K) NonClass: 140624K(141632K)->140624K(141632K) Class: 26561K(27328K)->26561K(27328K)
[2026-09-25T07:52:44.426+0000][287.295s][info][gc             ] GC(86) Pause Young (Allocation Failure) 7333M->4072M(7366M) 131.881ms
[2026-09-25T07:52:44.426+0000][287.295s][info][gc,cpu         ] GC(86) User=0.51s Sys=0.02s Real=0.14s
[2026-09-25T07:52:48.777+0000][291.646s][info][gc,start       ] GC(87) Pause Young (Allocation Failure)
[2026-09-25T07:52:48.913+0000][291.782s][info][gc,heap        ] GC(87) PSYoungGen: 3407313K(3423744K)->57185K(3426816K) Eden: 3356160K(3356160K)->0K(3360256K) From: 51153K(67584K)->57185K(66560K)
[2026-09-25T07:52:48.913+0000][291.782s][info][gc,heap        ] GC(87) ParOldGen: 4118654K(4119040K)->4135655K(4135936K)
[2026-09-25T07:52:48.913+0000][291.782s][info][gc,metaspace   ] GC(87) Metaspace: 167240K(168960K)->167240K(168960K) NonClass: 140678K(141632K)->140678K(141632K) Class: 26561K(27328K)->26561K(27328K)
[2026-09-25T07:52:48.913+0000][291.782s][info][gc             ] GC(87) Pause Young (Allocation Failure) 7349M->4094M(7385M) 136.060ms
[2026-09-25T07:52:48.913+0000][291.782s][info][gc,cpu         ] GC(87) User=0.53s Sys=0.01s Real=0.13s
[2026-09-25T07:52:53.032+0000][295.901s][info][gc,start       ] GC(88) Pause Young (Allocation Failure)
[2026-09-25T07:52:53.168+0000][296.037s][info][gc,heap        ] GC(88) PSYoungGen: 3417441K(3426816K)->52625K(3426816K) Eden: 3360256K(3360256K)->0K(3360256K) From: 57185K(66560K)->52625K(66560K)
[2026-09-25T07:52:53.168+0000][296.037s][info][gc,heap        ] GC(88) ParOldGen: 4135655K(4135936K)->4158104K(4158464K)
[2026-09-25T07:52:53.168+0000][296.037s][info][gc,metaspace   ] GC(88) Metaspace: 167250K(169024K)->167250K(169024K) NonClass: 140687K(141696K)->140687K(141696K) Class: 26562K(27328K)->26562K(27328K)
[2026-09-25T07:52:53.168+0000][296.037s][info][gc             ] GC(88) Pause Young (Allocation Failure) 7376M->4112M(7407M) 135.731ms
[2026-09-25T07:52:53.168+0000][296.037s][info][gc,cpu         ] GC(88) User=0.51s Sys=0.02s Real=0.14s
[2026-09-25T07:52:57.671+0000][300.540s][info][gc,start       ] GC(89) Pause Young (Allocation Failure)
[2026-09-25T07:52:57.808+0000][300.677s][info][gc,heap        ] GC(89) PSYoungGen: 3412881K(3426816K)->53345K(3427840K) Eden: 3360256K(3360256K)->0K(3362304K) From: 52625K(66560K)->53345K(65536K)
[2026-09-25T07:52:57.808+0000][300.677s][info][gc,heap        ] GC(89) ParOldGen: 4158104K(4158464K)->4176626K(4176896K)
[2026-09-25T07:52:57.808+0000][300.677s][info][gc,metaspace   ] GC(89) Metaspace: 167266K(169024K)->167266K(169024K) NonClass: 140703K(141696K)->140703K(141696K) Class: 26563K(27328K)->26563K(27328K)
[2026-09-25T07:52:57.808+0000][300.677s][info][gc             ] GC(89) Pause Young (Allocation Failure) 7393M->4130M(7426M) 136.941ms
[2026-09-25T07:52:57.808+0000][300.677s][info][gc,cpu         ] GC(89) User=0.52s Sys=0.01s Real=0.14s
[2026-09-25T07:53:01.223+0000][304.092s][info][gc,start       ] GC(90) Pause Young (CodeCache GC Threshold)
[2026-09-25T07:53:01.356+0000][304.225s][info][gc,heap        ] GC(90) PSYoungGen: 2924025K(3427840K)->56977K(3419648K) Eden: 2870680K(3362304K)->0K(3362304K) From: 53345K(65536K)->56977K(57344K)
[2026-09-25T07:53:01.356+0000][304.225s][info][gc,heap        ] GC(90) ParOldGen: 4176626K(4176896K)->4196199K(4196352K)
[2026-09-25T07:53:01.356+0000][304.225s][info][gc,metaspace   ] GC(90) Metaspace: 167288K(169024K)->167288K(169024K) NonClass: 140723K(141696K)->140723K(141696K) Class: 26565K(27328K)->26565K(27328K)
[2026-09-25T07:53:01.356+0000][304.225s][info][gc             ] GC(90) Pause Young (CodeCache GC Threshold) 6934M->4153M(7437M) 132.679ms
[2026-09-25T07:53:01.356+0000][304.225s][info][gc,cpu         ] GC(90) User=0.51s Sys=0.01s Real=0.14s
[2026-09-25T07:53:01.356+0000][304.225s][info][gc,start       ] GC(91) Pause Full (CodeCache GC Threshold)
[2026-09-25T07:53:01.356+0000][304.225s][info][gc,phases,start] GC(91) Marking Phase
[2026-09-25T07:53:02.493+0000][305.362s][info][gc,phases      ] GC(91) Marking Phase 1136.843ms
[2026-09-25T07:53:02.493+0000][305.362s][info][gc,phases,start] GC(91) Summary Phase
[2026-09-25T07:53:02.493+0000][305.362s][info][gc,phases      ] GC(91) Summary Phase 0.094ms
[2026-09-25T07:53:02.493+0000][305.362s][info][gc,phases,start] GC(91) Adjust Roots
[2026-09-25T07:53:02.515+0000][305.384s][info][gc,phases      ] GC(91) Adjust Roots 21.926ms
[2026-09-25T07:53:02.515+0000][305.384s][info][gc,phases,start] GC(91) Compaction Phase
[2026-09-25T07:53:03.977+0000][306.846s][info][gc,phases      ] GC(91) Compaction Phase 1462.221ms
[2026-09-25T07:53:03.977+0000][306.846s][info][gc,phases,start] GC(91) Post Compact
[2026-09-25T07:53:03.982+0000][306.850s][info][gc,phases      ] GC(91) Post Compact 4.127ms
[2026-09-25T07:53:03.982+0000][306.850s][info][gc,heap        ] GC(91) PSYoungGen: 56977K(3419648K)->0K(3419648K) Eden: 0K(3362304K)->0K(3362304K) From: 56977K(57344K)->0K(57344K)
[2026-09-25T07:53:03.982+0000][306.850s][info][gc,heap        ] GC(91) ParOldGen: 4196199K(4196352K)->3532314K(4196352K)
[2026-09-25T07:53:03.982+0000][306.850s][info][gc,metaspace   ] GC(91) Metaspace: 167288K(169024K)->167288K(169024K) NonClass: 140723K(141696K)->140723K(141696K) Class: 26565K(27328K)->26565K(27328K)
[2026-09-25T07:53:03.982+0000][306.850s][info][gc             ] GC(91) Pause Full (CodeCache GC Threshold) 4153M->3449M(7437M) 2625.396ms
[2026-09-25T07:53:03.982+0000][306.850s][info][gc,cpu         ] GC(91) User=9.67s Sys=0.07s Real=2.62s
[2026-09-25T07:53:08.321+0000][311.190s][info][gc,start       ] GC(92) Pause Young (Allocation Failure)
[2026-09-25T07:53:08.516+0000][311.385s][info][gc,heap        ] GC(92) PSYoungGen: 3362304K(3419648K)->62945K(3425280K) Eden: 3362304K(3362304K)->0K(3360256K) From: 0K(57344K)->62945K(65024K)
[2026-09-25T07:53:08.516+0000][311.385s][info][gc,heap        ] GC(92) ParOldGen: 3532314K(4196352K)->3532314K(4196352K)
[2026-09-25T07:53:08.516+0000][311.385s][info][gc,metaspace   ] GC(92) Metaspace: 167295K(169024K)->167295K(169024K) NonClass: 140730K(141696K)->140730K(141696K) Class: 26565K(27328K)->26565K(27328K)
[2026-09-25T07:53:08.516+0000][311.385s][info][gc             ] GC(92) Pause Young (Allocation Failure) 6733M->3510M(7443M) 195.374ms
[2026-09-25T07:53:08.516+0000][311.385s][info][gc,cpu         ] GC(92) User=0.77s Sys=0.00s Real=0.20s
[2026-09-25T07:53:12.916+0000][315.784s][info][gc,start       ] GC(93) Pause Young (Allocation Failure)
[2026-09-25T07:53:13.045+0000][315.914s][info][gc,heap        ] GC(93) PSYoungGen: 3423201K(3425280K)->59169K(3427328K) Eden: 3360256K(3360256K)->0K(3360256K) From: 62945K(65024K)->59169K(67072K)
[2026-09-25T07:53:13.045+0000][315.914s][info][gc,heap        ] GC(93) ParOldGen: 3532314K(4196352K)->3560341K(4196352K)
[2026-09-25T07:53:13.045+0000][315.914s][info][gc,metaspace   ] GC(93) Metaspace: 167310K(169024K)->167310K(169024K) NonClass: 140743K(141696K)->140743K(141696K) Class: 26566K(27328K)->26566K(27328K)
[2026-09-25T07:53:13.045+0000][315.914s][info][gc             ] GC(93) Pause Young (Allocation Failure) 6792M->3534M(7445M) 129.291ms
[2026-09-25T07:53:13.045+0000][315.914s][info][gc,cpu         ] GC(93) User=0.52s Sys=0.00s Real=0.12s
[2026-09-25T07:53:17.338+0000][320.206s][info][gc,start       ] GC(94) Pause Young (Allocation Failure)
[2026-09-25T07:53:17.469+0000][320.338s][info][gc,heap        ] GC(94) PSYoungGen: 3419425K(3427328K)->58577K(3426816K) Eden: 3360256K(3360256K)->0K(3360768K) From: 59169K(67072K)->58577K(66048K)
[2026-09-25T07:53:17.469+0000][320.338s][info][gc,heap        ] GC(94) ParOldGen: 3560341K(4196352K)->3585436K(4196352K)
[2026-09-25T07:53:17.469+0000][320.338s][info][gc,metaspace   ] GC(94) Metaspace: 167352K(169088K)->167352K(169088K) NonClass: 140777K(141760K)->140777K(141760K) Class: 26575K(27328K)->26575K(27328K)
[2026-09-25T07:53:17.469+0000][320.338s][info][gc             ] GC(94) Pause Young (Allocation Failure) 6816M->3558M(7444M) 131.666ms
[2026-09-25T07:53:17.469+0000][320.338s][info][gc,cpu         ] GC(94) User=0.53s Sys=0.00s Real=0.13s
[2026-09-25T07:53:21.768+0000][324.637s][info][gc,start       ] GC(95) Pause Young (Allocation Failure)
[2026-09-25T07:53:21.896+0000][324.764s][info][gc,heap        ] GC(95) PSYoungGen: 3419345K(3426816K)->55841K(3427328K) Eden: 3360768K(3360768K)->0K(3360768K) From: 58577K(66048K)->55841K(66560K)
[2026-09-25T07:53:21.896+0000][324.765s][info][gc,heap        ] GC(95) ParOldGen: 3585436K(4196352K)->3609054K(4196352K)
[2026-09-25T07:53:21.896+0000][324.765s][info][gc,metaspace   ] GC(95) Metaspace: 167375K(169088K)->167375K(169088K) NonClass: 140800K(141760K)->140800K(141760K) Class: 26575K(27328K)->26575K(27328K)
[2026-09-25T07:53:21.896+0000][324.765s][info][gc             ] GC(95) Pause Young (Allocation Failure) 6840M->3578M(7445M) 127.998ms
[2026-09-25T07:53:21.896+0000][324.765s][info][gc,cpu         ] GC(95) User=0.51s Sys=0.00s Real=0.13s
[2026-09-25T07:53:26.425+0000][329.294s][info][gc,start       ] GC(96) Pause Young (Allocation Failure)
[2026-09-25T07:53:26.557+0000][329.426s][info][gc,heap        ] GC(96) PSYoungGen: 3416609K(3427328K)->55792K(3426304K) Eden: 3360768K(3360768K)->0K(3362304K) From: 55841K(66560K)->55792K(64000K)
[2026-09-25T07:53:26.557+0000][329.426s][info][gc,heap        ] GC(96) ParOldGen: 3609054K(4196352K)->3630367K(4196352K)
[2026-09-25T07:53:26.557+0000][329.426s][info][gc,metaspace   ] GC(96) Metaspace: 167401K(169152K)->167401K(169152K) NonClass: 140825K(141824K)->140825K(141824K) Class: 26575K(27328K)->26575K(27328K)
[2026-09-25T07:53:26.557+0000][329.426s][info][gc             ] GC(96) Pause Young (Allocation Failure) 6860M->3599M(7444M) 132.107ms
[2026-09-25T07:53:26.557+0000][329.426s][info][gc,cpu         ] GC(96) User=0.51s Sys=0.01s Real=0.14s
[2026-09-25T07:53:31.110+0000][333.978s][info][gc,start       ] GC(97) Pause Young (Allocation Failure)
[2026-09-25T07:53:31.262+0000][334.130s][info][gc,heap        ] GC(97) PSYoungGen: 3418096K(3426304K)->57633K(3427328K) Eden: 3362304K(3362304K)->0K(3362304K) From: 55792K(64000K)->57633K(65024K)
[2026-09-25T07:53:31.262+0000][334.130s][info][gc,heap        ] GC(97) ParOldGen: 3630367K(4196352K)->3650308K(4196352K)
[2026-09-25T07:53:31.262+0000][334.130s][info][gc,metaspace   ] GC(97) Metaspace: 167403K(169152K)->167403K(169152K) NonClass: 140827K(141824K)->140827K(141824K) Class: 26575K(27328K)->26575K(27328K)
[2026-09-25T07:53:31.262+0000][334.130s][info][gc             ] GC(97) Pause Young (Allocation Failure) 6883M->3621M(7445M) 152.028ms
[2026-09-25T07:53:31.262+0000][334.130s][info][gc,cpu         ] GC(97) User=0.55s Sys=0.05s Real=0.15s
[2026-09-25T07:53:36.035+0000][338.904s][info][gc,start       ] GC(98) Pause Young (Allocation Failure)
[2026-09-25T07:53:36.164+0000][339.032s][info][gc,heap        ] GC(98) PSYoungGen: 3419937K(3427328K)->55281K(3428352K) Eden: 3362304K(3362304K)->0K(3365376K) From: 57633K(65024K)->55281K(62976K)
[2026-09-25T07:53:36.164+0000][339.032s][info][gc,heap        ] GC(98) ParOldGen: 3650308K(4196352K)->3673766K(4196352K)
[2026-09-25T07:53:36.164+0000][339.032s][info][gc,metaspace   ] GC(98) Metaspace: 167428K(169152K)->167428K(169152K) NonClass: 140852K(141824K)->140852K(141824K) Class: 26575K(27328K)->26575K(27328K)
[2026-09-25T07:53:36.164+0000][339.032s][info][gc             ] GC(98) Pause Young (Allocation Failure) 6904M->3641M(7446M) 128.155ms
[2026-09-25T07:53:36.164+0000][339.032s][info][gc,cpu         ] GC(98) User=0.51s Sys=0.00s Real=0.12s
[2026-09-25T07:53:40.839+0000][343.707s][info][gc,start       ] GC(99) Pause Young (Allocation Failure)
[2026-09-25T07:53:40.968+0000][343.837s][info][gc,heap        ] GC(99) PSYoungGen: 3420657K(3428352K)->53729K(3429376K) Eden: 3365376K(3365376K)->0K(3365376K) From: 55281K(62976K)->53729K(64000K)
[2026-09-25T07:53:40.968+0000][343.837s][info][gc,heap        ] GC(99) ParOldGen: 3673766K(4196352K)->3694707K(4196352K)
[2026-09-25T07:53:40.968+0000][343.837s][info][gc,metaspace   ] GC(99) Metaspace: 167433K(169152K)->167433K(169152K) NonClass: 140857K(141824K)->140857K(141824K) Class: 26575K(27328K)->26575K(27328K)
[2026-09-25T07:53:40.968+0000][343.837s][info][gc             ] GC(99) Pause Young (Allocation Failure) 6928M->3660M(7447M) 129.707ms
[2026-09-25T07:53:40.968+0000][343.837s][info][gc,cpu         ] GC(99) User=0.51s Sys=0.00s Real=0.13s
[2026-09-25T07:53:45.657+0000][348.526s][info][gc,start       ] GC(100) Pause Young (Allocation Failure)
[2026-09-25T07:53:45.784+0000][348.653s][info][gc,heap        ] GC(100) PSYoungGen: 3419105K(3429376K)->53552K(3429888K) Eden: 3365376K(3365376K)->0K(3366912K) From: 53729K(64000K)->53552K(62976K)
[2026-09-25T07:53:45.784+0000][348.653s][info][gc,heap        ] GC(100) ParOldGen: 3694707K(4196352K)->3713748K(4196352K)
[2026-09-25T07:53:45.784+0000][348.653s][info][gc,metaspace   ] GC(100) Metaspace: 167450K(169152K)->167450K(169152K) NonClass: 140873K(141824K)->140873K(141824K) Class: 26576K(27328K)->26576K(27328K)
[2026-09-25T07:53:45.784+0000][348.653s][info][gc             ] GC(100) Pause Young (Allocation Failure) 6947M->3679M(7447M) 127.296ms
[2026-09-25T07:53:45.784+0000][348.653s][info][gc,cpu         ] GC(100) User=0.50s Sys=0.00s Real=0.12s
[2026-09-25T07:53:50.642+0000][353.511s][info][gc,start       ] GC(101) Pause Young (Allocation Failure)
[2026-09-25T07:53:50.773+0000][353.641s][info][gc,heap        ] GC(101) PSYoungGen: 3420464K(3429888K)->54161K(3430400K) Eden: 3366912K(3366912K)->0K(3366912K) From: 53552K(62976K)->54161K(63488K)
[2026-09-25T07:53:50.773+0000][353.642s][info][gc,heap        ] GC(101) ParOldGen: 3713748K(4196352K)->3733149K(4196352K)
[2026-09-25T07:53:50.773+0000][353.642s][info][gc,metaspace   ] GC(101) Metaspace: 167577K(169344K)->167577K(169344K) NonClass: 140983K(141952K)->140983K(141952K) Class: 26593K(27392K)->26593K(27392K)
[2026-09-25T07:53:50.773+0000][353.642s][info][gc             ] GC(101) Pause Young (Allocation Failure) 6967M->3698M(7448M) 130.383ms
[2026-09-25T07:53:50.773+0000][353.642s][info][gc,cpu         ] GC(101) User=0.52s Sys=0.00s Real=0.13s
[2026-09-25T07:53:55.566+0000][358.435s][info][gc,start       ] GC(102) Pause Young (Allocation Failure)
[2026-09-25T07:53:55.695+0000][358.564s][info][gc,heap        ] GC(102) PSYoungGen: 3421073K(3430400K)->57792K(3431424K) Eden: 3366912K(3366912K)->0K(3368448K) From: 54161K(63488K)->57792K(62976K)
[2026-09-25T07:53:55.695+0000][358.564s][info][gc,heap        ] GC(102) ParOldGen: 3733149K(4196352K)->3751387K(4196352K)
[2026-09-25T07:53:55.695+0000][358.564s][info][gc,metaspace   ] GC(102) Metaspace: 167579K(169344K)->167579K(169344K) NonClass: 140986K(141952K)->140986K(141952K) Class: 26593K(27392K)->26593K(27392K)
[2026-09-25T07:53:55.695+0000][358.564s][info][gc             ] GC(102) Pause Young (Allocation Failure) 6986M->3719M(7449M) 128.864ms
[2026-09-25T07:53:55.695+0000][358.564s][info][gc,cpu         ] GC(102) User=0.51s Sys=0.00s Real=0.13s
[2026-09-25T07:54:00.613+0000][363.482s][info][gc,start       ] GC(103) Pause Young (Allocation Failure)
[2026-09-25T07:54:00.743+0000][363.611s][info][gc,heap        ] GC(103) PSYoungGen: 3426240K(3431424K)->55233K(3431424K) Eden: 3368448K(3368448K)->0K(3368448K) From: 57792K(62976K)->55233K(62976K)
[2026-09-25T07:54:00.743+0000][363.611s][info][gc,heap        ] GC(103) ParOldGen: 3751387K(4196352K)->3774718K(4196352K)
[2026-09-25T07:54:00.743+0000][363.611s][info][gc,metaspace   ] GC(103) Metaspace: 167592K(169344K)->167592K(169344K) NonClass: 140998K(141952K)->140998K(141952K) Class: 26594K(27392K)->26594K(27392K)
[2026-09-25T07:54:00.743+0000][363.612s][info][gc             ] GC(103) Pause Young (Allocation Failure) 7009M->3740M(7449M) 129.999ms
[2026-09-25T07:54:00.743+0000][363.612s][info][gc,cpu         ] GC(103) User=0.52s Sys=0.00s Real=0.13s
[2026-09-25T07:54:05.842+0000][368.710s][info][gc,start       ] GC(104) Pause Young (Allocation Failure)
[2026-09-25T07:54:05.978+0000][368.846s][info][gc,heap        ] GC(104) PSYoungGen: 3423681K(3431424K)->57520K(3431424K) Eden: 3368448K(3368448K)->0K(3368960K) From: 55233K(62976K)->57520K(62464K)
[2026-09-25T07:54:05.978+0000][368.847s][info][gc,heap        ] GC(104) ParOldGen: 3774718K(4196352K)->3795859K(4196352K)
[2026-09-25T07:54:05.978+0000][368.847s][info][gc,metaspace   ] GC(104) Metaspace: 167614K(169408K)->167614K(169408K) NonClass: 141016K(142016K)->141016K(142016K) Class: 26598K(27392K)->26598K(27392K)
[2026-09-25T07:54:05.978+0000][368.847s][info][gc             ] GC(104) Pause Young (Allocation Failure) 7029M->3763M(7449M) 136.130ms
[2026-09-25T07:54:05.978+0000][368.847s][info][gc,cpu         ] GC(104) User=0.54s Sys=0.00s Real=0.14s
[2026-09-25T07:54:11.254+0000][374.122s][info][gc,start       ] GC(105) Pause Young (Allocation Failure)
[2026-09-25T07:54:11.387+0000][374.256s][info][gc,heap        ] GC(105) PSYoungGen: 3426480K(3431424K)->60321K(3431424K) Eden: 3368960K(3368960K)->0K(3368960K) From: 57520K(62464K)->60321K(62464K)
[2026-09-25T07:54:11.387+0000][374.256s][info][gc,heap        ] GC(105) ParOldGen: 3795859K(4196352K)->3817032K(4196352K)
[2026-09-25T07:54:11.387+0000][374.256s][info][gc,metaspace   ] GC(105) Metaspace: 167625K(169408K)->167625K(169408K) NonClass: 141026K(142016K)->141026K(142016K) Class: 26598K(27392K)->26598K(27392K)
[2026-09-25T07:54:11.387+0000][374.256s][info][gc             ] GC(105) Pause Young (Allocation Failure) 7053M->3786M(7449M) 133.478ms
[2026-09-25T07:54:11.387+0000][374.256s][info][gc,cpu         ] GC(105) User=0.53s Sys=0.00s Real=0.14s
[2026-09-25T07:54:16.435+0000][379.303s][info][gc,start       ] GC(106) Pause Young (Allocation Failure)
[2026-09-25T07:54:16.567+0000][379.435s][info][gc,heap        ] GC(106) PSYoungGen: 3429281K(3431424K)->57489K(3431936K) Eden: 3368960K(3368960K)->0K(3368448K) From: 60321K(62464K)->57489K(63488K)
[2026-09-25T07:54:16.567+0000][379.435s][info][gc,heap        ] GC(106) ParOldGen: 3817032K(4196352K)->3842763K(4196352K)
[2026-09-25T07:54:16.567+0000][379.435s][info][gc,metaspace   ] GC(106) Metaspace: 167629K(169408K)->167629K(169408K) NonClass: 141031K(142016K)->141031K(142016K) Class: 26598K(27392K)->26598K(27392K)
[2026-09-25T07:54:16.567+0000][379.435s][info][gc             ] GC(106) Pause Young (Allocation Failure) 7076M->3808M(7449M) 131.914ms
[2026-09-25T07:54:16.567+0000][379.435s][info][gc,cpu         ] GC(106) User=0.52s Sys=0.00s Real=0.14s
[2026-09-25T07:54:21.711+0000][384.579s][info][gc,start       ] GC(107) Pause Young (Allocation Failure)
[2026-09-25T07:54:21.843+0000][384.712s][info][gc,heap        ] GC(107) PSYoungGen: 3425937K(3431936K)->54865K(3431424K) Eden: 3368448K(3368448K)->0K(3368448K) From: 57489K(63488K)->54865K(62976K)
[2026-09-25T07:54:21.843+0000][384.712s][info][gc,heap        ] GC(107) ParOldGen: 3842763K(4196352K)->3865697K(4196352K)
[2026-09-25T07:54:21.843+0000][384.712s][info][gc,metaspace   ] GC(107) Metaspace: 167630K(169408K)->167630K(169408K) NonClass: 141032K(142016K)->141032K(142016K) Class: 26598K(27392K)->26598K(27392K)
[2026-09-25T07:54:21.843+0000][384.712s][info][gc             ] GC(107) Pause Young (Allocation Failure) 7098M->3828M(7449M) 132.378ms
[2026-09-25T07:54:21.843+0000][384.712s][info][gc,cpu         ] GC(107) User=0.52s Sys=0.00s Real=0.13s
[2026-09-25T07:54:27.020+0000][389.889s][info][gc,start       ] GC(108) Pause Young (Allocation Failure)
[2026-09-25T07:54:27.152+0000][390.021s][info][gc,heap        ] GC(108) PSYoungGen: 3423313K(3431424K)->56337K(3431424K) Eden: 3368448K(3368448K)->0K(3368960K) From: 54865K(62976K)->56337K(62464K)
[2026-09-25T07:54:27.152+0000][390.021s][info][gc,heap        ] GC(108) ParOldGen: 3865697K(4196352K)->3883755K(4196352K)
[2026-09-25T07:54:27.152+0000][390.021s][info][gc,metaspace   ] GC(108) Metaspace: 167639K(169408K)->167639K(169408K) NonClass: 141041K(142016K)->141041K(142016K) Class: 26598K(27392K)->26598K(27392K)
[2026-09-25T07:54:27.152+0000][390.021s][info][gc             ] GC(108) Pause Young (Allocation Failure) 7118M->3847M(7449M) 131.432ms
[2026-09-25T07:54:27.152+0000][390.021s][info][gc,cpu         ] GC(108) User=0.53s Sys=0.00s Real=0.13s
[2026-09-25T07:54:32.336+0000][395.204s][info][gc,start       ] GC(109) Pause Young (Allocation Failure)
[2026-09-25T07:54:32.465+0000][395.333s][info][gc,heap        ] GC(109) PSYoungGen: 3425297K(3431424K)->51953K(3431424K) Eden: 3368960K(3368960K)->0K(3368960K) From: 56337K(62464K)->51953K(62464K)
[2026-09-25T07:54:32.465+0000][395.333s][info][gc,heap        ] GC(109) ParOldGen: 3883755K(4196352K)->3905599K(4196352K)
[2026-09-25T07:54:32.465+0000][395.333s][info][gc,metaspace   ] GC(109) Metaspace: 167644K(169408K)->167644K(169408K) NonClass: 141046K(142016K)->141046K(142016K) Class: 26598K(27392K)->26598K(27392K)
[2026-09-25T07:54:32.465+0000][395.333s][info][gc             ] GC(109) Pause Young (Allocation Failure) 7137M->3864M(7449M) 128.879ms
[2026-09-25T07:54:32.465+0000][395.333s][info][gc,cpu         ] GC(109) User=0.51s Sys=0.00s Real=0.12s
[2026-09-25T07:54:37.577+0000][400.446s][info][gc,start       ] GC(110) Pause Young (Allocation Failure)
[2026-09-25T07:54:37.709+0000][400.578s][info][gc,heap        ] GC(110) PSYoungGen: 3420913K(3431424K)->55297K(3431424K) Eden: 3368960K(3368960K)->0K(3369984K) From: 51953K(62464K)->55297K(61440K)
[2026-09-25T07:54:37.709+0000][400.578s][info][gc,heap        ] GC(110) ParOldGen: 3905599K(4196352K)->3923324K(4196352K)
[2026-09-25T07:54:37.709+0000][400.578s][info][gc,metaspace   ] GC(110) Metaspace: 167658K(169408K)->167658K(169408K) NonClass: 141059K(142016K)->141059K(142016K) Class: 26598K(27392K)->26598K(27392K)
[2026-09-25T07:54:37.709+0000][400.578s][info][gc             ] GC(110) Pause Young (Allocation Failure) 7154M->3885M(7449M) 132.104ms
[2026-09-25T07:54:37.709+0000][400.578s][info][gc,cpu         ] GC(110) User=0.53s Sys=0.00s Real=0.13s
[2026-09-25T07:54:42.960+0000][405.829s][info][gc,start       ] GC(111) Pause Young (Allocation Failure)
[2026-09-25T07:54:43.098+0000][405.966s][info][gc,heap        ] GC(111) PSYoungGen: 3425281K(3431424K)->55169K(3431936K) Eden: 3369984K(3369984K)->0K(3369984K) From: 55297K(61440K)->55169K(61952K)
[2026-09-25T07:54:43.098+0000][405.967s][info][gc,heap        ] GC(111) ParOldGen: 3923324K(4196352K)->3941225K(4196352K)
[2026-09-25T07:54:43.098+0000][405.967s][info][gc,metaspace   ] GC(111) Metaspace: 167666K(169408K)->167666K(169408K) NonClass: 141068K(142016K)->141068K(142016K) Class: 26598K(27392K)->26598K(27392K)
[2026-09-25T07:54:43.098+0000][405.967s][info][gc             ] GC(111) Pause Young (Allocation Failure) 7176M->3902M(7449M) 137.396ms
[2026-09-25T07:54:43.098+0000][405.967s][info][gc,cpu         ] GC(111) User=0.53s Sys=0.02s Real=0.14s
[2026-09-25T07:54:49.110+0000][411.979s][info][gc,start       ] GC(112) Pause Young (Allocation Failure)
[2026-09-25T07:54:49.242+0000][412.111s][info][gc,heap        ] GC(112) PSYoungGen: 3425153K(3431936K)->53344K(3432960K) Eden: 3369984K(3369984K)->0K(3371520K) From: 55169K(61952K)->53344K(61440K)
[2026-09-25T07:54:49.243+0000][412.111s][info][gc,heap        ] GC(112) ParOldGen: 3941225K(4196352K)->3961474K(4196352K)
[2026-09-25T07:54:49.243+0000][412.111s][info][gc,metaspace   ] GC(112) Metaspace: 170154K(171904K)->170154K(171904K) NonClass: 143316K(144320K)->143316K(144320K) Class: 26838K(27584K)->26838K(27584K)
[2026-09-25T07:54:49.243+0000][412.111s][info][gc             ] GC(112) Pause Young (Allocation Failure) 7193M->3920M(7450M) 132.627ms
[2026-09-25T07:54:49.243+0000][412.111s][info][gc,cpu         ] GC(112) User=0.52s Sys=0.00s Real=0.13s
[2026-09-25T07:54:54.457+0000][417.326s][info][gc,start       ] GC(113) Pause Young (Allocation Failure)
[2026-09-25T07:54:54.591+0000][417.459s][info][gc,heap        ] GC(113) PSYoungGen: 3424864K(3432960K)->50992K(3432960K) Eden: 3371520K(3371520K)->0K(3371520K) From: 53344K(61440K)->50992K(61440K)
[2026-09-25T07:54:54.591+0000][417.459s][info][gc,heap        ] GC(113) ParOldGen: 3961474K(4196352K)->3980543K(4196352K)
[2026-09-25T07:54:54.591+0000][417.459s][info][gc,metaspace   ] GC(113) Metaspace: 170171K(171904K)->170171K(171904K) NonClass: 143332K(144320K)->143332K(144320K) Class: 26838K(27584K)->26838K(27584K)
[2026-09-25T07:54:54.591+0000][417.459s][info][gc             ] GC(113) Pause Young (Allocation Failure) 7213M->3937M(7450M) 133.759ms
[2026-09-25T07:54:54.591+0000][417.459s][info][gc,cpu         ] GC(113) User=0.53s Sys=0.00s Real=0.13s
[2026-09-25T07:54:59.620+0000][422.489s][info][gc,start       ] GC(114) Pause Young (Allocation Failure)
[2026-09-25T07:54:59.749+0000][422.617s][info][gc,heap        ] GC(114) PSYoungGen: 3422512K(3432960K)->51392K(3433472K) Eden: 3371520K(3371520K)->0K(3372032K) From: 50992K(61440K)->51392K(61440K)
[2026-09-25T07:54:59.749+0000][422.617s][info][gc,heap        ] GC(114) ParOldGen: 3980543K(4196352K)->3995651K(4196352K)
[2026-09-25T07:54:59.749+0000][422.617s][info][gc,metaspace   ] GC(114) Metaspace: 170175K(171904K)->170175K(171904K) NonClass: 143336K(144320K)->143336K(144320K) Class: 26838K(27584K)->26838K(27584K)
[2026-09-25T07:54:59.749+0000][422.617s][info][gc             ] GC(114) Pause Young (Allocation Failure) 7229M->3952M(7451M) 128.286ms
[2026-09-25T07:54:59.749+0000][422.617s][info][gc,cpu         ] GC(114) User=0.50s Sys=0.00s Real=0.13s
[2026-09-25T07:55:04.725+0000][427.594s][info][gc,start       ] GC(115) Pause Young (Allocation Failure)
[2026-09-25T07:55:04.851+0000][427.720s][info][gc,heap        ] GC(115) PSYoungGen: 3423424K(3433472K)->52385K(3433472K) Eden: 3372032K(3372032K)->0K(3372032K) From: 51392K(61440K)->52385K(61440K)
[2026-09-25T07:55:04.851+0000][427.720s][info][gc,heap        ] GC(115) ParOldGen: 3995651K(4196352K)->4012228K(4196352K)
[2026-09-25T07:55:04.851+0000][427.720s][info][gc,metaspace   ] GC(115) Metaspace: 170190K(171904K)->170190K(171904K) NonClass: 143351K(144320K)->143351K(144320K) Class: 26838K(27584K)->26838K(27584K)
[2026-09-25T07:55:04.851+0000][427.720s][info][gc             ] GC(115) Pause Young (Allocation Failure) 7245M->3969M(7451M) 126.028ms
[2026-09-25T07:55:04.851+0000][427.720s][info][gc,cpu         ] GC(115) User=0.51s Sys=0.00s Real=0.13s
[2026-09-25T07:55:09.810+0000][432.679s][info][gc,start       ] GC(116) Pause Young (Allocation Failure)
[2026-09-25T07:55:09.938+0000][432.807s][info][gc,heap        ] GC(116) PSYoungGen: 3424417K(3433472K)->51152K(3433472K) Eden: 3372032K(3372032K)->0K(3372032K) From: 52385K(61440K)->51152K(61440K)
[2026-09-25T07:55:09.938+0000][432.807s][info][gc,heap        ] GC(116) ParOldGen: 4012228K(4196352K)->4029401K(4196352K)
[2026-09-25T07:55:09.938+0000][432.807s][info][gc,metaspace   ] GC(116) Metaspace: 170192K(171904K)->170192K(171904K) NonClass: 143353K(144320K)->143353K(144320K) Class: 26838K(27584K)->26838K(27584K)
[2026-09-25T07:55:09.938+0000][432.807s][info][gc             ] GC(116) Pause Young (Allocation Failure) 7262M->3984M(7451M) 127.981ms
[2026-09-25T07:55:09.938+0000][432.807s][info][gc,cpu         ] GC(116) User=0.51s Sys=0.00s Real=0.13s
[2026-09-25T07:55:14.966+0000][437.834s][info][gc,start       ] GC(117) Pause Young (Allocation Failure)
[2026-09-25T07:55:15.095+0000][437.964s][info][gc,heap        ] GC(117) PSYoungGen: 3423184K(3433472K)->53344K(3425792K) Eden: 3372032K(3372032K)->0K(3372032K) From: 51152K(61440K)->53344K(53760K)
[2026-09-25T07:55:15.095+0000][437.964s][info][gc,heap        ] GC(117) ParOldGen: 4029401K(4196352K)->4044225K(4196352K)
[2026-09-25T07:55:15.096+0000][437.964s][info][gc,metaspace   ] GC(117) Metaspace: 170197K(171904K)->170197K(171904K) NonClass: 143358K(144320K)->143358K(144320K) Class: 26838K(27584K)->26838K(27584K)
[2026-09-25T07:55:15.096+0000][437.964s][info][gc             ] GC(117) Pause Young (Allocation Failure) 7277M->4001M(7443M) 129.986ms
[2026-09-25T07:55:15.096+0000][437.964s][info][gc,cpu         ] GC(117) User=0.51s Sys=0.00s Real=0.13s
[2026-09-25T07:55:20.205+0000][443.074s][info][gc,start       ] GC(118) Pause Young (Allocation Failure)
[2026-09-25T07:55:20.346+0000][443.215s][info][gc,heap        ] GC(118) PSYoungGen: 3425376K(3425792K)->48976K(3432960K) Eden: 3372032K(3372032K)->0K(3372032K) From: 53344K(53760K)->48976K(60928K)
[2026-09-25T07:55:20.346+0000][443.215s][info][gc,heap        ] GC(118) ParOldGen: 4044225K(4196352K)->4062745K(4196352K)
[2026-09-25T07:55:20.346+0000][443.215s][info][gc,metaspace   ] GC(118) Metaspace: 170204K(171968K)->170204K(171968K) NonClass: 143365K(144384K)->143365K(144384K) Class: 26838K(27584K)->26838K(27584K)
[2026-09-25T07:55:20.346+0000][443.215s][info][gc             ] GC(118) Pause Young (Allocation Failure) 7294M->4015M(7450M) 140.943ms
[2026-09-25T07:55:20.346+0000][443.215s][info][gc,cpu         ] GC(118) User=0.51s Sys=0.00s Real=0.14s
[2026-09-25T07:55:26.524+0000][449.393s][info][gc,start       ] GC(119) Pause Young (Allocation Failure)
[2026-09-25T07:55:26.631+0000][449.499s][info][gc,heap        ] GC(119) PSYoungGen: 3421008K(3432960K)->25098K(3397632K) Eden: 3372031K(3372032K)->0K(3372032K) From: 48976K(60928K)->25098K(25600K)
[2026-09-25T07:55:26.631+0000][449.499s][info][gc,heap        ] GC(119) ParOldGen: 4062745K(4196352K)->4101733K(4196352K)
[2026-09-25T07:55:26.631+0000][449.499s][info][gc,metaspace   ] GC(119) Metaspace: 171396K(173120K)->171396K(173120K) NonClass: 144417K(145408K)->144417K(145408K) Class: 26979K(27712K)->26979K(27712K)
[2026-09-25T07:55:26.631+0000][449.499s][info][gc             ] GC(119) Pause Young (Allocation Failure) 7308M->4030M(7416M) 106.210ms
[2026-09-25T07:55:26.631+0000][449.499s][info][gc,cpu         ] GC(119) User=0.43s Sys=0.00s Real=0.11s
[2026-09-25T07:55:32.683+0000][455.552s][info][gc,start       ] GC(120) Pause Young (Allocation Failure)
[2026-09-25T07:55:32.744+0000][455.612s][info][gc,heap        ] GC(120) PSYoungGen: 3397130K(3397632K)->16480K(3420672K) Eden: 3372032K(3372032K)->0K(3355648K) From: 25098K(25600K)->16480K(65024K)
[2026-09-25T07:55:32.744+0000][455.612s][info][gc,heap        ] GC(120) ParOldGen: 4101733K(4196352K)->4115188K(4196352K)
[2026-09-25T07:55:32.744+0000][455.612s][info][gc,metaspace   ] GC(120) Metaspace: 171477K(173312K)->171477K(173312K) NonClass: 144488K(145536K)->144488K(145536K) Class: 26988K(27776K)->26988K(27776K)
[2026-09-25T07:55:32.744+0000][455.612s][info][gc             ] GC(120) Pause Young (Allocation Failure) 7323M->4034M(7438M) 60.719ms
[2026-09-25T07:55:32.744+0000][455.612s][info][gc,cpu         ] GC(120) User=0.23s Sys=0.00s Real=0.06s
[2026-09-25T07:55:38.797+0000][461.665s][info][gc,start       ] GC(121) Pause Young (Allocation Failure)
[2026-09-25T07:55:38.846+0000][461.715s][info][gc,heap        ] GC(121) PSYoungGen: 3372128K(3420672K)->15280K(3371008K) Eden: 3355648K(3355648K)->0K(3355648K) From: 16480K(65024K)->15280K(15360K)
[2026-09-25T07:55:38.846+0000][461.715s][info][gc,heap        ] GC(121) ParOldGen: 4115188K(4196352K)->4118604K(4196352K)
[2026-09-25T07:55:38.846+0000][461.715s][info][gc,metaspace   ] GC(121) Metaspace: 171523K(173312K)->171523K(173312K) NonClass: 144530K(145536K)->144530K(145536K) Class: 26992K(27776K)->26992K(27776K)
[2026-09-25T07:55:38.846+0000][461.715s][info][gc             ] GC(121) Pause Young (Allocation Failure) 7311M->4036M(7390M) 49.630ms
[2026-09-25T07:55:38.846+0000][461.715s][info][gc,cpu         ] GC(121) User=0.18s Sys=0.01s Real=0.05s
[2026-09-25T07:55:44.822+0000][467.691s][info][gc,start       ] GC(122) Pause Young (Allocation Failure)
[2026-09-25T07:55:44.869+0000][467.738s][info][gc,heap        ] GC(122) PSYoungGen: 3370928K(3371008K)->13024K(3417088K) Eden: 3355648K(3355648K)->0K(3344384K) From: 15280K(15360K)->13024K(72704K)
[2026-09-25T07:55:44.870+0000][467.738s][info][gc,heap        ] GC(122) ParOldGen: 4118604K(4196352K)->4121972K(4196352K)
[2026-09-25T07:55:44.870+0000][467.738s][info][gc,metaspace   ] GC(122) Metaspace: 171541K(173376K)->171541K(173376K) NonClass: 144549K(145600K)->144549K(145600K) Class: 26992K(27776K)->26992K(27776K)
[2026-09-25T07:55:44.870+0000][467.738s][info][gc             ] GC(122) Pause Young (Allocation Failure) 7313M->4038M(7435M) 47.286ms
[2026-09-25T07:55:44.870+0000][467.738s][info][gc,cpu         ] GC(122) User=0.18s Sys=0.01s Real=0.05s
[2026-09-25T07:55:45.825+0000][468.693s][info][gc,start       ] GC(123) Pause Young (CodeCache GC Threshold)
[2026-09-25T07:55:45.857+0000][468.725s][info][gc,heap        ] GC(123) PSYoungGen: 450275K(3417088K)->320K(3344896K) Eden: 437251K(3344384K)->0K(3344384K) From: 13024K(72704K)->320K(512K)
[2026-09-25T07:55:45.857+0000][468.725s][info][gc,heap        ] GC(123) ParOldGen: 4121972K(4196352K)->4126612K(4196352K)
[2026-09-25T07:55:45.857+0000][468.725s][info][gc,metaspace   ] GC(123) Metaspace: 171638K(173440K)->171638K(173440K) NonClass: 144631K(145664K)->144631K(145664K) Class: 27006K(27776K)->27006K(27776K)
[2026-09-25T07:55:45.857+0000][468.725s][info][gc             ] GC(123) Pause Young (CodeCache GC Threshold) 4465M->4030M(7364M) 31.989ms
[2026-09-25T07:55:45.857+0000][468.725s][info][gc,cpu         ] GC(123) User=0.10s Sys=0.00s Real=0.04s
[2026-09-25T07:55:45.857+0000][468.726s][info][gc,start       ] GC(124) Pause Full (CodeCache GC Threshold)
[2026-09-25T07:55:45.857+0000][468.726s][info][gc,phases,start] GC(124) Marking Phase
[2026-09-25T07:55:47.042+0000][469.911s][info][gc,phases      ] GC(124) Marking Phase 1185.008ms
[2026-09-25T07:55:47.042+0000][469.911s][info][gc,phases,start] GC(124) Summary Phase
[2026-09-25T07:55:47.042+0000][469.911s][info][gc,phases      ] GC(124) Summary Phase 0.089ms
[2026-09-25T07:55:47.042+0000][469.911s][info][gc,phases,start] GC(124) Adjust Roots
[2026-09-25T07:55:47.064+0000][469.933s][info][gc,phases      ] GC(124) Adjust Roots 21.956ms
[2026-09-25T07:55:47.064+0000][469.933s][info][gc,phases,start] GC(124) Compaction Phase
[2026-09-25T07:55:48.261+0000][471.129s][info][gc,phases      ] GC(124) Compaction Phase 1196.562ms
[2026-09-25T07:55:48.261+0000][471.129s][info][gc,phases,start] GC(124) Post Compact
[2026-09-25T07:55:48.265+0000][471.133s][info][gc,phases      ] GC(124) Post Compact 4.179ms
[2026-09-25T07:55:48.265+0000][471.133s][info][gc,heap        ] GC(124) PSYoungGen: 320K(3344896K)->0K(3344896K) Eden: 0K(3344384K)->0K(3344384K) From: 320K(512K)->0K(512K)
[2026-09-25T07:55:48.265+0000][471.133s][info][gc,heap        ] GC(124) ParOldGen: 4126612K(4196352K)->3623106K(4196352K)
[2026-09-25T07:55:48.265+0000][471.133s][info][gc,metaspace   ] GC(124) Metaspace: 171638K(173440K)->171638K(173440K) NonClass: 144631K(145664K)->144631K(145664K) Class: 27006K(27776K)->27006K(27776K)
[2026-09-25T07:55:48.265+0000][471.133s][info][gc             ] GC(124) Pause Full (CodeCache GC Threshold) 4030M->3538M(7364M) 2407.978ms
[2026-09-25T07:55:48.265+0000][471.133s][info][gc,cpu         ] GC(124) User=9.27s Sys=0.06s Real=2.40s
[2026-09-25T07:55:48.270+0000][471.138s][info][gc,heap,exit   ] Heap
[2026-09-25T07:55:48.270+0000][471.138s][info][gc,heap,exit   ]  PSYoungGen      total 3344896K, used 25132K [0x000000072ab00000, 0x0000000800000000, 0x0000000800000000)
[2026-09-25T07:55:48.270+0000][471.138s][info][gc,heap,exit   ]   eden space 3344384K, 0% used [0x000000072ab00000,0x000000072c38b138,0x00000007f6d00000)
[2026-09-25T07:55:48.270+0000][471.138s][info][gc,heap,exit   ]   from space 512K, 0% used [0x00000007f6d00000,0x00000007f6d00000,0x00000007f6d80000)
[2026-09-25T07:55:48.270+0000][471.138s][info][gc,heap,exit   ]   to   space 78848K, 0% used [0x00000007fb300000,0x00000007fb300000,0x0000000800000000)
[2026-09-25T07:55:48.270+0000][471.138s][info][gc,heap,exit   ]  ParOldGen       total 4196352K, used 3623106K [0x0000000580000000, 0x0000000680200000, 0x000000072ab00000)
[2026-09-25T07:55:48.270+0000][471.138s][info][gc,heap,exit   ]   object space 4196352K, 86% used [0x0000000580000000,0x000000065d230850,0x0000000680200000)
[2026-09-25T07:55:48.270+0000][471.138s][info][gc,heap,exit   ]  Metaspace       used 171640K, committed 173440K, reserved 1245184K
[2026-09-25T07:55:48.270+0000][471.138s][info][gc,heap,exit   ]   class space    used 27007K, committed 27776K, reserved 1048576K
