[2026-09-23T14:54:29.446+0000][0.012s][info][gc,init] CardTable entry size: 512
[2026-09-23T14:54:29.446+0000][0.012s][info][gc     ] Using Parallel
[2026-09-23T14:54:29.457+0000][0.023s][info][gc,init] Version: 21.0.12.1+1-LTS (release)
[2026-09-23T14:54:29.457+0000][0.023s][info][gc,init] CPUs: 4 total, 4 available
[2026-09-23T14:54:29.457+0000][0.023s][info][gc,init] Memory: 15989M
[2026-09-23T14:54:29.457+0000][0.023s][info][gc,init] Large Page Support: Disabled
[2026-09-23T14:54:29.457+0000][0.023s][info][gc,init] NUMA Support: Disabled
[2026-09-23T14:54:29.457+0000][0.023s][info][gc,init] Compressed Oops: Enabled (Zero based)
[2026-09-23T14:54:29.457+0000][0.023s][info][gc,init] Alignments: Space 512K, Generation 512K, Heap 2M
[2026-09-23T14:54:29.457+0000][0.023s][info][gc,init] Heap Min Capacity: 4G
[2026-09-23T14:54:29.457+0000][0.023s][info][gc,init] Heap Initial Capacity: 4G
[2026-09-23T14:54:29.457+0000][0.023s][info][gc,init] Heap Max Capacity: 10G
[2026-09-23T14:54:29.457+0000][0.023s][info][gc,init] Pre-touch: Disabled
[2026-09-23T14:54:29.457+0000][0.023s][info][gc,init] Parallel Workers: 4
[2026-09-23T14:54:29.465+0000][0.030s][info][gc,metaspace] CDS archive(s) mapped at: [0x00007f55e7000000-0x00007f55e7c9c000-0x00007f55e7c9c000), size 13221888, SharedBaseAddress: 0x00007f55e7000000, ArchiveRelocationMode: 1.
[2026-09-23T14:54:29.465+0000][0.030s][info][gc,metaspace] Compressed class space mapped at: 0x00007f55e8000000-0x00007f5628000000, reserved size: 1073741824
[2026-09-23T14:54:29.465+0000][0.030s][info][gc,metaspace] Narrow klass base: 0x00007f55e7000000, Narrow klass shift: 0, Narrow klass range: 0x100000000
[2026-09-23T14:54:31.940+0000][2.506s][info][gc,start    ] GC(0) Pause Young (Metadata GC Threshold)
[2026-09-23T14:54:31.946+0000][2.512s][info][gc,heap     ] GC(0) PSYoungGen: 919414K(1223168K)->12703K(1223168K) Eden: 919414K(1048576K)->0K(1048576K) From: 0K(174592K)->12703K(174592K)
[2026-09-23T14:54:31.946+0000][2.512s][info][gc,heap     ] GC(0) ParOldGen: 1073K(2796544K)->1145K(2796544K)
[2026-09-23T14:54:31.946+0000][2.512s][info][gc,metaspace] GC(0) Metaspace: 21093K(21504K)->21093K(21504K) NonClass: 18719K(18944K)->18719K(18944K) Class: 2374K(2560K)->2374K(2560K)
[2026-09-23T14:54:31.946+0000][2.512s][info][gc          ] GC(0) Pause Young (Metadata GC Threshold) 898M->13M(3925M) 6.097ms
[2026-09-23T14:54:31.946+0000][2.512s][info][gc,cpu      ] GC(0) User=0.02s Sys=0.00s Real=0.01s
[2026-09-23T14:54:31.946+0000][2.512s][info][gc,start    ] GC(1) Pause Full (Metadata GC Threshold)
[2026-09-23T14:54:31.946+0000][2.512s][info][gc,phases,start] GC(1) Marking Phase
[2026-09-23T14:54:31.954+0000][2.519s][info][gc,phases      ] GC(1) Marking Phase 7.126ms
[2026-09-23T14:54:31.954+0000][2.519s][info][gc,phases,start] GC(1) Summary Phase
[2026-09-23T14:54:31.954+0000][2.519s][info][gc,phases      ] GC(1) Summary Phase 0.008ms
[2026-09-23T14:54:31.954+0000][2.519s][info][gc,phases,start] GC(1) Adjust Roots
[2026-09-23T14:54:31.956+0000][2.522s][info][gc,phases      ] GC(1) Adjust Roots 2.675ms
[2026-09-23T14:54:31.956+0000][2.522s][info][gc,phases,start] GC(1) Compaction Phase
[2026-09-23T14:54:31.963+0000][2.528s][info][gc,phases      ] GC(1) Compaction Phase 6.484ms
[2026-09-23T14:54:31.963+0000][2.528s][info][gc,phases,start] GC(1) Post Compact
[2026-09-23T14:54:31.964+0000][2.530s][info][gc,phases      ] GC(1) Post Compact 1.194ms
[2026-09-23T14:54:31.964+0000][2.530s][info][gc,heap        ] GC(1) PSYoungGen: 12703K(1223168K)->0K(1223168K) Eden: 0K(1048576K)->0K(1048576K) From: 12703K(174592K)->0K(174592K)
[2026-09-23T14:54:31.964+0000][2.530s][info][gc,heap        ] GC(1) ParOldGen: 1145K(2796544K)->13575K(2796544K)
[2026-09-23T14:54:31.964+0000][2.530s][info][gc,metaspace   ] GC(1) Metaspace: 21093K(21504K)->21093K(21504K) NonClass: 18719K(18944K)->18719K(18944K) Class: 2374K(2560K)->2374K(2560K)
[2026-09-23T14:54:31.964+0000][2.530s][info][gc             ] GC(1) Pause Full (Metadata GC Threshold) 13M->13M(3925M) 17.585ms
[2026-09-23T14:54:31.964+0000][2.530s][info][gc,cpu         ] GC(1) User=0.05s Sys=0.00s Real=0.02s
[2026-09-23T14:54:33.047+0000][3.612s][info][gc,start       ] GC(2) Pause Young (Metadata GC Threshold)
[2026-09-23T14:54:33.068+0000][3.634s][info][gc,heap        ] GC(2) PSYoungGen: 433729K(1223168K)->51001K(1223168K) Eden: 433729K(1048576K)->0K(1048576K) From: 0K(174592K)->51001K(174592K)
[2026-09-23T14:54:33.069+0000][3.634s][info][gc,heap        ] GC(2) ParOldGen: 13575K(2796544K)->13583K(2796544K)
[2026-09-23T14:54:33.069+0000][3.634s][info][gc,metaspace   ] GC(2) Metaspace: 35390K(35840K)->35390K(35840K) NonClass: 31290K(31552K)->31290K(31552K) Class: 4100K(4288K)->4100K(4288K)
[2026-09-23T14:54:33.069+0000][3.634s][info][gc             ] GC(2) Pause Young (Metadata GC Threshold) 436M->63M(3925M) 21.913ms
[2026-09-23T14:54:33.069+0000][3.634s][info][gc,cpu         ] GC(2) User=0.07s Sys=0.01s Real=0.02s
[2026-09-23T14:54:33.069+0000][3.634s][info][gc,start       ] GC(3) Pause Full (Metadata GC Threshold)
[2026-09-23T14:54:33.069+0000][3.634s][info][gc,phases,start] GC(3) Marking Phase
[2026-09-23T14:54:33.092+0000][3.658s][info][gc,phases      ] GC(3) Marking Phase 23.512ms
[2026-09-23T14:54:33.092+0000][3.658s][info][gc,phases,start] GC(3) Summary Phase
[2026-09-23T14:54:33.092+0000][3.658s][info][gc,phases      ] GC(3) Summary Phase 0.015ms
[2026-09-23T14:54:33.092+0000][3.658s][info][gc,phases,start] GC(3) Adjust Roots
[2026-09-23T14:54:33.095+0000][3.661s][info][gc,phases      ] GC(3) Adjust Roots 3.284ms
[2026-09-23T14:54:33.095+0000][3.661s][info][gc,phases,start] GC(3) Compaction Phase
[2026-09-23T14:54:33.133+0000][3.699s][info][gc,phases      ] GC(3) Compaction Phase 37.920ms
[2026-09-23T14:54:33.133+0000][3.699s][info][gc,phases,start] GC(3) Post Compact
[2026-09-23T14:54:33.134+0000][3.700s][info][gc,phases      ] GC(3) Post Compact 0.938ms
[2026-09-23T14:54:33.134+0000][3.700s][info][gc,heap        ] GC(3) PSYoungGen: 51001K(1223168K)->0K(1223168K) Eden: 0K(1048576K)->0K(1048576K) From: 51001K(174592K)->0K(174592K)
[2026-09-23T14:54:33.134+0000][3.700s][info][gc,heap        ] GC(3) ParOldGen: 13583K(2796544K)->64220K(2796544K)
[2026-09-23T14:54:33.134+0000][3.700s][info][gc,metaspace   ] GC(3) Metaspace: 35390K(35840K)->35388K(35840K) NonClass: 31290K(31552K)->31288K(31552K) Class: 4100K(4288K)->4099K(4288K)
[2026-09-23T14:54:33.134+0000][3.700s][info][gc             ] GC(3) Pause Full (Metadata GC Threshold) 63M->62M(3925M) 65.807ms
[2026-09-23T14:54:33.134+0000][3.700s][info][gc,cpu         ] GC(3) User=0.22s Sys=0.00s Real=0.07s
[2026-09-23T14:54:35.000+0000][5.566s][info][gc,start       ] GC(4) Pause Young (Metadata GC Threshold)
[2026-09-23T14:54:35.030+0000][5.596s][info][gc,heap        ] GC(4) PSYoungGen: 383746K(1223168K)->43025K(1223168K) Eden: 383746K(1048576K)->0K(1048576K) From: 0K(174592K)->43025K(174592K)
[2026-09-23T14:54:35.030+0000][5.596s][info][gc,heap        ] GC(4) ParOldGen: 64220K(2796544K)->64228K(2796544K)
[2026-09-23T14:54:35.030+0000][5.596s][info][gc,metaspace   ] GC(4) Metaspace: 59194K(59776K)->59194K(59776K) NonClass: 50581K(50880K)->50581K(50880K) Class: 8613K(8896K)->8613K(8896K)
[2026-09-23T14:54:35.030+0000][5.596s][info][gc             ] GC(4) Pause Young (Metadata GC Threshold) 437M->104M(3925M) 30.258ms
[2026-09-23T14:54:35.030+0000][5.596s][info][gc,cpu         ] GC(4) User=0.11s Sys=0.01s Real=0.03s
[2026-09-23T14:54:35.030+0000][5.596s][info][gc,start       ] GC(5) Pause Full (Metadata GC Threshold)
[2026-09-23T14:54:35.030+0000][5.596s][info][gc,phases,start] GC(5) Marking Phase
[2026-09-23T14:54:35.080+0000][5.646s][info][gc,phases      ] GC(5) Marking Phase 49.737ms
[2026-09-23T14:54:35.080+0000][5.646s][info][gc,phases,start] GC(5) Summary Phase
[2026-09-23T14:54:35.080+0000][5.646s][info][gc,phases      ] GC(5) Summary Phase 0.008ms
[2026-09-23T14:54:35.080+0000][5.646s][info][gc,phases,start] GC(5) Adjust Roots
[2026-09-23T14:54:35.085+0000][5.651s][info][gc,phases      ] GC(5) Adjust Roots 5.249ms
[2026-09-23T14:54:35.085+0000][5.651s][info][gc,phases,start] GC(5) Compaction Phase
[2026-09-23T14:54:35.157+0000][5.723s][info][gc,phases      ] GC(5) Compaction Phase 71.681ms
[2026-09-23T14:54:35.157+0000][5.723s][info][gc,phases,start] GC(5) Post Compact
[2026-09-23T14:54:35.158+0000][5.724s][info][gc,phases      ] GC(5) Post Compact 1.139ms
[2026-09-23T14:54:35.158+0000][5.724s][info][gc,heap        ] GC(5) PSYoungGen: 43025K(1223168K)->0K(1223168K) Eden: 0K(1048576K)->0K(1048576K) From: 43025K(174592K)->0K(174592K)
[2026-09-23T14:54:35.158+0000][5.724s][info][gc,heap        ] GC(5) ParOldGen: 64228K(2796544K)->103074K(2796544K)
[2026-09-23T14:54:35.158+0000][5.724s][info][gc,metaspace   ] GC(5) Metaspace: 59194K(59776K)->59194K(59776K) NonClass: 50581K(50880K)->50581K(50880K) Class: 8613K(8896K)->8613K(8896K)
[2026-09-23T14:54:35.158+0000][5.724s][info][gc             ] GC(5) Pause Full (Metadata GC Threshold) 104M->100M(3925M) 127.960ms
[2026-09-23T14:54:35.158+0000][5.724s][info][gc,cpu         ] GC(5) User=0.47s Sys=0.00s Real=0.13s
[2026-09-23T14:54:38.073+0000][8.638s][info][gc,start       ] GC(6) Pause Young (Metadata GC Threshold)
[2026-09-23T14:54:38.171+0000][8.737s][info][gc,heap        ] GC(6) PSYoungGen: 753002K(1223168K)->174560K(1223168K) Eden: 753002K(1048576K)->0K(1048576K) From: 0K(174592K)->174560K(174592K)
[2026-09-23T14:54:38.171+0000][8.737s][info][gc,heap        ] GC(6) ParOldGen: 103074K(2796544K)->105610K(2796544K)
[2026-09-23T14:54:38.171+0000][8.737s][info][gc,metaspace   ] GC(6) Metaspace: 98787K(99648K)->98787K(99648K) NonClass: 84828K(85312K)->84828K(85312K) Class: 13958K(14336K)->13958K(14336K)
[2026-09-23T14:54:38.171+0000][8.737s][info][gc             ] GC(6) Pause Young (Metadata GC Threshold) 836M->273M(3925M) 98.208ms
[2026-09-23T14:54:38.171+0000][8.737s][info][gc,cpu         ] GC(6) User=0.35s Sys=0.03s Real=0.09s
[2026-09-23T14:54:38.171+0000][8.737s][info][gc,start       ] GC(7) Pause Full (Metadata GC Threshold)
[2026-09-23T14:54:38.171+0000][8.737s][info][gc,phases,start] GC(7) Marking Phase
[2026-09-23T14:54:38.282+0000][8.848s][info][gc,phases      ] GC(7) Marking Phase 110.916ms
[2026-09-23T14:54:38.282+0000][8.848s][info][gc,phases,start] GC(7) Summary Phase
[2026-09-23T14:54:38.282+0000][8.848s][info][gc,phases      ] GC(7) Summary Phase 0.027ms
[2026-09-23T14:54:38.282+0000][8.848s][info][gc,phases,start] GC(7) Adjust Roots
[2026-09-23T14:54:38.291+0000][8.857s][info][gc,phases      ] GC(7) Adjust Roots 8.924ms
[2026-09-23T14:54:38.291+0000][8.857s][info][gc,phases,start] GC(7) Compaction Phase
[2026-09-23T14:54:38.574+0000][9.140s][info][gc,phases      ] GC(7) Compaction Phase 283.185ms
[2026-09-23T14:54:38.574+0000][9.140s][info][gc,phases,start] GC(7) Post Compact
[2026-09-23T14:54:38.576+0000][9.142s][info][gc,phases      ] GC(7) Post Compact 1.713ms
[2026-09-23T14:54:38.576+0000][9.142s][info][gc,heap        ] GC(7) PSYoungGen: 174560K(1223168K)->0K(1223168K) Eden: 0K(1048576K)->0K(1048576K) From: 174560K(174592K)->0K(174592K)
[2026-09-23T14:54:38.576+0000][9.142s][info][gc,heap        ] GC(7) ParOldGen: 105610K(2796544K)->278508K(2796544K)
[2026-09-23T14:54:38.576+0000][9.142s][info][gc,metaspace   ] GC(7) Metaspace: 98787K(99648K)->98787K(99648K) NonClass: 84828K(85312K)->84828K(85312K) Class: 13958K(14336K)->13958K(14336K)
[2026-09-23T14:54:38.576+0000][9.142s][info][gc             ] GC(7) Pause Full (Metadata GC Threshold) 273M->271M(3925M) 404.901ms
[2026-09-23T14:54:38.576+0000][9.142s][info][gc,cpu         ] GC(7) User=1.51s Sys=0.01s Real=0.41s
[2026-09-23T14:54:42.147+0000][12.713s][info][gc,start       ] GC(8) Pause Young (Allocation Failure)
[2026-09-23T14:54:42.179+0000][12.745s][info][gc,heap        ] GC(8) PSYoungGen: 1048576K(1223168K)->45255K(1223168K) Eden: 1048576K(1048576K)->0K(1048576K) From: 0K(174592K)->45255K(174592K)
[2026-09-23T14:54:42.179+0000][12.745s][info][gc,heap        ] GC(8) ParOldGen: 278508K(2796544K)->278524K(2796544K)
[2026-09-23T14:54:42.179+0000][12.745s][info][gc,metaspace   ] GC(8) Metaspace: 119791K(120832K)->119791K(120832K) NonClass: 102555K(103168K)->102555K(103168K) Class: 17236K(17664K)->17236K(17664K)
[2026-09-23T14:54:42.179+0000][12.745s][info][gc             ] GC(8) Pause Young (Allocation Failure) 1295M->316M(3925M) 32.008ms
[2026-09-23T14:54:42.179+0000][12.745s][info][gc,cpu         ] GC(8) User=0.13s Sys=0.00s Real=0.03s
[2026-09-23T14:54:48.675+0000][19.240s][info][gc,start       ] GC(9) Pause Young (Allocation Failure)
[2026-09-23T14:54:48.733+0000][19.298s][info][gc,heap        ] GC(9) PSYoungGen: 1093831K(1223168K)->128644K(2234880K) Eden: 1048576K(1048576K)->0K(2076672K) From: 45255K(174592K)->128644K(158208K)
[2026-09-23T14:54:48.733+0000][19.298s][info][gc,heap        ] GC(9) ParOldGen: 278524K(2796544K)->278564K(2796544K)
[2026-09-23T14:54:48.733+0000][19.298s][info][gc,metaspace   ] GC(9) Metaspace: 149636K(150848K)->149636K(150848K) NonClass: 125262K(125952K)->125262K(125952K) Class: 24374K(24896K)->24374K(24896K)
[2026-09-23T14:54:48.733+0000][19.298s][info][gc             ] GC(9) Pause Young (Allocation Failure) 1340M->397M(4913M) 57.845ms
[2026-09-23T14:54:48.733+0000][19.298s][info][gc,cpu         ] GC(9) User=0.18s Sys=0.03s Real=0.06s
[2026-09-23T14:54:49.662+0000][20.228s][info][gc,start       ] GC(10) Pause Young (CodeCache GC Threshold)
[2026-09-23T14:54:49.721+0000][20.287s][info][gc,heap        ] GC(10) PSYoungGen: 451448K(2234880K)->146230K(2255360K) Eden: 322803K(2076672K)->0K(2076672K) From: 128644K(158208K)->146230K(178688K)
[2026-09-23T14:54:49.721+0000][20.287s][info][gc,heap        ] GC(10) ParOldGen: 278564K(2796544K)->278572K(2796544K)
[2026-09-23T14:54:49.721+0000][20.287s][info][gc,metaspace   ] GC(10) Metaspace: 150240K(151488K)->150240K(151488K) NonClass: 125780K(126464K)->125780K(126464K) Class: 24459K(25024K)->24459K(25024K)
[2026-09-23T14:54:49.721+0000][20.287s][info][gc             ] GC(10) Pause Young (CodeCache GC Threshold) 712M->414M(4933M) 58.838ms
[2026-09-23T14:54:49.721+0000][20.287s][info][gc,cpu         ] GC(10) User=0.20s Sys=0.03s Real=0.06s
[2026-09-23T14:54:49.721+0000][20.287s][info][gc,start       ] GC(11) Pause Full (CodeCache GC Threshold)
[2026-09-23T14:54:49.721+0000][20.287s][info][gc,phases,start] GC(11) Marking Phase
[2026-09-23T14:54:49.891+0000][20.457s][info][gc,phases      ] GC(11) Marking Phase 170.089ms
[2026-09-23T14:54:49.891+0000][20.457s][info][gc,phases,start] GC(11) Summary Phase
[2026-09-23T14:54:49.891+0000][20.457s][info][gc,phases      ] GC(11) Summary Phase 0.022ms
[2026-09-23T14:54:49.891+0000][20.457s][info][gc,phases,start] GC(11) Adjust Roots
[2026-09-23T14:54:49.913+0000][20.478s][info][gc,phases      ] GC(11) Adjust Roots 21.119ms
[2026-09-23T14:54:49.913+0000][20.478s][info][gc,phases,start] GC(11) Compaction Phase
[2026-09-23T14:54:50.250+0000][20.816s][info][gc,phases      ] GC(11) Compaction Phase 337.537ms
[2026-09-23T14:54:50.250+0000][20.816s][info][gc,phases,start] GC(11) Post Compact
[2026-09-23T14:54:50.256+0000][20.822s][info][gc,phases      ] GC(11) Post Compact 5.895ms
[2026-09-23T14:54:50.256+0000][20.822s][info][gc,heap        ] GC(11) PSYoungGen: 146230K(2255360K)->0K(2255360K) Eden: 0K(2076672K)->0K(2076672K) From: 146230K(178688K)->0K(178688K)
[2026-09-23T14:54:50.256+0000][20.822s][info][gc,heap        ] GC(11) ParOldGen: 278572K(2796544K)->385216K(2796544K)
[2026-09-23T14:54:50.256+0000][20.822s][info][gc,metaspace   ] GC(11) Metaspace: 150240K(151488K)->150175K(151488K) NonClass: 125780K(126464K)->125731K(126464K) Class: 24459K(25024K)->24444K(25024K)
[2026-09-23T14:54:50.256+0000][20.822s][info][gc             ] GC(11) Pause Full (CodeCache GC Threshold) 414M->376M(4933M) 534.818ms
[2026-09-23T14:54:50.256+0000][20.822s][info][gc,cpu         ] GC(11) User=1.90s Sys=0.04s Real=0.54s
[2026-09-23T14:54:54.610+0000][25.176s][info][gc,start       ] GC(12) Pause Young (Allocation Failure)
[2026-09-23T14:54:54.728+0000][25.294s][info][gc,heap        ] GC(12) PSYoungGen: 2076672K(2255360K)->199679K(2206208K) Eden: 2076672K(2076672K)->0K(2006528K) From: 0K(178688K)->199679K(199680K)
[2026-09-23T14:54:54.728+0000][25.294s][info][gc,heap        ] GC(12) ParOldGen: 385216K(2796544K)->509884K(2796544K)
[2026-09-23T14:54:54.728+0000][25.294s][info][gc,metaspace   ] GC(12) Metaspace: 152591K(153920K)->152591K(153920K) NonClass: 127795K(128576K)->127795K(128576K) Class: 24796K(25344K)->24796K(25344K)
[2026-09-23T14:54:54.728+0000][25.294s][info][gc             ] GC(12) Pause Young (Allocation Failure) 2404M->692M(4885M) 118.104ms
[2026-09-23T14:54:54.728+0000][25.294s][info][gc,cpu         ] GC(12) User=0.41s Sys=0.05s Real=0.12s
[2026-09-23T14:54:58.774+0000][29.340s][info][gc,start       ] GC(13) Pause Young (Allocation Failure)
[2026-09-23T14:54:58.923+0000][29.488s][info][gc,heap        ] GC(13) PSYoungGen: 2206207K(2206208K)->290276K(2296832K) Eden: 2006528K(2006528K)->0K(2006528K) From: 199679K(199680K)->290276K(290304K)
[2026-09-23T14:54:58.923+0000][29.488s][info][gc,heap        ] GC(13) ParOldGen: 509884K(2796544K)->740860K(2796544K)
[2026-09-23T14:54:58.923+0000][29.489s][info][gc,metaspace   ] GC(13) Metaspace: 153235K(154688K)->153235K(154688K) NonClass: 128340K(129152K)->128340K(129152K) Class: 24894K(25536K)->24894K(25536K)
[2026-09-23T14:54:58.923+0000][29.489s][info][gc             ] GC(13) Pause Young (Allocation Failure) 2652M->1006M(4974M) 148.596ms
[2026-09-23T14:54:58.923+0000][29.489s][info][gc,cpu         ] GC(13) User=0.51s Sys=0.09s Real=0.15s
[2026-09-23T14:55:02.435+0000][33.000s][info][gc,start       ] GC(14) Pause Young (GCLocker Initiated GC)
[2026-09-23T14:55:02.590+0000][33.155s][info][gc,heap        ] GC(14) PSYoungGen: 2296804K(2296832K)->410796K(2928640K) Eden: 2006528K(2006528K)->0K(2493440K) From: 290276K(290304K)->410796K(435200K)
[2026-09-23T14:55:02.590+0000][33.155s][info][gc,heap        ] GC(14) ParOldGen: 740861K(2796544K)->918858K(2796544K)
[2026-09-23T14:55:02.590+0000][33.155s][info][gc,metaspace   ] GC(14) Metaspace: 153871K(155328K)->153871K(155328K) NonClass: 128898K(129728K)->128898K(129728K) Class: 24972K(25600K)->24972K(25600K)
[2026-09-23T14:55:02.590+0000][33.155s][info][gc             ] GC(14) Pause Young (GCLocker Initiated GC) 2966M->1298M(5591M) 154.817ms
[2026-09-23T14:55:02.590+0000][33.155s][info][gc,cpu         ] GC(14) User=0.51s Sys=0.11s Real=0.15s
[2026-09-23T14:55:06.774+0000][37.340s][info][gc,start       ] GC(15) Pause Young (Allocation Failure)
[2026-09-23T14:55:06.992+0000][37.558s][info][gc,heap        ] GC(15) PSYoungGen: 2904236K(2928640K)->320849K(2814464K) Eden: 2493440K(2493440K)->0K(2493440K) From: 410796K(435200K)->320849K(321024K)
[2026-09-23T14:55:06.992+0000][37.558s][info][gc,heap        ] GC(15) ParOldGen: 918861K(2796544K)->1349554K(2796544K)
[2026-09-23T14:55:06.992+0000][37.558s][info][gc,metaspace   ] GC(15) Metaspace: 154411K(155840K)->154411K(155840K) NonClass: 129379K(130176K)->129379K(130176K) Class: 25032K(25664K)->25032K(25664K)
[2026-09-23T14:55:06.992+0000][37.558s][info][gc             ] GC(15) Pause Young (Allocation Failure) 3733M->1631M(5479M) 218.444ms
[2026-09-23T14:55:06.993+0000][37.558s][info][gc,cpu         ] GC(15) User=0.72s Sys=0.16s Real=0.22s
[2026-09-23T14:55:11.559+0000][42.124s][info][gc,start       ] GC(16) Pause Young (Allocation Failure)
[2026-09-23T14:55:11.763+0000][42.328s][info][gc,heap        ] GC(16) PSYoungGen: 2814289K(2814464K)->375721K(2907648K) Eden: 2493440K(2493440K)->0K(2387968K) From: 320849K(321024K)->375721K(519680K)
[2026-09-23T14:55:11.763+0000][42.328s][info][gc,heap        ] GC(16) ParOldGen: 1349554K(2796544K)->1683232K(2796544K)
[2026-09-23T14:55:11.763+0000][42.328s][info][gc,metaspace   ] GC(16) Metaspace: 154763K(156224K)->154763K(156224K) NonClass: 129705K(130560K)->129705K(130560K) Class: 25058K(25664K)->25058K(25664K)
[2026-09-23T14:55:11.763+0000][42.328s][info][gc             ] GC(16) Pause Young (Allocation Failure) 4066M->2010M(5570M) 204.053ms
[2026-09-23T14:55:11.763+0000][42.328s][info][gc,cpu         ] GC(16) User=0.70s Sys=0.12s Real=0.21s
[2026-09-23T14:55:15.693+0000][46.259s][info][gc,start       ] GC(17) Pause Young (Allocation Failure)
[2026-09-23T14:55:15.906+0000][46.471s][info][gc,heap        ] GC(17) PSYoungGen: 2763689K(2907648K)->358976K(2747392K) Eden: 2387968K(2387968K)->0K(2387968K) From: 375721K(519680K)->358976K(359424K)
[2026-09-23T14:55:15.906+0000][46.471s][info][gc,heap        ] GC(17) ParOldGen: 1683232K(2796544K)->2075189K(2796544K)
[2026-09-23T14:55:15.906+0000][46.471s][info][gc,metaspace   ] GC(17) Metaspace: 155373K(156864K)->155373K(156864K) NonClass: 130294K(131136K)->130294K(131136K) Class: 25078K(25728K)->25078K(25728K)
[2026-09-23T14:55:15.906+0000][46.472s][info][gc             ] GC(17) Pause Young (Allocation Failure) 4342M->2377M(5414M) 212.759ms
[2026-09-23T14:55:15.906+0000][46.472s][info][gc,cpu         ] GC(17) User=0.74s Sys=0.10s Real=0.21s
[2026-09-23T14:55:18.031+0000][48.597s][info][gc,start       ] GC(18) Pause Young (CodeCache GC Threshold)
[2026-09-23T14:55:18.192+0000][48.758s][info][gc,heap        ] GC(18) PSYoungGen: 928272K(2747392K)->118171K(2937344K) Eden: 569296K(2387968K)->0K(2364928K) From: 358976K(359424K)->118171K(572416K)
[2026-09-23T14:55:18.192+0000][48.758s][info][gc,heap        ] GC(18) ParOldGen: 2075189K(2796544K)->2447179K(2796544K)
[2026-09-23T14:55:18.192+0000][48.758s][info][gc,metaspace   ] GC(18) Metaspace: 160890K(162432K)->160890K(162432K) NonClass: 134909K(135808K)->134909K(135808K) Class: 25981K(26624K)->25981K(26624K)
[2026-09-23T14:55:18.192+0000][48.758s][info][gc             ] GC(18) Pause Young (CodeCache GC Threshold) 2933M->2505M(5599M) 160.983ms
[2026-09-23T14:55:18.192+0000][48.758s][info][gc,cpu         ] GC(18) User=0.43s Sys=0.16s Real=0.16s
[2026-09-23T14:55:18.192+0000][48.758s][info][gc,start       ] GC(19) Pause Full (CodeCache GC Threshold)
[2026-09-23T14:55:18.192+0000][48.758s][info][gc,phases,start] GC(19) Marking Phase
[2026-09-23T14:55:18.575+0000][49.141s][info][gc,phases      ] GC(19) Marking Phase 382.764ms
[2026-09-23T14:55:18.575+0000][49.141s][info][gc,phases,start] GC(19) Summary Phase
[2026-09-23T14:55:18.575+0000][49.141s][info][gc,phases      ] GC(19) Summary Phase 0.108ms
[2026-09-23T14:55:18.575+0000][49.141s][info][gc,phases,start] GC(19) Adjust Roots
[2026-09-23T14:55:18.594+0000][49.160s][info][gc,phases      ] GC(19) Adjust Roots 18.773ms
[2026-09-23T14:55:18.594+0000][49.160s][info][gc,phases,start] GC(19) Compaction Phase
[2026-09-23T14:55:18.995+0000][49.560s][info][gc,phases      ] GC(19) Compaction Phase 400.408ms
[2026-09-23T14:55:18.995+0000][49.560s][info][gc,phases,start] GC(19) Post Compact
[2026-09-23T14:55:19.005+0000][49.571s][info][gc,phases      ] GC(19) Post Compact 10.500ms
[2026-09-23T14:55:19.005+0000][49.571s][info][gc,heap        ] GC(19) PSYoungGen: 118171K(2937344K)->0K(2937344K) Eden: 0K(2364928K)->0K(2364928K) From: 118171K(572416K)->0K(572416K)
[2026-09-23T14:55:19.005+0000][49.571s][info][gc,heap        ] GC(19) ParOldGen: 2447179K(2796544K)->1406488K(2796544K)
[2026-09-23T14:55:19.005+0000][49.571s][info][gc,metaspace   ] GC(19) Metaspace: 160890K(162432K)->160837K(162432K) NonClass: 134909K(135808K)->134869K(135808K) Class: 25981K(26624K)->25967K(26624K)
[2026-09-23T14:55:19.005+0000][49.571s][info][gc             ] GC(19) Pause Full (CodeCache GC Threshold) 2505M->1373M(5599M) 812.730ms
[2026-09-23T14:55:19.005+0000][49.571s][info][gc,cpu         ] GC(19) User=2.96s Sys=0.04s Real=0.82s
[2026-09-23T14:55:27.996+0000][58.562s][info][gc,start       ] GC(20) Pause Young (Allocation Failure)
[2026-09-23T14:55:28.115+0000][58.681s][info][gc,heap        ] GC(20) PSYoungGen: 2364928K(2937344K)->325085K(2922496K) Eden: 2364928K(2364928K)->0K(2364928K) From: 0K(572416K)->325085K(557568K)
[2026-09-23T14:55:28.115+0000][58.681s][info][gc,heap        ] GC(20) ParOldGen: 1406488K(2796544K)->1406496K(2796544K)
[2026-09-23T14:55:28.115+0000][58.681s][info][gc,metaspace   ] GC(20) Metaspace: 164496K(166144K)->164496K(166144K) NonClass: 138217K(139136K)->138217K(139136K) Class: 26279K(27008K)->26279K(27008K)
[2026-09-23T14:55:28.115+0000][58.681s][info][gc             ] GC(20) Pause Young (Allocation Failure) 3683M->1690M(5585M) 119.301ms
[2026-09-23T14:55:28.115+0000][58.681s][info][gc,cpu         ] GC(20) User=0.47s Sys=0.00s Real=0.12s
[2026-09-23T14:55:32.891+0000][63.457s][info][gc,start       ] GC(21) Pause Young (Allocation Failure)
[2026-09-23T14:55:33.085+0000][63.651s][info][gc,heap        ] GC(21) PSYoungGen: 2690013K(2922496K)->202418K(2889728K) Eden: 2364928K(2364928K)->0K(2374656K) From: 325085K(557568K)->202418K(515072K)
[2026-09-23T14:55:33.085+0000][63.651s][info][gc,heap        ] GC(21) ParOldGen: 1406496K(2796544K)->1718075K(2796544K)
[2026-09-23T14:55:33.085+0000][63.651s][info][gc,metaspace   ] GC(21) Metaspace: 164873K(166464K)->164873K(166464K) NonClass: 138561K(139456K)->138561K(139456K) Class: 26311K(27008K)->26311K(27008K)
[2026-09-23T14:55:33.085+0000][63.651s][info][gc             ] GC(21) Pause Young (Allocation Failure) 4000M->1875M(5553M) 194.229ms
[2026-09-23T14:55:33.085+0000][63.651s][info][gc,cpu         ] GC(21) User=0.77s Sys=0.01s Real=0.20s
[2026-09-23T14:55:33.314+0000][63.879s][info][gc,start       ] GC(22) Pause Young (CodeCache GC Threshold)
[2026-09-23T14:55:33.398+0000][63.964s][info][gc,heap        ] GC(22) PSYoungGen: 342019K(2889728K)->21216K(2908672K) Eden: 139601K(2374656K)->0K(2374656K) From: 202418K(515072K)->21216K(534016K)
[2026-09-23T14:55:33.398+0000][63.964s][info][gc,heap        ] GC(22) ParOldGen: 1718075K(2796544K)->1916320K(2796544K)
[2026-09-23T14:55:33.398+0000][63.964s][info][gc,metaspace   ] GC(22) Metaspace: 164877K(166464K)->164877K(166464K) NonClass: 138565K(139456K)->138565K(139456K) Class: 26311K(27008K)->26311K(27008K)
[2026-09-23T14:55:33.398+0000][63.964s][info][gc             ] GC(22) Pause Young (CodeCache GC Threshold) 2011M->1892M(5571M) 84.313ms
[2026-09-23T14:55:33.398+0000][63.964s][info][gc,cpu         ] GC(22) User=0.33s Sys=0.00s Real=0.08s
[2026-09-23T14:55:33.398+0000][63.964s][info][gc,start       ] GC(23) Pause Full (CodeCache GC Threshold)
[2026-09-23T14:55:33.398+0000][63.964s][info][gc,phases,start] GC(23) Marking Phase
[2026-09-23T14:55:33.949+0000][64.515s][info][gc,phases      ] GC(23) Marking Phase 551.051ms
[2026-09-23T14:55:33.949+0000][64.515s][info][gc,phases,start] GC(23) Summary Phase
[2026-09-23T14:55:33.949+0000][64.515s][info][gc,phases      ] GC(23) Summary Phase 0.040ms
[2026-09-23T14:55:33.949+0000][64.515s][info][gc,phases,start] GC(23) Adjust Roots
[2026-09-23T14:55:33.974+0000][64.540s][info][gc,phases      ] GC(23) Adjust Roots 24.841ms
[2026-09-23T14:55:33.974+0000][64.540s][info][gc,phases,start] GC(23) Compaction Phase
[2026-09-23T14:55:34.823+0000][65.389s][info][gc,phases      ] GC(23) Compaction Phase 848.950ms
[2026-09-23T14:55:34.823+0000][65.389s][info][gc,phases,start] GC(23) Post Compact
[2026-09-23T14:55:34.831+0000][65.397s][info][gc,phases      ] GC(23) Post Compact 8.449ms
[2026-09-23T14:55:34.832+0000][65.397s][info][gc,heap        ] GC(23) PSYoungGen: 21216K(2908672K)->0K(2908672K) Eden: 0K(2374656K)->0K(2374656K) From: 21216K(534016K)->0K(534016K)
[2026-09-23T14:55:34.832+0000][65.397s][info][gc,heap        ] GC(23) ParOldGen: 1916320K(2796544K)->1912657K(2796544K)
[2026-09-23T14:55:34.832+0000][65.397s][info][gc,metaspace   ] GC(23) Metaspace: 164877K(166464K)->164837K(166464K) NonClass: 138565K(139456K)->138535K(139456K) Class: 26311K(27008K)->26301K(27008K)
[2026-09-23T14:55:34.832+0000][65.397s][info][gc             ] GC(23) Pause Full (CodeCache GC Threshold) 1892M->1867M(5571M) 1433.529ms
[2026-09-23T14:55:34.832+0000][65.397s][info][gc,cpu         ] GC(23) User=5.41s Sys=0.00s Real=1.43s
[2026-09-23T14:55:38.844+0000][69.410s][info][gc,start       ] GC(24) Pause Young (Allocation Failure)
[2026-09-23T14:55:38.937+0000][69.503s][info][gc,heap        ] GC(24) PSYoungGen: 2374656K(2908672K)->176802K(2932736K) Eden: 2374656K(2374656K)->0K(2402816K) From: 0K(534016K)->176802K(529920K)
[2026-09-23T14:55:38.937+0000][69.503s][info][gc,heap        ] GC(24) ParOldGen: 1912657K(2796544K)->1912665K(2796544K)
[2026-09-23T14:55:38.937+0000][69.503s][info][gc,metaspace   ] GC(24) Metaspace: 164906K(166528K)->164906K(166528K) NonClass: 138566K(139520K)->138566K(139520K) Class: 26339K(27008K)->26339K(27008K)
[2026-09-23T14:55:38.937+0000][69.503s][info][gc             ] GC(24) Pause Young (Allocation Failure) 4186M->2040M(5595M) 93.368ms
[2026-09-23T14:55:38.937+0000][69.503s][info][gc,cpu         ] GC(24) User=0.36s Sys=0.00s Real=0.09s
[2026-09-23T14:55:42.596+0000][73.161s][info][gc,start       ] GC(25) Pause Young (Allocation Failure)
[2026-09-23T14:55:42.730+0000][73.295s][info][gc,heap        ] GC(25) PSYoungGen: 2579618K(2932736K)->159634K(2912768K) Eden: 2402816K(2402816K)->0K(2402816K) From: 176802K(529920K)->159634K(509952K)
[2026-09-23T14:55:42.730+0000][73.295s][info][gc,heap        ] GC(25) ParOldGen: 1912665K(2796544K)->2070792K(2796544K)
[2026-09-23T14:55:42.730+0000][73.295s][info][gc,metaspace   ] GC(25) Metaspace: 164941K(166592K)->164941K(166592K) NonClass: 138586K(139520K)->138586K(139520K) Class: 26354K(27072K)->26354K(27072K)
[2026-09-23T14:55:42.730+0000][73.295s][info][gc             ] GC(25) Pause Young (Allocation Failure) 4386M->2178M(5575M) 133.805ms
[2026-09-23T14:55:42.730+0000][73.295s][info][gc,cpu         ] GC(25) User=0.52s Sys=0.00s Real=0.13s
[2026-09-23T14:55:46.159+0000][76.725s][info][gc,start       ] GC(26) Pause Young (Allocation Failure)
[2026-09-23T14:55:46.301+0000][76.867s][info][gc,heap        ] GC(26) PSYoungGen: 2562450K(2912768K)->153890K(2962944K) Eden: 2402816K(2402816K)->0K(2476032K) From: 159634K(509952K)->153890K(486912K)
[2026-09-23T14:55:46.301+0000][76.867s][info][gc,heap        ] GC(26) ParOldGen: 2070792K(2796544K)->2208736K(2796544K)
[2026-09-23T14:55:46.301+0000][76.867s][info][gc,metaspace   ] GC(26) Metaspace: 165044K(166656K)->165044K(166656K) NonClass: 138653K(139584K)->138653K(139584K) Class: 26390K(27072K)->26390K(27072K)
[2026-09-23T14:55:46.301+0000][76.867s][info][gc             ] GC(26) Pause Young (Allocation Failure) 4524M->2307M(5624M) 141.781ms
[2026-09-23T14:55:46.301+0000][76.867s][info][gc,cpu         ] GC(26) User=0.54s Sys=0.01s Real=0.14s
[2026-09-23T14:55:49.819+0000][80.385s][info][gc,start       ] GC(27) Pause Young (Allocation Failure)
[2026-09-23T14:55:49.971+0000][80.537s][info][gc,heap        ] GC(27) PSYoungGen: 2629922K(2962944K)->153618K(2941952K) Eden: 2476032K(2476032K)->0K(2476032K) From: 153890K(486912K)->153618K(465920K)
[2026-09-23T14:55:49.971+0000][80.537s][info][gc,heap        ] GC(27) ParOldGen: 2208736K(2796544K)->2338546K(2796544K)
[2026-09-23T14:55:49.971+0000][80.537s][info][gc,metaspace   ] GC(27) Metaspace: 165161K(166784K)->165161K(166784K) NonClass: 138764K(139712K)->138764K(139712K) Class: 26396K(27072K)->26396K(27072K)
[2026-09-23T14:55:49.971+0000][80.537s][info][gc             ] GC(27) Pause Young (Allocation Failure) 4725M->2433M(5604M) 151.562ms
[2026-09-23T14:55:49.971+0000][80.537s][info][gc,cpu         ] GC(27) User=0.60s Sys=0.01s Real=0.15s
[2026-09-23T14:55:53.331+0000][83.897s][info][gc,start       ] GC(28) Pause Young (Allocation Failure)
[2026-09-23T14:55:53.486+0000][84.052s][info][gc,heap        ] GC(28) PSYoungGen: 2629650K(2941952K)->143426K(3004928K) Eden: 2476032K(2476032K)->0K(2559488K) From: 153618K(465920K)->143426K(445440K)
[2026-09-23T14:55:53.486+0000][84.052s][info][gc,heap        ] GC(28) ParOldGen: 2338546K(2796544K)->2465986K(2796544K)
[2026-09-23T14:55:53.486+0000][84.052s][info][gc,metaspace   ] GC(28) Metaspace: 165281K(166976K)->165281K(166976K) NonClass: 138872K(139840K)->138872K(139840K) Class: 26409K(27136K)->26409K(27136K)
[2026-09-23T14:55:53.486+0000][84.052s][info][gc             ] GC(28) Pause Young (Allocation Failure) 4851M->2548M(5665M) 154.560ms
[2026-09-23T14:55:53.486+0000][84.052s][info][gc,cpu         ] GC(28) User=0.55s Sys=0.04s Real=0.16s
[2026-09-23T14:55:56.699+0000][87.265s][info][gc,start       ] GC(29) Pause Young (Allocation Failure)
[2026-09-23T14:55:56.865+0000][87.431s][info][gc,heap        ] GC(29) PSYoungGen: 2702914K(3004928K)->138706K(2987520K) Eden: 2559488K(2559488K)->0K(2559488K) From: 143426K(445440K)->138706K(428032K)
[2026-09-23T14:55:56.865+0000][87.431s][info][gc,heap        ] GC(29) ParOldGen: 2465986K(2796544K)->2580785K(2796544K)
[2026-09-23T14:55:56.866+0000][87.431s][info][gc,metaspace   ] GC(29) Metaspace: 165371K(167040K)->165371K(167040K) NonClass: 138953K(139904K)->138953K(139904K) Class: 26417K(27136K)->26417K(27136K)
[2026-09-23T14:55:56.866+0000][87.431s][info][gc             ] GC(29) Pause Young (Allocation Failure) 5047M->2655M(5648M) 166.277ms
[2026-09-23T14:55:56.866+0000][87.431s][info][gc,cpu         ] GC(29) User=0.58s Sys=0.03s Real=0.17s
[2026-09-23T14:56:00.275+0000][90.840s][info][gc,start       ] GC(30) Pause Young (Allocation Failure)
[2026-09-23T14:56:00.438+0000][91.004s][info][gc,heap        ] GC(30) PSYoungGen: 2698194K(2987520K)->126514K(3046912K) Eden: 2559488K(2559488K)->0K(2635264K) From: 138706K(428032K)->126514K(411648K)
[2026-09-23T14:56:00.438+0000][91.004s][info][gc,heap        ] GC(30) ParOldGen: 2580785K(2796544K)->2689096K(2796544K)
[2026-09-23T14:56:00.438+0000][91.004s][info][gc,metaspace   ] GC(30) Metaspace: 165424K(167104K)->165424K(167104K) NonClass: 139005K(139968K)->139005K(139968K) Class: 26418K(27136K)->26418K(27136K)
[2026-09-23T14:56:00.438+0000][91.004s][info][gc             ] GC(30) Pause Young (Allocation Failure) 5155M->2749M(5706M) 163.255ms
[2026-09-23T14:56:00.438+0000][91.004s][info][gc,cpu         ] GC(30) User=0.58s Sys=0.04s Real=0.16s
[2026-09-23T14:56:04.006+0000][94.571s][info][gc,start       ] GC(31) Pause Young (Allocation Failure)
[2026-09-23T14:56:04.171+0000][94.736s][info][gc,heap        ] GC(31) PSYoungGen: 2761778K(3046912K)->144402K(3033088K) Eden: 2635264K(2635264K)->0K(2635264K) From: 126514K(411648K)->144402K(397824K)
[2026-09-23T14:56:04.171+0000][94.736s][info][gc,heap        ] GC(31) ParOldGen: 2689096K(2796544K)->2782296K(2796544K)
[2026-09-23T14:56:04.171+0000][94.736s][info][gc,metaspace   ] GC(31) Metaspace: 165464K(167104K)->165464K(167104K) NonClass: 139045K(139968K)->139045K(139968K) Class: 26419K(27136K)->26419K(27136K)
[2026-09-23T14:56:04.171+0000][94.736s][info][gc             ] GC(31) Pause Young (Allocation Failure) 5323M->2858M(5693M) 164.907ms
[2026-09-23T14:56:04.171+0000][94.736s][info][gc,cpu         ] GC(31) User=0.60s Sys=0.02s Real=0.16s
[2026-09-23T14:56:07.292+0000][97.857s][info][gc,start       ] GC(32) Pause Young (Allocation Failure)
[2026-09-23T14:56:07.472+0000][98.038s][info][gc,heap        ] GC(32) PSYoungGen: 2779666K(3033088K)->134114K(3080704K) Eden: 2635264K(2635264K)->0K(2699776K) From: 144402K(397824K)->134114K(380928K)
[2026-09-23T14:56:07.472+0000][98.038s][info][gc,heap        ] GC(32) ParOldGen: 2782296K(2796544K)->2892796K(2892800K)
[2026-09-23T14:56:07.472+0000][98.038s][info][gc,metaspace   ] GC(32) Metaspace: 165553K(167168K)->165553K(167168K) NonClass: 139130K(140032K)->139130K(140032K) Class: 26423K(27136K)->26423K(27136K)
[2026-09-23T14:56:07.472+0000][98.038s][info][gc             ] GC(32) Pause Young (Allocation Failure) 5431M->2955M(5833M) 180.159ms
[2026-09-23T14:56:07.472+0000][98.038s][info][gc,cpu         ] GC(32) User=0.63s Sys=0.06s Real=0.18s
[2026-09-23T14:56:10.525+0000][101.091s][info][gc,start       ] GC(33) Pause Young (Allocation Failure)
[2026-09-23T14:56:10.705+0000][101.270s][info][gc,heap        ] GC(33) PSYoungGen: 2833890K(3080704K)->134706K(3066368K) Eden: 2699776K(2699776K)->0K(2699776K) From: 134114K(380928K)->134706K(366592K)
[2026-09-23T14:56:10.705+0000][101.270s][info][gc,heap        ] GC(33) ParOldGen: 2892796K(2892800K)->2990776K(2991104K)
[2026-09-23T14:56:10.705+0000][101.270s][info][gc,metaspace   ] GC(33) Metaspace: 165585K(167232K)->165585K(167232K) NonClass: 139156K(140096K)->139156K(140096K) Class: 26428K(27136K)->26428K(27136K)
[2026-09-23T14:56:10.705+0000][101.270s][info][gc             ] GC(33) Pause Young (Allocation Failure) 5592M->3052M(5915M) 179.265ms
[2026-09-23T14:56:10.705+0000][101.270s][info][gc,cpu         ] GC(33) User=0.64s Sys=0.05s Real=0.18s
[2026-09-23T14:56:13.798+0000][104.363s][info][gc,start       ] GC(34) Pause Young (Allocation Failure)
[2026-09-23T14:56:13.978+0000][104.543s][info][gc,heap        ] GC(34) PSYoungGen: 2834482K(3066368K)->133730K(3113472K) Eden: 2699776K(2699776K)->0K(2760704K) From: 134706K(366592K)->133730K(352768K)
[2026-09-23T14:56:13.978+0000][104.543s][info][gc,heap        ] GC(34) ParOldGen: 2990776K(2991104K)->3087634K(3087872K)
[2026-09-23T14:56:13.978+0000][104.543s][info][gc,metaspace   ] GC(34) Metaspace: 165677K(167424K)->165677K(167424K) NonClass: 139234K(140224K)->139234K(140224K) Class: 26443K(27200K)->26443K(27200K)
[2026-09-23T14:56:13.978+0000][104.544s][info][gc             ] GC(34) Pause Young (Allocation Failure) 5688M->3145M(6056M) 180.128ms
[2026-09-23T14:56:13.978+0000][104.544s][info][gc,cpu         ] GC(34) User=0.61s Sys=0.09s Real=0.18s
[2026-09-23T14:56:15.747+0000][106.312s][info][gc,start       ] GC(35) Pause Young (CodeCache GC Threshold)
[2026-09-23T14:56:15.897+0000][106.463s][info][gc,heap        ] GC(35) PSYoungGen: 1703992K(3113472K)->50961K(3100160K) Eden: 1570262K(2760704K)->0K(2760704K) From: 133730K(352768K)->50961K(339456K)
[2026-09-23T14:56:15.897+0000][106.463s][info][gc,heap        ] GC(35) ParOldGen: 3087634K(3087872K)->3184406K(3184640K)
[2026-09-23T14:56:15.897+0000][106.463s][info][gc,metaspace   ] GC(35) Metaspace: 165713K(167488K)->165713K(167488K) NonClass: 139267K(140288K)->139267K(140288K) Class: 26445K(27200K)->26445K(27200K)
[2026-09-23T14:56:15.897+0000][106.463s][info][gc             ] GC(35) Pause Young (CodeCache GC Threshold) 4679M->3159M(6137M) 150.555ms
[2026-09-23T14:56:15.897+0000][106.463s][info][gc,cpu         ] GC(35) User=0.52s Sys=0.06s Real=0.15s
[2026-09-23T14:56:15.897+0000][106.463s][info][gc,start       ] GC(36) Pause Full (CodeCache GC Threshold)
[2026-09-23T14:56:15.897+0000][106.463s][info][gc,phases,start] GC(36) Marking Phase
[2026-09-23T14:56:16.867+0000][107.433s][info][gc,phases      ] GC(36) Marking Phase 969.657ms
[2026-09-23T14:56:16.867+0000][107.433s][info][gc,phases,start] GC(36) Summary Phase
[2026-09-23T14:56:16.867+0000][107.433s][info][gc,phases      ] GC(36) Summary Phase 0.067ms
[2026-09-23T14:56:16.867+0000][107.433s][info][gc,phases,start] GC(36) Adjust Roots
[2026-09-23T14:56:16.886+0000][107.452s][info][gc,phases      ] GC(36) Adjust Roots 19.101ms
[2026-09-23T14:56:16.886+0000][107.452s][info][gc,phases,start] GC(36) Compaction Phase
[2026-09-23T14:56:18.066+0000][108.632s][info][gc,phases      ] GC(36) Compaction Phase 1180.246ms
[2026-09-23T14:56:18.067+0000][108.632s][info][gc,phases,start] GC(36) Post Compact
[2026-09-23T14:56:18.075+0000][108.641s][info][gc,phases      ] GC(36) Post Compact 8.469ms
[2026-09-23T14:56:18.075+0000][108.641s][info][gc,heap        ] GC(36) PSYoungGen: 50961K(3100160K)->0K(3100160K) Eden: 0K(2760704K)->0K(2760704K) From: 50961K(339456K)->0K(339456K)
[2026-09-23T14:56:18.075+0000][108.641s][info][gc,heap        ] GC(36) ParOldGen: 3184406K(3184640K)->3136653K(3184640K)
[2026-09-23T14:56:18.075+0000][108.641s][info][gc,metaspace   ] GC(36) Metaspace: 165713K(167488K)->165699K(167488K) NonClass: 139267K(140288K)->139257K(140288K) Class: 26445K(27200K)->26441K(27200K)
[2026-09-23T14:56:18.075+0000][108.641s][info][gc             ] GC(36) Pause Full (CodeCache GC Threshold) 3159M->3063M(6137M) 2177.729ms
[2026-09-23T14:56:18.075+0000][108.641s][info][gc,cpu         ] GC(36) User=8.21s Sys=0.06s Real=2.18s
[2026-09-23T14:56:21.025+0000][111.591s][info][gc,start       ] GC(37) Pause Young (Allocation Failure)
[2026-09-23T14:56:21.130+0000][111.695s][info][gc,heap        ] GC(37) PSYoungGen: 2760704K(3100160K)->65490K(3120640K) Eden: 2760704K(2760704K)->0K(2780160K) From: 0K(339456K)->65490K(340480K)
[2026-09-23T14:56:21.130+0000][111.695s][info][gc,heap        ] GC(37) ParOldGen: 3136653K(3184640K)->3136653K(3184640K)
[2026-09-23T14:56:21.130+0000][111.695s][info][gc,metaspace   ] GC(37) Metaspace: 165730K(167488K)->165730K(167488K) NonClass: 139288K(140288K)->139288K(140288K) Class: 26441K(27200K)->26441K(27200K)
[2026-09-23T14:56:21.130+0000][111.696s][info][gc             ] GC(37) Pause Young (Allocation Failure) 5759M->3127M(6157M) 104.980ms
[2026-09-23T14:56:21.130+0000][111.696s][info][gc,cpu         ] GC(37) User=0.42s Sys=0.00s Real=0.10s
[2026-09-23T14:56:24.261+0000][114.827s][info][gc,start       ] GC(38) Pause Young (Allocation Failure)
[2026-09-23T14:56:24.376+0000][114.942s][info][gc,heap        ] GC(38) PSYoungGen: 2845650K(3120640K)->66050K(3116032K) Eden: 2780160K(2780160K)->0K(2780160K) From: 65490K(340480K)->66050K(335872K)
[2026-09-23T14:56:24.376+0000][114.942s][info][gc,heap        ] GC(38) ParOldGen: 3136653K(3184640K)->3160644K(3184640K)
[2026-09-23T14:56:24.376+0000][114.942s][info][gc,metaspace   ] GC(38) Metaspace: 165767K(167488K)->165767K(167488K) NonClass: 139325K(140288K)->139325K(140288K) Class: 26441K(27200K)->26441K(27200K)
[2026-09-23T14:56:24.376+0000][114.942s][info][gc             ] GC(38) Pause Young (Allocation Failure) 5842M->3151M(6153M) 114.837ms
[2026-09-23T14:56:24.376+0000][114.942s][info][gc,cpu         ] GC(38) User=0.46s Sys=0.01s Real=0.12s
[2026-09-23T14:56:27.501+0000][118.067s][info][gc,start       ] GC(39) Pause Young (Allocation Failure)
[2026-09-23T14:56:27.623+0000][118.189s][info][gc,heap        ] GC(39) PSYoungGen: 2846210K(3116032K)->57921K(3152384K) Eden: 2780160K(2780160K)->0K(2825216K) From: 66050K(335872K)->57921K(327168K)
[2026-09-23T14:56:27.623+0000][118.189s][info][gc,heap        ] GC(39) ParOldGen: 3160644K(3184640K)->3185734K(3186176K)
[2026-09-23T14:56:27.623+0000][118.189s][info][gc,metaspace   ] GC(39) Metaspace: 165806K(167552K)->165806K(167552K) NonClass: 139359K(140352K)->139359K(140352K) Class: 26447K(27200K)->26447K(27200K)
[2026-09-23T14:56:27.623+0000][118.189s][info][gc             ] GC(39) Pause Young (Allocation Failure) 5866M->3167M(6190M) 122.012ms
[2026-09-23T14:56:27.623+0000][118.189s][info][gc,cpu         ] GC(39) User=0.47s Sys=0.01s Real=0.13s
[2026-09-23T14:56:30.879+0000][121.444s][info][gc,start       ] GC(40) Pause Young (Allocation Failure)
[2026-09-23T14:56:30.999+0000][121.565s][info][gc,heap        ] GC(40) PSYoungGen: 2883137K(3152384K)->57785K(3148288K) Eden: 2825216K(2825216K)->0K(2825216K) From: 57921K(327168K)->57785K(323072K)
[2026-09-23T14:56:30.999+0000][121.565s][info][gc,heap        ] GC(40) ParOldGen: 3185734K(3186176K)->3203093K(3203584K)
[2026-09-23T14:56:30.999+0000][121.565s][info][gc,metaspace   ] GC(40) Metaspace: 165931K(167616K)->165931K(167616K) NonClass: 139459K(140416K)->139459K(140416K) Class: 26471K(27200K)->26471K(27200K)
[2026-09-23T14:56:30.999+0000][121.565s][info][gc             ] GC(40) Pause Young (Allocation Failure) 5926M->3184M(6203M) 120.893ms
[2026-09-23T14:56:30.999+0000][121.565s][info][gc,cpu         ] GC(40) User=0.44s Sys=0.03s Real=0.12s
[2026-09-23T14:56:34.152+0000][124.717s][info][gc,start       ] GC(41) Pause Young (Allocation Failure)
[2026-09-23T14:56:34.267+0000][124.833s][info][gc,heap        ] GC(41) PSYoungGen: 2883001K(3148288K)->57937K(3163136K) Eden: 2825216K(2825216K)->0K(2853376K) From: 57785K(323072K)->57937K(309760K)
[2026-09-23T14:56:34.267+0000][124.833s][info][gc,heap        ] GC(41) ParOldGen: 3203093K(3203584K)->3222978K(3223040K)
[2026-09-23T14:56:34.267+0000][124.833s][info][gc,metaspace   ] GC(41) Metaspace: 165970K(167680K)->165970K(167680K) NonClass: 139499K(140480K)->139499K(140480K) Class: 26471K(27200K)->26471K(27200K)
[2026-09-23T14:56:34.267+0000][124.833s][info][gc             ] GC(41) Pause Young (Allocation Failure) 5943M->3204M(6236M) 115.146ms
[2026-09-23T14:56:34.267+0000][124.833s][info][gc,cpu         ] GC(41) User=0.44s Sys=0.02s Real=0.12s
[2026-09-23T14:56:37.432+0000][127.998s][info][gc,start       ] GC(42) Pause Young (Allocation Failure)
[2026-09-23T14:56:37.551+0000][128.117s][info][gc,heap        ] GC(42) PSYoungGen: 2911313K(3163136K)->60226K(3160064K) Eden: 2853376K(2853376K)->0K(2853376K) From: 57937K(309760K)->60226K(306688K)
[2026-09-23T14:56:37.551+0000][128.117s][info][gc,heap        ] GC(42) ParOldGen: 3222978K(3223040K)->3242704K(3243008K)
[2026-09-23T14:56:37.551+0000][128.117s][info][gc,metaspace   ] GC(42) Metaspace: 166024K(167744K)->166024K(167744K) NonClass: 139552K(140544K)->139552K(140544K) Class: 26471K(27200K)->26471K(27200K)
[2026-09-23T14:56:37.551+0000][128.117s][info][gc             ] GC(42) Pause Young (Allocation Failure) 5990M->3225M(6253M) 118.795ms
[2026-09-23T14:56:37.551+0000][128.117s][info][gc,cpu         ] GC(42) User=0.46s Sys=0.01s Real=0.12s
[2026-09-23T14:56:40.710+0000][131.275s][info][gc,start       ] GC(43) Pause Young (Allocation Failure)
[2026-09-23T14:56:40.829+0000][131.394s][info][gc,heap        ] GC(43) PSYoungGen: 2913602K(3160064K)->57233K(3177984K) Eden: 2853376K(2853376K)->0K(2888704K) From: 60226K(306688K)->57233K(289280K)
[2026-09-23T14:56:40.829+0000][131.395s][info][gc,heap        ] GC(43) ParOldGen: 3242704K(3243008K)->3264466K(3264512K)
[2026-09-23T14:56:40.829+0000][131.395s][info][gc,metaspace   ] GC(43) Metaspace: 166054K(167744K)->166054K(167744K) NonClass: 139576K(140544K)->139576K(140544K) Class: 26478K(27200K)->26478K(27200K)
[2026-09-23T14:56:40.829+0000][131.395s][info][gc             ] GC(43) Pause Young (Allocation Failure) 6012M->3243M(6291M) 119.357ms
[2026-09-23T14:56:40.829+0000][131.395s][info][gc,cpu         ] GC(43) User=0.44s Sys=0.01s Real=0.12s
[2026-09-23T14:56:44.195+0000][134.761s][info][gc,start       ] GC(44) Pause Young (Allocation Failure)
[2026-09-23T14:56:44.310+0000][134.876s][info][gc,heap        ] GC(44) PSYoungGen: 2945937K(3177984K)->54401K(3174912K) Eden: 2888704K(2888704K)->0K(2888704K) From: 57233K(289280K)->54401K(286208K)
[2026-09-23T14:56:44.310+0000][134.876s][info][gc,heap        ] GC(44) ParOldGen: 3264466K(3264512K)->3282513K(3282944K)
[2026-09-23T14:56:44.310+0000][134.876s][info][gc,metaspace   ] GC(44) Metaspace: 166063K(167744K)->166063K(167744K) NonClass: 139584K(140544K)->139584K(140544K) Class: 26478K(27200K)->26478K(27200K)
[2026-09-23T14:56:44.310+0000][134.876s][info][gc             ] GC(44) Pause Young (Allocation Failure) 6064M->3258M(6306M) 114.746ms
[2026-09-23T14:56:44.310+0000][134.876s][info][gc,cpu         ] GC(44) User=0.45s Sys=0.00s Real=0.11s
[2026-09-23T14:56:47.546+0000][138.112s][info][gc,start       ] GC(45) Pause Young (Allocation Failure)
[2026-09-23T14:56:47.659+0000][138.225s][info][gc,heap        ] GC(45) PSYoungGen: 2943105K(3174912K)->55857K(3197952K) Eden: 2888704K(2888704K)->0K(2930176K) From: 54401K(286208K)->55857K(267776K)
[2026-09-23T14:56:47.659+0000][138.225s][info][gc,heap        ] GC(45) ParOldGen: 3282513K(3282944K)->3299476K(3299840K)
[2026-09-23T14:56:47.659+0000][138.225s][info][gc,metaspace   ] GC(45) Metaspace: 166075K(167744K)->166075K(167744K) NonClass: 139596K(140544K)->139596K(140544K) Class: 26478K(27200K)->26478K(27200K)
[2026-09-23T14:56:47.659+0000][138.225s][info][gc             ] GC(45) Pause Young (Allocation Failure) 6079M->3276M(6345M) 113.353ms
[2026-09-23T14:56:47.659+0000][138.225s][info][gc,cpu         ] GC(45) User=0.44s Sys=0.01s Real=0.11s
[2026-09-23T14:56:50.890+0000][141.456s][info][gc,start       ] GC(46) Pause Young (Allocation Failure)
[2026-09-23T14:56:51.006+0000][141.572s][info][gc,heap        ] GC(46) PSYoungGen: 2986033K(3197952K)->57713K(3195904K) Eden: 2930176K(2930176K)->0K(2930176K) From: 55857K(267776K)->57713K(265728K)
[2026-09-23T14:56:51.006+0000][141.572s][info][gc,heap        ] GC(46) ParOldGen: 3299476K(3299840K)->3317231K(3317248K)
[2026-09-23T14:56:51.006+0000][141.572s][info][gc,metaspace   ] GC(46) Metaspace: 166103K(167808K)->166103K(167808K) NonClass: 139625K(140608K)->139625K(140608K) Class: 26478K(27200K)->26478K(27200K)
[2026-09-23T14:56:51.006+0000][141.572s][info][gc             ] GC(46) Pause Young (Allocation Failure) 6138M->3295M(6360M) 115.653ms
[2026-09-23T14:56:51.006+0000][141.572s][info][gc,cpu         ] GC(46) User=0.44s Sys=0.02s Real=0.12s
[2026-09-23T14:56:54.377+0000][144.943s][info][gc,start       ] GC(47) Pause Young (Allocation Failure)
[2026-09-23T14:56:54.491+0000][145.057s][info][gc,heap        ] GC(47) PSYoungGen: 2987889K(3195904K)->54113K(3218944K) Eden: 2930176K(2930176K)->0K(2971648K) From: 57713K(265728K)->54113K(247296K)
[2026-09-23T14:56:54.491+0000][145.057s][info][gc,heap        ] GC(47) ParOldGen: 3317231K(3317248K)->3336015K(3336192K)
[2026-09-23T14:56:54.491+0000][145.057s][info][gc,metaspace   ] GC(47) Metaspace: 166138K(167808K)->166138K(167808K) NonClass: 139658K(140608K)->139658K(140608K) Class: 26479K(27200K)->26479K(27200K)
[2026-09-23T14:56:54.491+0000][145.057s][info][gc             ] GC(47) Pause Young (Allocation Failure) 6157M->3310M(6401M) 113.953ms
[2026-09-23T14:56:54.491+0000][145.057s][info][gc,cpu         ] GC(47) User=0.44s Sys=0.01s Real=0.11s
[2026-09-23T14:56:57.788+0000][148.353s][info][gc,start       ] GC(48) Pause Young (Allocation Failure)
[2026-09-23T14:56:57.908+0000][148.474s][info][gc,heap        ] GC(48) PSYoungGen: 3025761K(3218944K)->57281K(3216384K) Eden: 2971648K(2971648K)->0K(2971648K) From: 54113K(247296K)->57281K(244736K)
[2026-09-23T14:56:57.908+0000][148.474s][info][gc,heap        ] GC(48) ParOldGen: 3336015K(3336192K)->3352877K(3353088K)
[2026-09-23T14:56:57.908+0000][148.474s][info][gc,metaspace   ] GC(48) Metaspace: 166158K(167808K)->166158K(167808K) NonClass: 139678K(140608K)->139678K(140608K) Class: 26479K(27200K)->26479K(27200K)
[2026-09-23T14:56:57.908+0000][148.474s][info][gc             ] GC(48) Pause Young (Allocation Failure) 6212M->3330M(6415M) 120.412ms
[2026-09-23T14:56:57.908+0000][148.474s][info][gc,cpu         ] GC(48) User=0.45s Sys=0.01s Real=0.12s
[2026-09-23T14:57:01.151+0000][151.717s][info][gc,start       ] GC(49) Pause Young (Allocation Failure)
[2026-09-23T14:57:01.279+0000][151.845s][info][gc,heap        ] GC(49) PSYoungGen: 3028929K(3216384K)->58146K(3239936K) Eden: 2971648K(2971648K)->0K(3013120K) From: 57281K(244736K)->58146K(226816K)
[2026-09-23T14:57:01.279+0000][151.845s][info][gc,heap        ] GC(49) ParOldGen: 3352877K(3353088K)->3372122K(3372544K)
[2026-09-23T14:57:01.280+0000][151.845s][info][gc,metaspace   ] GC(49) Metaspace: 166166K(167808K)->166166K(167808K) NonClass: 139686K(140608K)->139686K(140608K) Class: 26479K(27200K)->26479K(27200K)
[2026-09-23T14:57:01.280+0000][151.845s][info][gc             ] GC(49) Pause Young (Allocation Failure) 6232M->3349M(6457M) 128.386ms
[2026-09-23T14:57:01.280+0000][151.845s][info][gc,cpu         ] GC(49) User=0.46s Sys=0.01s Real=0.13s
[2026-09-23T14:57:04.671+0000][155.236s][info][gc,start       ] GC(50) Pause Young (Allocation Failure)
[2026-09-23T14:57:04.783+0000][155.349s][info][gc,heap        ] GC(50) PSYoungGen: 3071266K(3239936K)->54513K(3236864K) Eden: 3013120K(3013120K)->0K(3013120K) From: 58146K(226816K)->54513K(223744K)
[2026-09-23T14:57:04.783+0000][155.349s][info][gc,heap        ] GC(50) ParOldGen: 3372122K(3372544K)->3390995K(3391488K)
[2026-09-23T14:57:04.783+0000][155.349s][info][gc,metaspace   ] GC(50) Metaspace: 166171K(167872K)->166171K(167872K) NonClass: 139691K(140672K)->139691K(140672K) Class: 26480K(27200K)->26480K(27200K)
[2026-09-23T14:57:04.783+0000][155.349s][info][gc             ] GC(50) Pause Young (Allocation Failure) 6292M->3364M(6473M) 112.711ms
[2026-09-23T14:57:04.783+0000][155.349s][info][gc,cpu         ] GC(50) User=0.45s Sys=0.00s Real=0.12s
[2026-09-23T14:57:08.056+0000][158.621s][info][gc,start       ] GC(51) Pause Young (Allocation Failure)
[2026-09-23T14:57:08.169+0000][158.735s][info][gc,heap        ] GC(51) PSYoungGen: 3067633K(3236864K)->55297K(3261440K) Eden: 3013120K(3013120K)->0K(3054080K) From: 54513K(223744K)->55297K(207360K)
[2026-09-23T14:57:08.169+0000][158.735s][info][gc,heap        ] GC(51) ParOldGen: 3390995K(3391488K)->3407625K(3407872K)
[2026-09-23T14:57:08.169+0000][158.735s][info][gc,metaspace   ] GC(51) Metaspace: 166180K(167872K)->166180K(167872K) NonClass: 139700K(140672K)->139700K(140672K) Class: 26480K(27200K)->26480K(27200K)
[2026-09-23T14:57:08.169+0000][158.735s][info][gc             ] GC(51) Pause Young (Allocation Failure) 6307M->3381M(6513M) 113.698ms
[2026-09-23T14:57:08.169+0000][158.735s][info][gc,cpu         ] GC(51) User=0.44s Sys=0.01s Real=0.11s
[2026-09-23T14:57:11.742+0000][162.307s][info][gc,start       ] GC(52) Pause Young (Allocation Failure)
[2026-09-23T14:57:11.856+0000][162.422s][info][gc,heap        ] GC(52) PSYoungGen: 3109377K(3261440K)->56850K(3258368K) Eden: 3054080K(3054080K)->0K(3054080K) From: 55297K(207360K)->56850K(204288K)
[2026-09-23T14:57:11.856+0000][162.422s][info][gc,heap        ] GC(52) ParOldGen: 3407625K(3407872K)->3423763K(3424256K)
[2026-09-23T14:57:11.856+0000][162.422s][info][gc,metaspace   ] GC(52) Metaspace: 166189K(167872K)->166189K(167872K) NonClass: 139709K(140672K)->139709K(140672K) Class: 26480K(27200K)->26480K(27200K)
[2026-09-23T14:57:11.856+0000][162.422s][info][gc             ] GC(52) Pause Young (Allocation Failure) 6364M->3399M(6526M) 114.600ms
[2026-09-23T14:57:11.856+0000][162.422s][info][gc,cpu         ] GC(52) User=0.44s Sys=0.01s Real=0.12s
[2026-09-23T14:57:15.499+0000][166.064s][info][gc,start       ] GC(53) Pause Young (Allocation Failure)
[2026-09-23T14:57:15.633+0000][166.198s][info][gc,heap        ] GC(53) PSYoungGen: 3110930K(3258368K)->54929K(3281920K) Eden: 3054080K(3054080K)->0K(3091968K) From: 56850K(204288K)->54929K(189952K)
[2026-09-23T14:57:15.633+0000][166.198s][info][gc,heap        ] GC(53) ParOldGen: 3423763K(3424256K)->3442521K(3442688K)
[2026-09-23T14:57:15.633+0000][166.198s][info][gc,metaspace   ] GC(53) Metaspace: 166211K(167872K)->166211K(167872K) NonClass: 139731K(140672K)->139731K(140672K) Class: 26480K(27200K)->26480K(27200K)
[2026-09-23T14:57:15.633+0000][166.198s][info][gc             ] GC(53) Pause Young (Allocation Failure) 6381M->3415M(6567M) 133.906ms
[2026-09-23T14:57:15.633+0000][166.198s][info][gc,cpu         ] GC(53) User=0.49s Sys=0.02s Real=0.14s
[2026-09-23T14:57:19.028+0000][169.593s][info][gc,start       ] GC(54) Pause Young (Allocation Failure)
[2026-09-23T14:57:19.152+0000][169.718s][info][gc,heap        ] GC(54) PSYoungGen: 3146897K(3281920K)->55473K(3278336K) Eden: 3091968K(3091968K)->0K(3091968K) From: 54929K(189952K)->55473K(186368K)
[2026-09-23T14:57:19.152+0000][169.718s][info][gc,heap        ] GC(54) ParOldGen: 3442521K(3442688K)->3460135K(3460608K)
[2026-09-23T14:57:19.152+0000][169.718s][info][gc,metaspace   ] GC(54) Metaspace: 166219K(167872K)->166219K(167872K) NonClass: 139739K(140672K)->139739K(140672K) Class: 26480K(27200K)->26480K(27200K)
[2026-09-23T14:57:19.152+0000][169.718s][info][gc             ] GC(54) Pause Young (Allocation Failure) 6434M->3433M(6581M) 124.545ms
[2026-09-23T14:57:19.152+0000][169.718s][info][gc,cpu         ] GC(54) User=0.45s Sys=0.01s Real=0.12s
[2026-09-23T14:57:22.746+0000][173.311s][info][gc,start       ] GC(55) Pause Young (Allocation Failure)
[2026-09-23T14:57:22.865+0000][173.431s][info][gc,heap        ] GC(55) PSYoungGen: 3147441K(3278336K)->58530K(3299840K) Eden: 3091968K(3091968K)->0K(3127296K) From: 55473K(186368K)->58530K(172544K)
[2026-09-23T14:57:22.865+0000][173.431s][info][gc,heap        ] GC(55) ParOldGen: 3460135K(3460608K)->3476746K(3476992K)
[2026-09-23T14:57:22.865+0000][173.431s][info][gc,metaspace   ] GC(55) Metaspace: 166265K(167936K)->166265K(167936K) NonClass: 139774K(140736K)->139774K(140736K) Class: 26490K(27200K)->26490K(27200K)
[2026-09-23T14:57:22.865+0000][173.431s][info][gc             ] GC(55) Pause Young (Allocation Failure) 6452M->3452M(6618M) 119.328ms
[2026-09-23T14:57:22.865+0000][173.431s][info][gc,cpu         ] GC(55) User=0.46s Sys=0.02s Real=0.12s
[2026-09-23T14:57:26.654+0000][177.220s][info][gc,start       ] GC(56) Pause Young (Allocation Failure)
[2026-09-23T14:57:26.774+0000][177.340s][info][gc,heap        ] GC(56) PSYoungGen: 3185826K(3299840K)->56577K(3296256K) Eden: 3127296K(3127296K)->0K(3127296K) From: 58530K(172544K)->56577K(168960K)
[2026-09-23T14:57:26.774+0000][177.340s][info][gc,heap        ] GC(56) ParOldGen: 3476746K(3476992K)->3497042K(3497472K)
[2026-09-23T14:57:26.774+0000][177.340s][info][gc,metaspace   ] GC(56) Metaspace: 166275K(167936K)->166275K(167936K) NonClass: 139785K(140736K)->139785K(140736K) Class: 26490K(27200K)->26490K(27200K)
[2026-09-23T14:57:26.774+0000][177.340s][info][gc             ] GC(56) Pause Young (Allocation Failure) 6506M->3470M(6634M) 119.749ms
[2026-09-23T14:57:26.774+0000][177.340s][info][gc,cpu         ] GC(56) User=0.45s Sys=0.02s Real=0.12s
[2026-09-23T14:57:30.594+0000][181.159s][info][gc,start       ] GC(57) Pause Young (Allocation Failure)
[2026-09-23T14:57:30.709+0000][181.275s][info][gc,heap        ] GC(57) PSYoungGen: 3183873K(3296256K)->60049K(3318272K) Eden: 3127296K(3127296K)->0K(3161088K) From: 56577K(168960K)->60049K(157184K)
[2026-09-23T14:57:30.709+0000][181.275s][info][gc,heap        ] GC(57) ParOldGen: 3497042K(3497472K)->3515566K(3515904K)
[2026-09-23T14:57:30.709+0000][181.275s][info][gc,metaspace   ] GC(57) Metaspace: 166389K(168000K)->166389K(168000K) NonClass: 139884K(140800K)->139884K(140800K) Class: 26505K(27200K)->26505K(27200K)
[2026-09-23T14:57:30.709+0000][181.275s][info][gc             ] GC(57) Pause Young (Allocation Failure) 6524M->3491M(6674M) 115.390ms
[2026-09-23T14:57:30.709+0000][181.275s][info][gc,cpu         ] GC(57) User=0.45s Sys=0.01s Real=0.11s
[2026-09-23T14:57:34.391+0000][184.957s][info][gc,start       ] GC(58) Pause Young (Allocation Failure)
[2026-09-23T14:57:34.507+0000][185.072s][info][gc,heap        ] GC(58) PSYoungGen: 3221137K(3318272K)->54353K(3314688K) Eden: 3161088K(3161088K)->0K(3161088K) From: 60049K(157184K)->54353K(153600K)
[2026-09-23T14:57:34.507+0000][185.072s][info][gc,heap        ] GC(58) ParOldGen: 3515566K(3515904K)->3538476K(3538944K)
[2026-09-23T14:57:34.507+0000][185.072s][info][gc,metaspace   ] GC(58) Metaspace: 166581K(168384K)->166581K(168384K) NonClass: 140047K(141056K)->140047K(141056K) Class: 26534K(27328K)->26534K(27328K)
[2026-09-23T14:57:34.507+0000][185.072s][info][gc             ] GC(58) Pause Young (Allocation Failure) 6578M->3508M(6693M) 115.654ms
[2026-09-23T14:57:34.507+0000][185.072s][info][gc,cpu         ] GC(58) User=0.45s Sys=0.01s Real=0.12s
[2026-09-23T14:57:38.161+0000][188.727s][info][gc,start       ] GC(59) Pause Young (Allocation Failure)
[2026-09-23T14:57:38.282+0000][188.847s][info][gc,heap        ] GC(59) PSYoungGen: 3215441K(3314688K)->57361K(3335168K) Eden: 3161088K(3161088K)->0K(3190272K) From: 54353K(153600K)->57361K(144896K)
[2026-09-23T14:57:38.282+0000][188.847s][info][gc,heap        ] GC(59) ParOldGen: 3538476K(3538944K)->3556871K(3557376K)
[2026-09-23T14:57:38.282+0000][188.847s][info][gc,metaspace   ] GC(59) Metaspace: 166588K(168384K)->166588K(168384K) NonClass: 140054K(141056K)->140054K(141056K) Class: 26534K(27328K)->26534K(27328K)
[2026-09-23T14:57:38.282+0000][188.847s][info][gc             ] GC(59) Pause Young (Allocation Failure) 6595M->3529M(6731M) 120.862ms
[2026-09-23T14:57:38.282+0000][188.847s][info][gc,cpu         ] GC(59) User=0.45s Sys=0.02s Real=0.12s
[2026-09-23T14:57:42.087+0000][192.652s][info][gc,start       ] GC(60) Pause Young (Allocation Failure)
[2026-09-23T14:57:42.203+0000][192.769s][info][gc,heap        ] GC(60) PSYoungGen: 3247633K(3335168K)->54201K(3331072K) Eden: 3190272K(3190272K)->0K(3190272K) From: 57361K(144896K)->54201K(140800K)
[2026-09-23T14:57:42.203+0000][192.769s][info][gc,heap        ] GC(60) ParOldGen: 3556871K(3557376K)->3576626K(3576832K)
[2026-09-23T14:57:42.203+0000][192.769s][info][gc,metaspace   ] GC(60) Metaspace: 166626K(168384K)->166626K(168384K) NonClass: 140091K(141056K)->140091K(141056K) Class: 26535K(27328K)->26535K(27328K)
[2026-09-23T14:57:42.203+0000][192.769s][info][gc             ] GC(60) Pause Young (Allocation Failure) 6645M->3545M(6746M) 116.342ms
[2026-09-23T14:57:42.203+0000][192.769s][info][gc,cpu         ] GC(60) User=0.45s Sys=0.02s Real=0.12s
[2026-09-23T14:57:45.897+0000][196.462s][info][gc,start       ] GC(61) Pause Young (Allocation Failure)
[2026-09-23T14:57:46.029+0000][196.594s][info][gc,heap        ] GC(61) PSYoungGen: 3244473K(3331072K)->57057K(3347968K) Eden: 3190272K(3190272K)->0K(3215360K) From: 54201K(140800K)->57057K(132608K)
[2026-09-23T14:57:46.029+0000][196.594s][info][gc,heap        ] GC(61) ParOldGen: 3576626K(3576832K)->3594928K(3595264K)
[2026-09-23T14:57:46.029+0000][196.594s][info][gc,metaspace   ] GC(61) Metaspace: 166641K(168384K)->166641K(168384K) NonClass: 140105K(141056K)->140105K(141056K) Class: 26536K(27328K)->26536K(27328K)
[2026-09-23T14:57:46.029+0000][196.594s][info][gc             ] GC(61) Pause Young (Allocation Failure) 6661M->3566M(6780M) 132.032ms
[2026-09-23T14:57:46.029+0000][196.594s][info][gc,cpu         ] GC(61) User=0.46s Sys=0.04s Real=0.13s
[2026-09-23T14:57:50.061+0000][200.627s][info][gc,start       ] GC(62) Pause Young (Allocation Failure)
[2026-09-23T14:57:50.238+0000][200.804s][info][gc,heap        ] GC(62) PSYoungGen: 3272417K(3347968K)->55681K(3344384K) Eden: 3215360K(3215360K)->0K(3215360K) From: 57057K(132608K)->55681K(129024K)
[2026-09-23T14:57:50.238+0000][200.804s][info][gc,heap        ] GC(62) ParOldGen: 3594928K(3595264K)->3615056K(3615232K)
[2026-09-23T14:57:50.238+0000][200.804s][info][gc,metaspace   ] GC(62) Metaspace: 166658K(168384K)->166658K(168384K) NonClass: 140121K(141056K)->140121K(141056K) Class: 26537K(27328K)->26537K(27328K)
[2026-09-23T14:57:50.238+0000][200.804s][info][gc             ] GC(62) Pause Young (Allocation Failure) 6706M->3584M(6796M) 176.620ms
[2026-09-23T14:57:50.238+0000][200.804s][info][gc,cpu         ] GC(62) User=0.60s Sys=0.05s Real=0.18s
[2026-09-23T14:57:53.979+0000][204.545s][info][gc,start       ] GC(63) Pause Young (Allocation Failure)
[2026-09-23T14:57:54.094+0000][204.660s][info][gc,heap        ] GC(63) PSYoungGen: 3271041K(3344384K)->56065K(3360768K) Eden: 3215360K(3215360K)->0K(3238400K) From: 55681K(129024K)->56065K(122368K)
[2026-09-23T14:57:54.094+0000][204.660s][info][gc,heap        ] GC(63) ParOldGen: 3615056K(3615232K)->3634578K(3634688K)
[2026-09-23T14:57:54.094+0000][204.660s][info][gc,metaspace   ] GC(63) Metaspace: 166700K(168448K)->166700K(168448K) NonClass: 140162K(141120K)->140162K(141120K) Class: 26538K(27328K)->26538K(27328K)
[2026-09-23T14:57:54.094+0000][204.660s][info][gc             ] GC(63) Pause Young (Allocation Failure) 6724M->3604M(6831M) 114.992ms
[2026-09-23T14:57:54.094+0000][204.660s][info][gc,cpu         ] GC(63) User=0.44s Sys=0.02s Real=0.12s
[2026-09-23T14:57:58.100+0000][208.665s][info][gc,start       ] GC(64) Pause Young (Allocation Failure)
[2026-09-23T14:57:58.216+0000][208.782s][info][gc,heap        ] GC(64) PSYoungGen: 3294465K(3360768K)->54337K(3357184K) Eden: 3238400K(3238400K)->0K(3238400K) From: 56065K(122368K)->54337K(118784K)
[2026-09-23T14:57:58.216+0000][208.782s][info][gc,heap        ] GC(64) ParOldGen: 3634578K(3634688K)->3653969K(3654144K)
[2026-09-23T14:57:58.216+0000][208.782s][info][gc,metaspace   ] GC(64) Metaspace: 166748K(168512K)->166748K(168512K) NonClass: 140210K(141184K)->140210K(141184K) Class: 26538K(27328K)->26538K(27328K)
[2026-09-23T14:57:58.216+0000][208.782s][info][gc             ] GC(64) Pause Young (Allocation Failure) 6766M->3621M(6847M) 116.641ms
[2026-09-23T14:57:58.216+0000][208.782s][info][gc,cpu         ] GC(64) User=0.44s Sys=0.01s Real=0.12s
[2026-09-23T14:58:02.547+0000][213.113s][info][gc,start       ] GC(65) Pause Young (Allocation Failure)
[2026-09-23T14:58:02.669+0000][213.234s][info][gc,heap        ] GC(65) PSYoungGen: 3292737K(3357184K)->57489K(3371520K) Eden: 3238400K(3238400K)->0K(3258368K) From: 54337K(118784K)->57489K(113152K)
[2026-09-23T14:58:02.669+0000][213.234s][info][gc,heap        ] GC(65) ParOldGen: 3653969K(3654144K)->3672644K(3673088K)
[2026-09-23T14:58:02.669+0000][213.234s][info][gc,metaspace   ] GC(65) Metaspace: 166775K(168512K)->166775K(168512K) NonClass: 140236K(141184K)->140236K(141184K) Class: 26538K(27328K)->26538K(27328K)
[2026-09-23T14:58:02.669+0000][213.234s][info][gc             ] GC(65) Pause Young (Allocation Failure) 6783M->3642M(6879M) 121.451ms
[2026-09-23T14:58:02.669+0000][213.234s][info][gc,cpu         ] GC(65) User=0.46s Sys=0.01s Real=0.12s
[2026-09-23T14:58:06.914+0000][217.480s][info][gc,start       ] GC(66) Pause Young (Allocation Failure)
[2026-09-23T14:58:07.030+0000][217.596s][info][gc,heap        ] GC(66) PSYoungGen: 3315857K(3371520K)->51921K(3368448K) Eden: 3258368K(3258368K)->0K(3258368K) From: 57489K(113152K)->51921K(110080K)
[2026-09-23T14:58:07.030+0000][217.596s][info][gc,heap        ] GC(66) ParOldGen: 3672644K(3673088K)->3693619K(3694080K)
[2026-09-23T14:58:07.030+0000][217.596s][info][gc,metaspace   ] GC(66) Metaspace: 166801K(168512K)->166801K(168512K) NonClass: 140261K(141184K)->140261K(141184K) Class: 26539K(27328K)->26539K(27328K)
[2026-09-23T14:58:07.030+0000][217.596s][info][gc             ] GC(66) Pause Young (Allocation Failure) 6824M->3657M(6897M) 116.209ms
[2026-09-23T14:58:07.030+0000][217.596s][info][gc,cpu         ] GC(66) User=0.44s Sys=0.01s Real=0.11s
[2026-09-23T14:58:11.204+0000][221.770s][info][gc,start       ] GC(67) Pause Young (Allocation Failure)
[2026-09-23T14:58:11.317+0000][221.882s][info][gc,heap        ] GC(67) PSYoungGen: 3310289K(3368448K)->55313K(3381248K) Eden: 3258368K(3258368K)->0K(3275264K) From: 51921K(110080K)->55313K(105984K)
[2026-09-23T14:58:11.317+0000][221.882s][info][gc,heap        ] GC(67) ParOldGen: 3693619K(3694080K)->3710552K(3710976K)
[2026-09-23T14:58:11.317+0000][221.882s][info][gc,metaspace   ] GC(67) Metaspace: 166835K(168640K)->166835K(168640K) NonClass: 140290K(141312K)->140290K(141312K) Class: 26545K(27328K)->26545K(27328K)
[2026-09-23T14:58:11.317+0000][221.882s][info][gc             ] GC(67) Pause Young (Allocation Failure) 6839M->3677M(6926M) 112.657ms
[2026-09-23T14:58:11.317+0000][221.882s][info][gc,cpu         ] GC(67) User=0.43s Sys=0.01s Real=0.11s
[2026-09-23T14:58:15.496+0000][226.062s][info][gc,start       ] GC(68) Pause Young (Allocation Failure)
[2026-09-23T14:58:15.612+0000][226.178s][info][gc,heap        ] GC(68) PSYoungGen: 3330577K(3381248K)->58801K(3378176K) Eden: 3275264K(3275264K)->0K(3275264K) From: 55313K(105984K)->58801K(102912K)
[2026-09-23T14:58:15.612+0000][226.178s][info][gc,heap        ] GC(68) ParOldGen: 3710552K(3710976K)->3731048K(3731456K)
[2026-09-23T14:58:15.612+0000][226.178s][info][gc,metaspace   ] GC(68) Metaspace: 166850K(168640K)->166850K(168640K) NonClass: 140305K(141312K)->140305K(141312K) Class: 26545K(27328K)->26545K(27328K)
[2026-09-23T14:58:15.612+0000][226.178s][info][gc             ] GC(68) Pause Young (Allocation Failure) 6876M->3701M(6943M) 116.258ms
[2026-09-23T14:58:15.612+0000][226.178s][info][gc,cpu         ] GC(68) User=0.44s Sys=0.01s Real=0.11s
[2026-09-23T14:58:19.721+0000][230.287s][info][gc,start       ] GC(69) Pause Young (Allocation Failure)
[2026-09-23T14:58:19.844+0000][230.409s][info][gc,heap        ] GC(69) PSYoungGen: 3334065K(3378176K)->51921K(3386880K) Eden: 3275264K(3275264K)->0K(3288576K) From: 58801K(102912K)->51921K(98304K)
[2026-09-23T14:58:19.844+0000][230.410s][info][gc,heap        ] GC(69) ParOldGen: 3731048K(3731456K)->3754538K(3755008K)
[2026-09-23T14:58:19.844+0000][230.410s][info][gc,metaspace   ] GC(69) Metaspace: 166868K(168640K)->166868K(168640K) NonClass: 140322K(141312K)->140322K(141312K) Class: 26545K(27328K)->26545K(27328K)
[2026-09-23T14:58:19.844+0000][230.410s][info][gc             ] GC(69) Pause Young (Allocation Failure) 6899M->3717M(6974M) 122.772ms
[2026-09-23T14:58:19.844+0000][230.410s][info][gc,cpu         ] GC(69) User=0.46s Sys=0.02s Real=0.13s
[2026-09-23T14:58:24.170+0000][234.736s][info][gc,start       ] GC(70) Pause Young (Allocation Failure)
[2026-09-23T14:58:24.287+0000][234.853s][info][gc,heap        ] GC(70) PSYoungGen: 3340497K(3386880K)->55841K(3384320K) Eden: 3288576K(3288576K)->0K(3288576K) From: 51921K(98304K)->55841K(95744K)
[2026-09-23T14:58:24.287+0000][234.853s][info][gc,heap        ] GC(70) ParOldGen: 3754538K(3755008K)->3771247K(3771392K)
[2026-09-23T14:58:24.287+0000][234.853s][info][gc,metaspace   ] GC(70) Metaspace: 166890K(168704K)->166890K(168704K) NonClass: 140344K(141376K)->140344K(141376K) Class: 26546K(27328K)->26546K(27328K)
[2026-09-23T14:58:24.287+0000][234.853s][info][gc             ] GC(70) Pause Young (Allocation Failure) 6928M->3737M(6988M) 116.846ms
[2026-09-23T14:58:24.287+0000][234.853s][info][gc,cpu         ] GC(70) User=0.44s Sys=0.02s Real=0.12s
[2026-09-23T14:58:28.271+0000][238.836s][info][gc,start       ] GC(71) Pause Young (Allocation Failure)
[2026-09-23T14:58:28.388+0000][238.954s][info][gc,heap        ] GC(71) PSYoungGen: 3344417K(3384320K)->56753K(3396096K) Eden: 3288576K(3288576K)->0K(3303936K) From: 55841K(95744K)->56753K(92160K)
[2026-09-23T14:58:28.388+0000][238.954s][info][gc,heap        ] GC(71) ParOldGen: 3771247K(3771392K)->3791993K(3792384K)
[2026-09-23T14:58:28.388+0000][238.954s][info][gc,metaspace   ] GC(71) Metaspace: 166986K(168768K)->166986K(168768K) NonClass: 140440K(141440K)->140440K(141440K) Class: 26546K(27328K)->26546K(27328K)
[2026-09-23T14:58:28.388+0000][238.954s][info][gc             ] GC(71) Pause Young (Allocation Failure) 6948M->3758M(7020M) 117.679ms
[2026-09-23T14:58:28.388+0000][238.954s][info][gc,cpu         ] GC(71) User=0.45s Sys=0.01s Real=0.12s
[2026-09-23T14:58:32.362+0000][242.928s][info][gc,start       ] GC(72) Pause Young (Allocation Failure)
[2026-09-23T14:58:32.477+0000][243.043s][info][gc,heap        ] GC(72) PSYoungGen: 3360689K(3396096K)->57009K(3393536K) Eden: 3303936K(3303936K)->0K(3303936K) From: 56753K(92160K)->57009K(89600K)
[2026-09-23T14:58:32.477+0000][243.043s][info][gc,heap        ] GC(72) ParOldGen: 3791993K(3792384K)->3813354K(3813376K)
[2026-09-23T14:58:32.477+0000][243.043s][info][gc,metaspace   ] GC(72) Metaspace: 167009K(168768K)->167009K(168768K) NonClass: 140463K(141440K)->140463K(141440K) Class: 26546K(27328K)->26546K(27328K)
[2026-09-23T14:58:32.477+0000][243.043s][info][gc             ] GC(72) Pause Young (Allocation Failure) 6985M->3779M(7038M) 114.767ms
[2026-09-23T14:58:32.477+0000][243.043s][info][gc,cpu         ] GC(72) User=0.44s Sys=0.01s Real=0.12s
[2026-09-23T14:58:36.686+0000][247.251s][info][gc,start       ] GC(73) Pause Young (Allocation Failure)
[2026-09-23T14:58:36.808+0000][247.373s][info][gc,heap        ] GC(73) PSYoungGen: 3360945K(3393536K)->56193K(3402240K) Eden: 3303936K(3303936K)->0K(3315712K) From: 57009K(89600K)->56193K(86528K)
[2026-09-23T14:58:36.808+0000][247.373s][info][gc,heap        ] GC(73) ParOldGen: 3813354K(3813376K)->3835182K(3835392K)
[2026-09-23T14:58:36.808+0000][247.373s][info][gc,metaspace   ] GC(73) Metaspace: 167017K(168768K)->167017K(168768K) NonClass: 140471K(141440K)->140471K(141440K) Class: 26546K(27328K)->26546K(27328K)
[2026-09-23T14:58:36.808+0000][247.373s][info][gc             ] GC(73) Pause Young (Allocation Failure) 7006M->3800M(7068M) 121.909ms
[2026-09-23T14:58:36.808+0000][247.373s][info][gc,cpu         ] GC(73) User=0.46s Sys=0.01s Real=0.12s
[2026-09-23T14:58:40.853+0000][251.419s][info][gc,start       ] GC(74) Pause Young (Allocation Failure)
[2026-09-23T14:58:40.967+0000][251.533s][info][gc,heap        ] GC(74) PSYoungGen: 3371905K(3402240K)->53473K(3399680K) Eden: 3315712K(3315712K)->0K(3315712K) From: 56193K(86528K)->53473K(83968K)
[2026-09-23T14:58:40.967+0000][251.533s][info][gc,heap        ] GC(74) ParOldGen: 3835182K(3835392K)->3856040K(3856384K)
[2026-09-23T14:58:40.967+0000][251.533s][info][gc,metaspace   ] GC(74) Metaspace: 167031K(168832K)->167031K(168832K) NonClass: 140484K(141504K)->140484K(141504K) Class: 26546K(27328K)->26546K(27328K)
[2026-09-23T14:58:40.967+0000][251.533s][info][gc             ] GC(74) Pause Young (Allocation Failure) 7038M->3817M(7086M) 113.808ms
[2026-09-23T14:58:40.967+0000][251.533s][info][gc,cpu         ] GC(74) User=0.44s Sys=0.01s Real=0.11s
[2026-09-23T14:58:45.227+0000][255.792s][info][gc,start       ] GC(75) Pause Young (Allocation Failure)
[2026-09-23T14:58:45.345+0000][255.911s][info][gc,heap        ] GC(75) PSYoungGen: 3369185K(3399680K)->60721K(3408384K) Eden: 3315712K(3315712K)->0K(3325952K) From: 53473K(83968K)->60721K(82432K)
[2026-09-23T14:58:45.345+0000][255.911s][info][gc,heap        ] GC(75) ParOldGen: 3856040K(3856384K)->3874521K(3874816K)
[2026-09-23T14:58:45.345+0000][255.911s][info][gc,metaspace   ] GC(75) Metaspace: 167041K(168832K)->167041K(168832K) NonClass: 140495K(141504K)->140495K(141504K) Class: 26546K(27328K)->26546K(27328K)
[2026-09-23T14:58:45.345+0000][255.911s][info][gc             ] GC(75) Pause Young (Allocation Failure) 7055M->3843M(7112M) 118.624ms
[2026-09-23T14:58:45.345+0000][255.911s][info][gc,cpu         ] GC(75) User=0.47s Sys=0.01s Real=0.12s
[2026-09-23T14:58:49.374+0000][259.939s][info][gc,start       ] GC(76) Pause Young (Allocation Failure)
[2026-09-23T14:58:49.492+0000][260.058s][info][gc,heap        ] GC(76) PSYoungGen: 3386673K(3408384K)->56881K(3406848K) Eden: 3325952K(3325952K)->0K(3325952K) From: 60721K(82432K)->56881K(80896K)
[2026-09-23T14:58:49.492+0000][260.058s][info][gc,heap        ] GC(76) ParOldGen: 3874521K(3874816K)->3900608K(3900928K)
[2026-09-23T14:58:49.492+0000][260.058s][info][gc,metaspace   ] GC(76) Metaspace: 167055K(168832K)->167055K(168832K) NonClass: 140509K(141504K)->140509K(141504K) Class: 26546K(27328K)->26546K(27328K)
[2026-09-23T14:58:49.492+0000][260.058s][info][gc             ] GC(76) Pause Young (Allocation Failure) 7091M->3864M(7136M) 118.706ms
[2026-09-23T14:58:49.492+0000][260.058s][info][gc,cpu         ] GC(76) User=0.46s Sys=0.01s Real=0.11s
[2026-09-23T14:58:53.631+0000][264.197s][info][gc,start       ] GC(77) Pause Young (Allocation Failure)
[2026-09-23T14:58:53.751+0000][264.316s][info][gc,heap        ] GC(77) PSYoungGen: 3382833K(3406848K)->58961K(3411968K) Eden: 3325952K(3325952K)->0K(3333120K) From: 56881K(80896K)->58961K(78848K)
[2026-09-23T14:58:53.751+0000][264.316s][info][gc,heap        ] GC(77) ParOldGen: 3900608K(3900928K)->3922312K(3922432K)
[2026-09-23T14:58:53.751+0000][264.316s][info][gc,metaspace   ] GC(77) Metaspace: 167083K(168832K)->167083K(168832K) NonClass: 140537K(141504K)->140537K(141504K) Class: 26546K(27328K)->26546K(27328K)
[2026-09-23T14:58:53.751+0000][264.316s][info][gc             ] GC(77) Pause Young (Allocation Failure) 7112M->3887M(7162M) 119.821ms
[2026-09-23T14:58:53.751+0000][264.316s][info][gc,cpu         ] GC(77) User=0.44s Sys=0.02s Real=0.12s
[2026-09-23T14:58:58.007+0000][268.572s][info][gc,start       ] GC(78) Pause Young (Allocation Failure)
[2026-09-23T14:58:58.126+0000][268.691s][info][gc,heap        ] GC(78) PSYoungGen: 3392081K(3411968K)->57905K(3410432K) Eden: 3333120K(3333120K)->0K(3333120K) From: 58961K(78848K)->57905K(77312K)
[2026-09-23T14:58:58.126+0000][268.691s][info][gc,heap        ] GC(78) ParOldGen: 3922312K(3922432K)->3946339K(3946496K)
[2026-09-23T14:58:58.126+0000][268.691s][info][gc,metaspace   ] GC(78) Metaspace: 167099K(168896K)->167099K(168896K) NonClass: 140553K(141568K)->140553K(141568K) Class: 26546K(27328K)->26546K(27328K)
[2026-09-23T14:58:58.126+0000][268.691s][info][gc             ] GC(78) Pause Young (Allocation Failure) 7142M->3910M(7184M) 118.948ms
[2026-09-23T14:58:58.126+0000][268.691s][info][gc,cpu         ] GC(78) User=0.46s Sys=0.01s Real=0.12s
[2026-09-23T14:59:02.269+0000][272.834s][info][gc,start       ] GC(79) Pause Young (Allocation Failure)
[2026-09-23T14:59:02.385+0000][272.950s][info][gc,heap        ] GC(79) PSYoungGen: 3391025K(3410432K)->53233K(3415040K) Eden: 3333120K(3333120K)->0K(3339776K) From: 57905K(77312K)->53233K(75264K)
[2026-09-23T14:59:02.385+0000][272.950s][info][gc,heap        ] GC(79) ParOldGen: 3946339K(3946496K)->3969498K(3969536K)
[2026-09-23T14:59:02.385+0000][272.950s][info][gc,metaspace   ] GC(79) Metaspace: 167143K(168896K)->167143K(168896K) NonClass: 140597K(141568K)->140597K(141568K) Class: 26546K(27328K)->26546K(27328K)
[2026-09-23T14:59:02.385+0000][272.950s][info][gc             ] GC(79) Pause Young (Allocation Failure) 7165M->3928M(7211M) 116.031ms
[2026-09-23T14:59:02.385+0000][272.950s][info][gc,cpu         ] GC(79) User=0.45s Sys=0.01s Real=0.12s
[2026-09-23T14:59:05.521+0000][276.087s][info][gc,start       ] GC(80) Pause Young (CodeCache GC Threshold)
[2026-09-23T14:59:05.636+0000][276.202s][info][gc,heap        ] GC(80) PSYoungGen: 2414844K(3415040K)->49008K(3414016K) Eden: 2361611K(3339776K)->0K(3339776K) From: 53233K(75264K)->49008K(74240K)
[2026-09-23T14:59:05.636+0000][276.202s][info][gc,heap        ] GC(80) ParOldGen: 3969498K(3969536K)->3989192K(3989504K)
[2026-09-23T14:59:05.636+0000][276.202s][info][gc,metaspace   ] GC(80) Metaspace: 167305K(169024K)->167305K(169024K) NonClass: 140732K(141696K)->140732K(141696K) Class: 26572K(27328K)->26572K(27328K)
[2026-09-23T14:59:05.636+0000][276.202s][info][gc             ] GC(80) Pause Young (CodeCache GC Threshold) 6234M->3943M(7230M) 115.018ms
[2026-09-23T14:59:05.636+0000][276.202s][info][gc,cpu         ] GC(80) User=0.43s Sys=0.02s Real=0.12s
[2026-09-23T14:59:05.636+0000][276.202s][info][gc,start       ] GC(81) Pause Full (CodeCache GC Threshold)
[2026-09-23T14:59:05.636+0000][276.202s][info][gc,phases,start] GC(81) Marking Phase
[2026-09-23T14:59:06.720+0000][277.285s][info][gc,phases      ] GC(81) Marking Phase 1083.758ms
[2026-09-23T14:59:06.720+0000][277.285s][info][gc,phases,start] GC(81) Summary Phase
[2026-09-23T14:59:06.720+0000][277.286s][info][gc,phases      ] GC(81) Summary Phase 0.084ms
[2026-09-23T14:59:06.720+0000][277.286s][info][gc,phases,start] GC(81) Adjust Roots
[2026-09-23T14:59:06.739+0000][277.305s][info][gc,phases      ] GC(81) Adjust Roots 19.206ms
[2026-09-23T14:59:06.739+0000][277.305s][info][gc,phases,start] GC(81) Compaction Phase
[2026-09-23T14:59:08.050+0000][278.616s][info][gc,phases      ] GC(81) Compaction Phase 1310.732ms
[2026-09-23T14:59:08.050+0000][278.616s][info][gc,phases,start] GC(81) Post Compact
[2026-09-23T14:59:08.055+0000][278.621s][info][gc,phases      ] GC(81) Post Compact 5.380ms
[2026-09-23T14:59:08.055+0000][278.621s][info][gc,heap        ] GC(81) PSYoungGen: 49008K(3414016K)->0K(3414016K) Eden: 0K(3339776K)->0K(3339776K) From: 49008K(74240K)->0K(74240K)
[2026-09-23T14:59:08.055+0000][278.621s][info][gc,heap        ] GC(81) ParOldGen: 3989192K(3989504K)->3533054K(3989504K)
[2026-09-23T14:59:08.055+0000][278.621s][info][gc,metaspace   ] GC(81) Metaspace: 167305K(169024K)->167305K(169024K) NonClass: 140732K(141696K)->140732K(141696K) Class: 26572K(27328K)->26572K(27328K)
[2026-09-23T14:59:08.055+0000][278.621s][info][gc             ] GC(81) Pause Full (CodeCache GC Threshold) 3943M->3450M(7230M) 2419.333ms
[2026-09-23T14:59:08.055+0000][278.621s][info][gc,cpu         ] GC(81) User=9.21s Sys=0.08s Real=2.42s
[2026-09-23T14:59:12.322+0000][282.887s][info][gc,start       ] GC(82) Pause Young (Allocation Failure)
[2026-09-23T14:59:12.421+0000][282.986s][info][gc,heap        ] GC(82) PSYoungGen: 3339776K(3414016K)->53057K(3417600K) Eden: 3339776K(3339776K)->0K(3343360K) From: 0K(74240K)->53057K(74240K)
[2026-09-23T14:59:12.421+0000][282.986s][info][gc,heap        ] GC(82) ParOldGen: 3533054K(3989504K)->3533054K(3989504K)
[2026-09-23T14:59:12.421+0000][282.986s][info][gc,metaspace   ] GC(82) Metaspace: 167315K(169024K)->167315K(169024K) NonClass: 140743K(141696K)->140743K(141696K) Class: 26572K(27328K)->26572K(27328K)
[2026-09-23T14:59:12.421+0000][282.987s][info][gc             ] GC(82) Pause Young (Allocation Failure) 6711M->3502M(7233M) 99.156ms
[2026-09-23T14:59:12.421+0000][282.987s][info][gc,cpu         ] GC(82) User=0.40s Sys=0.00s Real=0.10s
[2026-09-23T14:59:16.752+0000][287.318s][info][gc,start       ] GC(83) Pause Young (Allocation Failure)
[2026-09-23T14:59:16.863+0000][287.429s][info][gc,heap        ] GC(83) PSYoungGen: 3396417K(3417600K)->54736K(3416576K) Eden: 3343360K(3343360K)->0K(3343360K) From: 53057K(74240K)->54736K(73216K)
[2026-09-23T14:59:16.863+0000][287.429s][info][gc,heap        ] GC(83) ParOldGen: 3533054K(3989504K)->3551641K(3989504K)
[2026-09-23T14:59:16.863+0000][287.429s][info][gc,metaspace   ] GC(83) Metaspace: 167319K(169024K)->167319K(169024K) NonClass: 140747K(141696K)->140747K(141696K) Class: 26572K(27328K)->26572K(27328K)
[2026-09-23T14:59:16.863+0000][287.429s][info][gc             ] GC(83) Pause Young (Allocation Failure) 6767M->3521M(7232M) 111.150ms
[2026-09-23T14:59:16.863+0000][287.429s][info][gc,cpu         ] GC(83) User=0.44s Sys=0.00s Real=0.12s
[2026-09-23T14:59:21.219+0000][291.785s][info][gc,start       ] GC(84) Pause Young (Allocation Failure)
[2026-09-23T14:59:21.331+0000][291.897s][info][gc,heap        ] GC(84) PSYoungGen: 3398096K(3416576K)->53393K(3420160K) Eden: 3343360K(3343360K)->0K(3348480K) From: 54736K(73216K)->53393K(71680K)
[2026-09-23T14:59:21.331+0000][291.897s][info][gc,heap        ] GC(84) ParOldGen: 3551641K(3989504K)->3571725K(3989504K)
[2026-09-23T14:59:21.331+0000][291.897s][info][gc,metaspace   ] GC(84) Metaspace: 167330K(169088K)->167330K(169088K) NonClass: 140757K(141760K)->140757K(141760K) Class: 26572K(27328K)->26572K(27328K)
[2026-09-23T14:59:21.331+0000][291.897s][info][gc             ] GC(84) Pause Young (Allocation Failure) 6786M->3540M(7236M) 111.891ms
[2026-09-23T14:59:21.331+0000][291.897s][info][gc,cpu         ] GC(84) User=0.44s Sys=0.01s Real=0.11s
[2026-09-23T14:59:25.748+0000][296.314s][info][gc,start       ] GC(85) Pause Young (Allocation Failure)
[2026-09-23T14:59:25.858+0000][296.424s][info][gc,heap        ] GC(85) PSYoungGen: 3401873K(3420160K)->54753K(3419136K) Eden: 3348480K(3348480K)->0K(3348480K) From: 53393K(71680K)->54753K(70656K)
[2026-09-23T14:59:25.858+0000][296.424s][info][gc,heap        ] GC(85) ParOldGen: 3571725K(3989504K)->3590627K(3989504K)
[2026-09-23T14:59:25.858+0000][296.424s][info][gc,metaspace   ] GC(85) Metaspace: 167338K(169088K)->167338K(169088K) NonClass: 140765K(141760K)->140765K(141760K) Class: 26572K(27328K)->26572K(27328K)
[2026-09-23T14:59:25.858+0000][296.424s][info][gc             ] GC(85) Pause Young (Allocation Failure) 6810M->3559M(7235M) 110.068ms
[2026-09-23T14:59:25.858+0000][296.424s][info][gc,cpu         ] GC(85) User=0.44s Sys=0.00s Real=0.11s
[2026-09-23T14:59:30.428+0000][300.994s][info][gc,start       ] GC(86) Pause Young (Allocation Failure)
[2026-09-23T14:59:30.563+0000][301.129s][info][gc,heap        ] GC(86) PSYoungGen: 3403233K(3419136K)->55200K(3422720K) Eden: 3348480K(3348480K)->0K(3353600K) From: 54753K(70656K)->55200K(69120K)
[2026-09-23T14:59:30.563+0000][301.129s][info][gc,heap        ] GC(86) ParOldGen: 3590627K(3989504K)->3611212K(3989504K)
[2026-09-23T14:59:30.563+0000][301.129s][info][gc,metaspace   ] GC(86) Metaspace: 167364K(169088K)->167364K(169088K) NonClass: 140791K(141760K)->140791K(141760K) Class: 26573K(27328K)->26573K(27328K)
[2026-09-23T14:59:30.563+0000][301.129s][info][gc             ] GC(86) Pause Young (Allocation Failure) 6829M->3580M(7238M) 135.387ms
[2026-09-23T14:59:30.563+0000][301.129s][info][gc,cpu         ] GC(86) User=0.47s Sys=0.04s Real=0.14s
[2026-09-23T14:59:34.951+0000][305.517s][info][gc,start       ] GC(87) Pause Young (Allocation Failure)
[2026-09-23T14:59:35.106+0000][305.672s][info][gc,heap        ] GC(87) PSYoungGen: 3408800K(3422720K)->55584K(3421696K) Eden: 3353600K(3353600K)->0K(3353600K) From: 55200K(69120K)->55584K(68096K)
[2026-09-23T14:59:35.106+0000][305.672s][info][gc,heap        ] GC(87) ParOldGen: 3611212K(3989504K)->3632269K(3989504K)
[2026-09-23T14:59:35.106+0000][305.672s][info][gc,metaspace   ] GC(87) Metaspace: 167378K(169088K)->167378K(169088K) NonClass: 140804K(141760K)->140804K(141760K) Class: 26573K(27328K)->26573K(27328K)
[2026-09-23T14:59:35.107+0000][305.672s][info][gc             ] GC(87) Pause Young (Allocation Failure) 6855M->3601M(7237M) 155.277ms
[2026-09-23T14:59:35.107+0000][305.672s][info][gc,cpu         ] GC(87) User=0.48s Sys=0.01s Real=0.16s
[2026-09-23T14:59:39.711+0000][310.276s][info][gc,start       ] GC(88) Pause Young (Allocation Failure)
[2026-09-23T14:59:39.822+0000][310.387s][info][gc,heap        ] GC(88) PSYoungGen: 3409184K(3421696K)->55745K(3425280K) Eden: 3353600K(3353600K)->0K(3358720K) From: 55584K(68096K)->55745K(66560K)
[2026-09-23T14:59:39.822+0000][310.387s][info][gc,heap        ] GC(88) ParOldGen: 3632269K(3989504K)->3653622K(3989504K)
[2026-09-23T14:59:39.822+0000][310.387s][info][gc,metaspace   ] GC(88) Metaspace: 167434K(169152K)->167434K(169152K) NonClass: 140854K(141824K)->140854K(141824K) Class: 26580K(27328K)->26580K(27328K)
[2026-09-23T14:59:39.822+0000][310.387s][info][gc             ] GC(88) Pause Young (Allocation Failure) 6876M->3622M(7241M) 110.958ms
[2026-09-23T14:59:39.822+0000][310.387s][info][gc,cpu         ] GC(88) User=0.43s Sys=0.00s Real=0.11s
[2026-09-23T14:59:44.299+0000][314.865s][info][gc,start       ] GC(89) Pause Young (Allocation Failure)
[2026-09-23T14:59:44.413+0000][314.979s][info][gc,heap        ] GC(89) PSYoungGen: 3414465K(3425280K)->62961K(3424256K) Eden: 3358720K(3358720K)->0K(3358720K) From: 55745K(66560K)->62961K(65536K)
[2026-09-23T14:59:44.413+0000][314.979s][info][gc,heap        ] GC(89) ParOldGen: 3653622K(3989504K)->3674881K(3989504K)
[2026-09-23T14:59:44.413+0000][314.979s][info][gc,metaspace   ] GC(89) Metaspace: 167447K(169152K)->167447K(169152K) NonClass: 140865K(141824K)->140865K(141824K) Class: 26582K(27328K)->26582K(27328K)
[2026-09-23T14:59:44.413+0000][314.979s][info][gc             ] GC(89) Pause Young (Allocation Failure) 6902M->3650M(7240M) 114.226ms
[2026-09-23T14:59:44.413+0000][314.979s][info][gc,cpu         ] GC(89) User=0.44s Sys=0.00s Real=0.12s
[2026-09-23T14:59:48.999+0000][319.565s][info][gc,start       ] GC(90) Pause Young (Allocation Failure)
[2026-09-23T14:59:49.110+0000][319.676s][info][gc,heap        ] GC(90) PSYoungGen: 3421681K(3424256K)->59377K(3427328K) Eden: 3358720K(3358720K)->0K(3359744K) From: 62961K(65536K)->59377K(67584K)
[2026-09-23T14:59:49.110+0000][319.676s][info][gc,heap        ] GC(90) ParOldGen: 3674881K(3989504K)->3703427K(3989504K)
[2026-09-23T14:59:49.110+0000][319.676s][info][gc,metaspace   ] GC(90) Metaspace: 167457K(169152K)->167457K(169152K) NonClass: 140875K(141824K)->140875K(141824K) Class: 26582K(27328K)->26582K(27328K)
[2026-09-23T14:59:49.110+0000][319.676s][info][gc             ] GC(90) Pause Young (Allocation Failure) 6930M->3674M(7243M) 111.045ms
[2026-09-23T14:59:49.110+0000][319.676s][info][gc,cpu         ] GC(90) User=0.44s Sys=0.00s Real=0.11s
[2026-09-23T14:59:53.845+0000][324.411s][info][gc,start       ] GC(91) Pause Young (Allocation Failure)
[2026-09-23T14:59:53.961+0000][324.526s][info][gc,heap        ] GC(91) PSYoungGen: 3419121K(3427328K)->57312K(3417088K) Eden: 3359744K(3359744K)->0K(3359744K) From: 59377K(67584K)->57312K(57344K)
[2026-09-23T14:59:53.961+0000][324.526s][info][gc,heap        ] GC(91) ParOldGen: 3703427K(3989504K)->3728346K(3989504K)
[2026-09-23T14:59:53.961+0000][324.526s][info][gc,metaspace   ] GC(91) Metaspace: 167486K(169216K)->167486K(169216K) NonClass: 140903K(141888K)->140903K(141888K) Class: 26582K(27328K)->26582K(27328K)
[2026-09-23T14:59:53.961+0000][324.527s][info][gc             ] GC(91) Pause Young (Allocation Failure) 6955M->3696M(7233M) 116.003ms
[2026-09-23T14:59:53.961+0000][324.527s][info][gc,cpu         ] GC(91) User=0.45s Sys=0.00s Real=0.11s
[2026-09-23T14:59:58.667+0000][329.232s][info][gc,start       ] GC(92) Pause Young (Allocation Failure)
[2026-09-23T14:59:58.776+0000][329.342s][info][gc,heap        ] GC(92) PSYoungGen: 3417056K(3417088K)->55169K(3426816K) Eden: 3359744K(3359744K)->0K(3360256K) From: 57312K(57344K)->55169K(66560K)
[2026-09-23T14:59:58.776+0000][329.342s][info][gc,heap        ] GC(92) ParOldGen: 3728346K(3989504K)->3751119K(3989504K)
[2026-09-23T14:59:58.776+0000][329.342s][info][gc,metaspace   ] GC(92) Metaspace: 167501K(169216K)->167501K(169216K) NonClass: 140918K(141888K)->140918K(141888K) Class: 26582K(27328K)->26582K(27328K)
[2026-09-23T14:59:58.776+0000][329.342s][info][gc             ] GC(92) Pause Young (Allocation Failure) 6977M->3717M(7242M) 109.621ms
[2026-09-23T14:59:58.776+0000][329.342s][info][gc,cpu         ] GC(92) User=0.43s Sys=0.00s Real=0.11s
[2026-09-23T15:00:03.581+0000][334.146s][info][gc,start       ] GC(93) Pause Young (Allocation Failure)
[2026-09-23T15:00:03.694+0000][334.259s][info][gc,heap        ] GC(93) PSYoungGen: 3415425K(3426816K)->59026K(3426304K) Eden: 3360256K(3360256K)->0K(3360256K) From: 55169K(66560K)->59026K(66048K)
[2026-09-23T15:00:03.694+0000][334.259s][info][gc,heap        ] GC(93) ParOldGen: 3751119K(3989504K)->3772105K(3989504K)
[2026-09-23T15:00:03.694+0000][334.259s][info][gc,metaspace   ] GC(93) Metaspace: 167523K(169216K)->167523K(169216K) NonClass: 140940K(141888K)->140940K(141888K) Class: 26582K(27328K)->26582K(27328K)
[2026-09-23T15:00:03.694+0000][334.259s][info][gc             ] GC(93) Pause Young (Allocation Failure) 6998M->3741M(7242M) 113.107ms
[2026-09-23T15:00:03.694+0000][334.260s][info][gc,cpu         ] GC(93) User=0.45s Sys=0.00s Real=0.12s
[2026-09-23T15:00:08.495+0000][339.061s][info][gc,start       ] GC(94) Pause Young (Allocation Failure)
[2026-09-23T15:00:08.603+0000][339.169s][info][gc,heap        ] GC(94) PSYoungGen: 3419282K(3426304K)->54769K(3428352K) Eden: 3360256K(3360256K)->0K(3362816K) From: 59026K(66048K)->54769K(65536K)
[2026-09-23T15:00:08.603+0000][339.169s][info][gc,heap        ] GC(94) ParOldGen: 3772105K(3989504K)->3796658K(3989504K)
[2026-09-23T15:00:08.603+0000][339.169s][info][gc,metaspace   ] GC(94) Metaspace: 167538K(169216K)->167538K(169216K) NonClass: 140956K(141888K)->140956K(141888K) Class: 26582K(27328K)->26582K(27328K)
[2026-09-23T15:00:08.603+0000][339.169s][info][gc             ] GC(94) Pause Young (Allocation Failure) 7022M->3761M(7244M) 108.286ms
[2026-09-23T15:00:08.603+0000][339.169s][info][gc,cpu         ] GC(94) User=0.43s Sys=0.00s Real=0.11s
[2026-09-23T15:00:13.594+0000][344.159s][info][gc,start       ] GC(95) Pause Young (Allocation Failure)
[2026-09-23T15:00:13.704+0000][344.269s][info][gc,heap        ] GC(95) PSYoungGen: 3417585K(3428352K)->54784K(3428352K) Eden: 3362816K(3362816K)->0K(3362816K) From: 54769K(65536K)->54784K(65536K)
[2026-09-23T15:00:13.704+0000][344.269s][info][gc,heap        ] GC(95) ParOldGen: 3796658K(3989504K)->3816639K(3989504K)
[2026-09-23T15:00:13.704+0000][344.269s][info][gc,metaspace   ] GC(95) Metaspace: 167540K(169216K)->167540K(169216K) NonClass: 140958K(141888K)->140958K(141888K) Class: 26582K(27328K)->26582K(27328K)
[2026-09-23T15:00:13.704+0000][344.269s][info][gc             ] GC(95) Pause Young (Allocation Failure) 7045M->3780M(7244M) 109.887ms
[2026-09-23T15:00:13.704+0000][344.269s][info][gc,cpu         ] GC(95) User=0.44s Sys=0.00s Real=0.11s
[2026-09-23T15:00:18.581+0000][349.147s][info][gc,start       ] GC(96) Pause Young (Allocation Failure)
[2026-09-23T15:00:18.692+0000][349.258s][info][gc,heap        ] GC(96) PSYoungGen: 3417600K(3428352K)->53232K(3428864K) Eden: 3362816K(3362816K)->0K(3364352K) From: 54784K(65536K)->53232K(64512K)
[2026-09-23T15:00:18.692+0000][349.258s][info][gc,heap        ] GC(96) ParOldGen: 3816639K(3989504K)->3836145K(3989504K)
[2026-09-23T15:00:18.692+0000][349.258s][info][gc,metaspace   ] GC(96) Metaspace: 167547K(169280K)->167547K(169280K) NonClass: 140965K(141952K)->140965K(141952K) Class: 26582K(27328K)->26582K(27328K)
[2026-09-23T15:00:18.692+0000][349.258s][info][gc             ] GC(96) Pause Young (Allocation Failure) 7064M->3798M(7244M) 111.270ms
[2026-09-23T15:00:18.692+0000][349.258s][info][gc,cpu         ] GC(96) User=0.44s Sys=0.00s Real=0.11s
[2026-09-23T15:00:23.730+0000][354.296s][info][gc,start       ] GC(97) Pause Young (Allocation Failure)
[2026-09-23T15:00:23.837+0000][354.403s][info][gc,heap        ] GC(97) PSYoungGen: 3417584K(3428864K)->50705K(3428864K) Eden: 3364352K(3364352K)->0K(3364352K) From: 53232K(64512K)->50705K(64512K)
[2026-09-23T15:00:23.837+0000][354.403s][info][gc,heap        ] GC(97) ParOldGen: 3836145K(3989504K)->3855283K(3989504K)
[2026-09-23T15:00:23.837+0000][354.403s][info][gc,metaspace   ] GC(97) Metaspace: 167557K(169280K)->167557K(169280K) NonClass: 140974K(141952K)->140974K(141952K) Class: 26583K(27328K)->26583K(27328K)
[2026-09-23T15:00:23.837+0000][354.403s][info][gc             ] GC(97) Pause Young (Allocation Failure) 7083M->3814M(7244M) 106.728ms
[2026-09-23T15:00:23.837+0000][354.403s][info][gc,cpu         ] GC(97) User=0.42s Sys=0.00s Real=0.11s
[2026-09-23T15:00:29.039+0000][359.604s][info][gc,start       ] GC(98) Pause Young (Allocation Failure)
[2026-09-23T15:00:29.148+0000][359.714s][info][gc,heap        ] GC(98) PSYoungGen: 3415057K(3428864K)->53713K(3429376K) Eden: 3364352K(3364352K)->0K(3365888K) From: 50705K(64512K)->53713K(63488K)
[2026-09-23T15:00:29.148+0000][359.714s][info][gc,heap        ] GC(98) ParOldGen: 3855283K(3989504K)->3871741K(3989504K)
[2026-09-23T15:00:29.148+0000][359.714s][info][gc,metaspace   ] GC(98) Metaspace: 167594K(169344K)->167594K(169344K) NonClass: 141008K(142016K)->141008K(142016K) Class: 26586K(27328K)->26586K(27328K)
[2026-09-23T15:00:29.148+0000][359.714s][info][gc             ] GC(98) Pause Young (Allocation Failure) 7099M->3833M(7245M) 109.405ms
[2026-09-23T15:00:29.148+0000][359.714s][info][gc,cpu         ] GC(98) User=0.44s Sys=0.00s Real=0.11s
[2026-09-23T15:00:34.430+0000][364.996s][info][gc,start       ] GC(99) Pause Young (Allocation Failure)
[2026-09-23T15:00:34.543+0000][365.109s][info][gc,heap        ] GC(99) PSYoungGen: 3419601K(3429376K)->59457K(3429888K) Eden: 3365888K(3365888K)->0K(3365888K) From: 53713K(63488K)->59457K(64000K)
[2026-09-23T15:00:34.543+0000][365.109s][info][gc,heap        ] GC(99) ParOldGen: 3871741K(3989504K)->3889666K(3989504K)
[2026-09-23T15:00:34.543+0000][365.109s][info][gc,metaspace   ] GC(99) Metaspace: 167615K(169344K)->167615K(169344K) NonClass: 141029K(142016K)->141029K(142016K) Class: 26586K(27328K)->26586K(27328K)
[2026-09-23T15:00:34.543+0000][365.109s][info][gc             ] GC(99) Pause Young (Allocation Failure) 7120M->3856M(7245M) 112.830ms
[2026-09-23T15:00:34.543+0000][365.109s][info][gc,cpu         ] GC(99) User=0.45s Sys=0.00s Real=0.12s
[2026-09-23T15:00:39.782+0000][370.347s][info][gc,start       ] GC(100) Pause Young (Allocation Failure)
[2026-09-23T15:00:39.892+0000][370.458s][info][gc,heap        ] GC(100) PSYoungGen: 3425345K(3429888K)->56209K(3429888K) Eden: 3365888K(3365888K)->0K(3365888K) From: 59457K(64000K)->56209K(64000K)
[2026-09-23T15:00:39.892+0000][370.458s][info][gc,heap        ] GC(100) ParOldGen: 3889666K(3989504K)->3914353K(3989504K)
[2026-09-23T15:00:39.892+0000][370.458s][info][gc,metaspace   ] GC(100) Metaspace: 167630K(169344K)->167630K(169344K) NonClass: 141044K(142016K)->141044K(142016K) Class: 26586K(27328K)->26586K(27328K)
[2026-09-23T15:00:39.892+0000][370.458s][info][gc             ] GC(100) Pause Young (Allocation Failure) 7143M->3877M(7245M) 110.655ms
[2026-09-23T15:00:39.892+0000][370.458s][info][gc,cpu         ] GC(100) User=0.44s Sys=0.00s Real=0.11s
[2026-09-23T15:00:45.304+0000][375.870s][info][gc,start       ] GC(101) Pause Young (Allocation Failure)
[2026-09-23T15:00:45.417+0000][375.983s][info][gc,heap        ] GC(101) PSYoungGen: 3422097K(3429888K)->59265K(3429888K) Eden: 3365888K(3365888K)->0K(3365888K) From: 56209K(64000K)->59265K(64000K)
[2026-09-23T15:00:45.417+0000][375.983s][info][gc,heap        ] GC(101) ParOldGen: 3914353K(3989504K)->3936082K(3989504K)
[2026-09-23T15:00:45.417+0000][375.983s][info][gc,metaspace   ] GC(101) Metaspace: 167634K(169344K)->167634K(169344K) NonClass: 141047K(142016K)->141047K(142016K) Class: 26586K(27328K)->26586K(27328K)
[2026-09-23T15:00:45.417+0000][375.983s][info][gc             ] GC(101) Pause Young (Allocation Failure) 7164M->3901M(7245M) 112.861ms
[2026-09-23T15:00:45.417+0000][375.983s][info][gc,cpu         ] GC(101) User=0.45s Sys=0.00s Real=0.11s
[2026-09-23T15:00:50.736+0000][381.301s][info][gc,start       ] GC(102) Pause Young (Allocation Failure)
[2026-09-23T15:00:50.850+0000][381.416s][info][gc,heap        ] GC(102) PSYoungGen: 3425153K(3429888K)->59793K(3429376K) Eden: 3365888K(3365888K)->0K(3364864K) From: 59265K(64000K)->59793K(64512K)
[2026-09-23T15:00:50.850+0000][381.416s][info][gc,heap        ] GC(102) ParOldGen: 3936082K(3989504K)->3959033K(3989504K)
[2026-09-23T15:00:50.850+0000][381.416s][info][gc,metaspace   ] GC(102) Metaspace: 167646K(169408K)->167646K(169408K) NonClass: 141059K(142080K)->141059K(142080K) Class: 26586K(27328K)->26586K(27328K)
[2026-09-23T15:00:50.850+0000][381.416s][info][gc             ] GC(102) Pause Young (Allocation Failure) 7188M->3924M(7245M) 114.341ms
[2026-09-23T15:00:50.850+0000][381.416s][info][gc,cpu         ] GC(102) User=0.45s Sys=0.00s Real=0.11s
[2026-09-23T15:00:56.155+0000][386.720s][info][gc,start       ] GC(103) Pause Young (Allocation Failure)
[2026-09-23T15:00:56.267+0000][386.832s][info][gc,heap        ] GC(103) PSYoungGen: 3424657K(3429376K)->55505K(3429888K) Eden: 3364864K(3364864K)->0K(3364864K) From: 59793K(64512K)->55505K(65024K)
[2026-09-23T15:00:56.267+0000][386.832s][info][gc,heap        ] GC(103) ParOldGen: 3959033K(3989504K)->3984322K(3989504K)
[2026-09-23T15:00:56.267+0000][386.832s][info][gc,metaspace   ] GC(103) Metaspace: 167654K(169408K)->167654K(169408K) NonClass: 141068K(142080K)->141068K(142080K) Class: 26586K(27328K)->26586K(27328K)
[2026-09-23T15:00:56.267+0000][386.832s][info][gc             ] GC(103) Pause Young (Allocation Failure) 7210M->3945M(7245M) 111.898ms
[2026-09-23T15:00:56.267+0000][386.832s][info][gc,cpu         ] GC(103) User=0.44s Sys=0.00s Real=0.11s
[2026-09-23T15:01:01.605+0000][392.170s][info][gc,start       ] GC(104) Pause Young (Allocation Failure)
[2026-09-23T15:01:01.724+0000][392.289s][info][gc,heap        ] GC(104) PSYoungGen: 3420369K(3429888K)->53377K(3428864K) Eden: 3364864K(3364864K)->0K(3365376K) From: 55505K(65024K)->53377K(63488K)
[2026-09-23T15:01:01.724+0000][392.290s][info][gc,heap        ] GC(104) ParOldGen: 3984322K(3989504K)->4005033K(4005376K)
[2026-09-23T15:01:01.724+0000][392.290s][info][gc,metaspace   ] GC(104) Metaspace: 167656K(169408K)->167656K(169408K) NonClass: 141070K(142080K)->141070K(142080K) Class: 26586K(27328K)->26586K(27328K)
[2026-09-23T15:01:01.724+0000][392.290s][info][gc             ] GC(104) Pause Young (Allocation Failure) 7231M->3963M(7260M) 119.195ms
[2026-09-23T15:01:01.724+0000][392.290s][info][gc,cpu         ] GC(104) User=0.46s Sys=0.01s Real=0.12s
[2026-09-23T15:01:07.202+0000][397.768s][info][gc,start       ] GC(105) Pause Young (Allocation Failure)
[2026-09-23T15:01:07.326+0000][397.891s][info][gc,heap        ] GC(105) PSYoungGen: 3418753K(3428864K)->55265K(3429376K) Eden: 3365376K(3365376K)->0K(3365376K) From: 53377K(63488K)->55265K(64000K)
[2026-09-23T15:01:07.326+0000][397.891s][info][gc,heap        ] GC(105) ParOldGen: 4005033K(4005376K)->4022235K(4022272K)
[2026-09-23T15:01:07.326+0000][397.891s][info][gc,metaspace   ] GC(105) Metaspace: 167672K(169472K)->167672K(169472K) NonClass: 141083K(142080K)->141083K(142080K) Class: 26588K(27392K)->26588K(27392K)
[2026-09-23T15:01:07.326+0000][397.891s][info][gc             ] GC(105) Pause Young (Allocation Failure) 7249M->3981M(7277M) 123.622ms
[2026-09-23T15:01:07.326+0000][397.891s][info][gc,cpu         ] GC(105) User=0.46s Sys=0.02s Real=0.13s
[2026-09-23T15:01:12.658+0000][403.223s][info][gc,start       ] GC(106) Pause Young (Allocation Failure)
[2026-09-23T15:01:12.779+0000][403.345s][info][gc,heap        ] GC(106) PSYoungGen: 3420641K(3429376K)->52721K(3430912K) Eden: 3365376K(3365376K)->0K(3367424K) From: 55265K(64000K)->52721K(63488K)
[2026-09-23T15:01:12.779+0000][403.345s][info][gc,heap        ] GC(106) ParOldGen: 4022235K(4022272K)->4041986K(4042240K)
[2026-09-23T15:01:12.779+0000][403.345s][info][gc,metaspace   ] GC(106) Metaspace: 167692K(169472K)->167692K(169472K) NonClass: 141100K(142080K)->141100K(142080K) Class: 26591K(27392K)->26591K(27392K)
[2026-09-23T15:01:12.779+0000][403.345s][info][gc             ] GC(106) Pause Young (Allocation Failure) 7268M->3998M(7298M) 121.411ms
[2026-09-23T15:01:12.779+0000][403.345s][info][gc,cpu         ] GC(106) User=0.46s Sys=0.02s Real=0.12s
[2026-09-23T15:01:18.206+0000][408.771s][info][gc,start       ] GC(107) Pause Young (Allocation Failure)
[2026-09-23T15:01:18.322+0000][408.887s][info][gc,heap        ] GC(107) PSYoungGen: 3420145K(3430912K)->54497K(3430912K) Eden: 3367424K(3367424K)->0K(3367424K) From: 52721K(63488K)->54497K(63488K)
[2026-09-23T15:01:18.322+0000][408.887s][info][gc,heap        ] GC(107) ParOldGen: 4041986K(4042240K)->4060211K(4060672K)
[2026-09-23T15:01:18.322+0000][408.887s][info][gc,metaspace   ] GC(107) Metaspace: 167699K(169472K)->167699K(169472K) NonClass: 141107K(142080K)->141107K(142080K) Class: 26591K(27392K)->26591K(27392K)
[2026-09-23T15:01:18.322+0000][408.887s][info][gc             ] GC(107) Pause Young (Allocation Failure) 7287M->4018M(7316M) 115.745ms
[2026-09-23T15:01:18.322+0000][408.887s][info][gc,cpu         ] GC(107) User=0.45s Sys=0.01s Real=0.11s
[2026-09-23T15:01:23.782+0000][414.347s][info][gc,start       ] GC(108) Pause Young (Allocation Failure)
[2026-09-23T15:01:23.897+0000][414.463s][info][gc,heap        ] GC(108) PSYoungGen: 3421921K(3430912K)->54561K(3430912K) Eden: 3367424K(3367424K)->0K(3368448K) From: 54497K(63488K)->54561K(62464K)
[2026-09-23T15:01:23.897+0000][414.463s][info][gc,heap        ] GC(108) ParOldGen: 4060211K(4060672K)->4079904K(4080128K)
[2026-09-23T15:01:23.897+0000][414.463s][info][gc,metaspace   ] GC(108) Metaspace: 167709K(169472K)->167709K(169472K) NonClass: 141117K(142080K)->141117K(142080K) Class: 26591K(27392K)->26591K(27392K)
[2026-09-23T15:01:23.897+0000][414.463s][info][gc             ] GC(108) Pause Young (Allocation Failure) 7306M->4037M(7335M) 115.653ms
[2026-09-23T15:01:23.897+0000][414.463s][info][gc,cpu         ] GC(108) User=0.45s Sys=0.01s Real=0.12s
[2026-09-23T15:01:29.719+0000][420.284s][info][gc,start       ] GC(109) Pause Young (Allocation Failure)
[2026-09-23T15:01:29.839+0000][420.404s][info][gc,heap        ] GC(109) PSYoungGen: 3423009K(3430912K)->62437K(3430912K) Eden: 3368448K(3368448K)->0K(3368448K) From: 54561K(62464K)->62437K(62464K)
[2026-09-23T15:01:29.839+0000][420.404s][info][gc,heap        ] GC(109) ParOldGen: 4079904K(4080128K)->4101705K(4102144K)
[2026-09-23T15:01:29.839+0000][420.404s][info][gc,metaspace   ] GC(109) Metaspace: 168765K(170496K)->168765K(170496K) NonClass: 142063K(143040K)->142063K(143040K) Class: 26702K(27456K)->26702K(27456K)
[2026-09-23T15:01:29.839+0000][420.404s][info][gc             ] GC(109) Pause Young (Allocation Failure) 7327M->4066M(7356M) 119.903ms
[2026-09-23T15:01:29.839+0000][420.404s][info][gc,cpu         ] GC(109) User=0.47s Sys=0.02s Real=0.12s
[2026-09-23T15:01:35.607+0000][426.172s][info][gc,start       ] GC(110) Pause Young (Allocation Failure)
[2026-09-23T15:01:35.724+0000][426.290s][info][gc,heap        ] GC(110) PSYoungGen: 3430885K(3430912K)->52065K(3414528K) Eden: 3368448K(3368448K)->0K(3350528K) From: 62437K(62464K)->52065K(64000K)
[2026-09-23T15:01:35.725+0000][426.290s][info][gc,heap        ] GC(110) ParOldGen: 4101705K(4102144K)->4120653K(4121088K)
[2026-09-23T15:01:35.725+0000][426.290s][info][gc,metaspace   ] GC(110) Metaspace: 170213K(171904K)->170213K(171904K) NonClass: 143381K(144320K)->143381K(144320K) Class: 26831K(27584K)->26831K(27584K)
[2026-09-23T15:01:35.725+0000][426.290s][info][gc             ] GC(110) Pause Young (Allocation Failure) 7356M->4074M(7359M) 117.828ms
[2026-09-23T15:01:35.725+0000][426.290s][info][gc,cpu         ] GC(110) User=0.44s Sys=0.02s Real=0.12s
[2026-09-23T15:01:41.039+0000][431.604s][info][gc,start       ] GC(111) Pause Young (Allocation Failure)
[2026-09-23T15:01:41.154+0000][431.720s][info][gc,heap        ] GC(111) PSYoungGen: 3402593K(3414528K)->51153K(3422720K) Eden: 3350528K(3350528K)->0K(3350528K) From: 52065K(64000K)->51153K(72192K)
[2026-09-23T15:01:41.154+0000][431.720s][info][gc,heap        ] GC(111) ParOldGen: 4120653K(4121088K)->4138658K(4139008K)
[2026-09-23T15:01:41.154+0000][431.720s][info][gc,metaspace   ] GC(111) Metaspace: 170220K(171904K)->170220K(171904K) NonClass: 143388K(144320K)->143388K(144320K) Class: 26832K(27584K)->26832K(27584K)
[2026-09-23T15:01:41.154+0000][431.720s][info][gc             ] GC(111) Pause Young (Allocation Failure) 7346M->4091M(7384M) 115.204ms
[2026-09-23T15:01:41.154+0000][431.720s][info][gc,cpu         ] GC(111) User=0.46s Sys=0.00s Real=0.12s
[2026-09-23T15:01:46.597+0000][437.163s][info][gc,start       ] GC(112) Pause Young (Allocation Failure)
[2026-09-23T15:01:46.710+0000][437.276s][info][gc,heap        ] GC(112) PSYoungGen: 3401681K(3422720K)->53473K(3420160K) Eden: 3350528K(3350528K)->0K(3351040K) From: 51153K(72192K)->53473K(69120K)
[2026-09-23T15:01:46.710+0000][437.276s][info][gc,heap        ] GC(112) ParOldGen: 4138658K(4139008K)->4154187K(4154368K)
[2026-09-23T15:01:46.710+0000][437.276s][info][gc,metaspace   ] GC(112) Metaspace: 170230K(171968K)->170230K(171968K) NonClass: 143397K(144384K)->143397K(144384K) Class: 26832K(27584K)->26832K(27584K)
[2026-09-23T15:01:46.710+0000][437.276s][info][gc             ] GC(112) Pause Young (Allocation Failure) 7363M->4109M(7397M) 113.109ms
[2026-09-23T15:01:46.710+0000][437.276s][info][gc,cpu         ] GC(112) User=0.44s Sys=0.01s Real=0.11s
[2026-09-23T15:01:52.155+0000][442.721s][info][gc,start       ] GC(113) Pause Young (Allocation Failure)
[2026-09-23T15:01:52.267+0000][442.833s][info][gc,heap        ] GC(113) PSYoungGen: 3404513K(3420160K)->49840K(3421696K) Eden: 3351040K(3351040K)->0K(3351040K) From: 53473K(69120K)->49840K(70656K)
[2026-09-23T15:01:52.267+0000][442.833s][info][gc,heap        ] GC(113) ParOldGen: 4154187K(4154368K)->4171907K(4172288K)
[2026-09-23T15:01:52.267+0000][442.833s][info][gc,metaspace   ] GC(113) Metaspace: 170238K(171968K)->170238K(171968K) NonClass: 143404K(144384K)->143404K(144384K) Class: 26833K(27584K)->26833K(27584K)
[2026-09-23T15:01:52.267+0000][442.833s][info][gc             ] GC(113) Pause Young (Allocation Failure) 7381M->4122M(7416M) 112.029ms
[2026-09-23T15:01:52.267+0000][442.833s][info][gc,cpu         ] GC(113) User=0.44s Sys=0.01s Real=0.11s
[2026-09-23T15:01:57.540+0000][448.106s][info][gc,start       ] GC(114) Pause Young (Allocation Failure)
[2026-09-23T15:01:57.651+0000][448.217s][info][gc,heap        ] GC(114) PSYoungGen: 3400880K(3421696K)->49889K(3423232K) Eden: 3351040K(3351040K)->0K(3353600K) From: 49840K(70656K)->49889K(69632K)
[2026-09-23T15:01:57.652+0000][448.217s][info][gc,heap        ] GC(114) ParOldGen: 4171907K(4172288K)->4187740K(4188160K)
[2026-09-23T15:01:57.652+0000][448.217s][info][gc,metaspace   ] GC(114) Metaspace: 170251K(171968K)->170251K(171968K) NonClass: 143415K(144384K)->143415K(144384K) Class: 26835K(27584K)->26835K(27584K)
[2026-09-23T15:01:57.652+0000][448.217s][info][gc             ] GC(114) Pause Young (Allocation Failure) 7395M->4138M(7433M) 111.145ms
[2026-09-23T15:01:57.652+0000][448.217s][info][gc,cpu         ] GC(114) User=0.43s Sys=0.01s Real=0.11s
[2026-09-23T15:02:03.044+0000][453.610s][info][gc,start       ] GC(115) Pause Young (Allocation Failure)
[2026-09-23T15:02:03.156+0000][453.722s][info][gc,heap        ] GC(115) PSYoungGen: 3403489K(3423232K)->51808K(3423744K) Eden: 3353600K(3353600K)->0K(3353600K) From: 49889K(69632K)->51808K(70144K)
[2026-09-23T15:02:03.156+0000][453.722s][info][gc,heap        ] GC(115) ParOldGen: 4187740K(4188160K)->4203055K(4203520K)
[2026-09-23T15:02:03.156+0000][453.722s][info][gc,metaspace   ] GC(115) Metaspace: 170263K(171968K)->170263K(171968K) NonClass: 143428K(144384K)->143428K(144384K) Class: 26835K(27584K)->26835K(27584K)
[2026-09-23T15:02:03.157+0000][453.722s][info][gc             ] GC(115) Pause Young (Allocation Failure) 7413M->4155M(7448M) 112.248ms
[2026-09-23T15:02:03.157+0000][453.722s][info][gc,cpu         ] GC(115) User=0.45s Sys=0.01s Real=0.11s
[2026-09-23T15:02:08.744+0000][459.310s][info][gc,start       ] GC(116) Pause Young (CodeCache GC Threshold)
[2026-09-23T15:02:08.845+0000][459.411s][info][gc,heap        ] GC(116) PSYoungGen: 3011723K(3423744K)->30970K(3420160K) Eden: 2959914K(3353600K)->0K(3350528K) From: 51808K(70144K)->30970K(69632K)
[2026-09-23T15:02:08.845+0000][459.411s][info][gc,heap        ] GC(116) ParOldGen: 4203055K(4203520K)->4241392K(4241408K)
[2026-09-23T15:02:08.845+0000][459.411s][info][gc,metaspace   ] GC(116) Metaspace: 171443K(173184K)->171443K(173184K) NonClass: 144469K(145472K)->144469K(145472K) Class: 26974K(27712K)->26974K(27712K)
[2026-09-23T15:02:08.845+0000][459.411s][info][gc             ] GC(116) Pause Young (CodeCache GC Threshold) 7045M->4172M(7482M) 101.467ms
[2026-09-23T15:02:08.846+0000][459.411s][info][gc,cpu         ] GC(116) User=0.38s Sys=0.02s Real=0.10s
[2026-09-23T15:02:08.846+0000][459.411s][info][gc,start       ] GC(117) Pause Full (CodeCache GC Threshold)
[2026-09-23T15:02:08.846+0000][459.411s][info][gc,phases,start] GC(117) Marking Phase
[2026-09-23T15:02:09.882+0000][460.448s][info][gc,phases      ] GC(117) Marking Phase 1036.857ms
[2026-09-23T15:02:09.882+0000][460.448s][info][gc,phases,start] GC(117) Summary Phase
[2026-09-23T15:02:09.883+0000][460.448s][info][gc,phases      ] GC(117) Summary Phase 0.098ms
[2026-09-23T15:02:09.883+0000][460.448s][info][gc,phases,start] GC(117) Adjust Roots
[2026-09-23T15:02:09.903+0000][460.469s][info][gc,phases      ] GC(117) Adjust Roots 20.338ms
[2026-09-23T15:02:09.903+0000][460.469s][info][gc,phases,start] GC(117) Compaction Phase
[2026-09-23T15:02:11.213+0000][461.779s][info][gc,phases      ] GC(117) Compaction Phase 1310.227ms
[2026-09-23T15:02:11.213+0000][461.779s][info][gc,phases,start] GC(117) Post Compact
[2026-09-23T15:02:11.220+0000][461.786s][info][gc,phases      ] GC(117) Post Compact 6.729ms
[2026-09-23T15:02:11.220+0000][461.786s][info][gc,heap        ] GC(117) PSYoungGen: 30970K(3420160K)->0K(3420160K) Eden: 0K(3350528K)->0K(3350528K) From: 30970K(69632K)->0K(69632K)
[2026-09-23T15:02:11.220+0000][461.786s][info][gc,heap        ] GC(117) ParOldGen: 4241392K(4241408K)->3578378K(4241408K)
[2026-09-23T15:02:11.220+0000][461.786s][info][gc,metaspace   ] GC(117) Metaspace: 171443K(173184K)->171443K(173184K) NonClass: 144469K(145472K)->144469K(145472K) Class: 26974K(27712K)->26974K(27712K)
[2026-09-23T15:02:11.220+0000][461.786s][info][gc             ] GC(117) Pause Full (CodeCache GC Threshold) 4172M->3494M(7482M) 2374.433ms
[2026-09-23T15:02:11.220+0000][461.786s][info][gc,cpu         ] GC(117) User=9.06s Sys=0.03s Real=2.37s
[2026-09-23T15:02:17.186+0000][467.752s][info][gc,start       ] GC(118) Pause Young (Allocation Failure)
[2026-09-23T15:02:17.438+0000][468.003s][info][gc,heap        ] GC(118) PSYoungGen: 3350528K(3420160K)->72192K(3422720K) Eden: 3350528K(3350528K)->0K(3350528K) From: 0K(69632K)->72192K(72192K)
[2026-09-23T15:02:17.438+0000][468.003s][info][gc,heap        ] GC(118) ParOldGen: 3578378K(4241408K)->4153614K(4241408K)
[2026-09-23T15:02:17.438+0000][468.003s][info][gc,metaspace   ] GC(118) Metaspace: 171557K(173312K)->171557K(173312K) NonClass: 144570K(145536K)->144570K(145536K) Class: 26986K(27776K)->26986K(27776K)
[2026-09-23T15:02:17.438+0000][468.003s][info][gc             ] GC(118) Pause Young (Allocation Failure) 6766M->4126M(7484M) 251.338ms
[2026-09-23T15:02:17.438+0000][468.003s][info][gc,cpu         ] GC(118) User=0.99s Sys=0.00s Real=0.25s
[2026-09-23T15:02:23.334+0000][473.900s][info][gc,start       ] GC(119) Pause Young (GCLocker Initiated GC)
[2026-09-23T15:02:23.732+0000][474.298s][info][gc,heap        ] GC(119) PSYoungGen: 3422720K(3422720K)->72192K(2571776K) Eden: 3350528K(3350528K)->0K(2499584K) From: 72192K(72192K)->72192K(72192K)
[2026-09-23T15:02:23.732+0000][474.298s][info][gc,heap        ] GC(119) ParOldGen: 4153625K(4241408K)->4801894K(4802048K)
[2026-09-23T15:02:23.732+0000][474.298s][info][gc,metaspace   ] GC(119) Metaspace: 171583K(173376K)->171583K(173376K) NonClass: 144596K(145600K)->144596K(145600K) Class: 26986K(27776K)->26986K(27776K)
[2026-09-23T15:02:23.732+0000][474.298s][info][gc             ] GC(119) Pause Young (GCLocker Initiated GC) 7398M->4759M(7201M) 397.735ms
[2026-09-23T15:02:23.732+0000][474.298s][info][gc,cpu         ] GC(119) User=1.12s Sys=0.33s Real=0.39s
[2026-09-23T15:02:28.160+0000][478.726s][info][gc,start       ] GC(120) Pause Young (Allocation Failure)
[2026-09-23T15:02:28.374+0000][478.939s][info][gc,heap        ] GC(120) PSYoungGen: 2571776K(2571776K)->467488K(2967552K) Eden: 2499584K(2499584K)->0K(2499584K) From: 72192K(72192K)->467488K(467968K)
[2026-09-23T15:02:28.374+0000][478.939s][info][gc,heap        ] GC(120) ParOldGen: 4801911K(4802048K)->4875328K(4875776K)
[2026-09-23T15:02:28.374+0000][478.939s][info][gc,metaspace   ] GC(120) Metaspace: 171601K(173376K)->171601K(173376K) NonClass: 144614K(145600K)->144614K(145600K) Class: 26986K(27776K)->26986K(27776K)
[2026-09-23T15:02:28.374+0000][478.939s][info][gc             ] GC(120) Pause Young (Allocation Failure) 7200M->5217M(7659M) 213.321ms
[2026-09-23T15:02:28.374+0000][478.939s][info][gc,cpu         ] GC(120) User=0.80s Sys=0.04s Real=0.22s
[2026-09-23T15:02:31.101+0000][481.667s][info][gc,heap,exit   ] Heap
[2026-09-23T15:02:31.101+0000][481.667s][info][gc,heap,exit   ]  PSYoungGen      total 2967552K, used 1905141K [0x000000072ab00000, 0x0000000800000000, 0x0000000800000000)
[2026-09-23T15:02:31.101+0000][481.667s][info][gc,heap,exit   ]   eden space 2499584K, 57% used [0x000000072ab00000,0x00000007826f5798,0x00000007c3400000)
[2026-09-23T15:02:31.101+0000][481.667s][info][gc,heap,exit   ]   from space 467968K, 99% used [0x00000007c3400000,0x00000007dfc88000,0x00000007dfd00000)
[2026-09-23T15:02:31.101+0000][481.667s][info][gc,heap,exit   ]   to   space 527360K, 0% used [0x00000007dfd00000,0x00000007dfd00000,0x0000000800000000)
[2026-09-23T15:02:31.101+0000][481.667s][info][gc,heap,exit   ]  ParOldGen       total 4875776K, used 4875328K [0x0000000580000000, 0x00000006a9980000, 0x000000072ab00000)
[2026-09-23T15:02:31.101+0000][481.667s][info][gc,heap,exit   ]   object space 4875776K, 99% used [0x0000000580000000,0x00000006a9910218,0x00000006a9980000)
[2026-09-23T15:02:31.101+0000][481.667s][info][gc,heap,exit   ]  Metaspace       used 171682K, committed 173440K, reserved 1245184K
[2026-09-23T15:02:31.101+0000][481.667s][info][gc,heap,exit   ]   class space    used 27001K, committed 27776K, reserved 1048576K
