[2026-09-22T10:52:03.367+0000][0.012s][info][gc,init] CardTable entry size: 512
[2026-09-22T10:52:03.367+0000][0.012s][info][gc     ] Using Parallel
[2026-09-22T10:52:03.378+0000][0.022s][info][gc,init] Version: 21.0.12.1+1-LTS (release)
[2026-09-22T10:52:03.378+0000][0.022s][info][gc,init] CPUs: 4 total, 4 available
[2026-09-22T10:52:03.378+0000][0.022s][info][gc,init] Memory: 15989M
[2026-09-22T10:52:03.378+0000][0.022s][info][gc,init] Large Page Support: Disabled
[2026-09-22T10:52:03.378+0000][0.022s][info][gc,init] NUMA Support: Disabled
[2026-09-22T10:52:03.378+0000][0.022s][info][gc,init] Compressed Oops: Enabled (Zero based)
[2026-09-22T10:52:03.378+0000][0.022s][info][gc,init] Alignments: Space 512K, Generation 512K, Heap 2M
[2026-09-22T10:52:03.378+0000][0.022s][info][gc,init] Heap Min Capacity: 4G
[2026-09-22T10:52:03.378+0000][0.022s][info][gc,init] Heap Initial Capacity: 4G
[2026-09-22T10:52:03.378+0000][0.022s][info][gc,init] Heap Max Capacity: 10G
[2026-09-22T10:52:03.378+0000][0.022s][info][gc,init] Pre-touch: Disabled
[2026-09-22T10:52:03.378+0000][0.022s][info][gc,init] Parallel Workers: 4
[2026-09-22T10:52:03.386+0000][0.030s][info][gc,metaspace] CDS archive(s) mapped at: [0x00007fa0d3000000-0x00007fa0d3c9c000-0x00007fa0d3c9c000), size 13221888, SharedBaseAddress: 0x00007fa0d3000000, ArchiveRelocationMode: 1.
[2026-09-22T10:52:03.386+0000][0.030s][info][gc,metaspace] Compressed class space mapped at: 0x00007fa0d4000000-0x00007fa114000000, reserved size: 1073741824
[2026-09-22T10:52:03.386+0000][0.030s][info][gc,metaspace] Narrow klass base: 0x00007fa0d3000000, Narrow klass shift: 0, Narrow klass range: 0x100000000
[2026-09-22T10:52:05.650+0000][2.295s][info][gc,start    ] GC(0) Pause Young (Metadata GC Threshold)
[2026-09-22T10:52:05.657+0000][2.302s][info][gc,heap     ] GC(0) PSYoungGen: 919414K(1223168K)->12715K(1223168K) Eden: 919414K(1048576K)->0K(1048576K) From: 0K(174592K)->12715K(174592K)
[2026-09-22T10:52:05.658+0000][2.302s][info][gc,heap     ] GC(0) ParOldGen: 1073K(2796544K)->1081K(2796544K)
[2026-09-22T10:52:05.658+0000][2.302s][info][gc,metaspace] GC(0) Metaspace: 21075K(21504K)->21075K(21504K) NonClass: 18701K(18944K)->18701K(18944K) Class: 2374K(2560K)->2374K(2560K)
[2026-09-22T10:52:05.658+0000][2.302s][info][gc          ] GC(0) Pause Young (Metadata GC Threshold) 898M->13M(3925M) 7.211ms
[2026-09-22T10:52:05.658+0000][2.302s][info][gc,cpu      ] GC(0) User=0.02s Sys=0.01s Real=0.00s
[2026-09-22T10:52:05.658+0000][2.302s][info][gc,start    ] GC(1) Pause Full (Metadata GC Threshold)
[2026-09-22T10:52:05.658+0000][2.302s][info][gc,phases,start] GC(1) Marking Phase
[2026-09-22T10:52:05.667+0000][2.311s][info][gc,phases      ] GC(1) Marking Phase 8.982ms
[2026-09-22T10:52:05.667+0000][2.311s][info][gc,phases,start] GC(1) Summary Phase
[2026-09-22T10:52:05.667+0000][2.311s][info][gc,phases      ] GC(1) Summary Phase 0.008ms
[2026-09-22T10:52:05.667+0000][2.311s][info][gc,phases,start] GC(1) Adjust Roots
[2026-09-22T10:52:05.669+0000][2.314s][info][gc,phases      ] GC(1) Adjust Roots 2.859ms
[2026-09-22T10:52:05.669+0000][2.314s][info][gc,phases,start] GC(1) Compaction Phase
[2026-09-22T10:52:05.677+0000][2.321s][info][gc,phases      ] GC(1) Compaction Phase 7.023ms
[2026-09-22T10:52:05.677+0000][2.321s][info][gc,phases,start] GC(1) Post Compact
[2026-09-22T10:52:05.678+0000][2.322s][info][gc,phases      ] GC(1) Post Compact 1.073ms
[2026-09-22T10:52:05.678+0000][2.322s][info][gc,heap        ] GC(1) PSYoungGen: 12715K(1223168K)->0K(1223168K) Eden: 0K(1048576K)->0K(1048576K) From: 12715K(174592K)->0K(174592K)
[2026-09-22T10:52:05.678+0000][2.322s][info][gc,heap        ] GC(1) ParOldGen: 1081K(2796544K)->13573K(2796544K)
[2026-09-22T10:52:05.678+0000][2.322s][info][gc,metaspace   ] GC(1) Metaspace: 21075K(21504K)->21075K(21504K) NonClass: 18701K(18944K)->18701K(18944K) Class: 2374K(2560K)->2374K(2560K)
[2026-09-22T10:52:05.678+0000][2.322s][info][gc             ] GC(1) Pause Full (Metadata GC Threshold) 13M->13M(3925M) 20.064ms
[2026-09-22T10:52:05.678+0000][2.322s][info][gc,cpu         ] GC(1) User=0.05s Sys=0.01s Real=0.02s
[2026-09-22T10:52:06.803+0000][3.447s][info][gc,start       ] GC(2) Pause Young (Metadata GC Threshold)
[2026-09-22T10:52:06.826+0000][3.470s][info][gc,heap        ] GC(2) PSYoungGen: 458891K(1223168K)->51033K(1223168K) Eden: 458891K(1048576K)->0K(1048576K) From: 0K(174592K)->51033K(174592K)
[2026-09-22T10:52:06.826+0000][3.470s][info][gc,heap        ] GC(2) ParOldGen: 13573K(2796544K)->13581K(2796544K)
[2026-09-22T10:52:06.826+0000][3.470s][info][gc,metaspace   ] GC(2) Metaspace: 35371K(35840K)->35371K(35840K) NonClass: 31275K(31552K)->31275K(31552K) Class: 4095K(4288K)->4095K(4288K)
[2026-09-22T10:52:06.826+0000][3.470s][info][gc             ] GC(2) Pause Young (Metadata GC Threshold) 461M->63M(3925M) 23.164ms
[2026-09-22T10:52:06.826+0000][3.470s][info][gc,cpu         ] GC(2) User=0.08s Sys=0.00s Real=0.02s
[2026-09-22T10:52:06.826+0000][3.470s][info][gc,start       ] GC(3) Pause Full (Metadata GC Threshold)
[2026-09-22T10:52:06.826+0000][3.470s][info][gc,phases,start] GC(3) Marking Phase
[2026-09-22T10:52:06.848+0000][3.492s][info][gc,phases      ] GC(3) Marking Phase 21.928ms
[2026-09-22T10:52:06.848+0000][3.492s][info][gc,phases,start] GC(3) Summary Phase
[2026-09-22T10:52:06.848+0000][3.492s][info][gc,phases      ] GC(3) Summary Phase 0.018ms
[2026-09-22T10:52:06.848+0000][3.492s][info][gc,phases,start] GC(3) Adjust Roots
[2026-09-22T10:52:06.851+0000][3.495s][info][gc,phases      ] GC(3) Adjust Roots 2.888ms
[2026-09-22T10:52:06.851+0000][3.495s][info][gc,phases,start] GC(3) Compaction Phase
[2026-09-22T10:52:06.886+0000][3.530s][info][gc,phases      ] GC(3) Compaction Phase 34.532ms
[2026-09-22T10:52:06.886+0000][3.530s][info][gc,phases,start] GC(3) Post Compact
[2026-09-22T10:52:06.886+0000][3.531s][info][gc,phases      ] GC(3) Post Compact 0.891ms
[2026-09-22T10:52:06.886+0000][3.531s][info][gc,heap        ] GC(3) PSYoungGen: 51033K(1223168K)->0K(1223168K) Eden: 0K(1048576K)->0K(1048576K) From: 51033K(174592K)->0K(174592K)
[2026-09-22T10:52:06.886+0000][3.531s][info][gc,heap        ] GC(3) ParOldGen: 13581K(2796544K)->64239K(2796544K)
[2026-09-22T10:52:06.886+0000][3.531s][info][gc,metaspace   ] GC(3) Metaspace: 35371K(35840K)->35371K(35840K) NonClass: 31275K(31552K)->31275K(31552K) Class: 4095K(4288K)->4095K(4288K)
[2026-09-22T10:52:06.886+0000][3.531s][info][gc             ] GC(3) Pause Full (Metadata GC Threshold) 63M->62M(3925M) 60.405ms
[2026-09-22T10:52:06.887+0000][3.531s][info][gc,cpu         ] GC(3) User=0.21s Sys=0.01s Real=0.06s
[2026-09-22T10:52:08.657+0000][5.301s][info][gc,start       ] GC(4) Pause Young (Metadata GC Threshold)
[2026-09-22T10:52:08.684+0000][5.328s][info][gc,heap        ] GC(4) PSYoungGen: 395742K(1223168K)->42985K(1223168K) Eden: 395742K(1048576K)->0K(1048576K) From: 0K(174592K)->42985K(174592K)
[2026-09-22T10:52:08.684+0000][5.328s][info][gc,heap        ] GC(4) ParOldGen: 64239K(2796544K)->64255K(2796544K)
[2026-09-22T10:52:08.684+0000][5.328s][info][gc,metaspace   ] GC(4) Metaspace: 59173K(59776K)->59173K(59776K) NonClass: 50569K(50880K)->50569K(50880K) Class: 8603K(8896K)->8603K(8896K)
[2026-09-22T10:52:08.684+0000][5.329s][info][gc             ] GC(4) Pause Young (Metadata GC Threshold) 449M->104M(3925M) 27.203ms
[2026-09-22T10:52:08.684+0000][5.329s][info][gc,cpu         ] GC(4) User=0.10s Sys=0.01s Real=0.03s
[2026-09-22T10:52:08.684+0000][5.329s][info][gc,start       ] GC(5) Pause Full (Metadata GC Threshold)
[2026-09-22T10:52:08.684+0000][5.329s][info][gc,phases,start] GC(5) Marking Phase
[2026-09-22T10:52:08.726+0000][5.371s][info][gc,phases      ] GC(5) Marking Phase 42.128ms
[2026-09-22T10:52:08.727+0000][5.371s][info][gc,phases,start] GC(5) Summary Phase
[2026-09-22T10:52:08.727+0000][5.371s][info][gc,phases      ] GC(5) Summary Phase 0.008ms
[2026-09-22T10:52:08.727+0000][5.371s][info][gc,phases,start] GC(5) Adjust Roots
[2026-09-22T10:52:08.732+0000][5.377s][info][gc,phases      ] GC(5) Adjust Roots 5.912ms
[2026-09-22T10:52:08.732+0000][5.377s][info][gc,phases,start] GC(5) Compaction Phase
[2026-09-22T10:52:08.805+0000][5.449s][info][gc,phases      ] GC(5) Compaction Phase 72.351ms
[2026-09-22T10:52:08.805+0000][5.449s][info][gc,phases,start] GC(5) Post Compact
[2026-09-22T10:52:08.806+0000][5.450s][info][gc,phases      ] GC(5) Post Compact 1.070ms
[2026-09-22T10:52:08.806+0000][5.450s][info][gc,heap        ] GC(5) PSYoungGen: 42985K(1223168K)->0K(1223168K) Eden: 0K(1048576K)->0K(1048576K) From: 42985K(174592K)->0K(174592K)
[2026-09-22T10:52:08.806+0000][5.450s][info][gc,heap        ] GC(5) ParOldGen: 64255K(2796544K)->103070K(2796544K)
[2026-09-22T10:52:08.806+0000][5.450s][info][gc,metaspace   ] GC(5) Metaspace: 59173K(59776K)->59173K(59776K) NonClass: 50569K(50880K)->50569K(50880K) Class: 8603K(8896K)->8603K(8896K)
[2026-09-22T10:52:08.806+0000][5.450s][info][gc             ] GC(5) Pause Full (Metadata GC Threshold) 104M->100M(3925M) 121.645ms
[2026-09-22T10:52:08.806+0000][5.450s][info][gc,cpu         ] GC(5) User=0.44s Sys=0.00s Real=0.12s
[2026-09-22T10:52:11.708+0000][8.352s][info][gc,start       ] GC(6) Pause Young (Metadata GC Threshold)
[2026-09-22T10:52:11.817+0000][8.462s][info][gc,heap        ] GC(6) PSYoungGen: 813388K(1223168K)->174560K(1223168K) Eden: 813388K(1048576K)->0K(1048576K) From: 0K(174592K)->174560K(174592K)
[2026-09-22T10:52:11.817+0000][8.462s][info][gc,heap        ] GC(6) ParOldGen: 103070K(2796544K)->105558K(2796544K)
[2026-09-22T10:52:11.817+0000][8.462s][info][gc,metaspace   ] GC(6) Metaspace: 98817K(99648K)->98817K(99648K) NonClass: 84853K(85312K)->84853K(85312K) Class: 13964K(14336K)->13964K(14336K)
[2026-09-22T10:52:11.817+0000][8.462s][info][gc             ] GC(6) Pause Young (Metadata GC Threshold) 894M->273M(3925M) 109.224ms
[2026-09-22T10:52:11.817+0000][8.462s][info][gc,cpu         ] GC(6) User=0.38s Sys=0.06s Real=0.11s
[2026-09-22T10:52:11.817+0000][8.462s][info][gc,start       ] GC(7) Pause Full (Metadata GC Threshold)
[2026-09-22T10:52:11.817+0000][8.462s][info][gc,phases,start] GC(7) Marking Phase
[2026-09-22T10:52:11.930+0000][8.575s][info][gc,phases      ] GC(7) Marking Phase 112.932ms
[2026-09-22T10:52:11.930+0000][8.575s][info][gc,phases,start] GC(7) Summary Phase
[2026-09-22T10:52:11.930+0000][8.575s][info][gc,phases      ] GC(7) Summary Phase 0.032ms
[2026-09-22T10:52:11.931+0000][8.575s][info][gc,phases,start] GC(7) Adjust Roots
[2026-09-22T10:52:11.940+0000][8.584s][info][gc,phases      ] GC(7) Adjust Roots 9.584ms
[2026-09-22T10:52:11.940+0000][8.584s][info][gc,phases,start] GC(7) Compaction Phase
[2026-09-22T10:52:12.241+0000][8.886s][info][gc,phases      ] GC(7) Compaction Phase 301.212ms
[2026-09-22T10:52:12.241+0000][8.886s][info][gc,phases,start] GC(7) Post Compact
[2026-09-22T10:52:12.243+0000][8.887s][info][gc,phases      ] GC(7) Post Compact 1.589ms
[2026-09-22T10:52:12.243+0000][8.887s][info][gc,heap        ] GC(7) PSYoungGen: 174560K(1223168K)->0K(1223168K) Eden: 0K(1048576K)->0K(1048576K) From: 174560K(174592K)->0K(174592K)
[2026-09-22T10:52:12.243+0000][8.887s][info][gc,heap        ] GC(7) ParOldGen: 105558K(2796544K)->278506K(2796544K)
[2026-09-22T10:52:12.243+0000][8.887s][info][gc,metaspace   ] GC(7) Metaspace: 98817K(99648K)->98817K(99648K) NonClass: 84853K(85312K)->84853K(85312K) Class: 13964K(14336K)->13964K(14336K)
[2026-09-22T10:52:12.243+0000][8.887s][info][gc             ] GC(7) Pause Full (Metadata GC Threshold) 273M->271M(3925M) 425.518ms
[2026-09-22T10:52:12.243+0000][8.887s][info][gc,cpu         ] GC(7) User=1.59s Sys=0.01s Real=0.43s
[2026-09-22T10:52:15.077+0000][11.721s][info][gc,start       ] GC(8) Pause Young (Allocation Failure)
[2026-09-22T10:52:15.107+0000][11.751s][info][gc,heap        ] GC(8) PSYoungGen: 1048576K(1223168K)->43101K(1223168K) Eden: 1048576K(1048576K)->0K(1048576K) From: 0K(174592K)->43101K(174592K)
[2026-09-22T10:52:15.107+0000][11.751s][info][gc,heap        ] GC(8) ParOldGen: 278506K(2796544K)->278522K(2796544K)
[2026-09-22T10:52:15.107+0000][11.751s][info][gc,metaspace   ] GC(8) Metaspace: 116945K(117952K)->116945K(117952K) NonClass: 100125K(100736K)->100125K(100736K) Class: 16820K(17216K)->16820K(17216K)
[2026-09-22T10:52:15.107+0000][11.751s][info][gc             ] GC(8) Pause Young (Allocation Failure) 1295M->314M(3925M) 29.583ms
[2026-09-22T10:52:15.107+0000][11.751s][info][gc,cpu         ] GC(8) User=0.10s Sys=0.00s Real=0.03s
[2026-09-22T10:52:21.272+0000][17.917s][info][gc,start       ] GC(9) Pause Young (Allocation Failure)
[2026-09-22T10:52:21.340+0000][17.984s][info][gc,heap        ] GC(9) PSYoungGen: 1091677K(1223168K)->123608K(2237952K) Eden: 1048576K(1048576K)->0K(2079232K) From: 43101K(174592K)->123608K(158720K)
[2026-09-22T10:52:21.340+0000][17.984s][info][gc,heap        ] GC(9) ParOldGen: 278522K(2796544K)->278578K(2796544K)
[2026-09-22T10:52:21.340+0000][17.984s][info][gc,metaspace   ] GC(9) Metaspace: 149360K(150656K)->149360K(150656K) NonClass: 124997K(125760K)->124997K(125760K) Class: 24362K(24896K)->24362K(24896K)
[2026-09-22T10:52:21.340+0000][17.984s][info][gc             ] GC(9) Pause Young (Allocation Failure) 1338M->392M(4916M) 67.736ms
[2026-09-22T10:52:21.340+0000][17.984s][info][gc,cpu         ] GC(9) User=0.24s Sys=0.02s Real=0.07s
[2026-09-22T10:52:22.686+0000][19.331s][info][gc,start       ] GC(10) Pause Young (CodeCache GC Threshold)
[2026-09-22T10:52:22.742+0000][19.386s][info][gc,heap        ] GC(10) PSYoungGen: 560547K(2237952K)->152417K(2255872K) Eden: 436939K(2079232K)->0K(2079232K) From: 123608K(158720K)->152417K(176640K)
[2026-09-22T10:52:22.742+0000][19.386s][info][gc,heap        ] GC(10) ParOldGen: 278578K(2796544K)->278594K(2796544K)
[2026-09-22T10:52:22.742+0000][19.386s][info][gc,metaspace   ] GC(10) Metaspace: 150547K(151808K)->150547K(151808K) NonClass: 126055K(126784K)->126055K(126784K) Class: 24491K(25024K)->24491K(25024K)
[2026-09-22T10:52:22.742+0000][19.386s][info][gc             ] GC(10) Pause Young (CodeCache GC Threshold) 819M->420M(4934M) 55.335ms
[2026-09-22T10:52:22.742+0000][19.386s][info][gc,cpu         ] GC(10) User=0.19s Sys=0.02s Real=0.06s
[2026-09-22T10:52:22.742+0000][19.386s][info][gc,start       ] GC(11) Pause Full (CodeCache GC Threshold)
[2026-09-22T10:52:22.742+0000][19.386s][info][gc,phases,start] GC(11) Marking Phase
[2026-09-22T10:52:22.923+0000][19.568s][info][gc,phases      ] GC(11) Marking Phase 181.456ms
[2026-09-22T10:52:22.923+0000][19.568s][info][gc,phases,start] GC(11) Summary Phase
[2026-09-22T10:52:22.923+0000][19.568s][info][gc,phases      ] GC(11) Summary Phase 0.031ms
[2026-09-22T10:52:22.923+0000][19.568s][info][gc,phases,start] GC(11) Adjust Roots
[2026-09-22T10:52:22.947+0000][19.591s][info][gc,phases      ] GC(11) Adjust Roots 23.765ms
[2026-09-22T10:52:22.947+0000][19.591s][info][gc,phases,start] GC(11) Compaction Phase
[2026-09-22T10:52:23.328+0000][19.972s][info][gc,phases      ] GC(11) Compaction Phase 380.347ms
[2026-09-22T10:52:23.328+0000][19.972s][info][gc,phases,start] GC(11) Post Compact
[2026-09-22T10:52:23.334+0000][19.978s][info][gc,phases      ] GC(11) Post Compact 6.112ms
[2026-09-22T10:52:23.334+0000][19.978s][info][gc,heap        ] GC(11) PSYoungGen: 152417K(2255872K)->0K(2255872K) Eden: 0K(2079232K)->0K(2079232K) From: 152417K(176640K)->0K(176640K)
[2026-09-22T10:52:23.334+0000][19.978s][info][gc,heap        ] GC(11) ParOldGen: 278594K(2796544K)->390935K(2796544K)
[2026-09-22T10:52:23.334+0000][19.978s][info][gc,metaspace   ] GC(11) Metaspace: 150547K(151808K)->150482K(151808K) NonClass: 126055K(126784K)->126007K(126784K) Class: 24491K(25024K)->24475K(25024K)
[2026-09-22T10:52:23.334+0000][19.978s][info][gc             ] GC(11) Pause Full (CodeCache GC Threshold) 420M->381M(4934M) 591.898ms
[2026-09-22T10:52:23.334+0000][19.978s][info][gc,cpu         ] GC(11) User=2.12s Sys=0.03s Real=0.59s
[2026-09-22T10:52:27.564+0000][24.208s][info][gc,start       ] GC(12) Pause Young (Allocation Failure)
[2026-09-22T10:52:27.671+0000][24.316s][info][gc,heap        ] GC(12) PSYoungGen: 2079232K(2255872K)->201208K(2209280K) Eden: 2079232K(2079232K)->0K(2008064K) From: 0K(176640K)->201208K(201216K)
[2026-09-22T10:52:27.672+0000][24.316s][info][gc,heap        ] GC(12) ParOldGen: 390935K(2796544K)->511183K(2796544K)
[2026-09-22T10:52:27.672+0000][24.316s][info][gc,metaspace   ] GC(12) Metaspace: 152730K(154112K)->152730K(154112K) NonClass: 127922K(128704K)->127922K(128704K) Class: 24807K(25408K)->24807K(25408K)
[2026-09-22T10:52:27.672+0000][24.316s][info][gc             ] GC(12) Pause Young (Allocation Failure) 2412M->695M(4888M) 107.489ms
[2026-09-22T10:52:27.672+0000][24.316s][info][gc,cpu         ] GC(12) User=0.38s Sys=0.03s Real=0.11s
[2026-09-22T10:52:31.833+0000][28.478s][info][gc,start       ] GC(13) Pause Young (Allocation Failure)
[2026-09-22T10:52:31.986+0000][28.631s][info][gc,heap        ] GC(13) PSYoungGen: 2209272K(2209280K)->290272K(2298368K) Eden: 2008064K(2008064K)->0K(2008064K) From: 201208K(201216K)->290272K(290304K)
[2026-09-22T10:52:31.986+0000][28.631s][info][gc,heap        ] GC(13) ParOldGen: 511183K(2796544K)->777733K(2796544K)
[2026-09-22T10:52:31.986+0000][28.631s][info][gc,metaspace   ] GC(13) Metaspace: 153347K(154816K)->153347K(154816K) NonClass: 128443K(129280K)->128443K(129280K) Class: 24904K(25536K)->24904K(25536K)
[2026-09-22T10:52:31.986+0000][28.631s][info][gc             ] GC(13) Pause Young (Allocation Failure) 2656M->1042M(4975M) 153.048ms
[2026-09-22T10:52:31.986+0000][28.631s][info][gc,cpu         ] GC(13) User=0.55s Sys=0.04s Real=0.15s
[2026-09-22T10:52:35.700+0000][32.344s][info][gc,start       ] GC(14) Pause Young (Allocation Failure)
[2026-09-22T10:52:35.867+0000][32.511s][info][gc,heap        ] GC(14) PSYoungGen: 2298336K(2298368K)->450016K(2752000K) Eden: 2008064K(2008064K)->0K(2301952K) From: 290272K(290304K)->450016K(450048K)
[2026-09-22T10:52:35.867+0000][32.511s][info][gc,heap        ] GC(14) ParOldGen: 777733K(2796544K)->964206K(2796544K)
[2026-09-22T10:52:35.867+0000][32.511s][info][gc,metaspace   ] GC(14) Metaspace: 154104K(155584K)->154104K(155584K) NonClass: 129106K(129984K)->129106K(129984K) Class: 24997K(25600K)->24997K(25600K)
[2026-09-22T10:52:35.867+0000][32.511s][info][gc             ] GC(14) Pause Young (Allocation Failure) 3003M->1381M(5418M) 167.079ms
[2026-09-22T10:52:35.867+0000][32.511s][info][gc,cpu         ] GC(14) User=0.58s Sys=0.08s Real=0.16s
[2026-09-22T10:52:39.934+0000][36.578s][info][gc,start       ] GC(15) Pause Young (Allocation Failure)
[2026-09-22T10:52:40.129+0000][36.773s][info][gc,heap        ] GC(15) PSYoungGen: 2751968K(2752000K)->293281K(2898432K) Eden: 2301952K(2301952K)->0K(2301952K) From: 450016K(450048K)->293281K(596480K)
[2026-09-22T10:52:40.129+0000][36.774s][info][gc,heap        ] GC(15) ParOldGen: 964206K(2796544K)->1435048K(2796544K)
[2026-09-22T10:52:40.129+0000][36.774s][info][gc,metaspace   ] GC(15) Metaspace: 154572K(156032K)->154572K(156032K) NonClass: 129528K(130368K)->129528K(130368K) Class: 25044K(25664K)->25044K(25664K)
[2026-09-22T10:52:40.129+0000][36.774s][info][gc             ] GC(15) Pause Young (Allocation Failure) 3629M->1687M(5561M) 195.526ms
[2026-09-22T10:52:40.129+0000][36.774s][info][gc,cpu         ] GC(15) User=0.70s Sys=0.09s Real=0.20s
[2026-09-22T10:52:44.566+0000][41.210s][info][gc,start       ] GC(16) Pause Young (Allocation Failure)
[2026-09-22T10:52:44.755+0000][41.399s][info][gc,heap        ] GC(16) PSYoungGen: 2595233K(2898432K)->365319K(2871296K) Eden: 2301952K(2301952K)->0K(2282496K) From: 293281K(596480K)->365319K(588800K)
[2026-09-22T10:52:44.755+0000][41.399s][info][gc,heap        ] GC(16) ParOldGen: 1435048K(2796544K)->1740243K(2796544K)
[2026-09-22T10:52:44.755+0000][41.399s][info][gc,metaspace   ] GC(16) Metaspace: 154894K(156352K)->154894K(156352K) NonClass: 129826K(130688K)->129826K(130688K) Class: 25067K(25664K)->25067K(25664K)
[2026-09-22T10:52:44.755+0000][41.399s][info][gc             ] GC(16) Pause Young (Allocation Failure) 3935M->2056M(5535M) 188.832ms
[2026-09-22T10:52:44.755+0000][41.399s][info][gc,cpu         ] GC(16) User=0.70s Sys=0.06s Real=0.19s
[2026-09-22T10:52:49.067+0000][45.712s][info][gc,start       ] GC(17) Pause Young (Allocation Failure)
[2026-09-22T10:52:49.287+0000][45.932s][info][gc,heap        ] GC(17) PSYoungGen: 2647815K(2871296K)->347778K(2630656K) Eden: 2282496K(2282496K)->0K(2282496K) From: 365319K(588800K)->347778K(348160K)
[2026-09-22T10:52:49.287+0000][45.932s][info][gc,heap        ] GC(17) ParOldGen: 1740243K(2796544K)->2119037K(2796544K)
[2026-09-22T10:52:49.287+0000][45.932s][info][gc,metaspace   ] GC(17) Metaspace: 156189K(157696K)->156189K(157696K) NonClass: 131079K(131968K)->131079K(131968K) Class: 25109K(25728K)->25109K(25728K)
[2026-09-22T10:52:49.287+0000][45.932s][info][gc             ] GC(17) Pause Young (Allocation Failure) 4285M->2409M(5300M) 219.956ms
[2026-09-22T10:52:49.287+0000][45.932s][info][gc,cpu         ] GC(17) User=0.72s Sys=0.10s Real=0.22s
[2026-09-22T10:52:51.853+0000][48.498s][info][gc,start       ] GC(18) Pause Young (CodeCache GC Threshold)
[2026-09-22T10:52:52.007+0000][48.651s][info][gc,heap        ] GC(18) PSYoungGen: 1396122K(2630656K)->182203K(2885120K) Eden: 1048343K(2282496K)->0K(2298368K) From: 347778K(348160K)->182203K(586752K)
[2026-09-22T10:52:52.007+0000][48.651s][info][gc,heap        ] GC(18) ParOldGen: 2119037K(2796544K)->2479955K(2796544K)
[2026-09-22T10:52:52.007+0000][48.651s][info][gc,metaspace   ] GC(18) Metaspace: 161812K(163456K)->161812K(163456K) NonClass: 135670K(136640K)->135670K(136640K) Class: 26141K(26816K)->26141K(26816K)
[2026-09-22T10:52:52.007+0000][48.651s][info][gc             ] GC(18) Pause Young (CodeCache GC Threshold) 3432M->2599M(5548M) 153.155ms
[2026-09-22T10:52:52.007+0000][48.651s][info][gc,cpu         ] GC(18) User=0.51s Sys=0.07s Real=0.15s
[2026-09-22T10:52:52.007+0000][48.651s][info][gc,start       ] GC(19) Pause Full (CodeCache GC Threshold)
[2026-09-22T10:52:52.007+0000][48.651s][info][gc,phases,start] GC(19) Marking Phase
[2026-09-22T10:52:52.420+0000][49.065s][info][gc,phases      ] GC(19) Marking Phase 413.636ms
[2026-09-22T10:52:52.420+0000][49.065s][info][gc,phases,start] GC(19) Summary Phase
[2026-09-22T10:52:52.420+0000][49.065s][info][gc,phases      ] GC(19) Summary Phase 0.104ms
[2026-09-22T10:52:52.420+0000][49.065s][info][gc,phases,start] GC(19) Adjust Roots
[2026-09-22T10:52:52.442+0000][49.086s][info][gc,phases      ] GC(19) Adjust Roots 21.619ms
[2026-09-22T10:52:52.442+0000][49.086s][info][gc,phases,start] GC(19) Compaction Phase
[2026-09-22T10:52:52.857+0000][49.501s][info][gc,phases      ] GC(19) Compaction Phase 414.591ms
[2026-09-22T10:52:52.857+0000][49.501s][info][gc,phases,start] GC(19) Post Compact
[2026-09-22T10:52:52.880+0000][49.524s][info][gc,phases      ] GC(19) Post Compact 22.905ms
[2026-09-22T10:52:52.880+0000][49.524s][info][gc,heap        ] GC(19) PSYoungGen: 182203K(2885120K)->0K(2885120K) Eden: 0K(2298368K)->0K(2298368K) From: 182203K(586752K)->0K(586752K)
[2026-09-22T10:52:52.880+0000][49.524s][info][gc,heap        ] GC(19) ParOldGen: 2479955K(2796544K)->1414084K(2796544K)
[2026-09-22T10:52:52.880+0000][49.524s][info][gc,metaspace   ] GC(19) Metaspace: 161812K(163456K)->161757K(163456K) NonClass: 135670K(136640K)->135629K(136640K) Class: 26141K(26816K)->26127K(26816K)
[2026-09-22T10:52:52.880+0000][49.524s][info][gc             ] GC(19) Pause Full (CodeCache GC Threshold) 2599M->1380M(5548M) 873.065ms
[2026-09-22T10:52:52.880+0000][49.524s][info][gc,cpu         ] GC(19) User=3.13s Sys=0.06s Real=0.88s
[2026-09-22T10:52:54.703+0000][51.348s][info][gc,start       ] GC(20) Pause Young (Allocation Failure)
[2026-09-22T10:52:54.732+0000][51.376s][info][gc,heap        ] GC(20) PSYoungGen: 2298368K(2885120K)->44194K(2883584K) Eden: 2298368K(2298368K)->0K(2298368K) From: 0K(586752K)->44194K(585216K)
[2026-09-22T10:52:54.732+0000][51.376s][info][gc,heap        ] GC(20) ParOldGen: 1414084K(2796544K)->1414092K(2796544K)
[2026-09-22T10:52:54.732+0000][51.376s][info][gc,metaspace   ] GC(20) Metaspace: 163642K(165312K)->163642K(165312K) NonClass: 137388K(138368K)->137388K(138368K) Class: 26253K(26944K)->26253K(26944K)
[2026-09-22T10:52:54.732+0000][51.376s][info][gc             ] GC(20) Pause Young (Allocation Failure) 3625M->1424M(5547M) 28.842ms
[2026-09-22T10:52:54.732+0000][51.376s][info][gc,cpu         ] GC(20) User=0.11s Sys=0.00s Real=0.03s
[2026-09-22T10:52:55.615+0000][52.260s][info][gc,start       ] GC(21) Pause Young (Allocation Failure)
[2026-09-22T10:52:55.651+0000][52.295s][info][gc,heap        ] GC(21) PSYoungGen: 2342562K(2883584K)->19456K(2907136K) Eden: 2298368K(2298368K)->0K(2325504K) From: 44194K(585216K)->19456K(581632K)
[2026-09-22T10:52:55.651+0000][52.295s][info][gc,heap        ] GC(21) ParOldGen: 1414092K(2796544K)->1456162K(2796544K)
[2026-09-22T10:52:55.651+0000][52.295s][info][gc,metaspace   ] GC(21) Metaspace: 163977K(165632K)->163977K(165632K) NonClass: 137711K(138688K)->137711K(138688K) Class: 26265K(26944K)->26265K(26944K)
[2026-09-22T10:52:55.651+0000][52.295s][info][gc             ] GC(21) Pause Young (Allocation Failure) 3668M->1441M(5570M) 35.446ms
[2026-09-22T10:52:55.651+0000][52.295s][info][gc,cpu         ] GC(21) User=0.14s Sys=0.00s Real=0.04s
[2026-09-22T10:52:56.287+0000][52.932s][info][gc,start       ] GC(22) Pause Young (Allocation Failure)
[2026-09-22T10:52:56.314+0000][52.958s][info][gc,heap        ] GC(22) PSYoungGen: 2344960K(2907136K)->20224K(2345984K) Eden: 2325504K(2325504K)->0K(2325504K) From: 19456K(581632K)->20224K(20480K)
[2026-09-22T10:52:56.314+0000][52.958s][info][gc,heap        ] GC(22) ParOldGen: 1456162K(2796544K)->1473139K(2796544K)
[2026-09-22T10:52:56.314+0000][52.958s][info][gc,metaspace   ] GC(22) Metaspace: 164167K(165760K)->164167K(165760K) NonClass: 137889K(138816K)->137889K(138816K) Class: 26277K(26944K)->26277K(26944K)
[2026-09-22T10:52:56.314+0000][52.958s][info][gc             ] GC(22) Pause Young (Allocation Failure) 3712M->1458M(5022M) 26.355ms
[2026-09-22T10:52:56.314+0000][52.958s][info][gc,cpu         ] GC(22) User=0.10s Sys=0.00s Real=0.03s
[2026-09-22T10:52:56.856+0000][53.500s][info][gc,start       ] GC(23) Pause Young (Allocation Failure)
[2026-09-22T10:52:56.882+0000][53.526s][info][gc,heap        ] GC(23) PSYoungGen: 2345728K(2345984K)->19776K(2917376K) Eden: 2325504K(2325504K)->0K(2343936K) From: 20224K(20480K)->19776K(573440K)
[2026-09-22T10:52:56.882+0000][53.526s][info][gc,heap        ] GC(23) ParOldGen: 1473139K(2796544K)->1490903K(2796544K)
[2026-09-22T10:52:56.882+0000][53.526s][info][gc,metaspace   ] GC(23) Metaspace: 164296K(165888K)->164296K(165888K) NonClass: 138013K(138944K)->138013K(138944K) Class: 26282K(26944K)->26282K(26944K)
[2026-09-22T10:52:56.882+0000][53.526s][info][gc             ] GC(23) Pause Young (Allocation Failure) 3729M->1475M(5580M) 25.841ms
[2026-09-22T10:52:56.882+0000][53.526s][info][gc,cpu         ] GC(23) User=0.09s Sys=0.01s Real=0.03s
[2026-09-22T10:52:57.231+0000][53.875s][info][gc,start       ] GC(24) Pause Young (Allocation Failure)
[2026-09-22T10:52:57.253+0000][53.897s][info][gc,heap        ] GC(24) PSYoungGen: 2363712K(2917376K)->3408K(2905600K) Eden: 2343936K(2343936K)->0K(2343936K) From: 19776K(573440K)->3408K(561664K)
[2026-09-22T10:52:57.253+0000][53.897s][info][gc,heap        ] GC(24) ParOldGen: 1490903K(2796544K)->1508776K(2796544K)
[2026-09-22T10:52:57.253+0000][53.897s][info][gc,metaspace   ] GC(24) Metaspace: 164333K(165952K)->164333K(165952K) NonClass: 138050K(139008K)->138050K(139008K) Class: 26282K(26944K)->26282K(26944K)
[2026-09-22T10:52:57.253+0000][53.897s][info][gc             ] GC(24) Pause Young (Allocation Failure) 3764M->1476M(5568M) 22.378ms
[2026-09-22T10:52:57.253+0000][53.897s][info][gc,cpu         ] GC(24) User=0.09s Sys=0.00s Real=0.02s
[2026-09-22T10:52:57.783+0000][54.428s][info][gc,start       ] GC(25) Pause Young (Allocation Failure)
[2026-09-22T10:52:57.809+0000][54.454s][info][gc,heap        ] GC(25) PSYoungGen: 2347344K(2905600K)->18592K(2915328K) Eden: 2343936K(2343936K)->0K(2377728K) From: 3408K(561664K)->18592K(537600K)
[2026-09-22T10:52:57.809+0000][54.454s][info][gc,heap        ] GC(25) ParOldGen: 1508776K(2796544K)->1510836K(2796544K)
[2026-09-22T10:52:57.809+0000][54.454s][info][gc,metaspace   ] GC(25) Metaspace: 164429K(166016K)->164429K(166016K) NonClass: 138143K(139072K)->138143K(139072K) Class: 26285K(26944K)->26285K(26944K)
[2026-09-22T10:52:57.809+0000][54.454s][info][gc             ] GC(25) Pause Young (Allocation Failure) 3765M->1493M(5578M) 25.912ms
[2026-09-22T10:52:57.809+0000][54.454s][info][gc,cpu         ] GC(25) User=0.10s Sys=0.00s Real=0.03s
[2026-09-22T10:52:58.142+0000][54.787s][info][gc,start       ] GC(26) Pause Young (Allocation Failure)
[2026-09-22T10:52:58.159+0000][54.803s][info][gc,heap        ] GC(26) PSYoungGen: 2396320K(2915328K)->4256K(2909184K) Eden: 2377728K(2377728K)->0K(2377728K) From: 18592K(537600K)->4256K(531456K)
[2026-09-22T10:52:58.159+0000][54.803s][info][gc,heap        ] GC(26) ParOldGen: 1510836K(2796544K)->1528384K(2796544K)
[2026-09-22T10:52:58.159+0000][54.803s][info][gc,metaspace   ] GC(26) Metaspace: 164452K(166016K)->164452K(166016K) NonClass: 138167K(139072K)->138167K(139072K) Class: 26285K(26944K)->26285K(26944K)
[2026-09-22T10:52:58.159+0000][54.803s][info][gc             ] GC(26) Pause Young (Allocation Failure) 3815M->1496M(5572M) 16.811ms
[2026-09-22T10:52:58.159+0000][54.803s][info][gc,cpu         ] GC(26) User=0.06s Sys=0.00s Real=0.01s
[2026-09-22T10:52:58.611+0000][55.255s][info][gc,start       ] GC(27) Pause Young (Allocation Failure)
[2026-09-22T10:52:58.631+0000][55.275s][info][gc,heap        ] GC(27) PSYoungGen: 2381984K(2909184K)->17616K(2942464K) Eden: 2377728K(2377728K)->0K(2446848K) From: 4256K(531456K)->17616K(495616K)
[2026-09-22T10:52:58.631+0000][55.275s][info][gc,heap        ] GC(27) ParOldGen: 1528384K(2796544K)->1531485K(2796544K)
[2026-09-22T10:52:58.631+0000][55.275s][info][gc,metaspace   ] GC(27) Metaspace: 164561K(166208K)->164561K(166208K) NonClass: 138272K(139200K)->138272K(139200K) Class: 26288K(27008K)->26288K(27008K)
[2026-09-22T10:52:58.631+0000][55.275s][info][gc             ] GC(27) Pause Young (Allocation Failure) 3818M->1512M(5604M) 20.600ms
[2026-09-22T10:52:58.631+0000][55.275s][info][gc,cpu         ] GC(27) User=0.08s Sys=0.00s Real=0.02s
[2026-09-22T10:52:59.111+0000][55.756s][info][gc,start       ] GC(28) Pause Young (Allocation Failure)
[2026-09-22T10:52:59.134+0000][55.779s][info][gc,heap        ] GC(28) PSYoungGen: 2464464K(2942464K)->20336K(2939904K) Eden: 2446848K(2446848K)->0K(2446848K) From: 17616K(495616K)->20336K(493056K)
[2026-09-22T10:52:59.134+0000][55.779s][info][gc,heap        ] GC(28) ParOldGen: 1531485K(2796544K)->1547317K(2796544K)
[2026-09-22T10:52:59.134+0000][55.779s][info][gc,metaspace   ] GC(28) Metaspace: 164633K(166272K)->164633K(166272K) NonClass: 138345K(139264K)->138345K(139264K) Class: 26288K(27008K)->26288K(27008K)
[2026-09-22T10:52:59.134+0000][55.779s][info][gc             ] GC(28) Pause Young (Allocation Failure) 3902M->1530M(5602M) 23.127ms
[2026-09-22T10:52:59.135+0000][55.779s][info][gc,cpu         ] GC(28) User=0.09s Sys=0.00s Real=0.02s
[2026-09-22T10:52:59.583+0000][56.227s][info][gc,start       ] GC(29) Pause Young (Allocation Failure)
[2026-09-22T10:52:59.609+0000][56.253s][info][gc,heap        ] GC(29) PSYoungGen: 2467184K(2939904K)->21296K(2978816K) Eden: 2446848K(2446848K)->0K(2529280K) From: 20336K(493056K)->21296K(449536K)
[2026-09-22T10:52:59.609+0000][56.253s][info][gc,heap        ] GC(29) ParOldGen: 1547317K(2796544K)->1565226K(2796544K)
[2026-09-22T10:52:59.609+0000][56.253s][info][gc,metaspace   ] GC(29) Metaspace: 164664K(166336K)->164664K(166336K) NonClass: 138375K(139328K)->138375K(139328K) Class: 26288K(27008K)->26288K(27008K)
[2026-09-22T10:52:59.609+0000][56.253s][info][gc             ] GC(29) Pause Young (Allocation Failure) 3920M->1549M(5640M) 26.177ms
[2026-09-22T10:52:59.609+0000][56.253s][info][gc,cpu         ] GC(29) User=0.10s Sys=0.00s Real=0.03s
[2026-09-22T10:53:00.231+0000][56.876s][info][gc,start       ] GC(30) Pause Young (Allocation Failure)
[2026-09-22T10:53:00.270+0000][56.914s][info][gc,heap        ] GC(30) PSYoungGen: 2550576K(2978816K)->23312K(2976768K) Eden: 2529280K(2529280K)->0K(2529280K) From: 21296K(449536K)->23312K(447488K)
[2026-09-22T10:53:00.270+0000][56.914s][info][gc,heap        ] GC(30) ParOldGen: 1565226K(2796544K)->1582795K(2796544K)
[2026-09-22T10:53:00.270+0000][56.914s][info][gc,metaspace   ] GC(30) Metaspace: 164810K(166464K)->164810K(166464K) NonClass: 138514K(139456K)->138514K(139456K) Class: 26295K(27008K)->26295K(27008K)
[2026-09-22T10:53:00.270+0000][56.914s][info][gc             ] GC(30) Pause Young (Allocation Failure) 4019M->1568M(5638M) 38.165ms
[2026-09-22T10:53:00.270+0000][56.914s][info][gc,cpu         ] GC(30) User=0.14s Sys=0.00s Real=0.04s
[2026-09-22T10:53:00.925+0000][57.569s][info][gc,start       ] GC(31) Pause Young (Allocation Failure)
[2026-09-22T10:53:00.958+0000][57.602s][info][gc,heap        ] GC(31) PSYoungGen: 2552592K(2976768K)->23296K(3024896K) Eden: 2529280K(2529280K)->0K(2620416K) From: 23312K(447488K)->23296K(404480K)
[2026-09-22T10:53:00.958+0000][57.602s][info][gc,heap        ] GC(31) ParOldGen: 1582795K(2796544K)->1601320K(2796544K)
[2026-09-22T10:53:00.958+0000][57.602s][info][gc,metaspace   ] GC(31) Metaspace: 164895K(166528K)->164895K(166528K) NonClass: 138596K(139520K)->138596K(139520K) Class: 26298K(27008K)->26298K(27008K)
[2026-09-22T10:53:00.958+0000][57.602s][info][gc             ] GC(31) Pause Young (Allocation Failure) 4038M->1586M(5685M) 32.602ms
[2026-09-22T10:53:00.958+0000][57.602s][info][gc,cpu         ] GC(31) User=0.12s Sys=0.00s Real=0.03s
[2026-09-22T10:53:01.567+0000][58.211s][info][gc,start       ] GC(32) Pause Young (Allocation Failure)
[2026-09-22T10:53:01.608+0000][58.252s][info][gc,heap        ] GC(32) PSYoungGen: 2643712K(3024896K)->29152K(3022336K) Eden: 2620416K(2620416K)->0K(2620416K) From: 23296K(404480K)->29152K(401920K)
[2026-09-22T10:53:01.608+0000][58.252s][info][gc,heap        ] GC(32) ParOldGen: 1601320K(2796544K)->1619376K(2796544K)
[2026-09-22T10:53:01.608+0000][58.252s][info][gc,metaspace   ] GC(32) Metaspace: 165134K(166784K)->165134K(166784K) NonClass: 138801K(139776K)->138801K(139776K) Class: 26333K(27008K)->26333K(27008K)
[2026-09-22T10:53:01.608+0000][58.252s][info][gc             ] GC(32) Pause Young (Allocation Failure) 4145M->1609M(5682M) 40.594ms
[2026-09-22T10:53:01.608+0000][58.252s][info][gc,cpu         ] GC(32) User=0.15s Sys=0.01s Real=0.04s
[2026-09-22T10:53:02.120+0000][58.765s][info][gc,start       ] GC(33) Pause Young (Allocation Failure)
[2026-09-22T10:53:02.151+0000][58.795s][info][gc,heap        ] GC(33) PSYoungGen: 2649568K(3022336K)->23264K(3072000K) Eden: 2620416K(2620416K)->0K(2709504K) From: 29152K(401920K)->23264K(362496K)
[2026-09-22T10:53:02.151+0000][58.795s][info][gc,heap        ] GC(33) ParOldGen: 1619376K(2796544K)->1643794K(2796544K)
[2026-09-22T10:53:02.151+0000][58.795s][info][gc,metaspace   ] GC(33) Metaspace: 165188K(166848K)->165188K(166848K) NonClass: 138849K(139840K)->138849K(139840K) Class: 26338K(27008K)->26338K(27008K)
[2026-09-22T10:53:02.151+0000][58.795s][info][gc             ] GC(33) Pause Young (Allocation Failure) 4168M->1627M(5731M) 30.209ms
[2026-09-22T10:53:02.151+0000][58.795s][info][gc,cpu         ] GC(33) User=0.12s Sys=0.00s Real=0.03s
[2026-09-22T10:53:02.713+0000][59.357s][info][gc,start       ] GC(34) Pause Young (Allocation Failure)
[2026-09-22T10:53:02.744+0000][59.388s][info][gc,heap        ] GC(34) PSYoungGen: 2732768K(3072000K)->23592K(3066880K) Eden: 2709504K(2709504K)->0K(2709504K) From: 23264K(362496K)->23592K(357376K)
[2026-09-22T10:53:02.744+0000][59.388s][info][gc,heap        ] GC(34) ParOldGen: 1643794K(2796544K)->1662228K(2796544K)
[2026-09-22T10:53:02.744+0000][59.388s][info][gc,metaspace   ] GC(34) Metaspace: 165309K(166976K)->165309K(166976K) NonClass: 138963K(139968K)->138963K(139968K) Class: 26346K(27008K)->26346K(27008K)
[2026-09-22T10:53:02.744+0000][59.388s][info][gc             ] GC(34) Pause Young (Allocation Failure) 4273M->1646M(5726M) 31.325ms
[2026-09-22T10:53:02.744+0000][59.388s][info][gc,cpu         ] GC(34) User=0.12s Sys=0.01s Real=0.03s
[2026-09-22T10:53:03.162+0000][59.807s][info][gc,start       ] GC(35) Pause Young (Allocation Failure)
[2026-09-22T10:53:03.194+0000][59.838s][info][gc,heap        ] GC(35) PSYoungGen: 2733096K(3066880K)->20256K(3118080K) Eden: 2709504K(2709504K)->0K(2794496K) From: 23592K(357376K)->20256K(323584K)
[2026-09-22T10:53:03.194+0000][59.838s][info][gc,heap        ] GC(35) ParOldGen: 1662228K(2796544K)->1682037K(2796544K)
[2026-09-22T10:53:03.194+0000][59.838s][info][gc,metaspace   ] GC(35) Metaspace: 165337K(166976K)->165337K(166976K) NonClass: 138989K(139968K)->138989K(139968K) Class: 26347K(27008K)->26347K(27008K)
[2026-09-22T10:53:03.194+0000][59.838s][info][gc             ] GC(35) Pause Young (Allocation Failure) 4292M->1662M(5776M) 31.217ms
[2026-09-22T10:53:03.194+0000][59.838s][info][gc,cpu         ] GC(35) User=0.11s Sys=0.00s Real=0.03s
[2026-09-22T10:53:03.478+0000][60.122s][info][gc,start       ] GC(36) Pause Young (Allocation Failure)
[2026-09-22T10:53:03.505+0000][60.150s][info][gc,heap        ] GC(36) PSYoungGen: 2814752K(3118080K)->4688K(3111936K) Eden: 2794496K(2794496K)->0K(2794496K) From: 20256K(323584K)->4688K(317440K)
[2026-09-22T10:53:03.505+0000][60.150s][info][gc,heap        ] GC(36) ParOldGen: 1682037K(2796544K)->1700850K(2796544K)
[2026-09-22T10:53:03.505+0000][60.150s][info][gc,metaspace   ] GC(36) Metaspace: 165339K(166976K)->165339K(166976K) NonClass: 138991K(139968K)->138991K(139968K) Class: 26348K(27008K)->26348K(27008K)
[2026-09-22T10:53:03.505+0000][60.150s][info][gc             ] GC(36) Pause Young (Allocation Failure) 4391M->1665M(5770M) 27.754ms
[2026-09-22T10:53:03.505+0000][60.150s][info][gc,cpu         ] GC(36) User=0.09s Sys=0.01s Real=0.03s
[2026-09-22T10:53:03.939+0000][60.583s][info][gc,start       ] GC(37) Pause Young (Allocation Failure)
[2026-09-22T10:53:03.965+0000][60.609s][info][gc,heap        ] GC(37) PSYoungGen: 2799184K(3111936K)->19056K(3159040K) Eden: 2794496K(2794496K)->0K(2872320K) From: 4688K(317440K)->19056K(286720K)
[2026-09-22T10:53:03.965+0000][60.609s][info][gc,heap        ] GC(37) ParOldGen: 1700850K(2796544K)->1705030K(2796544K)
[2026-09-22T10:53:03.965+0000][60.609s][info][gc,metaspace   ] GC(37) Metaspace: 165364K(166976K)->165364K(166976K) NonClass: 139015K(139968K)->139015K(139968K) Class: 26348K(27008K)->26348K(27008K)
[2026-09-22T10:53:03.965+0000][60.609s][info][gc             ] GC(37) Pause Young (Allocation Failure) 4394M->1683M(5816M) 25.911ms
[2026-09-22T10:53:03.965+0000][60.609s][info][gc,cpu         ] GC(37) User=0.09s Sys=0.01s Real=0.03s
[2026-09-22T10:53:04.249+0000][60.893s][info][gc,start       ] GC(38) Pause Young (Allocation Failure)
[2026-09-22T10:53:04.272+0000][60.916s][info][gc,heap        ] GC(38) PSYoungGen: 2890714K(3159040K)->4560K(3155456K) Eden: 2871657K(2872320K)->0K(2872320K) From: 19056K(286720K)->4560K(283136K)
[2026-09-22T10:53:04.272+0000][60.916s][info][gc,heap        ] GC(38) ParOldGen: 1705030K(2796544K)->1723234K(2796544K)
[2026-09-22T10:53:04.272+0000][60.916s][info][gc,metaspace   ] GC(38) Metaspace: 165364K(166976K)->165364K(166976K) NonClass: 139016K(139968K)->139016K(139968K) Class: 26348K(27008K)->26348K(27008K)
[2026-09-22T10:53:04.272+0000][60.916s][info][gc             ] GC(38) Pause Young (Allocation Failure) 4488M->1687M(5812M) 23.145ms
[2026-09-22T10:53:04.272+0000][60.916s][info][gc,cpu         ] GC(38) User=0.08s Sys=0.00s Real=0.03s
[2026-09-22T10:53:04.730+0000][61.374s][info][gc,start       ] GC(39) Pause Young (Allocation Failure)
[2026-09-22T10:53:04.754+0000][61.398s][info][gc,heap        ] GC(39) PSYoungGen: 2876880K(3155456K)->21632K(3193856K) Eden: 2872320K(2872320K)->0K(2942976K) From: 4560K(283136K)->21632K(250880K)
[2026-09-22T10:53:04.754+0000][61.398s][info][gc,heap        ] GC(39) ParOldGen: 1723234K(2796544K)->1727591K(2796544K)
[2026-09-22T10:53:04.754+0000][61.398s][info][gc,metaspace   ] GC(39) Metaspace: 165413K(167040K)->165413K(167040K) NonClass: 139064K(140032K)->139064K(140032K) Class: 26348K(27008K)->26348K(27008K)
[2026-09-22T10:53:04.754+0000][61.398s][info][gc             ] GC(39) Pause Young (Allocation Failure) 4492M->1708M(5850M) 24.700ms
[2026-09-22T10:53:04.754+0000][61.398s][info][gc,cpu         ] GC(39) User=0.10s Sys=0.00s Real=0.02s
[2026-09-22T10:53:05.048+0000][61.692s][info][gc,start       ] GC(40) Pause Young (Allocation Failure)
[2026-09-22T10:53:05.071+0000][61.715s][info][gc,heap        ] GC(40) PSYoungGen: 2963483K(3193856K)->4560K(3193344K) Eden: 2941851K(2942976K)->0K(2942976K) From: 21632K(250880K)->4560K(250368K)
[2026-09-22T10:53:05.071+0000][61.715s][info][gc,heap        ] GC(40) ParOldGen: 1727591K(2796544K)->1748504K(2796544K)
[2026-09-22T10:53:05.071+0000][61.715s][info][gc,metaspace   ] GC(40) Metaspace: 165422K(167040K)->165422K(167040K) NonClass: 139070K(140032K)->139070K(140032K) Class: 26351K(27008K)->26351K(27008K)
[2026-09-22T10:53:05.071+0000][61.715s][info][gc             ] GC(40) Pause Young (Allocation Failure) 4581M->1711M(5849M) 22.702ms
[2026-09-22T10:53:05.071+0000][61.715s][info][gc,cpu         ] GC(40) User=0.09s Sys=0.00s Real=0.03s
[2026-09-22T10:53:06.067+0000][62.711s][info][gc,start       ] GC(41) Pause Young (Allocation Failure)
[2026-09-22T10:53:06.107+0000][62.751s][info][gc,heap        ] GC(41) PSYoungGen: 2946429K(3193344K)->23824K(3226112K) Eden: 2941869K(2942976K)->0K(3008000K) From: 4560K(250368K)->23824K(218112K)
[2026-09-22T10:53:06.107+0000][62.751s][info][gc,heap        ] GC(41) ParOldGen: 1748504K(2796544K)->1749856K(2796544K)
[2026-09-22T10:53:06.107+0000][62.751s][info][gc,metaspace   ] GC(41) Metaspace: 166275K(167936K)->166275K(167936K) NonClass: 139880K(140864K)->139880K(140864K) Class: 26394K(27072K)->26394K(27072K)
[2026-09-22T10:53:06.107+0000][62.751s][info][gc             ] GC(41) Pause Young (Allocation Failure) 4584M->1732M(5881M) 40.270ms
[2026-09-22T10:53:06.107+0000][62.751s][info][gc,cpu         ] GC(41) User=0.15s Sys=0.00s Real=0.04s
[2026-09-22T10:53:06.351+0000][62.995s][info][gc,start       ] GC(42) Pause Young (CodeCache GC Threshold)
[2026-09-22T10:53:06.378+0000][63.022s][info][gc,heap        ] GC(42) PSYoungGen: 657446K(3226112K)->16432K(3024896K) Eden: 633622K(3008000K)->0K(3008000K) From: 23824K(218112K)->16432K(16896K)
[2026-09-22T10:53:06.378+0000][63.022s][info][gc,heap        ] GC(42) ParOldGen: 1749856K(2796544K)->1771857K(2796544K)
[2026-09-22T10:53:06.378+0000][63.022s][info][gc,metaspace   ] GC(42) Metaspace: 166314K(167936K)->166314K(167936K) NonClass: 139910K(140864K)->139910K(140864K) Class: 26404K(27072K)->26404K(27072K)
[2026-09-22T10:53:06.378+0000][63.022s][info][gc             ] GC(42) Pause Young (CodeCache GC Threshold) 2350M->1746M(5685M) 26.878ms
[2026-09-22T10:53:06.378+0000][63.022s][info][gc,cpu         ] GC(42) User=0.10s Sys=0.00s Real=0.02s
[2026-09-22T10:53:06.378+0000][63.022s][info][gc,start       ] GC(43) Pause Full (CodeCache GC Threshold)
[2026-09-22T10:53:06.378+0000][63.022s][info][gc,phases,start] GC(43) Marking Phase
[2026-09-22T10:53:06.926+0000][63.571s][info][gc,phases      ] GC(43) Marking Phase 548.375ms
[2026-09-22T10:53:06.926+0000][63.571s][info][gc,phases,start] GC(43) Summary Phase
[2026-09-22T10:53:06.926+0000][63.571s][info][gc,phases      ] GC(43) Summary Phase 0.044ms
[2026-09-22T10:53:06.926+0000][63.571s][info][gc,phases,start] GC(43) Adjust Roots
[2026-09-22T10:53:06.954+0000][63.598s][info][gc,phases      ] GC(43) Adjust Roots 27.203ms
[2026-09-22T10:53:06.954+0000][63.598s][info][gc,phases,start] GC(43) Compaction Phase
[2026-09-22T10:53:07.612+0000][64.256s][info][gc,phases      ] GC(43) Compaction Phase 658.027ms
[2026-09-22T10:53:07.612+0000][64.256s][info][gc,phases,start] GC(43) Post Compact
[2026-09-22T10:53:07.624+0000][64.268s][info][gc,phases      ] GC(43) Post Compact 12.495ms
[2026-09-22T10:53:07.624+0000][64.269s][info][gc,heap        ] GC(43) PSYoungGen: 16432K(3024896K)->0K(3024896K) Eden: 0K(3008000K)->0K(3008000K) From: 16432K(16896K)->0K(16896K)
[2026-09-22T10:53:07.624+0000][64.269s][info][gc,heap        ] GC(43) ParOldGen: 1771857K(2796544K)->1732653K(2796544K)
[2026-09-22T10:53:07.624+0000][64.269s][info][gc,metaspace   ] GC(43) Metaspace: 166314K(167936K)->166274K(167936K) NonClass: 139910K(140864K)->139880K(140864K) Class: 26404K(27072K)->26393K(27072K)
[2026-09-22T10:53:07.624+0000][64.269s][info][gc             ] GC(43) Pause Full (CodeCache GC Threshold) 1746M->1692M(5685M) 1246.379ms
[2026-09-22T10:53:07.624+0000][64.269s][info][gc,cpu         ] GC(43) User=4.50s Sys=0.04s Real=1.25s
[2026-09-22T10:53:08.180+0000][64.824s][info][gc,start       ] GC(44) Pause Young (Allocation Failure)
[2026-09-22T10:53:08.207+0000][64.851s][info][gc,heap        ] GC(44) PSYoungGen: 3008000K(3024896K)->23504K(3228672K) Eden: 3008000K(3008000K)->0K(3022848K) From: 0K(16896K)->23504K(205824K)
[2026-09-22T10:53:08.207+0000][64.851s][info][gc,heap        ] GC(44) ParOldGen: 1732653K(2796544K)->1732653K(2796544K)
[2026-09-22T10:53:08.207+0000][64.851s][info][gc,metaspace   ] GC(44) Metaspace: 166275K(167936K)->166275K(167936K) NonClass: 139881K(140864K)->139881K(140864K) Class: 26393K(27072K)->26393K(27072K)
[2026-09-22T10:53:08.207+0000][64.851s][info][gc             ] GC(44) Pause Young (Allocation Failure) 4629M->1714M(5884M) 27.755ms
[2026-09-22T10:53:08.207+0000][64.852s][info][gc,cpu         ] GC(44) User=0.11s Sys=0.00s Real=0.02s
[2026-09-22T10:53:08.699+0000][65.343s][info][gc,start       ] GC(45) Pause Young (Allocation Failure)
[2026-09-22T10:53:08.744+0000][65.388s][info][gc,heap        ] GC(45) PSYoungGen: 3046352K(3228672K)->23760K(3213824K) Eden: 3022848K(3022848K)->0K(3022848K) From: 23504K(205824K)->23760K(190976K)
[2026-09-22T10:53:08.744+0000][65.388s][info][gc,heap        ] GC(45) ParOldGen: 1732653K(2796544K)->1749669K(2796544K)
[2026-09-22T10:53:08.744+0000][65.388s][info][gc,metaspace   ] GC(45) Metaspace: 166275K(167936K)->166275K(167936K) NonClass: 139881K(140864K)->139881K(140864K) Class: 26393K(27072K)->26393K(27072K)
[2026-09-22T10:53:08.744+0000][65.388s][info][gc             ] GC(45) Pause Young (Allocation Failure) 4666M->1731M(5869M) 44.717ms
[2026-09-22T10:53:08.744+0000][65.388s][info][gc,cpu         ] GC(45) User=0.16s Sys=0.01s Real=0.04s
[2026-09-22T10:53:09.122+0000][65.767s][info][gc,start       ] GC(46) Pause Young (Allocation Failure)
[2026-09-22T10:53:09.151+0000][65.795s][info][gc,heap        ] GC(46) PSYoungGen: 3046608K(3213824K)->9616K(3286016K) Eden: 3022848K(3022848K)->0K(3108352K) From: 23760K(190976K)->9616K(177664K)
[2026-09-22T10:53:09.151+0000][65.795s][info][gc,heap        ] GC(46) ParOldGen: 1749669K(2796544K)->1767334K(2796544K)
[2026-09-22T10:53:09.151+0000][65.795s][info][gc,metaspace   ] GC(46) Metaspace: 166281K(167936K)->166281K(167936K) NonClass: 139886K(140864K)->139886K(140864K) Class: 26394K(27072K)->26394K(27072K)
[2026-09-22T10:53:09.151+0000][65.795s][info][gc             ] GC(46) Pause Young (Allocation Failure) 4683M->1735M(5940M) 28.772ms
[2026-09-22T10:53:09.151+0000][65.795s][info][gc,cpu         ] GC(46) User=0.11s Sys=0.00s Real=0.03s
[2026-09-22T10:53:09.675+0000][66.320s][info][gc,start       ] GC(47) Pause Young (Allocation Failure)
[2026-09-22T10:53:09.707+0000][66.352s][info][gc,heap        ] GC(47) PSYoungGen: 3117968K(3286016K)->24496K(3275776K) Eden: 3108352K(3108352K)->0K(3108352K) From: 9616K(177664K)->24496K(167424K)
[2026-09-22T10:53:09.707+0000][66.352s][info][gc,heap        ] GC(47) ParOldGen: 1767334K(2796544K)->1770390K(2796544K)
[2026-09-22T10:53:09.707+0000][66.352s][info][gc,metaspace   ] GC(47) Metaspace: 166281K(167936K)->166281K(167936K) NonClass: 139886K(140864K)->139886K(140864K) Class: 26394K(27072K)->26394K(27072K)
[2026-09-22T10:53:09.707+0000][66.352s][info][gc             ] GC(47) Pause Young (Allocation Failure) 4770M->1752M(5930M) 32.093ms
[2026-09-22T10:53:09.707+0000][66.352s][info][gc,cpu         ] GC(47) User=0.13s Sys=0.00s Real=0.03s
[2026-09-22T10:53:10.182+0000][66.826s][info][gc,start       ] GC(48) Pause Young (Allocation Failure)
[2026-09-22T10:53:10.218+0000][66.862s][info][gc,heap        ] GC(48) PSYoungGen: 3132848K(3275776K)->23968K(3316224K) Eden: 3108352K(3108352K)->0K(3161088K) From: 24496K(167424K)->23968K(155136K)
[2026-09-22T10:53:10.218+0000][66.862s][info][gc,heap        ] GC(48) ParOldGen: 1770390K(2796544K)->1788287K(2796544K)
[2026-09-22T10:53:10.218+0000][66.862s][info][gc,metaspace   ] GC(48) Metaspace: 166290K(167936K)->166290K(167936K) NonClass: 139895K(140864K)->139895K(140864K) Class: 26394K(27072K)->26394K(27072K)
[2026-09-22T10:53:10.218+0000][66.862s][info][gc             ] GC(48) Pause Young (Allocation Failure) 4788M->1769M(5969M) 36.020ms
[2026-09-22T10:53:10.218+0000][66.862s][info][gc,cpu         ] GC(48) User=0.14s Sys=0.00s Real=0.03s
[2026-09-22T10:53:10.695+0000][67.339s][info][gc,start       ] GC(49) Pause Young (Allocation Failure)
[2026-09-22T10:53:10.760+0000][67.404s][info][gc,heap        ] GC(49) PSYoungGen: 3181404K(3316224K)->23024K(3304960K) Eden: 3157436K(3161088K)->0K(3161088K) From: 23968K(155136K)->23024K(143872K)
[2026-09-22T10:53:10.760+0000][67.404s][info][gc,heap        ] GC(49) ParOldGen: 1788287K(2796544K)->1806667K(2796544K)
[2026-09-22T10:53:10.760+0000][67.404s][info][gc,metaspace   ] GC(49) Metaspace: 166290K(167936K)->166290K(167936K) NonClass: 139895K(140864K)->139895K(140864K) Class: 26394K(27072K)->26394K(27072K)
[2026-09-22T10:53:10.760+0000][67.404s][info][gc             ] GC(49) Pause Young (Allocation Failure) 4853M->1786M(5958M) 65.434ms
[2026-09-22T10:53:10.760+0000][67.404s][info][gc,cpu         ] GC(49) User=0.22s Sys=0.04s Real=0.07s
[2026-09-22T10:53:11.120+0000][67.764s][info][gc,start       ] GC(50) Pause Young (Allocation Failure)
[2026-09-22T10:53:11.155+0000][67.799s][info][gc,heap        ] GC(50) PSYoungGen: 3180019K(3304960K)->19984K(3338752K) Eden: 3156995K(3161088K)->0K(3204608K) From: 23024K(143872K)->19984K(134144K)
[2026-09-22T10:53:11.155+0000][67.799s][info][gc,heap        ] GC(50) ParOldGen: 1806667K(2796544K)->1827108K(2796544K)
[2026-09-22T10:53:11.155+0000][67.799s][info][gc,metaspace   ] GC(50) Metaspace: 166292K(167936K)->166292K(167936K) NonClass: 139897K(140864K)->139897K(140864K) Class: 26394K(27072K)->26394K(27072K)
[2026-09-22T10:53:11.155+0000][67.799s][info][gc             ] GC(50) Pause Young (Allocation Failure) 4869M->1803M(5991M) 34.868ms
[2026-09-22T10:53:11.155+0000][67.799s][info][gc,cpu         ] GC(50) User=0.13s Sys=0.01s Real=0.03s
[2026-09-22T10:53:11.390+0000][68.034s][info][gc,start       ] GC(51) Pause Young (Allocation Failure)
[2026-09-22T10:53:11.414+0000][68.058s][info][gc,heap        ] GC(51) PSYoungGen: 3224592K(3338752K)->4448K(3330048K) Eden: 3204608K(3204608K)->0K(3204608K) From: 19984K(134144K)->4448K(125440K)
[2026-09-22T10:53:11.414+0000][68.058s][info][gc,heap        ] GC(51) ParOldGen: 1827108K(2796544K)->1846820K(2796544K)
[2026-09-22T10:53:11.414+0000][68.058s][info][gc,metaspace   ] GC(51) Metaspace: 166292K(167936K)->166292K(167936K) NonClass: 139897K(140864K)->139897K(140864K) Class: 26394K(27072K)->26394K(27072K)
[2026-09-22T10:53:11.414+0000][68.058s][info][gc             ] GC(51) Pause Young (Allocation Failure) 4933M->1807M(5983M) 23.757ms
[2026-09-22T10:53:11.414+0000][68.058s][info][gc,cpu         ] GC(51) User=0.09s Sys=0.00s Real=0.02s
[2026-09-22T10:53:11.651+0000][68.295s][info][gc,start       ] GC(52) Pause Young (Allocation Failure)
[2026-09-22T10:53:11.671+0000][68.315s][info][gc,heap        ] GC(52) PSYoungGen: 3209056K(3330048K)->5792K(3361280K) Eden: 3204608K(3204608K)->0K(3241472K) From: 4448K(125440K)->5792K(119808K)
[2026-09-22T10:53:11.671+0000][68.315s][info][gc,heap        ] GC(52) ParOldGen: 1846820K(2796544K)->1851056K(2796544K)
[2026-09-22T10:53:11.671+0000][68.315s][info][gc,metaspace   ] GC(52) Metaspace: 166293K(167936K)->166293K(167936K) NonClass: 139898K(140864K)->139898K(140864K) Class: 26394K(27072K)->26394K(27072K)
[2026-09-22T10:53:11.671+0000][68.315s][info][gc             ] GC(52) Pause Young (Allocation Failure) 4937M->1813M(6013M) 20.508ms
[2026-09-22T10:53:11.671+0000][68.315s][info][gc,cpu         ] GC(52) User=0.08s Sys=0.00s Real=0.02s
[2026-09-22T10:53:12.057+0000][68.702s][info][gc,start       ] GC(53) Pause Young (Allocation Failure)
[2026-09-22T10:53:12.099+0000][68.743s][info][gc,heap        ] GC(53) PSYoungGen: 3247264K(3361280K)->22160K(3355136K) Eden: 3241472K(3241472K)->0K(3241472K) From: 5792K(119808K)->22160K(113664K)
[2026-09-22T10:53:12.099+0000][68.743s][info][gc,heap        ] GC(53) ParOldGen: 1851056K(2796544K)->1856760K(2796544K)
[2026-09-22T10:53:12.099+0000][68.743s][info][gc,metaspace   ] GC(53) Metaspace: 166293K(167936K)->166293K(167936K) NonClass: 139898K(140864K)->139898K(140864K) Class: 26394K(27072K)->26394K(27072K)
[2026-09-22T10:53:12.099+0000][68.743s][info][gc             ] GC(53) Pause Young (Allocation Failure) 4978M->1834M(6007M) 41.253ms
[2026-09-22T10:53:12.099+0000][68.743s][info][gc,cpu         ] GC(53) User=0.16s Sys=0.00s Real=0.04s
[2026-09-22T10:53:12.329+0000][68.974s][info][gc,start       ] GC(54) Pause Young (Allocation Failure)
[2026-09-22T10:53:12.355+0000][69.000s][info][gc,heap        ] GC(54) PSYoungGen: 3263632K(3355136K)->5472K(3372032K) Eden: 3241472K(3241472K)->0K(3266560K) From: 22160K(113664K)->5472K(105472K)
[2026-09-22T10:53:12.356+0000][69.000s][info][gc,heap        ] GC(54) ParOldGen: 1856760K(2796544K)->1878465K(2796544K)
[2026-09-22T10:53:12.356+0000][69.000s][info][gc,metaspace   ] GC(54) Metaspace: 166293K(167936K)->166293K(167936K) NonClass: 139898K(140864K)->139898K(140864K) Class: 26394K(27072K)->26394K(27072K)
[2026-09-22T10:53:12.356+0000][69.000s][info][gc             ] GC(54) Pause Young (Allocation Failure) 5000M->1839M(6024M) 26.147ms
[2026-09-22T10:53:12.356+0000][69.000s][info][gc,cpu         ] GC(54) User=0.10s Sys=0.00s Real=0.02s
[2026-09-22T10:53:12.749+0000][69.393s][info][gc,start       ] GC(55) Pause Young (Allocation Failure)
[2026-09-22T10:53:12.785+0000][69.429s][info][gc,heap        ] GC(55) PSYoungGen: 3272032K(3372032K)->24832K(3366912K) Eden: 3266560K(3266560K)->0K(3266560K) From: 5472K(105472K)->24832K(100352K)
[2026-09-22T10:53:12.785+0000][69.429s][info][gc,heap        ] GC(55) ParOldGen: 1878465K(2796544K)->1883897K(2796544K)
[2026-09-22T10:53:12.785+0000][69.429s][info][gc,metaspace   ] GC(55) Metaspace: 166298K(167936K)->166298K(167936K) NonClass: 139903K(140864K)->139903K(140864K) Class: 26394K(27072K)->26394K(27072K)
[2026-09-22T10:53:12.785+0000][69.429s][info][gc             ] GC(55) Pause Young (Allocation Failure) 5029M->1863M(6019M) 35.891ms
[2026-09-22T10:53:12.785+0000][69.429s][info][gc,cpu         ] GC(55) User=0.12s Sys=0.01s Real=0.04s
[2026-09-22T10:53:13.017+0000][69.661s][info][gc,start       ] GC(56) Pause Young (Allocation Failure)
[2026-09-22T10:53:13.041+0000][69.685s][info][gc,heap        ] GC(56) PSYoungGen: 3291392K(3366912K)->4864K(3386880K) Eden: 3266560K(3266560K)->0K(3293184K) From: 24832K(100352K)->4864K(93696K)
[2026-09-22T10:53:13.041+0000][69.685s][info][gc,heap        ] GC(56) ParOldGen: 1883897K(2796544K)->1903153K(2796544K)
[2026-09-22T10:53:13.041+0000][69.685s][info][gc,metaspace   ] GC(56) Metaspace: 166298K(167936K)->166298K(167936K) NonClass: 139903K(140864K)->139903K(140864K) Class: 26394K(27072K)->26394K(27072K)
[2026-09-22T10:53:13.041+0000][69.685s][info][gc             ] GC(56) Pause Young (Allocation Failure) 5053M->1863M(6038M) 24.539ms
[2026-09-22T10:53:13.041+0000][69.685s][info][gc,cpu         ] GC(56) User=0.09s Sys=0.00s Real=0.03s
[2026-09-22T10:53:13.437+0000][70.081s][info][gc,start       ] GC(57) Pause Young (Allocation Failure)
[2026-09-22T10:53:13.466+0000][70.110s][info][gc,heap        ] GC(57) PSYoungGen: 3298048K(3386880K)->24032K(3382784K) Eden: 3293184K(3293184K)->0K(3293184K) From: 4864K(93696K)->24032K(89600K)
[2026-09-22T10:53:13.466+0000][70.110s][info][gc,heap        ] GC(57) ParOldGen: 1903153K(2796544K)->1907961K(2796544K)
[2026-09-22T10:53:13.466+0000][70.110s][info][gc,metaspace   ] GC(57) Metaspace: 166299K(167936K)->166299K(167936K) NonClass: 139904K(140864K)->139904K(140864K) Class: 26394K(27072K)->26394K(27072K)
[2026-09-22T10:53:13.466+0000][70.110s][info][gc             ] GC(57) Pause Young (Allocation Failure) 5079M->1886M(6034M) 29.007ms
[2026-09-22T10:53:13.466+0000][70.110s][info][gc,cpu         ] GC(57) User=0.12s Sys=0.00s Real=0.03s
[2026-09-22T10:53:13.681+0000][70.326s][info][gc,start       ] GC(58) Pause Young (Allocation Failure)
[2026-09-22T10:53:13.708+0000][70.353s][info][gc,heap        ] GC(58) PSYoungGen: 3317216K(3382784K)->5024K(3399168K) Eden: 3293184K(3293184K)->0K(3315200K) From: 24032K(89600K)->5024K(83968K)
[2026-09-22T10:53:13.708+0000][70.353s][info][gc,heap        ] GC(58) ParOldGen: 1907961K(2796544K)->1931578K(2796544K)
[2026-09-22T10:53:13.708+0000][70.353s][info][gc,metaspace   ] GC(58) Metaspace: 166300K(167936K)->166300K(167936K) NonClass: 139905K(140864K)->139905K(140864K) Class: 26394K(27072K)->26394K(27072K)
[2026-09-22T10:53:13.708+0000][70.353s][info][gc             ] GC(58) Pause Young (Allocation Failure) 5102M->1891M(6050M) 27.002ms
[2026-09-22T10:53:13.708+0000][70.353s][info][gc,cpu         ] GC(58) User=0.10s Sys=0.00s Real=0.02s
[2026-09-22T10:53:14.024+0000][70.669s][info][gc,start       ] GC(59) Pause Young (Allocation Failure)
[2026-09-22T10:53:14.053+0000][70.697s][info][gc,heap        ] GC(59) PSYoungGen: 3320224K(3399168K)->18912K(3395584K) Eden: 3315200K(3315200K)->0K(3315200K) From: 5024K(83968K)->18912K(80384K)
[2026-09-22T10:53:14.053+0000][70.697s][info][gc,heap        ] GC(59) ParOldGen: 1931578K(2796544K)->1936602K(2796544K)
[2026-09-22T10:53:14.053+0000][70.697s][info][gc,metaspace   ] GC(59) Metaspace: 166305K(167936K)->166305K(167936K) NonClass: 139911K(140864K)->139911K(140864K) Class: 26394K(27072K)->26394K(27072K)
[2026-09-22T10:53:14.053+0000][70.697s][info][gc             ] GC(59) Pause Young (Allocation Failure) 5128M->1909M(6047M) 28.707ms
[2026-09-22T10:53:14.053+0000][70.697s][info][gc,cpu         ] GC(59) User=0.11s Sys=0.00s Real=0.03s
[2026-09-22T10:53:14.264+0000][70.908s][info][gc,start       ] GC(60) Pause Young (Allocation Failure)
[2026-09-22T10:53:14.303+0000][70.947s][info][gc,heap        ] GC(60) PSYoungGen: 3334112K(3395584K)->9872K(3408384K) Eden: 3315200K(3315200K)->0K(3334144K) From: 18912K(80384K)->9872K(74240K)
[2026-09-22T10:53:14.303+0000][70.947s][info][gc,heap        ] GC(60) ParOldGen: 1936602K(2796544K)->1955398K(2796544K)
[2026-09-22T10:53:14.303+0000][70.947s][info][gc,metaspace   ] GC(60) Metaspace: 166305K(167936K)->166305K(167936K) NonClass: 139911K(140864K)->139911K(140864K) Class: 26394K(27072K)->26394K(27072K)
[2026-09-22T10:53:14.303+0000][70.948s][info][gc             ] GC(60) Pause Young (Allocation Failure) 5147M->1919M(6059M) 39.422ms
[2026-09-22T10:53:14.303+0000][70.948s][info][gc,cpu         ] GC(60) User=0.15s Sys=0.00s Real=0.04s
[2026-09-22T10:53:14.510+0000][71.155s][info][gc,start       ] GC(61) Pause Young (Allocation Failure)
[2026-09-22T10:53:14.537+0000][71.181s][info][gc,heap        ] GC(61) PSYoungGen: 3340889K(3408384K)->5632K(3404800K) Eden: 3331017K(3334144K)->0K(3334144K) From: 9872K(74240K)->5632K(70656K)
[2026-09-22T10:53:14.537+0000][71.181s][info][gc,heap        ] GC(61) ParOldGen: 1955398K(2796544K)->1959798K(2796544K)
[2026-09-22T10:53:14.537+0000][71.181s][info][gc,metaspace   ] GC(61) Metaspace: 166305K(167936K)->166305K(167936K) NonClass: 139911K(140864K)->139911K(140864K) Class: 26394K(27072K)->26394K(27072K)
[2026-09-22T10:53:14.537+0000][71.181s][info][gc             ] GC(61) Pause Young (Allocation Failure) 5172M->1919M(6056M) 26.545ms
[2026-09-22T10:53:14.537+0000][71.181s][info][gc,cpu         ] GC(61) User=0.10s Sys=0.00s Real=0.02s
[2026-09-22T10:53:14.897+0000][71.541s][info][gc,start       ] GC(62) Pause Young (Allocation Failure)
[2026-09-22T10:53:14.937+0000][71.582s][info][gc,heap        ] GC(62) PSYoungGen: 3337400K(3404800K)->19584K(3420160K) Eden: 3331768K(3334144K)->0K(3354112K) From: 5632K(70656K)->19584K(66048K)
[2026-09-22T10:53:14.937+0000][71.582s][info][gc,heap        ] GC(62) ParOldGen: 1959798K(2796544K)->1965378K(2796544K)
[2026-09-22T10:53:14.937+0000][71.582s][info][gc,metaspace   ] GC(62) Metaspace: 166309K(167936K)->166309K(167936K) NonClass: 139914K(140864K)->139914K(140864K) Class: 26394K(27072K)->26394K(27072K)
[2026-09-22T10:53:14.937+0000][71.582s][info][gc             ] GC(62) Pause Young (Allocation Failure) 5173M->1938M(6071M) 40.638ms
[2026-09-22T10:53:14.937+0000][71.582s][info][gc,cpu         ] GC(62) User=0.14s Sys=0.02s Real=0.04s
[2026-09-22T10:53:15.138+0000][71.782s][info][gc,start       ] GC(63) Pause Young (Allocation Failure)
[2026-09-22T10:53:15.165+0000][71.809s][info][gc,heap        ] GC(63) PSYoungGen: 3370729K(3420160K)->5760K(3417600K) Eden: 3351145K(3354112K)->0K(3354112K) From: 19584K(66048K)->5760K(63488K)
[2026-09-22T10:53:15.165+0000][71.809s][info][gc,heap        ] GC(63) ParOldGen: 1965378K(2796544K)->1984510K(2796544K)
[2026-09-22T10:53:15.165+0000][71.809s][info][gc,metaspace   ] GC(63) Metaspace: 166309K(167936K)->166309K(167936K) NonClass: 139915K(140864K)->139915K(140864K) Class: 26394K(27072K)->26394K(27072K)
[2026-09-22T10:53:15.165+0000][71.809s][info][gc             ] GC(63) Pause Young (Allocation Failure) 5211M->1943M(6068M) 26.998ms
[2026-09-22T10:53:15.165+0000][71.809s][info][gc,cpu         ] GC(63) User=0.11s Sys=0.00s Real=0.03s
[2026-09-22T10:53:15.493+0000][72.137s][info][gc,start       ] GC(64) Pause Young (Allocation Failure)
[2026-09-22T10:53:15.523+0000][72.167s][info][gc,heap        ] GC(64) PSYoungGen: 3359872K(3417600K)->19392K(3427840K) Eden: 3354112K(3354112K)->0K(3368960K) From: 5760K(63488K)->19392K(58880K)
[2026-09-22T10:53:15.523+0000][72.167s][info][gc,heap        ] GC(64) ParOldGen: 1984510K(2796544K)->1990227K(2796544K)
[2026-09-22T10:53:15.523+0000][72.167s][info][gc,metaspace   ] GC(64) Metaspace: 166320K(167936K)->166320K(167936K) NonClass: 139923K(140864K)->139923K(140864K) Class: 26397K(27072K)->26397K(27072K)
[2026-09-22T10:53:15.523+0000][72.167s][info][gc             ] GC(64) Pause Young (Allocation Failure) 5219M->1962M(6078M) 30.028ms
[2026-09-22T10:53:15.523+0000][72.167s][info][gc,cpu         ] GC(64) User=0.12s Sys=0.00s Real=0.03s
[2026-09-22T10:53:15.719+0000][72.363s][info][gc,start       ] GC(65) Pause Young (Allocation Failure)
[2026-09-22T10:53:15.743+0000][72.388s][info][gc,heap        ] GC(65) PSYoungGen: 3386265K(3427840K)->4752K(3426304K) Eden: 3366873K(3368960K)->0K(3368960K) From: 19392K(58880K)->4752K(57344K)
[2026-09-22T10:53:15.743+0000][72.388s][info][gc,heap        ] GC(65) ParOldGen: 1990227K(2796544K)->2009215K(2796544K)
[2026-09-22T10:53:15.743+0000][72.388s][info][gc,metaspace   ] GC(65) Metaspace: 166320K(167936K)->166320K(167936K) NonClass: 139923K(140864K)->139923K(140864K) Class: 26397K(27072K)->26397K(27072K)
[2026-09-22T10:53:15.743+0000][72.388s][info][gc             ] GC(65) Pause Young (Allocation Failure) 5250M->1966M(6077M) 24.601ms
[2026-09-22T10:53:15.743+0000][72.388s][info][gc,cpu         ] GC(65) User=0.10s Sys=0.00s Real=0.03s
[2026-09-22T10:53:15.932+0000][72.576s][info][gc,start       ] GC(66) Pause Young (Allocation Failure)
[2026-09-22T10:53:15.948+0000][72.592s][info][gc,heap        ] GC(66) PSYoungGen: 3373712K(3426304K)->5056K(3435520K) Eden: 3368960K(3368960K)->0K(3380736K) From: 4752K(57344K)->5056K(54784K)
[2026-09-22T10:53:15.948+0000][72.592s][info][gc,heap        ] GC(66) ParOldGen: 2009215K(2796544K)->2013923K(2796544K)
[2026-09-22T10:53:15.948+0000][72.592s][info][gc,metaspace   ] GC(66) Metaspace: 166320K(167936K)->166320K(167936K) NonClass: 139923K(140864K)->139923K(140864K) Class: 26397K(27072K)->26397K(27072K)
[2026-09-22T10:53:15.948+0000][72.592s][info][gc             ] GC(66) Pause Young (Allocation Failure) 5256M->1971M(6086M) 15.949ms
[2026-09-22T10:53:15.948+0000][72.592s][info][gc,cpu         ] GC(66) User=0.07s Sys=0.00s Real=0.01s
[2026-09-22T10:53:16.284+0000][72.929s][info][gc,start       ] GC(67) Pause Young (Allocation Failure)
[2026-09-22T10:53:16.311+0000][72.955s][info][gc,heap        ] GC(67) PSYoungGen: 3385792K(3435520K)->18400K(3433984K) Eden: 3380736K(3380736K)->0K(3380736K) From: 5056K(54784K)->18400K(53248K)
[2026-09-22T10:53:16.311+0000][72.955s][info][gc,heap        ] GC(67) ParOldGen: 2013923K(2796544K)->2018955K(2796544K)
[2026-09-22T10:53:16.311+0000][72.955s][info][gc,metaspace   ] GC(67) Metaspace: 166322K(167936K)->166322K(167936K) NonClass: 139923K(140864K)->139923K(140864K) Class: 26398K(27072K)->26398K(27072K)
[2026-09-22T10:53:16.311+0000][72.955s][info][gc             ] GC(67) Pause Young (Allocation Failure) 5273M->1989M(6084M) 26.442ms
[2026-09-22T10:53:16.311+0000][72.955s][info][gc,cpu         ] GC(67) User=0.10s Sys=0.00s Real=0.03s
[2026-09-22T10:53:16.473+0000][73.117s][info][gc,start       ] GC(68) Pause Young (Allocation Failure)
[2026-09-22T10:53:16.492+0000][73.136s][info][gc,heap        ] GC(68) PSYoungGen: 3398010K(3433984K)->2176K(3439104K) Eden: 3379610K(3380736K)->0K(3388416K) From: 18400K(53248K)->2176K(50688K)
[2026-09-22T10:53:16.492+0000][73.136s][info][gc,heap        ] GC(68) ParOldGen: 2018955K(2796544K)->2037014K(2796544K)
[2026-09-22T10:53:16.492+0000][73.136s][info][gc,metaspace   ] GC(68) Metaspace: 166322K(167936K)->166322K(167936K) NonClass: 139923K(140864K)->139923K(140864K) Class: 26398K(27072K)->26398K(27072K)
[2026-09-22T10:53:16.492+0000][73.136s][info][gc             ] GC(68) Pause Young (Allocation Failure) 5290M->1991M(6089M) 18.572ms
[2026-09-22T10:53:16.492+0000][73.136s][info][gc,cpu         ] GC(68) User=0.06s Sys=0.00s Real=0.02s
[2026-09-22T10:53:16.659+0000][73.303s][info][gc,start       ] GC(69) Pause Young (Allocation Failure)
[2026-09-22T10:53:16.678+0000][73.322s][info][gc,heap        ] GC(69) PSYoungGen: 3387064K(3439104K)->2688K(3437568K) Eden: 3384888K(3388416K)->0K(3388416K) From: 2176K(50688K)->2688K(49152K)
[2026-09-22T10:53:16.678+0000][73.322s][info][gc,heap        ] GC(69) ParOldGen: 2037014K(2796544K)->2039086K(2796544K)
[2026-09-22T10:53:16.678+0000][73.322s][info][gc,metaspace   ] GC(69) Metaspace: 166322K(167936K)->166322K(167936K) NonClass: 139923K(140864K)->139923K(140864K) Class: 26398K(27072K)->26398K(27072K)
[2026-09-22T10:53:16.678+0000][73.322s][info][gc             ] GC(69) Pause Young (Allocation Failure) 5296M->1993M(6088M) 18.982ms
[2026-09-22T10:53:16.678+0000][73.322s][info][gc,cpu         ] GC(69) User=0.07s Sys=0.00s Real=0.02s
[2026-09-22T10:53:16.837+0000][73.482s][info][gc,start       ] GC(70) Pause Young (Allocation Failure)
[2026-09-22T10:53:16.850+0000][73.495s][info][gc,heap        ] GC(70) PSYoungGen: 3391104K(3437568K)->2560K(3444224K) Eden: 3388416K(3388416K)->0K(3396608K) From: 2688K(49152K)->2560K(47616K)
[2026-09-22T10:53:16.850+0000][73.495s][info][gc,heap        ] GC(70) ParOldGen: 2039086K(2796544K)->2041750K(2796544K)
[2026-09-22T10:53:16.850+0000][73.495s][info][gc,metaspace   ] GC(70) Metaspace: 166322K(167936K)->166322K(167936K) NonClass: 139923K(140864K)->139923K(140864K) Class: 26398K(27072K)->26398K(27072K)
[2026-09-22T10:53:16.850+0000][73.495s][info][gc             ] GC(70) Pause Young (Allocation Failure) 5302M->1996M(6094M) 12.862ms
[2026-09-22T10:53:16.850+0000][73.495s][info][gc,cpu         ] GC(70) User=0.05s Sys=0.00s Real=0.02s
[2026-09-22T10:53:17.021+0000][73.666s][info][gc,start       ] GC(71) Pause Young (Allocation Failure)
[2026-09-22T10:53:17.033+0000][73.677s][info][gc,heap        ] GC(71) PSYoungGen: 3392929K(3444224K)->2960K(3442688K) Eden: 3390369K(3396608K)->0K(3396608K) From: 2560K(47616K)->2960K(46080K)
[2026-09-22T10:53:17.033+0000][73.677s][info][gc,heap        ] GC(71) ParOldGen: 2041750K(2796544K)->2044246K(2796544K)
[2026-09-22T10:53:17.033+0000][73.677s][info][gc,metaspace   ] GC(71) Metaspace: 166322K(167936K)->166322K(167936K) NonClass: 139923K(140864K)->139923K(140864K) Class: 26398K(27072K)->26398K(27072K)
[2026-09-22T10:53:17.033+0000][73.677s][info][gc             ] GC(71) Pause Young (Allocation Failure) 5307M->1999M(6093M) 11.919ms
[2026-09-22T10:53:17.033+0000][73.677s][info][gc,cpu         ] GC(71) User=0.05s Sys=0.00s Real=0.01s
[2026-09-22T10:53:17.317+0000][73.961s][info][gc,start       ] GC(72) Pause Young (Allocation Failure)
[2026-09-22T10:53:17.340+0000][73.984s][info][gc,heap        ] GC(72) PSYoungGen: 3395991K(3442688K)->17184K(3446272K) Eden: 3393031K(3396608K)->0K(3402240K) From: 2960K(46080K)->17184K(44032K)
[2026-09-22T10:53:17.340+0000][73.984s][info][gc,heap        ] GC(72) ParOldGen: 2044246K(2796544K)->2047210K(2796544K)
[2026-09-22T10:53:17.340+0000][73.984s][info][gc,metaspace   ] GC(72) Metaspace: 166322K(167936K)->166322K(167936K) NonClass: 139923K(140864K)->139923K(140864K) Class: 26399K(27072K)->26399K(27072K)
[2026-09-22T10:53:17.340+0000][73.984s][info][gc             ] GC(72) Pause Young (Allocation Failure) 5312M->2016M(6096M) 23.377ms
[2026-09-22T10:53:17.340+0000][73.984s][info][gc,cpu         ] GC(72) User=0.08s Sys=0.00s Real=0.03s
[2026-09-22T10:53:17.509+0000][74.153s][info][gc,start       ] GC(73) Pause Young (Allocation Failure)
[2026-09-22T10:53:17.526+0000][74.170s][info][gc,heap        ] GC(73) PSYoungGen: 3419424K(3446272K)->2672K(3445248K) Eden: 3402240K(3402240K)->0K(3402240K) From: 17184K(44032K)->2672K(43008K)
[2026-09-22T10:53:17.526+0000][74.170s][info][gc,heap        ] GC(73) ParOldGen: 2047210K(2796544K)->2064015K(2796544K)
[2026-09-22T10:53:17.526+0000][74.170s][info][gc,metaspace   ] GC(73) Metaspace: 166322K(167936K)->166322K(167936K) NonClass: 139923K(140864K)->139923K(140864K) Class: 26399K(27072K)->26399K(27072K)
[2026-09-22T10:53:17.526+0000][74.170s][info][gc             ] GC(73) Pause Young (Allocation Failure) 5338M->2018M(6095M) 17.125ms
[2026-09-22T10:53:17.526+0000][74.170s][info][gc,cpu         ] GC(73) User=0.07s Sys=0.00s Real=0.02s
[2026-09-22T10:53:17.691+0000][74.335s][info][gc,start       ] GC(74) Pause Young (Allocation Failure)
[2026-09-22T10:53:17.703+0000][74.347s][info][gc,heap        ] GC(74) PSYoungGen: 3404912K(3445248K)->2560K(3449856K) Eden: 3402240K(3402240K)->0K(3409920K) From: 2672K(43008K)->2560K(39936K)
[2026-09-22T10:53:17.703+0000][74.347s][info][gc,heap        ] GC(74) ParOldGen: 2064015K(2796544K)->2066551K(2796544K)
[2026-09-22T10:53:17.703+0000][74.347s][info][gc,metaspace   ] GC(74) Metaspace: 166325K(167936K)->166325K(167936K) NonClass: 139925K(140864K)->139925K(140864K) Class: 26399K(27072K)->26399K(27072K)
[2026-09-22T10:53:17.703+0000][74.347s][info][gc             ] GC(74) Pause Young (Allocation Failure) 5340M->2020M(6100M) 12.004ms
[2026-09-22T10:53:17.703+0000][74.347s][info][gc,cpu         ] GC(74) User=0.04s Sys=0.00s Real=0.01s
[2026-09-22T10:53:17.866+0000][74.511s][info][gc,start       ] GC(75) Pause Young (Allocation Failure)
[2026-09-22T10:53:17.878+0000][74.522s][info][gc,heap        ] GC(75) PSYoungGen: 3411734K(3449856K)->2720K(3449344K) Eden: 3409174K(3409920K)->0K(3409920K) From: 2560K(39936K)->2720K(39424K)
[2026-09-22T10:53:17.878+0000][74.522s][info][gc,heap        ] GC(75) ParOldGen: 2066551K(2796544K)->2069103K(2796544K)
[2026-09-22T10:53:17.878+0000][74.522s][info][gc,metaspace   ] GC(75) Metaspace: 166325K(167936K)->166325K(167936K) NonClass: 139925K(140864K)->139925K(140864K) Class: 26399K(27072K)->26399K(27072K)
[2026-09-22T10:53:17.878+0000][74.522s][info][gc             ] GC(75) Pause Young (Allocation Failure) 5349M->2023M(6099M) 11.704ms
[2026-09-22T10:53:17.878+0000][74.522s][info][gc,cpu         ] GC(75) User=0.05s Sys=0.00s Real=0.01s
[2026-09-22T10:53:18.043+0000][74.687s][info][gc,start       ] GC(76) Pause Young (Allocation Failure)
[2026-09-22T10:53:18.055+0000][74.699s][info][gc,heap        ] GC(76) PSYoungGen: 3412640K(3449344K)->3264K(3453440K) Eden: 3409920K(3409920K)->0K(3417600K) From: 2720K(39424K)->3264K(35840K)
[2026-09-22T10:53:18.055+0000][74.699s][info][gc,heap        ] GC(76) ParOldGen: 2069103K(2796544K)->2071771K(2796544K)
[2026-09-22T10:53:18.055+0000][74.699s][info][gc,metaspace   ] GC(76) Metaspace: 166325K(167936K)->166325K(167936K) NonClass: 139925K(140864K)->139925K(140864K) Class: 26399K(27072K)->26399K(27072K)
[2026-09-22T10:53:18.055+0000][74.699s][info][gc             ] GC(76) Pause Young (Allocation Failure) 5353M->2026M(6103M) 12.231ms
[2026-09-22T10:53:18.055+0000][74.699s][info][gc,cpu         ] GC(76) User=0.04s Sys=0.00s Real=0.01s
[2026-09-22T10:53:18.378+0000][75.023s][info][gc,start       ] GC(77) Pause Young (Allocation Failure)
[2026-09-22T10:53:18.401+0000][75.046s][info][gc,heap        ] GC(77) PSYoungGen: 3420301K(3453440K)->17056K(3453440K) Eden: 3417037K(3417600K)->0K(3417600K) From: 3264K(35840K)->17056K(35840K)
[2026-09-22T10:53:18.401+0000][75.046s][info][gc,heap        ] GC(77) ParOldGen: 2071771K(2796544K)->2074995K(2796544K)
[2026-09-22T10:53:18.401+0000][75.046s][info][gc,metaspace   ] GC(77) Metaspace: 166333K(167936K)->166333K(167936K) NonClass: 139929K(140864K)->139929K(140864K) Class: 26404K(27072K)->26404K(27072K)
[2026-09-22T10:53:18.401+0000][75.046s][info][gc             ] GC(77) Pause Young (Allocation Failure) 5363M->2043M(6103M) 22.978ms
[2026-09-22T10:53:18.401+0000][75.046s][info][gc,cpu         ] GC(77) User=0.09s Sys=0.00s Real=0.03s
[2026-09-22T10:53:18.574+0000][75.218s][info][gc,start       ] GC(78) Pause Young (Allocation Failure)
[2026-09-22T10:53:18.594+0000][75.238s][info][gc,heap        ] GC(78) PSYoungGen: 3434656K(3453440K)->2688K(3456512K) Eden: 3417600K(3417600K)->0K(3422720K) From: 17056K(35840K)->2688K(33792K)
[2026-09-22T10:53:18.594+0000][75.238s][info][gc,heap        ] GC(78) ParOldGen: 2074995K(2796544K)->2091659K(2796544K)
[2026-09-22T10:53:18.594+0000][75.238s][info][gc,metaspace   ] GC(78) Metaspace: 166333K(167936K)->166333K(167936K) NonClass: 139929K(140864K)->139929K(140864K) Class: 26404K(27072K)->26404K(27072K)
[2026-09-22T10:53:18.594+0000][75.238s][info][gc             ] GC(78) Pause Young (Allocation Failure) 5380M->2045M(6106M) 19.809ms
[2026-09-22T10:53:18.594+0000][75.238s][info][gc,cpu         ] GC(78) User=0.07s Sys=0.00s Real=0.02s
[2026-09-22T10:53:18.761+0000][75.405s][info][gc,start       ] GC(79) Pause Young (Allocation Failure)
[2026-09-22T10:53:18.774+0000][75.418s][info][gc,heap        ] GC(79) PSYoungGen: 3420712K(3456512K)->2656K(3457536K) Eden: 3418024K(3422720K)->0K(3422720K) From: 2688K(33792K)->2656K(34816K)
[2026-09-22T10:53:18.774+0000][75.418s][info][gc,heap        ] GC(79) ParOldGen: 2091659K(2796544K)->2094235K(2796544K)
[2026-09-22T10:53:18.774+0000][75.418s][info][gc,metaspace   ] GC(79) Metaspace: 166342K(167936K)->166342K(167936K) NonClass: 139936K(140864K)->139936K(140864K) Class: 26406K(27072K)->26406K(27072K)
[2026-09-22T10:53:18.774+0000][75.418s][info][gc             ] GC(79) Pause Young (Allocation Failure) 5383M->2047M(6107M) 12.851ms
[2026-09-22T10:53:18.774+0000][75.418s][info][gc,cpu         ] GC(79) User=0.05s Sys=0.00s Real=0.01s
[2026-09-22T10:53:18.946+0000][75.590s][info][gc,start       ] GC(80) Pause Young (Allocation Failure)
[2026-09-22T10:53:18.958+0000][75.603s][info][gc,heap        ] GC(80) PSYoungGen: 3425376K(3457536K)->13248K(3459584K) Eden: 3422720K(3422720K)->0K(3426816K) From: 2656K(34816K)->13248K(32768K)
[2026-09-22T10:53:18.959+0000][75.603s][info][gc,heap        ] GC(80) ParOldGen: 2094235K(2796544K)->2096871K(2796544K)
[2026-09-22T10:53:18.959+0000][75.603s][info][gc,metaspace   ] GC(80) Metaspace: 166342K(167936K)->166342K(167936K) NonClass: 139936K(140864K)->139936K(140864K) Class: 26406K(27072K)->26406K(27072K)
[2026-09-22T10:53:18.959+0000][75.603s][info][gc             ] GC(80) Pause Young (Allocation Failure) 5390M->2060M(6109M) 12.422ms
[2026-09-22T10:53:18.959+0000][75.603s][info][gc,cpu         ] GC(80) User=0.05s Sys=0.00s Real=0.01s
[2026-09-22T10:53:19.119+0000][75.764s][info][gc,start       ] GC(81) Pause Young (Allocation Failure)
[2026-09-22T10:53:19.134+0000][75.779s][info][gc,heap        ] GC(81) PSYoungGen: 3429897K(3459584K)->3008K(3459584K) Eden: 3416649K(3426816K)->0K(3426816K) From: 13248K(32768K)->3008K(32768K)
[2026-09-22T10:53:19.135+0000][75.779s][info][gc,heap        ] GC(81) ParOldGen: 2096871K(2796544K)->2099607K(2796544K)
[2026-09-22T10:53:19.135+0000][75.779s][info][gc,metaspace   ] GC(81) Metaspace: 166342K(167936K)->166342K(167936K) NonClass: 139936K(140864K)->139936K(140864K) Class: 26406K(27072K)->26406K(27072K)
[2026-09-22T10:53:19.135+0000][75.779s][info][gc             ] GC(81) Pause Young (Allocation Failure) 5397M->2053M(6109M) 15.191ms
[2026-09-22T10:53:19.135+0000][75.779s][info][gc,cpu         ] GC(81) User=0.06s Sys=0.00s Real=0.01s
[2026-09-22T10:53:19.490+0000][76.134s][info][gc,start       ] GC(82) Pause Young (Allocation Failure)
[2026-09-22T10:53:19.518+0000][76.162s][info][gc,heap        ] GC(82) PSYoungGen: 3424494K(3459584K)->23488K(3456512K) Eden: 3421486K(3426816K)->0K(3425280K) From: 3008K(32768K)->23488K(31232K)
[2026-09-22T10:53:19.518+0000][76.162s][info][gc,heap        ] GC(82) ParOldGen: 2099607K(2796544K)->2102531K(2796544K)
[2026-09-22T10:53:19.518+0000][76.162s][info][gc,metaspace   ] GC(82) Metaspace: 166373K(168064K)->166373K(168064K) NonClass: 139946K(140928K)->139946K(140928K) Class: 26427K(27136K)->26427K(27136K)
[2026-09-22T10:53:19.518+0000][76.162s][info][gc             ] GC(82) Pause Young (Allocation Failure) 5394M->2076M(6106M) 27.842ms
[2026-09-22T10:53:19.518+0000][76.162s][info][gc,cpu         ] GC(82) User=0.10s Sys=0.00s Real=0.02s
[2026-09-22T10:53:19.684+0000][76.329s][info][gc,start       ] GC(83) Pause Young (Allocation Failure)
[2026-09-22T10:53:19.711+0000][76.355s][info][gc,heap        ] GC(83) PSYoungGen: 3448768K(3456512K)->2400K(3460096K) Eden: 3425280K(3425280K)->0K(3425280K) From: 23488K(31232K)->2400K(34816K)
[2026-09-22T10:53:19.711+0000][76.355s][info][gc,heap        ] GC(83) ParOldGen: 2102531K(2796544K)->2125632K(2796544K)
[2026-09-22T10:53:19.711+0000][76.355s][info][gc,metaspace   ] GC(83) Metaspace: 166373K(168064K)->166373K(168064K) NonClass: 139946K(140928K)->139946K(140928K) Class: 26427K(27136K)->26427K(27136K)
[2026-09-22T10:53:19.711+0000][76.355s][info][gc             ] GC(83) Pause Young (Allocation Failure) 5421M->2078M(6110M) 26.842ms
[2026-09-22T10:53:19.711+0000][76.355s][info][gc,cpu         ] GC(83) User=0.09s Sys=0.00s Real=0.03s
[2026-09-22T10:53:19.870+0000][76.514s][info][gc,start       ] GC(84) Pause Young (Allocation Failure)
[2026-09-22T10:53:19.885+0000][76.529s][info][gc,heap        ] GC(84) PSYoungGen: 3422459K(3460096K)->2432K(3456512K) Eden: 3420059K(3425280K)->0K(3426816K) From: 2400K(34816K)->2432K(29696K)
[2026-09-22T10:53:19.885+0000][76.529s][info][gc,heap        ] GC(84) ParOldGen: 2125632K(2796544K)->2127996K(2796544K)
[2026-09-22T10:53:19.885+0000][76.529s][info][gc,metaspace   ] GC(84) Metaspace: 166373K(168064K)->166373K(168064K) NonClass: 139946K(140928K)->139946K(140928K) Class: 26427K(27136K)->26427K(27136K)
[2026-09-22T10:53:19.885+0000][76.529s][info][gc             ] GC(84) Pause Young (Allocation Failure) 5418M->2080M(6106M) 15.021ms
[2026-09-22T10:53:19.885+0000][76.529s][info][gc,cpu         ] GC(84) User=0.06s Sys=0.00s Real=0.01s
[2026-09-22T10:53:20.041+0000][76.685s][info][gc,start       ] GC(85) Pause Young (Allocation Failure)
[2026-09-22T10:53:20.052+0000][76.697s][info][gc,heap        ] GC(85) PSYoungGen: 3422224K(3456512K)->2720K(3459072K) Eden: 3419792K(3426816K)->0K(3426816K) From: 2432K(29696K)->2720K(32256K)
[2026-09-22T10:53:20.052+0000][76.697s][info][gc,heap        ] GC(85) ParOldGen: 2127996K(2796544K)->2130352K(2796544K)
[2026-09-22T10:53:20.052+0000][76.697s][info][gc,metaspace   ] GC(85) Metaspace: 166373K(168064K)->166373K(168064K) NonClass: 139946K(140928K)->139946K(140928K) Class: 26427K(27136K)->26427K(27136K)
[2026-09-22T10:53:20.052+0000][76.697s][info][gc             ] GC(85) Pause Young (Allocation Failure) 5420M->2083M(6109M) 11.417ms
[2026-09-22T10:53:20.052+0000][76.697s][info][gc,cpu         ] GC(85) User=0.05s Sys=0.00s Real=0.01s
[2026-09-22T10:53:20.209+0000][76.853s][info][gc,start       ] GC(86) Pause Young (Allocation Failure)
[2026-09-22T10:53:20.222+0000][76.866s][info][gc,heap        ] GC(86) PSYoungGen: 3424687K(3459072K)->3216K(3458560K) Eden: 3421967K(3426816K)->0K(3431936K) From: 2720K(32256K)->3216K(26624K)
[2026-09-22T10:53:20.222+0000][76.866s][info][gc,heap        ] GC(86) ParOldGen: 2130352K(2796544K)->2133040K(2796544K)
[2026-09-22T10:53:20.222+0000][76.866s][info][gc,metaspace   ] GC(86) Metaspace: 166373K(168064K)->166373K(168064K) NonClass: 139946K(140928K)->139946K(140928K) Class: 26427K(27136K)->26427K(27136K)
[2026-09-22T10:53:20.222+0000][76.866s][info][gc             ] GC(86) Pause Young (Allocation Failure) 5424M->2086M(6108M) 13.091ms
[2026-09-22T10:53:20.222+0000][76.866s][info][gc,cpu         ] GC(86) User=0.04s Sys=0.00s Real=0.02s
[2026-09-22T10:53:20.509+0000][77.153s][info][gc,start       ] GC(87) Pause Young (Allocation Failure)
[2026-09-22T10:53:20.533+0000][77.177s][info][gc,heap        ] GC(87) PSYoungGen: 3432357K(3458560K)->17312K(3461120K) Eden: 3429141K(3431936K)->0K(3431936K) From: 3216K(26624K)->17312K(29184K)
[2026-09-22T10:53:20.533+0000][77.177s][info][gc,heap        ] GC(87) ParOldGen: 2133040K(2796544K)->2136192K(2796544K)
[2026-09-22T10:53:20.533+0000][77.177s][info][gc,metaspace   ] GC(87) Metaspace: 166374K(168064K)->166374K(168064K) NonClass: 139946K(140928K)->139946K(140928K) Class: 26427K(27136K)->26427K(27136K)
[2026-09-22T10:53:20.533+0000][77.177s][info][gc             ] GC(87) Pause Young (Allocation Failure) 5434M->2103M(6111M) 24.042ms
[2026-09-22T10:53:20.533+0000][77.177s][info][gc,cpu         ] GC(87) User=0.09s Sys=0.00s Real=0.03s
[2026-09-22T10:53:20.700+0000][77.344s][info][gc,start       ] GC(88) Pause Young (Allocation Failure)
[2026-09-22T10:53:20.717+0000][77.361s][info][gc,heap        ] GC(88) PSYoungGen: 3449248K(3461120K)->2416K(3464192K) Eden: 3431936K(3431936K)->0K(3435008K) From: 17312K(29184K)->2416K(29184K)
[2026-09-22T10:53:20.717+0000][77.361s][info][gc,heap        ] GC(88) ParOldGen: 2136192K(2796544K)->2153112K(2796544K)
[2026-09-22T10:53:20.717+0000][77.361s][info][gc,metaspace   ] GC(88) Metaspace: 166374K(168064K)->166374K(168064K) NonClass: 139946K(140928K)->139946K(140928K) Class: 26427K(27136K)->26427K(27136K)
[2026-09-22T10:53:20.717+0000][77.361s][info][gc             ] GC(88) Pause Young (Allocation Failure) 5454M->2105M(6114M) 17.068ms
[2026-09-22T10:53:20.717+0000][77.361s][info][gc,cpu         ] GC(88) User=0.07s Sys=0.00s Real=0.01s
[2026-09-22T10:53:20.885+0000][77.529s][info][gc,start       ] GC(89) Pause Young (Allocation Failure)
[2026-09-22T10:53:20.899+0000][77.543s][info][gc,heap        ] GC(89) PSYoungGen: 3436056K(3464192K)->2624K(3464192K) Eden: 3433640K(3435008K)->0K(3435008K) From: 2416K(29184K)->2624K(29184K)
[2026-09-22T10:53:20.899+0000][77.543s][info][gc,heap        ] GC(89) ParOldGen: 2153112K(2796544K)->2155388K(2796544K)
[2026-09-22T10:53:20.899+0000][77.543s][info][gc,metaspace   ] GC(89) Metaspace: 166374K(168064K)->166374K(168064K) NonClass: 139946K(140928K)->139946K(140928K) Class: 26427K(27136K)->26427K(27136K)
[2026-09-22T10:53:20.899+0000][77.543s][info][gc             ] GC(89) Pause Young (Allocation Failure) 5458M->2107M(6114M) 14.053ms
[2026-09-22T10:53:20.899+0000][77.544s][info][gc,cpu         ] GC(89) User=0.04s Sys=0.00s Real=0.02s
[2026-09-22T10:53:21.058+0000][77.702s][info][gc,start       ] GC(90) Pause Young (Allocation Failure)
[2026-09-22T10:53:21.069+0000][77.714s][info][gc,heap        ] GC(90) PSYoungGen: 3432138K(3464192K)->2768K(3463680K) Eden: 3429514K(3435008K)->0K(3437568K) From: 2624K(29184K)->2768K(26112K)
[2026-09-22T10:53:21.070+0000][77.714s][info][gc,heap        ] GC(90) ParOldGen: 2155388K(2796544K)->2157956K(2796544K)
[2026-09-22T10:53:21.070+0000][77.714s][info][gc,metaspace   ] GC(90) Metaspace: 166374K(168064K)->166374K(168064K) NonClass: 139946K(140928K)->139946K(140928K) Class: 26427K(27136K)->26427K(27136K)
[2026-09-22T10:53:21.070+0000][77.714s][info][gc             ] GC(90) Pause Young (Allocation Failure) 5456M->2110M(6113M) 11.619ms
[2026-09-22T10:53:21.070+0000][77.714s][info][gc,cpu         ] GC(90) User=0.05s Sys=0.00s Real=0.02s
[2026-09-22T10:53:21.224+0000][77.868s][info][gc,start       ] GC(91) Pause Young (Allocation Failure)
[2026-09-22T10:53:21.240+0000][77.884s][info][gc,heap        ] GC(91) PSYoungGen: 3430549K(3463680K)->3008K(3464192K) Eden: 3427781K(3437568K)->0K(3437568K) From: 2768K(26112K)->3008K(26624K)
[2026-09-22T10:53:21.240+0000][77.885s][info][gc,heap        ] GC(91) ParOldGen: 2157956K(2796544K)->2160692K(2796544K)
[2026-09-22T10:53:21.240+0000][77.885s][info][gc,metaspace   ] GC(91) Metaspace: 166374K(168064K)->166374K(168064K) NonClass: 139946K(140928K)->139946K(140928K) Class: 26427K(27136K)->26427K(27136K)
[2026-09-22T10:53:21.240+0000][77.885s][info][gc             ] GC(91) Pause Young (Allocation Failure) 5457M->2112M(6114M) 16.576ms
[2026-09-22T10:53:21.240+0000][77.885s][info][gc,cpu         ] GC(91) User=0.06s Sys=0.00s Real=0.02s
[2026-09-22T10:53:21.503+0000][78.147s][info][gc,start       ] GC(92) Pause Young (Allocation Failure)
[2026-09-22T10:53:21.528+0000][78.173s][info][gc,heap        ] GC(92) PSYoungGen: 3439629K(3464192K)->17424K(3465216K) Eden: 3436621K(3437568K)->0K(3439616K) From: 3008K(26624K)->17424K(25600K)
[2026-09-22T10:53:21.529+0000][78.173s][info][gc,heap        ] GC(92) ParOldGen: 2160692K(2796544K)->2163664K(2796544K)
[2026-09-22T10:53:21.529+0000][78.173s][info][gc,metaspace   ] GC(92) Metaspace: 166374K(168064K)->166374K(168064K) NonClass: 139946K(140928K)->139946K(140928K) Class: 26427K(27136K)->26427K(27136K)
[2026-09-22T10:53:21.529+0000][78.173s][info][gc             ] GC(92) Pause Young (Allocation Failure) 5469M->2129M(6115M) 25.265ms
[2026-09-22T10:53:21.529+0000][78.173s][info][gc,cpu         ] GC(92) User=0.09s Sys=0.00s Real=0.02s
[2026-09-22T10:53:21.708+0000][78.352s][info][gc,start       ] GC(93) Pause Young (Allocation Failure)
[2026-09-22T10:53:21.730+0000][78.374s][info][gc,heap        ] GC(93) PSYoungGen: 3447002K(3465216K)->2848K(3467264K) Eden: 3429578K(3439616K)->0K(3439616K) From: 17424K(25600K)->2848K(27648K)
[2026-09-22T10:53:21.730+0000][78.374s][info][gc,heap        ] GC(93) ParOldGen: 2163664K(2796544K)->2181153K(2796544K)
[2026-09-22T10:53:21.730+0000][78.374s][info][gc,metaspace   ] GC(93) Metaspace: 166380K(168064K)->166380K(168064K) NonClass: 139951K(140928K)->139951K(140928K) Class: 26428K(27136K)->26428K(27136K)
[2026-09-22T10:53:21.730+0000][78.374s][info][gc             ] GC(93) Pause Young (Allocation Failure) 5479M->2132M(6117M) 22.250ms
[2026-09-22T10:53:21.730+0000][78.374s][info][gc,cpu         ] GC(93) User=0.08s Sys=0.00s Real=0.03s
[2026-09-22T10:53:21.881+0000][78.525s][info][gc,start       ] GC(94) Pause Young (Allocation Failure)
[2026-09-22T10:53:21.893+0000][78.537s][info][gc,heap        ] GC(94) PSYoungGen: 3435255K(3467264K)->2272K(3463168K) Eden: 3432407K(3439616K)->0K(3440640K) From: 2848K(27648K)->2272K(22528K)
[2026-09-22T10:53:21.893+0000][78.537s][info][gc,heap        ] GC(94) ParOldGen: 2181153K(2796544K)->2183477K(2796544K)
[2026-09-22T10:53:21.893+0000][78.537s][info][gc,metaspace   ] GC(94) Metaspace: 166380K(168064K)->166380K(168064K) NonClass: 139951K(140928K)->139951K(140928K) Class: 26428K(27136K)->26428K(27136K)
[2026-09-22T10:53:21.893+0000][78.537s][info][gc             ] GC(94) Pause Young (Allocation Failure) 5484M->2134M(6113M) 12.610ms
[2026-09-22T10:53:21.893+0000][78.537s][info][gc,cpu         ] GC(94) User=0.05s Sys=0.01s Real=0.01s
[2026-09-22T10:53:22.041+0000][78.685s][info][gc,start       ] GC(95) Pause Young (Allocation Failure)
[2026-09-22T10:53:22.053+0000][78.697s][info][gc,heap        ] GC(95) PSYoungGen: 3442285K(3463168K)->2912K(3465728K) Eden: 3440013K(3440640K)->0K(3440640K) From: 2272K(22528K)->2912K(25088K)
[2026-09-22T10:53:22.053+0000][78.697s][info][gc,heap        ] GC(95) ParOldGen: 2183477K(2796544K)->2185725K(2796544K)
[2026-09-22T10:53:22.053+0000][78.697s][info][gc,metaspace   ] GC(95) Metaspace: 166380K(168064K)->166380K(168064K) NonClass: 139951K(140928K)->139951K(140928K) Class: 26428K(27136K)->26428K(27136K)
[2026-09-22T10:53:22.053+0000][78.697s][info][gc             ] GC(95) Pause Young (Allocation Failure) 5493M->2137M(6115M) 12.703ms
[2026-09-22T10:53:22.053+0000][78.697s][info][gc,cpu         ] GC(95) User=0.05s Sys=0.00s Real=0.01s
[2026-09-22T10:53:22.208+0000][78.852s][info][gc,start       ] GC(96) Pause Young (Allocation Failure)
[2026-09-22T10:53:22.221+0000][78.865s][info][gc,heap        ] GC(96) PSYoungGen: 3437028K(3465728K)->3216K(3465728K) Eden: 3434116K(3440640K)->0K(3445760K) From: 2912K(25088K)->3216K(19968K)
[2026-09-22T10:53:22.221+0000][78.865s][info][gc,heap        ] GC(96) ParOldGen: 2185725K(2796544K)->2188589K(2796544K)
[2026-09-22T10:53:22.221+0000][78.865s][info][gc,metaspace   ] GC(96) Metaspace: 166380K(168064K)->166380K(168064K) NonClass: 139951K(140928K)->139951K(140928K) Class: 26428K(27136K)->26428K(27136K)
[2026-09-22T10:53:22.221+0000][78.865s][info][gc             ] GC(96) Pause Young (Allocation Failure) 5490M->2140M(6115M) 12.888ms
[2026-09-22T10:53:22.221+0000][78.865s][info][gc,cpu         ] GC(96) User=0.05s Sys=0.00s Real=0.02s
[2026-09-22T10:53:22.369+0000][79.013s][info][gc,start       ] GC(97) Pause Young (Allocation Failure)
[2026-09-22T10:53:22.380+0000][79.025s][info][gc,heap        ] GC(97) PSYoungGen: 3448976K(3465728K)->2848K(3468288K) Eden: 3445760K(3445760K)->0K(3445760K) From: 3216K(19968K)->2848K(22528K)
[2026-09-22T10:53:22.380+0000][79.025s][info][gc,heap        ] GC(97) ParOldGen: 2188589K(2796544K)->2191749K(2796544K)
[2026-09-22T10:53:22.380+0000][79.025s][info][gc,metaspace   ] GC(97) Metaspace: 166380K(168064K)->166380K(168064K) NonClass: 139951K(140928K)->139951K(140928K) Class: 26428K(27136K)->26428K(27136K)
[2026-09-22T10:53:22.380+0000][79.025s][info][gc             ] GC(97) Pause Young (Allocation Failure) 5505M->2143M(6118M) 11.725ms
[2026-09-22T10:53:22.380+0000][79.025s][info][gc,cpu         ] GC(97) User=0.04s Sys=0.00s Real=0.02s
[2026-09-22T10:53:22.673+0000][79.317s][info][gc,start       ] GC(98) Pause Young (Allocation Failure)
[2026-09-22T10:53:22.697+0000][79.341s][info][gc,heap        ] GC(98) PSYoungGen: 3448339K(3468288K)->17184K(3467264K) Eden: 3445491K(3445760K)->0K(3445760K) From: 2848K(22528K)->17184K(21504K)
[2026-09-22T10:53:22.697+0000][79.341s][info][gc,heap        ] GC(98) ParOldGen: 2191749K(2796544K)->2194525K(2796544K)
[2026-09-22T10:53:22.697+0000][79.341s][info][gc,metaspace   ] GC(98) Metaspace: 166382K(168064K)->166382K(168064K) NonClass: 139953K(140928K)->139953K(140928K) Class: 26428K(27136K)->26428K(27136K)
[2026-09-22T10:53:22.697+0000][79.341s][info][gc             ] GC(98) Pause Young (Allocation Failure) 5507M->2159M(6117M) 23.966ms
[2026-09-22T10:53:22.697+0000][79.341s][info][gc,cpu         ] GC(98) User=0.09s Sys=0.00s Real=0.02s
[2026-09-22T10:53:22.858+0000][79.502s][info][gc,start       ] GC(99) Pause Young (Allocation Failure)
[2026-09-22T10:53:22.877+0000][79.521s][info][gc,heap        ] GC(99) PSYoungGen: 3462944K(3467264K)->13056K(3459072K) Eden: 3445760K(3445760K)->0K(3445760K) From: 17184K(21504K)->13056K(13312K)
[2026-09-22T10:53:22.877+0000][79.521s][info][gc,heap        ] GC(99) ParOldGen: 2194525K(2796544K)->2211305K(2796544K)
[2026-09-22T10:53:22.877+0000][79.521s][info][gc,metaspace   ] GC(99) Metaspace: 166382K(168064K)->166382K(168064K) NonClass: 139953K(140928K)->139953K(140928K) Class: 26428K(27136K)->26428K(27136K)
[2026-09-22T10:53:22.877+0000][79.521s][info][gc             ] GC(99) Pause Young (Allocation Failure) 5524M->2172M(6109M) 19.045ms
[2026-09-22T10:53:22.877+0000][79.521s][info][gc,cpu         ] GC(99) User=0.07s Sys=0.00s Real=0.02s
[2026-09-22T10:53:23.050+0000][79.694s][info][gc,start       ] GC(100) Pause Young (Allocation Failure)
[2026-09-22T10:53:23.067+0000][79.711s][info][gc,heap        ] GC(100) PSYoungGen: 3451927K(3459072K)->2736K(3470848K) Eden: 3438871K(3445760K)->0K(3445760K) From: 13056K(13312K)->2736K(25088K)
[2026-09-22T10:53:23.067+0000][79.711s][info][gc,heap        ] GC(100) ParOldGen: 2211305K(2796544K)->2213793K(2796544K)
[2026-09-22T10:53:23.067+0000][79.711s][info][gc,metaspace   ] GC(100) Metaspace: 166382K(168064K)->166382K(168064K) NonClass: 139953K(140928K)->139953K(140928K) Class: 26428K(27136K)->26428K(27136K)
[2026-09-22T10:53:23.067+0000][79.711s][info][gc             ] GC(100) Pause Young (Allocation Failure) 5530M->2164M(6120M) 16.879ms
[2026-09-22T10:53:23.067+0000][79.711s][info][gc,cpu         ] GC(100) User=0.06s Sys=0.00s Real=0.01s
[2026-09-22T10:53:23.215+0000][79.859s][info][gc,start       ] GC(101) Pause Young (Allocation Failure)
[2026-09-22T10:53:23.228+0000][79.872s][info][gc,heap        ] GC(101) PSYoungGen: 3441037K(3470848K)->2864K(3448832K) Eden: 3438301K(3445760K)->0K(3445760K) From: 2736K(25088K)->2864K(3072K)
[2026-09-22T10:53:23.228+0000][79.872s][info][gc,heap        ] GC(101) ParOldGen: 2213793K(2796544K)->2216481K(2796544K)
[2026-09-22T10:53:23.228+0000][79.872s][info][gc,metaspace   ] GC(101) Metaspace: 166382K(168064K)->166382K(168064K) NonClass: 139953K(140928K)->139953K(140928K) Class: 26428K(27136K)->26428K(27136K)
[2026-09-22T10:53:23.228+0000][79.872s][info][gc             ] GC(101) Pause Young (Allocation Failure) 5522M->2167M(6099M) 12.550ms
[2026-09-22T10:53:23.228+0000][79.872s][info][gc,cpu         ] GC(101) User=0.04s Sys=0.00s Real=0.01s
[2026-09-22T10:53:23.374+0000][80.018s][info][gc,start       ] GC(102) Pause Young (Allocation Failure)
[2026-09-22T10:53:23.386+0000][80.031s][info][gc,heap        ] GC(102) PSYoungGen: 3448624K(3448832K)->3200K(3469824K) Eden: 3445760K(3445760K)->0K(3446784K) From: 2864K(3072K)->3200K(23040K)
[2026-09-22T10:53:23.386+0000][80.031s][info][gc,heap        ] GC(102) ParOldGen: 2216481K(2796544K)->2219297K(2796544K)
[2026-09-22T10:53:23.386+0000][80.031s][info][gc,metaspace   ] GC(102) Metaspace: 166382K(168064K)->166382K(168064K) NonClass: 139953K(140928K)->139953K(140928K) Class: 26428K(27136K)->26428K(27136K)
[2026-09-22T10:53:23.386+0000][80.031s][info][gc             ] GC(102) Pause Young (Allocation Failure) 5532M->2170M(6119M) 12.762ms
[2026-09-22T10:53:23.386+0000][80.031s][info][gc,cpu         ] GC(102) User=0.05s Sys=0.00s Real=0.01s
[2026-09-22T10:53:23.653+0000][80.298s][info][gc,start       ] GC(103) Pause Young (Allocation Failure)
[2026-09-22T10:53:23.677+0000][80.321s][info][gc,heap        ] GC(103) PSYoungGen: 3439812K(3469824K)->17424K(3468800K) Eden: 3436612K(3446784K)->0K(3446784K) From: 3200K(23040K)->17424K(22016K)
[2026-09-22T10:53:23.677+0000][80.321s][info][gc,heap        ] GC(103) ParOldGen: 2219297K(2796544K)->2222465K(2796544K)
[2026-09-22T10:53:23.677+0000][80.321s][info][gc,metaspace   ] GC(103) Metaspace: 166383K(168064K)->166383K(168064K) NonClass: 139954K(140928K)->139954K(140928K) Class: 26428K(27136K)->26428K(27136K)
[2026-09-22T10:53:23.677+0000][80.322s][info][gc             ] GC(103) Pause Young (Allocation Failure) 5526M->2187M(6118M) 23.862ms
[2026-09-22T10:53:23.677+0000][80.322s][info][gc,cpu         ] GC(103) User=0.09s Sys=0.00s Real=0.02s
[2026-09-22T10:53:23.846+0000][80.490s][info][gc,start       ] GC(104) Pause Young (Allocation Failure)
[2026-09-22T10:53:23.863+0000][80.508s][info][gc,heap        ] GC(104) PSYoungGen: 3461524K(3468800K)->2464K(3471360K) Eden: 3444100K(3446784K)->0K(3446784K) From: 17424K(22016K)->2464K(24576K)
[2026-09-22T10:53:23.863+0000][80.508s][info][gc,heap        ] GC(104) ParOldGen: 2222465K(2796544K)->2239602K(2796544K)
[2026-09-22T10:53:23.863+0000][80.508s][info][gc,metaspace   ] GC(104) Metaspace: 166383K(168064K)->166383K(168064K) NonClass: 139954K(140928K)->139954K(140928K) Class: 26429K(27136K)->26429K(27136K)
[2026-09-22T10:53:23.863+0000][80.508s][info][gc             ] GC(104) Pause Young (Allocation Failure) 5550M->2189M(6121M) 17.580ms
[2026-09-22T10:53:23.863+0000][80.508s][info][gc,cpu         ] GC(104) User=0.07s Sys=0.00s Real=0.02s
[2026-09-22T10:53:24.029+0000][80.673s][info][gc,start       ] GC(105) Pause Young (Allocation Failure)
[2026-09-22T10:53:24.042+0000][80.686s][info][gc,heap        ] GC(105) PSYoungGen: 3447615K(3471360K)->2528K(3449344K) Eden: 3445151K(3446784K)->0K(3446784K) From: 2464K(24576K)->2528K(2560K)
[2026-09-22T10:53:24.042+0000][80.686s][info][gc,heap        ] GC(105) ParOldGen: 2239602K(2796544K)->2241886K(2796544K)
[2026-09-22T10:53:24.042+0000][80.686s][info][gc,metaspace   ] GC(105) Metaspace: 166383K(168064K)->166383K(168064K) NonClass: 139954K(140928K)->139954K(140928K) Class: 26429K(27136K)->26429K(27136K)
[2026-09-22T10:53:24.042+0000][80.686s][info][gc             ] GC(105) Pause Young (Allocation Failure) 5553M->2191M(6099M) 12.436ms
[2026-09-22T10:53:24.042+0000][80.686s][info][gc,cpu         ] GC(105) User=0.04s Sys=0.00s Real=0.01s
[2026-09-22T10:53:24.191+0000][80.835s][info][gc,start       ] GC(106) Pause Young (Allocation Failure)
[2026-09-22T10:53:24.203+0000][80.847s][info][gc,heap        ] GC(106) PSYoungGen: 3439194K(3449344K)->2464K(3469824K) Eden: 3436666K(3446784K)->0K(3447296K) From: 2528K(2560K)->2464K(22528K)
[2026-09-22T10:53:24.203+0000][80.847s][info][gc,heap        ] GC(106) ParOldGen: 2241886K(2796544K)->2244386K(2796544K)
[2026-09-22T10:53:24.203+0000][80.847s][info][gc,metaspace   ] GC(106) Metaspace: 166383K(168064K)->166383K(168064K) NonClass: 139954K(140928K)->139954K(140928K) Class: 26429K(27136K)->26429K(27136K)
[2026-09-22T10:53:24.203+0000][80.847s][info][gc             ] GC(106) Pause Young (Allocation Failure) 5547M->2194M(6119M) 11.807ms
[2026-09-22T10:53:24.203+0000][80.847s][info][gc,cpu         ] GC(106) User=0.05s Sys=0.00s Real=0.01s
[2026-09-22T10:53:24.355+0000][80.999s][info][gc,start       ] GC(107) Pause Young (Allocation Failure)
[2026-09-22T10:53:24.373+0000][81.017s][info][gc,heap        ] GC(107) PSYoungGen: 3446213K(3469824K)->3040K(3469312K) Eden: 3443749K(3447296K)->0K(3447296K) From: 2464K(22528K)->3040K(22016K)
[2026-09-22T10:53:24.373+0000][81.017s][info][gc,heap        ] GC(107) ParOldGen: 2244386K(2796544K)->2246818K(2796544K)
[2026-09-22T10:53:24.373+0000][81.017s][info][gc,metaspace   ] GC(107) Metaspace: 166383K(168064K)->166383K(168064K) NonClass: 139954K(140928K)->139954K(140928K) Class: 26429K(27136K)->26429K(27136K)
[2026-09-22T10:53:24.373+0000][81.017s][info][gc             ] GC(107) Pause Young (Allocation Failure) 5557M->2197M(6119M) 17.548ms
[2026-09-22T10:53:24.373+0000][81.017s][info][gc,cpu         ] GC(107) User=0.07s Sys=0.01s Real=0.02s
[2026-09-22T10:53:24.525+0000][81.169s][info][gc,start       ] GC(108) Pause Young (Allocation Failure)
[2026-09-22T10:53:24.538+0000][81.182s][info][gc,heap        ] GC(108) PSYoungGen: 3450336K(3469312K)->2944K(3471360K) Eden: 3447296K(3447296K)->0K(3450880K) From: 3040K(22016K)->2944K(20480K)
[2026-09-22T10:53:24.538+0000][81.182s][info][gc,heap        ] GC(108) ParOldGen: 2246818K(2796544K)->2249838K(2796544K)
[2026-09-22T10:53:24.538+0000][81.182s][info][gc,metaspace   ] GC(108) Metaspace: 166383K(168064K)->166383K(168064K) NonClass: 139954K(140928K)->139954K(140928K) Class: 26429K(27136K)->26429K(27136K)
[2026-09-22T10:53:24.538+0000][81.182s][info][gc             ] GC(108) Pause Young (Allocation Failure) 5563M->2199M(6121M) 12.887ms
[2026-09-22T10:53:24.538+0000][81.182s][info][gc,cpu         ] GC(108) User=0.05s Sys=0.00s Real=0.01s
[2026-09-22T10:53:24.819+0000][81.463s][info][gc,start       ] GC(109) Pause Young (Allocation Failure)
[2026-09-22T10:53:24.851+0000][81.495s][info][gc,heap        ] GC(109) PSYoungGen: 3453824K(3471360K)->17520K(3470848K) Eden: 3450880K(3450880K)->0K(3450880K) From: 2944K(20480K)->17520K(19968K)
[2026-09-22T10:53:24.851+0000][81.495s][info][gc,heap        ] GC(109) ParOldGen: 2249838K(2796544K)->2252742K(2796544K)
[2026-09-22T10:53:24.851+0000][81.495s][info][gc,metaspace   ] GC(109) Metaspace: 166391K(168064K)->166391K(168064K) NonClass: 139962K(140928K)->139962K(140928K) Class: 26429K(27136K)->26429K(27136K)
[2026-09-22T10:53:24.851+0000][81.495s][info][gc             ] GC(109) Pause Young (Allocation Failure) 5569M->2217M(6120M) 32.423ms
[2026-09-22T10:53:24.851+0000][81.495s][info][gc,cpu         ] GC(109) User=0.12s Sys=0.01s Real=0.04s
[2026-09-22T10:53:25.020+0000][81.664s][info][gc,start       ] GC(110) Pause Young (Allocation Failure)
[2026-09-22T10:53:25.044+0000][81.688s][info][gc,heap        ] GC(110) PSYoungGen: 3468400K(3470848K)->13184K(3470848K) Eden: 3450880K(3450880K)->0K(3447808K) From: 17520K(19968K)->13184K(23040K)
[2026-09-22T10:53:25.044+0000][81.688s][info][gc,heap        ] GC(110) ParOldGen: 2252742K(2796544K)->2269914K(2796544K)
[2026-09-22T10:53:25.044+0000][81.688s][info][gc,metaspace   ] GC(110) Metaspace: 166391K(168064K)->166391K(168064K) NonClass: 139962K(140928K)->139962K(140928K) Class: 26429K(27136K)->26429K(27136K)
[2026-09-22T10:53:25.044+0000][81.688s][info][gc             ] GC(110) Pause Young (Allocation Failure) 5587M->2229M(6120M) 24.595ms
[2026-09-22T10:53:25.044+0000][81.688s][info][gc,cpu         ] GC(110) User=0.07s Sys=0.02s Real=0.02s
[2026-09-22T10:53:25.192+0000][81.836s][info][gc,start       ] GC(111) Pause Young (Allocation Failure)
[2026-09-22T10:53:25.203+0000][81.848s][info][gc,heap        ] GC(111) PSYoungGen: 3460992K(3470848K)->2592K(3471360K) Eden: 3447808K(3447808K)->0K(3447808K) From: 13184K(23040K)->2592K(23552K)
[2026-09-22T10:53:25.203+0000][81.848s][info][gc,heap        ] GC(111) ParOldGen: 2269914K(2796544K)->2272526K(2796544K)
[2026-09-22T10:53:25.203+0000][81.848s][info][gc,metaspace   ] GC(111) Metaspace: 166391K(168064K)->166391K(168064K) NonClass: 139962K(140928K)->139962K(140928K) Class: 26429K(27136K)->26429K(27136K)
[2026-09-22T10:53:25.203+0000][81.848s][info][gc             ] GC(111) Pause Young (Allocation Failure) 5596M->2221M(6121M) 11.660ms
[2026-09-22T10:53:25.203+0000][81.848s][info][gc,cpu         ] GC(111) User=0.04s Sys=0.00s Real=0.01s
[2026-09-22T10:53:25.350+0000][81.994s][info][gc,start       ] GC(112) Pause Young (Allocation Failure)
[2026-09-22T10:53:25.361+0000][82.006s][info][gc,heap        ] GC(112) PSYoungGen: 3445604K(3471360K)->2400K(3469312K) Eden: 3443012K(3447808K)->0K(3448320K) From: 2592K(23552K)->2400K(20992K)
[2026-09-22T10:53:25.361+0000][82.006s][info][gc,heap        ] GC(112) ParOldGen: 2272526K(2796544K)->2275070K(2796544K)
[2026-09-22T10:53:25.361+0000][82.006s][info][gc,metaspace   ] GC(112) Metaspace: 166391K(168064K)->166391K(168064K) NonClass: 139962K(140928K)->139962K(140928K) Class: 26429K(27136K)->26429K(27136K)
[2026-09-22T10:53:25.361+0000][82.006s][info][gc             ] GC(112) Pause Young (Allocation Failure) 5584M->2224M(6119M) 11.647ms
[2026-09-22T10:53:25.361+0000][82.006s][info][gc,cpu         ] GC(112) User=0.04s Sys=0.00s Real=0.01s
[2026-09-22T10:53:25.506+0000][82.150s][info][gc,start       ] GC(113) Pause Young (Allocation Failure)
[2026-09-22T10:53:25.520+0000][82.164s][info][gc,heap        ] GC(113) PSYoungGen: 3450720K(3469312K)->3232K(3470336K) Eden: 3448320K(3448320K)->0K(3448320K) From: 2400K(20992K)->3232K(22016K)
[2026-09-22T10:53:25.520+0000][82.164s][info][gc,heap        ] GC(113) ParOldGen: 2275070K(2796544K)->2277414K(2796544K)
[2026-09-22T10:53:25.520+0000][82.164s][info][gc,metaspace   ] GC(113) Metaspace: 166391K(168064K)->166391K(168064K) NonClass: 139962K(140928K)->139962K(140928K) Class: 26429K(27136K)->26429K(27136K)
[2026-09-22T10:53:25.520+0000][82.164s][info][gc             ] GC(113) Pause Young (Allocation Failure) 5591M->2227M(6120M) 13.431ms
[2026-09-22T10:53:25.520+0000][82.164s][info][gc,cpu         ] GC(113) User=0.05s Sys=0.01s Real=0.02s
[2026-09-22T10:53:25.672+0000][82.316s][info][gc,start       ] GC(114) Pause Young (Allocation Failure)
[2026-09-22T10:53:25.684+0000][82.328s][info][gc,heap        ] GC(114) PSYoungGen: 3451552K(3470336K)->3344K(3470848K) Eden: 3448320K(3448320K)->0K(3451904K) From: 3232K(22016K)->3344K(18944K)
[2026-09-22T10:53:25.684+0000][82.328s][info][gc,heap        ] GC(114) ParOldGen: 2277414K(2796544K)->2280611K(2796544K)
[2026-09-22T10:53:25.684+0000][82.328s][info][gc,metaspace   ] GC(114) Metaspace: 166391K(168064K)->166391K(168064K) NonClass: 139962K(140928K)->139962K(140928K) Class: 26429K(27136K)->26429K(27136K)
[2026-09-22T10:53:25.684+0000][82.328s][info][gc             ] GC(114) Pause Young (Allocation Failure) 5594M->2230M(6120M) 12.169ms
[2026-09-22T10:53:25.684+0000][82.328s][info][gc,cpu         ] GC(114) User=0.05s Sys=0.00s Real=0.01s
[2026-09-22T10:53:25.936+0000][82.580s][info][gc,start       ] GC(115) Pause Young (Allocation Failure)
[2026-09-22T10:53:25.960+0000][82.604s][info][gc,heap        ] GC(115) PSYoungGen: 3455248K(3470848K)->16704K(3471872K) Eden: 3451904K(3451904K)->0K(3451904K) From: 3344K(18944K)->16704K(19968K)
[2026-09-22T10:53:25.960+0000][82.604s][info][gc,heap        ] GC(115) ParOldGen: 2280611K(2796544K)->2283911K(2796544K)
[2026-09-22T10:53:25.960+0000][82.604s][info][gc,metaspace   ] GC(115) Metaspace: 166395K(168064K)->166395K(168064K) NonClass: 139964K(140928K)->139964K(140928K) Class: 26430K(27136K)->26430K(27136K)
[2026-09-22T10:53:25.960+0000][82.604s][info][gc             ] GC(115) Pause Young (Allocation Failure) 5601M->2246M(6121M) 24.034ms
[2026-09-22T10:53:25.960+0000][82.604s][info][gc,cpu         ] GC(115) User=0.09s Sys=0.00s Real=0.03s
[2026-09-22T10:53:26.108+0000][82.752s][info][gc,start       ] GC(116) Pause Young (Allocation Failure)
[2026-09-22T10:53:26.125+0000][82.769s][info][gc,heap        ] GC(116) PSYoungGen: 3461002K(3471872K)->2304K(3472896K) Eden: 3444298K(3451904K)->0K(3450368K) From: 16704K(19968K)->2304K(22528K)
[2026-09-22T10:53:26.125+0000][82.769s][info][gc,heap        ] GC(116) ParOldGen: 2283911K(2796544K)->2300158K(2796544K)
[2026-09-22T10:53:26.125+0000][82.769s][info][gc,metaspace   ] GC(116) Metaspace: 166395K(168064K)->166395K(168064K) NonClass: 139964K(140928K)->139964K(140928K) Class: 26430K(27136K)->26430K(27136K)
[2026-09-22T10:53:26.125+0000][82.769s][info][gc             ] GC(116) Pause Young (Allocation Failure) 5610M->2248M(6122M) 16.933ms
[2026-09-22T10:53:26.125+0000][82.769s][info][gc,cpu         ] GC(116) User=0.07s Sys=0.00s Real=0.02s
[2026-09-22T10:53:26.276+0000][82.920s][info][gc,start       ] GC(117) Pause Young (Allocation Failure)
[2026-09-22T10:53:26.288+0000][82.932s][info][gc,heap        ] GC(117) PSYoungGen: 3452672K(3472896K)->2528K(3452928K) Eden: 3450368K(3450368K)->0K(3450368K) From: 2304K(22528K)->2528K(2560K)
[2026-09-22T10:53:26.288+0000][82.932s][info][gc,heap        ] GC(117) ParOldGen: 2300158K(2796544K)->2302414K(2796544K)
[2026-09-22T10:53:26.288+0000][82.932s][info][gc,metaspace   ] GC(117) Metaspace: 166395K(168064K)->166395K(168064K) NonClass: 139964K(140928K)->139964K(140928K) Class: 26430K(27136K)->26430K(27136K)
[2026-09-22T10:53:26.288+0000][82.932s][info][gc             ] GC(117) Pause Young (Allocation Failure) 5617M->2250M(6103M) 11.357ms
[2026-09-22T10:53:26.288+0000][82.932s][info][gc,cpu         ] GC(117) User=0.05s Sys=0.00s Real=0.01s
[2026-09-22T10:53:26.439+0000][83.083s][info][gc,start       ] GC(118) Pause Young (Allocation Failure)
[2026-09-22T10:53:26.452+0000][83.096s][info][gc,heap        ] GC(118) PSYoungGen: 3452896K(3452928K)->2944K(3472384K) Eden: 3450368K(3450368K)->0K(3451392K) From: 2528K(2560K)->2944K(20992K)
[2026-09-22T10:53:26.452+0000][83.096s][info][gc,heap        ] GC(118) ParOldGen: 2302414K(2796544K)->2304886K(2796544K)
[2026-09-22T10:53:26.452+0000][83.096s][info][gc,metaspace   ] GC(118) Metaspace: 166395K(168064K)->166395K(168064K) NonClass: 139964K(140928K)->139964K(140928K) Class: 26430K(27136K)->26430K(27136K)
[2026-09-22T10:53:26.452+0000][83.096s][info][gc             ] GC(118) Pause Young (Allocation Failure) 5620M->2253M(6122M) 12.857ms
[2026-09-22T10:53:26.452+0000][83.096s][info][gc,cpu         ] GC(118) User=0.05s Sys=0.00s Real=0.02s
[2026-09-22T10:53:26.597+0000][83.241s][info][gc,start       ] GC(119) Pause Young (Allocation Failure)
[2026-09-22T10:53:26.610+0000][83.254s][info][gc,heap        ] GC(119) PSYoungGen: 3454336K(3472384K)->2992K(3471360K) Eden: 3451392K(3451392K)->0K(3451392K) From: 2944K(20992K)->2992K(19968K)
[2026-09-22T10:53:26.610+0000][83.254s][info][gc,heap        ] GC(119) ParOldGen: 2304886K(2796544K)->2307791K(2796544K)
[2026-09-22T10:53:26.610+0000][83.254s][info][gc,metaspace   ] GC(119) Metaspace: 166395K(168064K)->166395K(168064K) NonClass: 139964K(140928K)->139964K(140928K) Class: 26430K(27136K)->26430K(27136K)
[2026-09-22T10:53:26.610+0000][83.254s][info][gc             ] GC(119) Pause Young (Allocation Failure) 5624M->2256M(6121M) 13.000ms
[2026-09-22T10:53:26.610+0000][83.254s][info][gc,cpu         ] GC(119) User=0.05s Sys=0.00s Real=0.02s
[2026-09-22T10:53:26.769+0000][83.414s][info][gc,start       ] GC(120) Pause Young (Allocation Failure)
[2026-09-22T10:53:26.782+0000][83.426s][info][gc,heap        ] GC(120) PSYoungGen: 3454384K(3471360K)->3248K(3473920K) Eden: 3451392K(3451392K)->0K(3454976K) From: 2992K(19968K)->3248K(18944K)
[2026-09-22T10:53:26.782+0000][83.426s][info][gc,heap        ] GC(120) ParOldGen: 2307791K(2796544K)->2310747K(2796544K)
[2026-09-22T10:53:26.782+0000][83.426s][info][gc,metaspace   ] GC(120) Metaspace: 166395K(168064K)->166395K(168064K) NonClass: 139964K(140928K)->139964K(140928K) Class: 26430K(27136K)->26430K(27136K)
[2026-09-22T10:53:26.782+0000][83.426s][info][gc             ] GC(120) Pause Young (Allocation Failure) 5627M->2259M(6123M) 12.438ms
[2026-09-22T10:53:26.782+0000][83.426s][info][gc,cpu         ] GC(120) User=0.04s Sys=0.00s Real=0.01s
[2026-09-22T10:53:27.071+0000][83.715s][info][gc,start       ] GC(121) Pause Young (Allocation Failure)
[2026-09-22T10:53:27.101+0000][83.745s][info][gc,heap        ] GC(121) PSYoungGen: 3458224K(3473920K)->17024K(3472896K) Eden: 3454976K(3454976K)->0K(3454976K) From: 3248K(18944K)->17024K(17920K)
[2026-09-22T10:53:27.101+0000][83.745s][info][gc,heap        ] GC(121) ParOldGen: 2310747K(2796544K)->2313975K(2796544K)
[2026-09-22T10:53:27.101+0000][83.745s][info][gc,metaspace   ] GC(121) Metaspace: 166395K(168064K)->166395K(168064K) NonClass: 139964K(140928K)->139964K(140928K) Class: 26430K(27136K)->26430K(27136K)
[2026-09-22T10:53:27.101+0000][83.745s][info][gc             ] GC(121) Pause Young (Allocation Failure) 5633M->2276M(6122M) 29.820ms
[2026-09-22T10:53:27.101+0000][83.745s][info][gc,cpu         ] GC(121) User=0.10s Sys=0.02s Real=0.03s
[2026-09-22T10:53:27.255+0000][83.899s][info][gc,start       ] GC(122) Pause Young (Allocation Failure)
[2026-09-22T10:53:27.273+0000][83.917s][info][gc,heap        ] GC(122) PSYoungGen: 3472000K(3472896K)->2560K(3474432K) Eden: 3454976K(3454976K)->0K(3453440K) From: 17024K(17920K)->2560K(20992K)
[2026-09-22T10:53:27.273+0000][83.917s][info][gc,heap        ] GC(122) ParOldGen: 2313975K(2796544K)->2330575K(2796544K)
[2026-09-22T10:53:27.273+0000][83.917s][info][gc,metaspace   ] GC(122) Metaspace: 166395K(168064K)->166395K(168064K) NonClass: 139964K(140928K)->139964K(140928K) Class: 26430K(27136K)->26430K(27136K)
[2026-09-22T10:53:27.273+0000][83.917s][info][gc             ] GC(122) Pause Young (Allocation Failure) 5650M->2278M(6124M) 17.876ms
[2026-09-22T10:53:27.273+0000][83.917s][info][gc,cpu         ] GC(122) User=0.07s Sys=0.00s Real=0.02s
[2026-09-22T10:53:27.418+0000][84.062s][info][gc,start       ] GC(123) Pause Young (Allocation Failure)
[2026-09-22T10:53:27.436+0000][84.081s][info][gc,heap        ] GC(123) PSYoungGen: 3447626K(3474432K)->4192K(3458048K) Eden: 3445066K(3453440K)->0K(3453440K) From: 2560K(20992K)->4192K(4608K)
[2026-09-22T10:53:27.436+0000][84.081s][info][gc,heap        ] GC(123) ParOldGen: 2330575K(2796544K)->2333111K(2796544K)
[2026-09-22T10:53:27.436+0000][84.081s][info][gc,metaspace   ] GC(123) Metaspace: 166395K(168064K)->166395K(168064K) NonClass: 139964K(140928K)->139964K(140928K) Class: 26430K(27136K)->26430K(27136K)
[2026-09-22T10:53:27.436+0000][84.081s][info][gc             ] GC(123) Pause Young (Allocation Failure) 5642M->2282M(6108M) 18.582ms
[2026-09-22T10:53:27.436+0000][84.081s][info][gc,cpu         ] GC(123) User=0.06s Sys=0.00s Real=0.02s
[2026-09-22T10:53:27.573+0000][84.217s][info][gc,start       ] GC(124) Pause Young (Allocation Failure)
[2026-09-22T10:53:27.582+0000][84.226s][info][gc,heap        ] GC(124) PSYoungGen: 3440494K(3458048K)->1248K(3473408K) Eden: 3436302K(3453440K)->0K(3453952K) From: 4192K(4608K)->1248K(19456K)
[2026-09-22T10:53:27.582+0000][84.226s][info][gc,heap        ] GC(124) ParOldGen: 2333111K(2796544K)->2337271K(2796544K)
[2026-09-22T10:53:27.582+0000][84.226s][info][gc,metaspace   ] GC(124) Metaspace: 166395K(168064K)->166395K(168064K) NonClass: 139964K(140928K)->139964K(140928K) Class: 26430K(27136K)->26430K(27136K)
[2026-09-22T10:53:27.582+0000][84.226s][info][gc             ] GC(124) Pause Young (Allocation Failure) 5638M->2283M(6123M) 9.406ms
[2026-09-22T10:53:27.582+0000][84.226s][info][gc,cpu         ] GC(124) User=0.03s Sys=0.00s Real=0.01s
[2026-09-22T10:53:27.720+0000][84.365s][info][gc,start       ] GC(125) Pause Young (Allocation Failure)
[2026-09-22T10:53:27.728+0000][84.373s][info][gc,heap        ] GC(125) PSYoungGen: 3435324K(3473408K)->1376K(3472896K) Eden: 3434076K(3453952K)->0K(3453952K) From: 1248K(19456K)->1376K(18944K)
[2026-09-22T10:53:27.728+0000][84.373s][info][gc,heap        ] GC(125) ParOldGen: 2337271K(2796544K)->2338471K(2796544K)
[2026-09-22T10:53:27.728+0000][84.373s][info][gc,metaspace   ] GC(125) Metaspace: 166395K(168064K)->166395K(168064K) NonClass: 139964K(140928K)->139964K(140928K) Class: 26430K(27136K)->26430K(27136K)
[2026-09-22T10:53:27.728+0000][84.373s][info][gc             ] GC(125) Pause Young (Allocation Failure) 5637M->2285M(6122M) 7.995ms
[2026-09-22T10:53:27.728+0000][84.373s][info][gc,cpu         ] GC(125) User=0.03s Sys=0.00s Real=0.00s
[2026-09-22T10:53:27.866+0000][84.510s][info][gc,start       ] GC(126) Pause Young (Allocation Failure)
[2026-09-22T10:53:27.874+0000][84.519s][info][gc,heap        ] GC(126) PSYoungGen: 3442916K(3472896K)->1504K(3474944K) Eden: 3441540K(3453952K)->0K(3457024K) From: 1376K(18944K)->1504K(17920K)
[2026-09-22T10:53:27.874+0000][84.519s][info][gc,heap        ] GC(126) ParOldGen: 2338471K(2796544K)->2339807K(2796544K)
[2026-09-22T10:53:27.874+0000][84.519s][info][gc,metaspace   ] GC(126) Metaspace: 166395K(168064K)->166395K(168064K) NonClass: 139964K(140928K)->139964K(140928K) Class: 26430K(27136K)->26430K(27136K)
[2026-09-22T10:53:27.874+0000][84.519s][info][gc             ] GC(126) Pause Young (Allocation Failure) 5645M->2286M(6124M) 8.112ms
[2026-09-22T10:53:27.874+0000][84.519s][info][gc,cpu         ] GC(126) User=0.03s Sys=0.00s Real=0.01s
[2026-09-22T10:53:28.014+0000][84.658s][info][gc,start       ] GC(127) Pause Young (Allocation Failure)
[2026-09-22T10:53:28.022+0000][84.666s][info][gc,heap        ] GC(127) PSYoungGen: 3456603K(3474944K)->1568K(3474432K) Eden: 3455099K(3457024K)->0K(3457024K) From: 1504K(17920K)->1568K(17408K)
[2026-09-22T10:53:28.022+0000][84.666s][info][gc,heap        ] GC(127) ParOldGen: 2339807K(2796544K)->2341259K(2796544K)
[2026-09-22T10:53:28.022+0000][84.666s][info][gc,metaspace   ] GC(127) Metaspace: 166395K(168064K)->166395K(168064K) NonClass: 139964K(140928K)->139964K(140928K) Class: 26430K(27136K)->26430K(27136K)
[2026-09-22T10:53:28.022+0000][84.666s][info][gc             ] GC(127) Pause Young (Allocation Failure) 5660M->2287M(6124M) 7.711ms
[2026-09-22T10:53:28.022+0000][84.666s][info][gc,cpu         ] GC(127) User=0.03s Sys=0.00s Real=0.01s
[2026-09-22T10:53:28.160+0000][84.805s][info][gc,start       ] GC(128) Pause Young (Allocation Failure)
[2026-09-22T10:53:28.169+0000][84.813s][info][gc,heap        ] GC(128) PSYoungGen: 3452383K(3474432K)->1728K(3476480K) Eden: 3450815K(3457024K)->0K(3460608K) From: 1568K(17408K)->1728K(15872K)
[2026-09-22T10:53:28.169+0000][84.813s][info][gc,heap        ] GC(128) ParOldGen: 2341259K(2796544K)->2342787K(2796544K)
[2026-09-22T10:53:28.169+0000][84.813s][info][gc,metaspace   ] GC(128) Metaspace: 166395K(168064K)->166395K(168064K) NonClass: 139964K(140928K)->139964K(140928K) Class: 26430K(27136K)->26430K(27136K)
[2026-09-22T10:53:28.169+0000][84.813s][info][gc             ] GC(128) Pause Young (Allocation Failure) 5657M->2289M(6126M) 8.538ms
[2026-09-22T10:53:28.169+0000][84.813s][info][gc,cpu         ] GC(128) User=0.03s Sys=0.00s Real=0.00s
[2026-09-22T10:53:28.309+0000][84.953s][info][gc,start       ] GC(129) Pause Young (Allocation Failure)
[2026-09-22T10:53:28.317+0000][84.961s][info][gc,heap        ] GC(129) PSYoungGen: 3457248K(3476480K)->1632K(3476480K) Eden: 3455520K(3460608K)->0K(3460608K) From: 1728K(15872K)->1632K(15872K)
[2026-09-22T10:53:28.317+0000][84.961s][info][gc,heap        ] GC(129) ParOldGen: 2342787K(2796544K)->2344455K(2796544K)
[2026-09-22T10:53:28.317+0000][84.961s][info][gc,metaspace   ] GC(129) Metaspace: 166396K(168064K)->166396K(168064K) NonClass: 139965K(140928K)->139965K(140928K) Class: 26430K(27136K)->26430K(27136K)
[2026-09-22T10:53:28.317+0000][84.961s][info][gc             ] GC(129) Pause Young (Allocation Failure) 5664M->2291M(6126M) 7.724ms
[2026-09-22T10:53:28.317+0000][84.961s][info][gc,cpu         ] GC(129) User=0.03s Sys=0.00s Real=0.01s
[2026-09-22T10:53:28.563+0000][85.208s][info][gc,start       ] GC(130) Pause Young (Allocation Failure)
[2026-09-22T10:53:28.583+0000][85.227s][info][gc,heap        ] GC(130) PSYoungGen: 3444701K(3476480K)->15328K(3470336K) Eden: 3443069K(3460608K)->0K(3454976K) From: 1632K(15872K)->15328K(15360K)
[2026-09-22T10:53:28.583+0000][85.227s][info][gc,heap        ] GC(130) ParOldGen: 2344455K(2796544K)->2348671K(2796544K)
[2026-09-22T10:53:28.583+0000][85.227s][info][gc,metaspace   ] GC(130) Metaspace: 166396K(168064K)->166396K(168064K) NonClass: 139965K(140928K)->139965K(140928K) Class: 26430K(27136K)->26430K(27136K)
[2026-09-22T10:53:28.583+0000][85.227s][info][gc             ] GC(130) Pause Young (Allocation Failure) 5653M->2308M(6120M) 19.665ms
[2026-09-22T10:53:28.583+0000][85.227s][info][gc,cpu         ] GC(130) User=0.08s Sys=0.00s Real=0.02s
[2026-09-22T10:53:28.732+0000][85.376s][info][gc,start       ] GC(131) Pause Young (Allocation Failure)
[2026-09-22T10:53:28.744+0000][85.389s][info][gc,heap        ] GC(131) PSYoungGen: 3454976K(3470336K)->1312K(3474944K) Eden: 3439648K(3454976K)->0K(3454976K) From: 15328K(15360K)->1312K(19968K)
[2026-09-22T10:53:28.744+0000][85.389s][info][gc,heap        ] GC(131) ParOldGen: 2348671K(2796544K)->2363687K(2796544K)
[2026-09-22T10:53:28.744+0000][85.389s][info][gc,metaspace   ] GC(131) Metaspace: 166396K(168064K)->166396K(168064K) NonClass: 139965K(140928K)->139965K(140928K) Class: 26430K(27136K)->26430K(27136K)
[2026-09-22T10:53:28.745+0000][85.389s][info][gc             ] GC(131) Pause Young (Allocation Failure) 5667M->2309M(6124M) 12.474ms
[2026-09-22T10:53:28.745+0000][85.389s][info][gc,cpu         ] GC(131) User=0.04s Sys=0.00s Real=0.01s
[2026-09-22T10:53:28.880+0000][85.524s][info][gc,start       ] GC(132) Pause Young (Allocation Failure)
[2026-09-22T10:53:28.887+0000][85.531s][info][gc,heap        ] GC(132) PSYoungGen: 3438255K(3474944K)->1248K(3472896K) Eden: 3436943K(3454976K)->0K(3456000K) From: 1312K(19968K)->1248K(16896K)
[2026-09-22T10:53:28.887+0000][85.531s][info][gc,heap        ] GC(132) ParOldGen: 2363687K(2796544K)->2364887K(2796544K)
[2026-09-22T10:53:28.887+0000][85.531s][info][gc,metaspace   ] GC(132) Metaspace: 166396K(168064K)->166396K(168064K) NonClass: 139965K(140928K)->139965K(140928K) Class: 26430K(27136K)->26430K(27136K)
[2026-09-22T10:53:28.887+0000][85.531s][info][gc             ] GC(132) Pause Young (Allocation Failure) 5665M->2310M(6122M) 7.677ms
[2026-09-22T10:53:28.887+0000][85.531s][info][gc,cpu         ] GC(132) User=0.02s Sys=0.00s Real=0.00s
[2026-09-22T10:53:29.025+0000][85.669s][info][gc,start       ] GC(133) Pause Young (Allocation Failure)
[2026-09-22T10:53:29.031+0000][85.676s][info][gc,heap        ] GC(133) PSYoungGen: 3443687K(3472896K)->1152K(3474432K) Eden: 3442439K(3456000K)->0K(3456000K) From: 1248K(16896K)->1152K(18432K)
[2026-09-22T10:53:29.031+0000][85.676s][info][gc,heap        ] GC(133) ParOldGen: 2364887K(2796544K)->2366071K(2796544K)
[2026-09-22T10:53:29.032+0000][85.676s][info][gc,metaspace   ] GC(133) Metaspace: 166396K(168064K)->166396K(168064K) NonClass: 139965K(140928K)->139965K(140928K) Class: 26430K(27136K)->26430K(27136K)
[2026-09-22T10:53:29.032+0000][85.676s][info][gc             ] GC(133) Pause Young (Allocation Failure) 5672M->2311M(6124M) 6.883ms
[2026-09-22T10:53:29.032+0000][85.676s][info][gc,cpu         ] GC(133) User=0.03s Sys=0.00s Real=0.01s
[2026-09-22T10:53:29.170+0000][85.814s][info][gc,start       ] GC(134) Pause Young (Allocation Failure)
[2026-09-22T10:53:29.177+0000][85.821s][info][gc,heap        ] GC(134) PSYoungGen: 3456618K(3474432K)->1184K(3474944K) Eden: 3455466K(3456000K)->0K(3459072K) From: 1152K(18432K)->1184K(15872K)
[2026-09-22T10:53:29.177+0000][85.821s][info][gc,heap        ] GC(134) ParOldGen: 2366071K(2796544K)->2367139K(2796544K)
[2026-09-22T10:53:29.177+0000][85.821s][info][gc,metaspace   ] GC(134) Metaspace: 166396K(168064K)->166396K(168064K) NonClass: 139965K(140928K)->139965K(140928K) Class: 26430K(27136K)->26430K(27136K)
[2026-09-22T10:53:29.177+0000][85.821s][info][gc             ] GC(134) Pause Young (Allocation Failure) 5686M->2312M(6124M) 6.968ms
[2026-09-22T10:53:29.177+0000][85.821s][info][gc,cpu         ] GC(134) User=0.03s Sys=0.00s Real=0.00s
[2026-09-22T10:53:29.311+0000][85.955s][info][gc,start       ] GC(135) Pause Young (Allocation Failure)
[2026-09-22T10:53:29.319+0000][85.964s][info][gc,heap        ] GC(135) PSYoungGen: 3458712K(3474944K)->1344K(3475968K) Eden: 3457528K(3459072K)->0K(3459072K) From: 1184K(15872K)->1344K(16896K)
[2026-09-22T10:53:29.319+0000][85.964s][info][gc,heap        ] GC(135) ParOldGen: 2367139K(2796544K)->2368315K(2796544K)
[2026-09-22T10:53:29.319+0000][85.964s][info][gc,metaspace   ] GC(135) Metaspace: 166396K(168064K)->166396K(168064K) NonClass: 139965K(140928K)->139965K(140928K) Class: 26430K(27136K)->26430K(27136K)
[2026-09-22T10:53:29.319+0000][85.964s][info][gc             ] GC(135) Pause Young (Allocation Failure) 5689M->2314M(6125M) 8.773ms
[2026-09-22T10:53:29.319+0000][85.964s][info][gc,cpu         ] GC(135) User=0.03s Sys=0.00s Real=0.01s
[2026-09-22T10:53:29.454+0000][86.098s][info][gc,start       ] GC(136) Pause Young (Allocation Failure)
[2026-09-22T10:53:29.463+0000][86.107s][info][gc,heap        ] GC(136) PSYoungGen: 3444380K(3475968K)->1312K(3476992K) Eden: 3443036K(3459072K)->0K(3462144K) From: 1344K(16896K)->1312K(14848K)
[2026-09-22T10:53:29.463+0000][86.107s][info][gc,heap        ] GC(136) ParOldGen: 2368315K(2796544K)->2369587K(2796544K)
[2026-09-22T10:53:29.463+0000][86.107s][info][gc,metaspace   ] GC(136) Metaspace: 166396K(168064K)->166396K(168064K) NonClass: 139965K(140928K)->139965K(140928K) Class: 26430K(27136K)->26430K(27136K)
[2026-09-22T10:53:29.463+0000][86.107s][info][gc             ] GC(136) Pause Young (Allocation Failure) 5676M->2315M(6126M) 8.505ms
[2026-09-22T10:53:29.463+0000][86.107s][info][gc,cpu         ] GC(136) User=0.03s Sys=0.00s Real=0.01s
[2026-09-22T10:53:29.600+0000][86.244s][info][gc,start       ] GC(137) Pause Young (Allocation Failure)
[2026-09-22T10:53:29.609+0000][86.253s][info][gc,heap        ] GC(137) PSYoungGen: 3443040K(3476992K)->1440K(3477504K) Eden: 3441728K(3462144K)->0K(3462144K) From: 1312K(14848K)->1440K(15360K)
[2026-09-22T10:53:29.609+0000][86.253s][info][gc,heap        ] GC(137) ParOldGen: 2369587K(2796544K)->2370859K(2796544K)
[2026-09-22T10:53:29.609+0000][86.253s][info][gc,metaspace   ] GC(137) Metaspace: 166396K(168064K)->166396K(168064K) NonClass: 139965K(140928K)->139965K(140928K) Class: 26430K(27136K)->26430K(27136K)
[2026-09-22T10:53:29.609+0000][86.253s][info][gc             ] GC(137) Pause Young (Allocation Failure) 5676M->2316M(6127M) 8.334ms
[2026-09-22T10:53:29.609+0000][86.253s][info][gc,cpu         ] GC(137) User=0.03s Sys=0.00s Real=0.00s
[2026-09-22T10:53:29.746+0000][86.390s][info][gc,start       ] GC(138) Pause Young (Allocation Failure)
[2026-09-22T10:53:29.753+0000][86.398s][info][gc,heap        ] GC(138) PSYoungGen: 3447311K(3477504K)->1344K(3479040K) Eden: 3445871K(3462144K)->0K(3465216K) From: 1440K(15360K)->1344K(13824K)
[2026-09-22T10:53:29.753+0000][86.398s][info][gc,heap        ] GC(138) ParOldGen: 2370859K(2796544K)->2372283K(2796544K)
[2026-09-22T10:53:29.753+0000][86.398s][info][gc,metaspace   ] GC(138) Metaspace: 166396K(168064K)->166396K(168064K) NonClass: 139965K(140928K)->139965K(140928K) Class: 26430K(27136K)->26430K(27136K)
[2026-09-22T10:53:29.753+0000][86.398s][info][gc             ] GC(138) Pause Young (Allocation Failure) 5681M->2317M(6128M) 7.779ms
[2026-09-22T10:53:29.754+0000][86.398s][info][gc,cpu         ] GC(138) User=0.03s Sys=0.00s Real=0.01s
[2026-09-22T10:53:29.890+0000][86.534s][info][gc,start       ] GC(139) Pause Young (Allocation Failure)
[2026-09-22T10:53:29.898+0000][86.542s][info][gc,heap        ] GC(139) PSYoungGen: 3450831K(3479040K)->1664K(3479040K) Eden: 3449487K(3465216K)->0K(3465216K) From: 1344K(13824K)->1664K(13824K)
[2026-09-22T10:53:29.898+0000][86.542s][info][gc,heap        ] GC(139) ParOldGen: 2372283K(2796544K)->2373595K(2796544K)
[2026-09-22T10:53:29.898+0000][86.542s][info][gc,metaspace   ] GC(139) Metaspace: 166396K(168064K)->166396K(168064K) NonClass: 139965K(140928K)->139965K(140928K) Class: 26430K(27136K)->26430K(27136K)
[2026-09-22T10:53:29.898+0000][86.542s][info][gc             ] GC(139) Pause Young (Allocation Failure) 5686M->2319M(6128M) 7.767ms
[2026-09-22T10:53:29.898+0000][86.542s][info][gc,cpu         ] GC(139) User=0.03s Sys=0.00s Real=0.00s
[2026-09-22T10:53:30.036+0000][86.680s][info][gc,start       ] GC(140) Pause Young (Allocation Failure)
[2026-09-22T10:53:30.044+0000][86.688s][info][gc,heap        ] GC(140) PSYoungGen: 3459887K(3479040K)->1408K(3480576K) Eden: 3458223K(3465216K)->0K(3467776K) From: 1664K(13824K)->1408K(12800K)
[2026-09-22T10:53:30.044+0000][86.688s][info][gc,heap        ] GC(140) ParOldGen: 2373595K(2796544K)->2375227K(2796544K)
[2026-09-22T10:53:30.044+0000][86.688s][info][gc,metaspace   ] GC(140) Metaspace: 166396K(168064K)->166396K(168064K) NonClass: 139965K(140928K)->139965K(140928K) Class: 26431K(27136K)->26431K(27136K)
[2026-09-22T10:53:30.044+0000][86.688s][info][gc             ] GC(140) Pause Young (Allocation Failure) 5696M->2320M(6130M) 7.977ms
[2026-09-22T10:53:30.044+0000][86.688s][info][gc,cpu         ] GC(140) User=0.03s Sys=0.00s Real=0.01s
[2026-09-22T10:53:30.183+0000][86.827s][info][gc,start       ] GC(141) Pause Young (Allocation Failure)
[2026-09-22T10:53:30.191+0000][86.835s][info][gc,heap        ] GC(141) PSYoungGen: 3463288K(3480576K)->1664K(3480064K) Eden: 3461880K(3467776K)->0K(3467776K) From: 1408K(12800K)->1664K(12288K)
[2026-09-22T10:53:30.191+0000][86.835s][info][gc,heap        ] GC(141) ParOldGen: 2375227K(2796544K)->2376571K(2796544K)
[2026-09-22T10:53:30.191+0000][86.835s][info][gc,metaspace   ] GC(141) Metaspace: 166396K(168064K)->166396K(168064K) NonClass: 139965K(140928K)->139965K(140928K) Class: 26431K(27136K)->26431K(27136K)
[2026-09-22T10:53:30.191+0000][86.835s][info][gc             ] GC(141) Pause Young (Allocation Failure) 5701M->2322M(6129M) 7.980ms
[2026-09-22T10:53:30.191+0000][86.835s][info][gc,cpu         ] GC(141) User=0.03s Sys=0.00s Real=0.01s
[2026-09-22T10:53:30.464+0000][87.108s][info][gc,start       ] GC(142) Pause Young (Allocation Failure)
[2026-09-22T10:53:30.484+0000][87.129s][info][gc,heap        ] GC(142) PSYoungGen: 3463415K(3480064K)->11248K(3473408K) Eden: 3461751K(3467776K)->0K(3462144K) From: 1664K(12288K)->11248K(11264K)
[2026-09-22T10:53:30.484+0000][87.129s][info][gc,heap        ] GC(142) ParOldGen: 2376571K(2796544K)->2383191K(2796544K)
[2026-09-22T10:53:30.484+0000][87.129s][info][gc,metaspace   ] GC(142) Metaspace: 166396K(168064K)->166396K(168064K) NonClass: 139965K(140928K)->139965K(140928K) Class: 26431K(27136K)->26431K(27136K)
[2026-09-22T10:53:30.484+0000][87.129s][info][gc             ] GC(142) Pause Young (Allocation Failure) 5703M->2338M(6123M) 20.889ms
[2026-09-22T10:53:30.484+0000][87.129s][info][gc,cpu         ] GC(142) User=0.08s Sys=0.00s Real=0.02s
[2026-09-22T10:53:30.634+0000][87.278s][info][gc,start       ] GC(143) Pause Young (Allocation Failure)
[2026-09-22T10:53:30.646+0000][87.290s][info][gc,heap        ] GC(143) PSYoungGen: 3453473K(3473408K)->1120K(3478528K) Eden: 3442225K(3462144K)->0K(3462144K) From: 11248K(11264K)->1120K(16384K)
[2026-09-22T10:53:30.646+0000][87.290s][info][gc,heap        ] GC(143) ParOldGen: 2383191K(2796544K)->2394087K(2796544K)
[2026-09-22T10:53:30.646+0000][87.290s][info][gc,metaspace   ] GC(143) Metaspace: 166397K(168064K)->166397K(168064K) NonClass: 139966K(140928K)->139966K(140928K) Class: 26431K(27136K)->26431K(27136K)
[2026-09-22T10:53:30.646+0000][87.290s][info][gc             ] GC(143) Pause Young (Allocation Failure) 5699M->2339M(6128M) 12.178ms
[2026-09-22T10:53:30.646+0000][87.290s][info][gc,cpu         ] GC(143) User=0.05s Sys=0.00s Real=0.01s
[2026-09-22T10:53:30.784+0000][87.429s][info][gc,start       ] GC(144) Pause Young (Allocation Failure)
[2026-09-22T10:53:30.792+0000][87.436s][info][gc,heap        ] GC(144) PSYoungGen: 3456565K(3478528K)->1120K(3476480K) Eden: 3455445K(3462144K)->0K(3463168K) From: 1120K(16384K)->1120K(13312K)
[2026-09-22T10:53:30.792+0000][87.436s][info][gc,heap        ] GC(144) ParOldGen: 2394087K(2796544K)->2395103K(2796544K)
[2026-09-22T10:53:30.792+0000][87.436s][info][gc,metaspace   ] GC(144) Metaspace: 166397K(168064K)->166397K(168064K) NonClass: 139966K(140928K)->139966K(140928K) Class: 26431K(27136K)->26431K(27136K)
[2026-09-22T10:53:30.792+0000][87.436s][info][gc             ] GC(144) Pause Young (Allocation Failure) 5713M->2340M(6126M) 7.321ms
[2026-09-22T10:53:30.792+0000][87.436s][info][gc,cpu         ] GC(144) User=0.03s Sys=0.00s Real=0.01s
[2026-09-22T10:53:30.929+0000][87.574s][info][gc,start       ] GC(145) Pause Young (Allocation Failure)
[2026-09-22T10:53:30.937+0000][87.581s][info][gc,heap        ] GC(145) PSYoungGen: 3453581K(3476480K)->1184K(3478016K) Eden: 3452461K(3463168K)->0K(3463168K) From: 1120K(13312K)->1184K(14848K)
[2026-09-22T10:53:30.937+0000][87.581s][info][gc,heap        ] GC(145) ParOldGen: 2395103K(2796544K)->2396167K(2796544K)
[2026-09-22T10:53:30.937+0000][87.581s][info][gc,metaspace   ] GC(145) Metaspace: 166397K(168064K)->166397K(168064K) NonClass: 139966K(140928K)->139966K(140928K) Class: 26431K(27136K)->26431K(27136K)
[2026-09-22T10:53:30.937+0000][87.581s][info][gc             ] GC(145) Pause Young (Allocation Failure) 5711M->2341M(6127M) 7.555ms
[2026-09-22T10:53:30.937+0000][87.581s][info][gc,cpu         ] GC(145) User=0.02s Sys=0.00s Real=0.00s
[2026-09-22T10:53:31.077+0000][87.721s][info][gc,start       ] GC(146) Pause Young (Allocation Failure)
[2026-09-22T10:53:31.086+0000][87.730s][info][gc,heap        ] GC(146) PSYoungGen: 3463930K(3478016K)->1632K(3477504K) Eden: 3462746K(3463168K)->0K(3465728K) From: 1184K(14848K)->1632K(11776K)
[2026-09-22T10:53:31.086+0000][87.730s][info][gc,heap        ] GC(146) ParOldGen: 2396167K(2796544K)->2397311K(2796544K)
[2026-09-22T10:53:31.086+0000][87.730s][info][gc,metaspace   ] GC(146) Metaspace: 166397K(168064K)->166397K(168064K) NonClass: 139966K(140928K)->139966K(140928K) Class: 26431K(27136K)->26431K(27136K)
[2026-09-22T10:53:31.086+0000][87.730s][info][gc             ] GC(146) Pause Young (Allocation Failure) 5722M->2342M(6127M) 8.957ms
[2026-09-22T10:53:31.086+0000][87.730s][info][gc,cpu         ] GC(146) User=0.04s Sys=0.00s Real=0.01s
[2026-09-22T10:53:31.223+0000][87.868s][info][gc,start       ] GC(147) Pause Young (Allocation Failure)
[2026-09-22T10:53:31.231+0000][87.875s][info][gc,heap        ] GC(147) PSYoungGen: 3463711K(3477504K)->1184K(3479040K) Eden: 3462079K(3465728K)->0K(3465728K) From: 1632K(11776K)->1184K(13312K)
[2026-09-22T10:53:31.231+0000][87.875s][info][gc,heap        ] GC(147) ParOldGen: 2397311K(2796544K)->2398915K(2796544K)
[2026-09-22T10:53:31.231+0000][87.875s][info][gc,metaspace   ] GC(147) Metaspace: 166397K(168064K)->166397K(168064K) NonClass: 139966K(140928K)->139966K(140928K) Class: 26431K(27136K)->26431K(27136K)
[2026-09-22T10:53:31.231+0000][87.875s][info][gc             ] GC(147) Pause Young (Allocation Failure) 5723M->2343M(6128M) 7.929ms
[2026-09-22T10:53:31.231+0000][87.875s][info][gc,cpu         ] GC(147) User=0.03s Sys=0.00s Real=0.01s
[2026-09-22T10:53:31.367+0000][88.011s][info][gc,start       ] GC(148) Pause Young (Allocation Failure)
[2026-09-22T10:53:31.374+0000][88.019s][info][gc,heap        ] GC(148) PSYoungGen: 3466027K(3479040K)->1216K(3480064K) Eden: 3464843K(3465728K)->0K(3468800K) From: 1184K(13312K)->1216K(11264K)
[2026-09-22T10:53:31.374+0000][88.019s][info][gc,heap        ] GC(148) ParOldGen: 2398915K(2796544K)->2400059K(2796544K)
[2026-09-22T10:53:31.374+0000][88.019s][info][gc,metaspace   ] GC(148) Metaspace: 166397K(168064K)->166397K(168064K) NonClass: 139966K(140928K)->139966K(140928K) Class: 26431K(27136K)->26431K(27136K)
[2026-09-22T10:53:31.374+0000][88.019s][info][gc             ] GC(148) Pause Young (Allocation Failure) 5727M->2344M(6129M) 7.259ms
[2026-09-22T10:53:31.374+0000][88.019s][info][gc,cpu         ] GC(148) User=0.03s Sys=0.00s Real=0.01s
[2026-09-22T10:53:31.510+0000][88.155s][info][gc,start       ] GC(149) Pause Young (Allocation Failure)
[2026-09-22T10:53:31.518+0000][88.162s][info][gc,heap        ] GC(149) PSYoungGen: 3464698K(3480064K)->1248K(3481088K) Eden: 3463482K(3468800K)->0K(3468800K) From: 1216K(11264K)->1248K(12288K)
[2026-09-22T10:53:31.518+0000][88.162s][info][gc,heap        ] GC(149) ParOldGen: 2400059K(2796544K)->2401199K(2796544K)
[2026-09-22T10:53:31.518+0000][88.162s][info][gc,metaspace   ] GC(149) Metaspace: 166397K(168064K)->166397K(168064K) NonClass: 139966K(140928K)->139966K(140928K) Class: 26431K(27136K)->26431K(27136K)
[2026-09-22T10:53:31.518+0000][88.162s][info][gc             ] GC(149) Pause Young (Allocation Failure) 5727M->2346M(6130M) 7.866ms
[2026-09-22T10:53:31.518+0000][88.162s][info][gc,cpu         ] GC(149) User=0.03s Sys=0.00s Real=0.00s
[2026-09-22T10:53:31.655+0000][88.299s][info][gc,start       ] GC(150) Pause Young (Allocation Failure)
[2026-09-22T10:53:31.664+0000][88.309s][info][gc,heap        ] GC(150) PSYoungGen: 3457703K(3481088K)->1600K(3481600K) Eden: 3456455K(3468800K)->0K(3471360K) From: 1248K(12288K)->1600K(10240K)
[2026-09-22T10:53:31.664+0000][88.309s][info][gc,heap        ] GC(150) ParOldGen: 2401199K(2796544K)->2402383K(2796544K)
[2026-09-22T10:53:31.664+0000][88.309s][info][gc,metaspace   ] GC(150) Metaspace: 166397K(168064K)->166397K(168064K) NonClass: 139966K(140928K)->139966K(140928K) Class: 26431K(27136K)->26431K(27136K)
[2026-09-22T10:53:31.664+0000][88.309s][info][gc             ] GC(150) Pause Young (Allocation Failure) 5721M->2347M(6131M) 9.270ms
[2026-09-22T10:53:31.664+0000][88.309s][info][gc,cpu         ] GC(150) User=0.03s Sys=0.00s Real=0.01s
[2026-09-22T10:53:31.801+0000][88.445s][info][gc,start       ] GC(151) Pause Young (Allocation Failure)
[2026-09-22T10:53:31.810+0000][88.454s][info][gc,heap        ] GC(151) PSYoungGen: 3467281K(3481600K)->1344K(3482112K) Eden: 3465681K(3471360K)->0K(3471360K) From: 1600K(10240K)->1344K(10752K)
[2026-09-22T10:53:31.810+0000][88.454s][info][gc,heap        ] GC(151) ParOldGen: 2402383K(2796544K)->2403943K(2796544K)
[2026-09-22T10:53:31.810+0000][88.454s][info][gc,metaspace   ] GC(151) Metaspace: 166397K(168064K)->166397K(168064K) NonClass: 139966K(140928K)->139966K(140928K) Class: 26431K(27136K)->26431K(27136K)
[2026-09-22T10:53:31.810+0000][88.454s][info][gc             ] GC(151) Pause Young (Allocation Failure) 5732M->2348M(6131M) 8.628ms
[2026-09-22T10:53:31.810+0000][88.454s][info][gc,cpu         ] GC(151) User=0.03s Sys=0.00s Real=0.01s
[2026-09-22T10:53:31.948+0000][88.592s][info][gc,start       ] GC(152) Pause Young (Allocation Failure)
[2026-09-22T10:53:31.957+0000][88.601s][info][gc,heap        ] GC(152) PSYoungGen: 3455659K(3482112K)->1664K(3483136K) Eden: 3454315K(3471360K)->0K(3473920K) From: 1344K(10752K)->1664K(9216K)
[2026-09-22T10:53:31.957+0000][88.601s][info][gc,heap        ] GC(152) ParOldGen: 2403943K(2796544K)->2405239K(2796544K)
[2026-09-22T10:53:31.957+0000][88.601s][info][gc,metaspace   ] GC(152) Metaspace: 166397K(168064K)->166397K(168064K) NonClass: 139966K(140928K)->139966K(140928K) Class: 26431K(27136K)->26431K(27136K)
[2026-09-22T10:53:31.957+0000][88.601s][info][gc             ] GC(152) Pause Young (Allocation Failure) 5722M->2350M(6132M) 9.150ms
[2026-09-22T10:53:31.957+0000][88.601s][info][gc,cpu         ] GC(152) User=0.03s Sys=0.00s Real=0.01s
[2026-09-22T10:53:32.103+0000][88.747s][info][gc,start       ] GC(153) Pause Young (Allocation Failure)
[2026-09-22T10:53:32.112+0000][88.756s][info][gc,heap        ] GC(153) PSYoungGen: 3457204K(3483136K)->1504K(3483648K) Eden: 3455540K(3473920K)->0K(3473920K) From: 1664K(9216K)->1504K(9728K)
[2026-09-22T10:53:32.112+0000][88.756s][info][gc,heap        ] GC(153) ParOldGen: 2405239K(2796544K)->2406863K(2796544K)
[2026-09-22T10:53:32.112+0000][88.756s][info][gc,metaspace   ] GC(153) Metaspace: 166397K(168064K)->166397K(168064K) NonClass: 139966K(140928K)->139966K(140928K) Class: 26431K(27136K)->26431K(27136K)
[2026-09-22T10:53:32.112+0000][88.756s][info][gc             ] GC(153) Pause Young (Allocation Failure) 5725M->2351M(6133M) 8.809ms
[2026-09-22T10:53:32.112+0000][88.756s][info][gc,cpu         ] GC(153) User=0.04s Sys=0.00s Real=0.01s
[2026-09-22T10:53:32.342+0000][88.986s][info][gc,start       ] GC(154) Pause Young (Allocation Failure)
[2026-09-22T10:53:32.373+0000][89.017s][info][gc,heap        ] GC(154) PSYoungGen: 3473487K(3483648K)->9216K(3461120K) Eden: 3471983K(3473920K)->0K(3451904K) From: 1504K(9728K)->9216K(9216K)
[2026-09-22T10:53:32.373+0000][89.017s][info][gc,heap        ] GC(154) ParOldGen: 2406863K(2796544K)->2435803K(2796544K)
[2026-09-22T10:53:32.373+0000][89.017s][info][gc,metaspace   ] GC(154) Metaspace: 166397K(168064K)->166397K(168064K) NonClass: 139966K(140928K)->139966K(140928K) Class: 26431K(27136K)->26431K(27136K)
[2026-09-22T10:53:32.373+0000][89.017s][info][gc             ] GC(154) Pause Young (Allocation Failure) 5742M->2387M(6111M) 31.100ms
[2026-09-22T10:53:32.373+0000][89.017s][info][gc,cpu         ] GC(154) User=0.11s Sys=0.00s Real=0.03s
[2026-09-22T10:53:32.520+0000][89.164s][info][gc,start       ] GC(155) Pause Young (Allocation Failure)
[2026-09-22T10:53:32.532+0000][89.176s][info][gc,heap        ] GC(155) PSYoungGen: 3444624K(3461120K)->1888K(3473408K) Eden: 3435408K(3451904K)->0K(3451904K) From: 9216K(9216K)->1888K(21504K)
[2026-09-22T10:53:32.532+0000][89.176s][info][gc,heap        ] GC(155) ParOldGen: 2435803K(2796544K)->2445107K(2796544K)
[2026-09-22T10:53:32.532+0000][89.176s][info][gc,metaspace   ] GC(155) Metaspace: 166397K(168064K)->166397K(168064K) NonClass: 139966K(140928K)->139966K(140928K) Class: 26431K(27136K)->26431K(27136K)
[2026-09-22T10:53:32.532+0000][89.176s][info][gc             ] GC(155) Pause Young (Allocation Failure) 5742M->2389M(6123M) 11.500ms
[2026-09-22T10:53:32.532+0000][89.176s][info][gc,cpu         ] GC(155) User=0.04s Sys=0.00s Real=0.01s
[2026-09-22T10:53:32.664+0000][89.309s][info][gc,start       ] GC(156) Pause Young (Allocation Failure)
[2026-09-22T10:53:32.674+0000][89.318s][info][gc,heap        ] GC(156) PSYoungGen: 3450199K(3473408K)->1248K(3470848K) Eden: 3448311K(3451904K)->0K(3452416K) From: 1888K(21504K)->1248K(18432K)
[2026-09-22T10:53:32.674+0000][89.318s][info][gc,heap        ] GC(156) ParOldGen: 2445107K(2796544K)->2446535K(2796544K)
[2026-09-22T10:53:32.674+0000][89.318s][info][gc,metaspace   ] GC(156) Metaspace: 166397K(168064K)->166397K(168064K) NonClass: 139966K(140928K)->139966K(140928K) Class: 26431K(27136K)->26431K(27136K)
[2026-09-22T10:53:32.674+0000][89.318s][info][gc             ] GC(156) Pause Young (Allocation Failure) 5757M->2390M(6120M) 9.142ms
[2026-09-22T10:53:32.674+0000][89.318s][info][gc,cpu         ] GC(156) User=0.04s Sys=0.00s Real=0.01s
[2026-09-22T10:53:32.805+0000][89.449s][info][gc,start       ] GC(157) Pause Young (Allocation Failure)
[2026-09-22T10:53:32.813+0000][89.457s][info][gc,heap        ] GC(157) PSYoungGen: 3436018K(3470848K)->1088K(3472384K) Eden: 3434770K(3452416K)->0K(3452416K) From: 1248K(18432K)->1088K(19968K)
[2026-09-22T10:53:32.813+0000][89.457s][info][gc,heap        ] GC(157) ParOldGen: 2446535K(2796544K)->2447743K(2796544K)
[2026-09-22T10:53:32.813+0000][89.457s][info][gc,metaspace   ] GC(157) Metaspace: 166397K(168064K)->166397K(168064K) NonClass: 139966K(140928K)->139966K(140928K) Class: 26431K(27136K)->26431K(27136K)
[2026-09-22T10:53:32.813+0000][89.457s][info][gc             ] GC(157) Pause Young (Allocation Failure) 5744M->2391M(6122M) 7.899ms
[2026-09-22T10:53:32.813+0000][89.457s][info][gc,cpu         ] GC(157) User=0.03s Sys=0.00s Real=0.01s
[2026-09-22T10:53:32.946+0000][89.591s][info][gc,start       ] GC(158) Pause Young (Allocation Failure)
[2026-09-22T10:53:32.954+0000][89.598s][info][gc,heap        ] GC(158) PSYoungGen: 3447922K(3472384K)->1312K(3473408K) Eden: 3446834K(3452416K)->0K(3456000K) From: 1088K(19968K)->1312K(17408K)
[2026-09-22T10:53:32.954+0000][89.598s][info][gc,heap        ] GC(158) ParOldGen: 2447743K(2796544K)->2448799K(2796544K)
[2026-09-22T10:53:32.954+0000][89.598s][info][gc,metaspace   ] GC(158) Metaspace: 166397K(168064K)->166397K(168064K) NonClass: 139966K(140928K)->139966K(140928K) Class: 26431K(27136K)->26431K(27136K)
[2026-09-22T10:53:32.954+0000][89.598s][info][gc             ] GC(158) Pause Young (Allocation Failure) 5757M->2392M(6123M) 7.894ms
[2026-09-22T10:53:32.954+0000][89.598s][info][gc,cpu         ] GC(158) User=0.03s Sys=0.00s Real=0.01s
[2026-09-22T10:53:33.091+0000][89.735s][info][gc,start       ] GC(159) Pause Young (Allocation Failure)
[2026-09-22T10:53:33.100+0000][89.744s][info][gc,heap        ] GC(159) PSYoungGen: 3447651K(3473408K)->1440K(3474432K) Eden: 3446339K(3456000K)->0K(3456000K) From: 1312K(17408K)->1440K(18432K)
[2026-09-22T10:53:33.100+0000][89.744s][info][gc,heap        ] GC(159) ParOldGen: 2448799K(2796544K)->2450055K(2796544K)
[2026-09-22T10:53:33.100+0000][89.744s][info][gc,metaspace   ] GC(159) Metaspace: 166397K(168064K)->166397K(168064K) NonClass: 139966K(140928K)->139966K(140928K) Class: 26431K(27136K)->26431K(27136K)
[2026-09-22T10:53:33.100+0000][89.744s][info][gc             ] GC(159) Pause Young (Allocation Failure) 5758M->2394M(6124M) 8.835ms
[2026-09-22T10:53:33.100+0000][89.744s][info][gc,cpu         ] GC(159) User=0.03s Sys=0.00s Real=0.01s
[2026-09-22T10:53:33.235+0000][89.880s][info][gc,start       ] GC(160) Pause Young (Allocation Failure)
[2026-09-22T10:53:33.244+0000][89.889s][info][gc,heap        ] GC(160) PSYoungGen: 3451296K(3474432K)->1280K(3474432K) Eden: 3449856K(3456000K)->0K(3459072K) From: 1440K(18432K)->1280K(15360K)
[2026-09-22T10:53:33.244+0000][89.889s][info][gc,heap        ] GC(160) ParOldGen: 2450055K(2796544K)->2451463K(2796544K)
[2026-09-22T10:53:33.244+0000][89.889s][info][gc,metaspace   ] GC(160) Metaspace: 166397K(168064K)->166397K(168064K) NonClass: 139966K(140928K)->139966K(140928K) Class: 26431K(27136K)->26431K(27136K)
[2026-09-22T10:53:33.244+0000][89.889s][info][gc             ] GC(160) Pause Young (Allocation Failure) 5763M->2395M(6124M) 8.940ms
[2026-09-22T10:53:33.244+0000][89.889s][info][gc,cpu         ] GC(160) User=0.03s Sys=0.00s Real=0.01s
[2026-09-22T10:53:33.378+0000][90.022s][info][gc,start       ] GC(161) Pause Young (Allocation Failure)
[2026-09-22T10:53:33.386+0000][90.031s][info][gc,heap        ] GC(161) PSYoungGen: 3443455K(3474432K)->1312K(3475456K) Eden: 3442175K(3459072K)->0K(3459072K) From: 1280K(15360K)->1312K(16384K)
[2026-09-22T10:53:33.386+0000][90.031s][info][gc,heap        ] GC(161) ParOldGen: 2451463K(2796544K)->2452699K(2796544K)
[2026-09-22T10:53:33.386+0000][90.031s][info][gc,metaspace   ] GC(161) Metaspace: 166397K(168064K)->166397K(168064K) NonClass: 139966K(140928K)->139966K(140928K) Class: 26431K(27136K)->26431K(27136K)
[2026-09-22T10:53:33.386+0000][90.031s][info][gc             ] GC(161) Pause Young (Allocation Failure) 5756M->2396M(6125M) 8.558ms
[2026-09-22T10:53:33.386+0000][90.031s][info][gc,cpu         ] GC(161) User=0.03s Sys=0.00s Real=0.01s
[2026-09-22T10:53:33.523+0000][90.167s][info][gc,start       ] GC(162) Pause Young (Allocation Failure)
[2026-09-22T10:53:33.532+0000][90.176s][info][gc,heap        ] GC(162) PSYoungGen: 3455487K(3475456K)->1504K(3475968K) Eden: 3454175K(3459072K)->0K(3462656K) From: 1312K(16384K)->1504K(13312K)
[2026-09-22T10:53:33.532+0000][90.176s][info][gc,heap        ] GC(162) ParOldGen: 2452699K(2796544K)->2453955K(2796544K)
[2026-09-22T10:53:33.532+0000][90.176s][info][gc,metaspace   ] GC(162) Metaspace: 166397K(168064K)->166397K(168064K) NonClass: 139966K(140928K)->139966K(140928K) Class: 26431K(27136K)->26431K(27136K)
[2026-09-22T10:53:33.532+0000][90.176s][info][gc             ] GC(162) Pause Young (Allocation Failure) 5769M->2397M(6125M) 8.698ms
[2026-09-22T10:53:33.532+0000][90.176s][info][gc,cpu         ] GC(162) User=0.03s Sys=0.00s Real=0.01s
[2026-09-22T10:53:33.673+0000][90.317s][info][gc,start       ] GC(163) Pause Young (Allocation Failure)
[2026-09-22T10:53:33.686+0000][90.330s][info][gc,heap        ] GC(163) PSYoungGen: 3450542K(3475968K)->1408K(3477504K) Eden: 3449038K(3462656K)->0K(3462656K) From: 1504K(13312K)->1408K(14848K)
[2026-09-22T10:53:33.686+0000][90.330s][info][gc,heap        ] GC(163) ParOldGen: 2453955K(2796544K)->2455431K(2796544K)
[2026-09-22T10:53:33.686+0000][90.330s][info][gc,metaspace   ] GC(163) Metaspace: 166397K(168064K)->166397K(168064K) NonClass: 139966K(140928K)->139966K(140928K) Class: 26431K(27136K)->26431K(27136K)
[2026-09-22T10:53:33.686+0000][90.330s][info][gc             ] GC(163) Pause Young (Allocation Failure) 5766M->2399M(6127M) 12.546ms
[2026-09-22T10:53:33.686+0000][90.330s][info][gc,cpu         ] GC(163) User=0.05s Sys=0.00s Real=0.01s
[2026-09-22T10:53:33.828+0000][90.472s][info][gc,start       ] GC(164) Pause Young (Allocation Failure)
[2026-09-22T10:53:33.835+0000][90.480s][info][gc,heap        ] GC(164) PSYoungGen: 3462319K(3477504K)->1632K(3478528K) Eden: 3460911K(3462656K)->0K(3466240K) From: 1408K(14848K)->1632K(12288K)
[2026-09-22T10:53:33.835+0000][90.480s][info][gc,heap        ] GC(164) ParOldGen: 2455431K(2796544K)->2456811K(2796544K)
[2026-09-22T10:53:33.835+0000][90.480s][info][gc,metaspace   ] GC(164) Metaspace: 166397K(168064K)->166397K(168064K) NonClass: 139966K(140928K)->139966K(140928K) Class: 26431K(27136K)->26431K(27136K)
[2026-09-22T10:53:33.835+0000][90.480s][info][gc             ] GC(164) Pause Young (Allocation Failure) 5779M->2400M(6128M) 7.950ms
[2026-09-22T10:53:33.836+0000][90.480s][info][gc,cpu         ] GC(164) User=0.03s Sys=0.00s Real=0.01s
[2026-09-22T10:53:33.975+0000][90.620s][info][gc,start       ] GC(165) Pause Young (Allocation Failure)
[2026-09-22T10:53:33.984+0000][90.628s][info][gc,heap        ] GC(165) PSYoungGen: 3467872K(3478528K)->1696K(3479552K) Eden: 3466240K(3466240K)->0K(3466240K) From: 1632K(12288K)->1696K(13312K)
[2026-09-22T10:53:33.984+0000][90.628s][info][gc,heap        ] GC(165) ParOldGen: 2456811K(2796544K)->2458383K(2796544K)
[2026-09-22T10:53:33.984+0000][90.628s][info][gc,metaspace   ] GC(165) Metaspace: 166397K(168064K)->166397K(168064K) NonClass: 139966K(140928K)->139966K(140928K) Class: 26431K(27136K)->26431K(27136K)
[2026-09-22T10:53:33.984+0000][90.628s][info][gc             ] GC(165) Pause Young (Allocation Failure) 5785M->2402M(6129M) 8.690ms
[2026-09-22T10:53:33.984+0000][90.628s][info][gc,cpu         ] GC(165) User=0.03s Sys=0.00s Real=0.01s
[2026-09-22T10:53:34.122+0000][90.766s][info][gc,start       ] GC(166) Pause Young (Allocation Failure)
[2026-09-22T10:53:34.129+0000][90.773s][info][gc,heap        ] GC(166) PSYoungGen: 3452429K(3479552K)->1520K(3480576K) Eden: 3450733K(3466240K)->0K(3469312K) From: 1696K(13312K)->1520K(11264K)
[2026-09-22T10:53:34.129+0000][90.773s][info][gc,heap        ] GC(166) ParOldGen: 2458383K(2796544K)->2460024K(2796544K)
[2026-09-22T10:53:34.129+0000][90.773s][info][gc,metaspace   ] GC(166) Metaspace: 166397K(168064K)->166397K(168064K) NonClass: 139966K(140928K)->139966K(140928K) Class: 26431K(27136K)->26431K(27136K)
[2026-09-22T10:53:34.129+0000][90.773s][info][gc             ] GC(166) Pause Young (Allocation Failure) 5772M->2403M(6130M) 7.334ms
[2026-09-22T10:53:34.129+0000][90.773s][info][gc,cpu         ] GC(166) User=0.03s Sys=0.00s Real=0.00s
[2026-09-22T10:53:34.393+0000][91.037s][info][gc,start       ] GC(167) Pause Young (Allocation Failure)
[2026-09-22T10:53:34.414+0000][91.058s][info][gc,heap        ] GC(167) PSYoungGen: 3465506K(3480576K)->11760K(3481088K) Eden: 3463986K(3469312K)->0K(3469312K) From: 1520K(11264K)->11760K(11776K)
[2026-09-22T10:53:34.414+0000][91.058s][info][gc,heap        ] GC(167) ParOldGen: 2460024K(2796544K)->2465552K(2796544K)
[2026-09-22T10:53:34.414+0000][91.058s][info][gc,metaspace   ] GC(167) Metaspace: 166400K(168064K)->166400K(168064K) NonClass: 139969K(140928K)->139969K(140928K) Class: 26431K(27136K)->26431K(27136K)
[2026-09-22T10:53:34.414+0000][91.058s][info][gc             ] GC(167) Pause Young (Allocation Failure) 5786M->2419M(6130M) 20.642ms
[2026-09-22T10:53:34.414+0000][91.058s][info][gc,cpu         ] GC(167) User=0.08s Sys=0.00s Real=0.02s
[2026-09-22T10:53:34.557+0000][91.201s][info][gc,start       ] GC(168) Pause Young (Allocation Failure)
[2026-09-22T10:53:34.570+0000][91.214s][info][gc,heap        ] GC(168) PSYoungGen: 3468364K(3481088K)->1680K(3478016K) Eden: 3456604K(3469312K)->0K(3464192K) From: 11760K(11776K)->1680K(13824K)
[2026-09-22T10:53:34.570+0000][91.214s][info][gc,heap        ] GC(168) ParOldGen: 2465552K(2796544K)->2477112K(2796544K)
[2026-09-22T10:53:34.570+0000][91.214s][info][gc,metaspace   ] GC(168) Metaspace: 166400K(168064K)->166400K(168064K) NonClass: 139969K(140928K)->139969K(140928K) Class: 26431K(27136K)->26431K(27136K)
[2026-09-22T10:53:34.570+0000][91.214s][info][gc             ] GC(168) Pause Young (Allocation Failure) 5794M->2420M(6127M) 12.998ms
[2026-09-22T10:53:34.570+0000][91.214s][info][gc,cpu         ] GC(168) User=0.05s Sys=0.00s Real=0.02s
[2026-09-22T10:53:34.706+0000][91.350s][info][gc,start       ] GC(169) Pause Young (Allocation Failure)
[2026-09-22T10:53:34.714+0000][91.359s][info][gc,heap        ] GC(169) PSYoungGen: 3450251K(3478016K)->1280K(3479552K) Eden: 3448571K(3464192K)->0K(3464192K) From: 1680K(13824K)->1280K(15360K)
[2026-09-22T10:53:34.714+0000][91.359s][info][gc,heap        ] GC(169) ParOldGen: 2477112K(2796544K)->2478600K(2796544K)
[2026-09-22T10:53:34.715+0000][91.359s][info][gc,metaspace   ] GC(169) Metaspace: 166400K(168064K)->166400K(168064K) NonClass: 139969K(140928K)->139969K(140928K) Class: 26431K(27136K)->26431K(27136K)
[2026-09-22T10:53:34.715+0000][91.359s][info][gc             ] GC(169) Pause Young (Allocation Failure) 5788M->2421M(6129M) 8.372ms
[2026-09-22T10:53:34.715+0000][91.359s][info][gc,cpu         ] GC(169) User=0.03s Sys=0.00s Real=0.01s
[2026-09-22T10:53:34.850+0000][91.494s][info][gc,start       ] GC(170) Pause Young (Allocation Failure)
[2026-09-22T10:53:34.857+0000][91.502s][info][gc,heap        ] GC(170) PSYoungGen: 3446308K(3479552K)->1296K(3478016K) Eden: 3445028K(3464192K)->0K(3464704K) From: 1280K(15360K)->1296K(13312K)
[2026-09-22T10:53:34.857+0000][91.502s][info][gc,heap        ] GC(170) ParOldGen: 2478600K(2796544K)->2479800K(2796544K)
[2026-09-22T10:53:34.857+0000][91.502s][info][gc,metaspace   ] GC(170) Metaspace: 166400K(168064K)->166400K(168064K) NonClass: 139969K(140928K)->139969K(140928K) Class: 26431K(27136K)->26431K(27136K)
[2026-09-22T10:53:34.857+0000][91.502s][info][gc             ] GC(170) Pause Young (Allocation Failure) 5786M->2422M(6127M) 7.688ms
[2026-09-22T10:53:34.857+0000][91.502s][info][gc,cpu         ] GC(170) User=0.03s Sys=0.00s Real=0.00s
[2026-09-22T10:53:34.994+0000][91.639s][info][gc,start       ] GC(171) Pause Young (Allocation Failure)
[2026-09-22T10:53:35.002+0000][91.647s][info][gc,heap        ] GC(171) PSYoungGen: 3466000K(3478016K)->1312K(3479040K) Eden: 3464704K(3464704K)->0K(3464704K) From: 1296K(13312K)->1312K(14336K)
[2026-09-22T10:53:35.002+0000][91.647s][info][gc,heap        ] GC(171) ParOldGen: 2479800K(2796544K)->2481072K(2796544K)
[2026-09-22T10:53:35.002+0000][91.647s][info][gc,metaspace   ] GC(171) Metaspace: 166400K(168064K)->166400K(168064K) NonClass: 139969K(140928K)->139969K(140928K) Class: 26431K(27136K)->26431K(27136K)
[2026-09-22T10:53:35.002+0000][91.647s][info][gc             ] GC(171) Pause Young (Allocation Failure) 5806M->2424M(6128M) 7.971ms
[2026-09-22T10:53:35.002+0000][91.647s][info][gc,cpu         ] GC(171) User=0.03s Sys=0.00s Real=0.01s
[2026-09-22T10:53:35.142+0000][91.786s][info][gc,start       ] GC(172) Pause Young (Allocation Failure)
[2026-09-22T10:53:35.150+0000][91.794s][info][gc,heap        ] GC(172) PSYoungGen: 3457730K(3479040K)->1376K(3479552K) Eden: 3456418K(3464704K)->0K(3467264K) From: 1312K(14336K)->1376K(12288K)
[2026-09-22T10:53:35.150+0000][91.794s][info][gc,heap        ] GC(172) ParOldGen: 2481072K(2796544K)->2482352K(2796544K)
[2026-09-22T10:53:35.150+0000][91.794s][info][gc,metaspace   ] GC(172) Metaspace: 166400K(168064K)->166400K(168064K) NonClass: 139969K(140928K)->139969K(140928K) Class: 26431K(27136K)->26431K(27136K)
[2026-09-22T10:53:35.150+0000][91.794s][info][gc             ] GC(172) Pause Young (Allocation Failure) 5799M->2425M(6129M) 8.147ms
[2026-09-22T10:53:35.150+0000][91.794s][info][gc,cpu         ] GC(172) User=0.03s Sys=0.00s Real=0.01s
[2026-09-22T10:53:35.288+0000][91.932s][info][gc,start       ] GC(173) Pause Young (Allocation Failure)
[2026-09-22T10:53:35.297+0000][91.941s][info][gc,heap        ] GC(173) PSYoungGen: 3465645K(3479552K)->1344K(3480064K) Eden: 3464269K(3467264K)->0K(3467264K) From: 1376K(12288K)->1344K(12800K)
[2026-09-22T10:53:35.297+0000][91.941s][info][gc,heap        ] GC(173) ParOldGen: 2482352K(2796544K)->2483688K(2796544K)
[2026-09-22T10:53:35.297+0000][91.941s][info][gc,metaspace   ] GC(173) Metaspace: 166400K(168064K)->166400K(168064K) NonClass: 139969K(140928K)->139969K(140928K) Class: 26431K(27136K)->26431K(27136K)
[2026-09-22T10:53:35.297+0000][91.941s][info][gc             ] GC(173) Pause Young (Allocation Failure) 5808M->2426M(6129M) 9.016ms
[2026-09-22T10:53:35.297+0000][91.941s][info][gc,cpu         ] GC(173) User=0.03s Sys=0.01s Real=0.01s
[2026-09-22T10:53:35.432+0000][92.077s][info][gc,start       ] GC(174) Pause Young (Allocation Failure)
[2026-09-22T10:53:35.441+0000][92.085s][info][gc,heap        ] GC(174) PSYoungGen: 3460228K(3480064K)->1376K(3480064K) Eden: 3458884K(3467264K)->0K(3469824K) From: 1344K(12800K)->1376K(10240K)
[2026-09-22T10:53:35.441+0000][92.085s][info][gc,heap        ] GC(174) ParOldGen: 2483688K(2796544K)->2485000K(2796544K)
[2026-09-22T10:53:35.441+0000][92.085s][info][gc,metaspace   ] GC(174) Metaspace: 166400K(168064K)->166400K(168064K) NonClass: 139969K(140928K)->139969K(140928K) Class: 26431K(27136K)->26431K(27136K)
[2026-09-22T10:53:35.441+0000][92.085s][info][gc             ] GC(174) Pause Young (Allocation Failure) 5804M->2428M(6129M) 8.846ms
[2026-09-22T10:53:35.441+0000][92.086s][info][gc,cpu         ] GC(174) User=0.03s Sys=0.00s Real=0.01s
[2026-09-22T10:53:35.578+0000][92.222s][info][gc,start       ] GC(175) Pause Young (Allocation Failure)
[2026-09-22T10:53:35.587+0000][92.232s][info][gc,heap        ] GC(175) PSYoungGen: 3453975K(3480064K)->1696K(3481088K) Eden: 3452599K(3469824K)->0K(3469824K) From: 1376K(10240K)->1696K(11264K)
[2026-09-22T10:53:35.587+0000][92.232s][info][gc,heap        ] GC(175) ParOldGen: 2485000K(2796544K)->2486336K(2796544K)
[2026-09-22T10:53:35.587+0000][92.232s][info][gc,metaspace   ] GC(175) Metaspace: 166400K(168064K)->166400K(168064K) NonClass: 139969K(140928K)->139969K(140928K) Class: 26431K(27136K)->26431K(27136K)
[2026-09-22T10:53:35.587+0000][92.232s][info][gc             ] GC(175) Pause Young (Allocation Failure) 5799M->2429M(6130M) 9.474ms
[2026-09-22T10:53:35.587+0000][92.232s][info][gc,cpu         ] GC(175) User=0.03s Sys=0.00s Real=0.01s
[2026-09-22T10:53:35.722+0000][92.366s][info][gc,start       ] GC(176) Pause Young (Allocation Failure)
[2026-09-22T10:53:35.731+0000][92.375s][info][gc,heap        ] GC(176) PSYoungGen: 3456745K(3481088K)->1568K(3482112K) Eden: 3455049K(3469824K)->0K(3472896K) From: 1696K(11264K)->1568K(9216K)
[2026-09-22T10:53:35.731+0000][92.375s][info][gc,heap        ] GC(176) ParOldGen: 2486336K(2796544K)->2487984K(2796544K)
[2026-09-22T10:53:35.731+0000][92.375s][info][gc,metaspace   ] GC(176) Metaspace: 166400K(168064K)->166400K(168064K) NonClass: 139969K(140928K)->139969K(140928K) Class: 26431K(27136K)->26431K(27136K)
[2026-09-22T10:53:35.731+0000][92.375s][info][gc             ] GC(176) Pause Young (Allocation Failure) 5803M->2431M(6131M) 9.559ms
[2026-09-22T10:53:35.731+0000][92.375s][info][gc,cpu         ] GC(176) User=0.03s Sys=0.00s Real=0.01s
[2026-09-22T10:53:35.868+0000][92.512s][info][gc,start       ] GC(177) Pause Young (Allocation Failure)
[2026-09-22T10:53:35.877+0000][92.521s][info][gc,heap        ] GC(177) PSYoungGen: 3460403K(3482112K)->1312K(3483136K) Eden: 3458835K(3472896K)->0K(3472896K) From: 1568K(9216K)->1312K(10240K)
[2026-09-22T10:53:35.877+0000][92.521s][info][gc,heap        ] GC(177) ParOldGen: 2487984K(2796544K)->2489520K(2796544K)
[2026-09-22T10:53:35.877+0000][92.521s][info][gc,metaspace   ] GC(177) Metaspace: 166400K(168064K)->166400K(168064K) NonClass: 139969K(140928K)->139969K(140928K) Class: 26431K(27136K)->26431K(27136K)
[2026-09-22T10:53:35.877+0000][92.521s][info][gc             ] GC(177) Pause Young (Allocation Failure) 5808M->2432M(6132M) 8.474ms
[2026-09-22T10:53:35.877+0000][92.521s][info][gc,cpu         ] GC(177) User=0.03s Sys=0.00s Real=0.01s
[2026-09-22T10:53:36.020+0000][92.664s][info][gc,start       ] GC(178) Pause Young (Allocation Failure)
[2026-09-22T10:53:36.028+0000][92.673s][info][gc,heap        ] GC(178) PSYoungGen: 3474208K(3483136K)->1728K(3483136K) Eden: 3472896K(3472896K)->0K(3474944K) From: 1312K(10240K)->1728K(8192K)
[2026-09-22T10:53:36.029+0000][92.673s][info][gc,heap        ] GC(178) ParOldGen: 2489520K(2796544K)->2490796K(2796544K)
[2026-09-22T10:53:36.029+0000][92.673s][info][gc,metaspace   ] GC(178) Metaspace: 166400K(168064K)->166400K(168064K) NonClass: 139969K(140928K)->139969K(140928K) Class: 26431K(27136K)->26431K(27136K)
[2026-09-22T10:53:36.029+0000][92.673s][info][gc             ] GC(178) Pause Young (Allocation Failure) 5823M->2434M(6132M) 8.404ms
[2026-09-22T10:53:36.029+0000][92.673s][info][gc,cpu         ] GC(178) User=0.03s Sys=0.01s Real=0.00s
[2026-09-22T10:53:36.285+0000][92.930s][info][gc,start       ] GC(179) Pause Young (Allocation Failure)
[2026-09-22T10:53:36.307+0000][92.951s][info][gc,heap        ] GC(179) PSYoungGen: 3475770K(3483136K)->9216K(3484160K) Eden: 3474042K(3474944K)->0K(3474944K) From: 1728K(8192K)->9216K(9216K)
[2026-09-22T10:53:36.307+0000][92.951s][info][gc,heap        ] GC(179) ParOldGen: 2490796K(2796544K)->2498628K(2796544K)
[2026-09-22T10:53:36.307+0000][92.951s][info][gc,metaspace   ] GC(179) Metaspace: 166401K(168064K)->166401K(168064K) NonClass: 139969K(140928K)->139969K(140928K) Class: 26431K(27136K)->26431K(27136K)
[2026-09-22T10:53:36.307+0000][92.951s][info][gc             ] GC(179) Pause Young (Allocation Failure) 5826M->2449M(6133M) 21.749ms
[2026-09-22T10:53:36.307+0000][92.951s][info][gc,cpu         ] GC(179) User=0.07s Sys=0.00s Real=0.02s
[2026-09-22T10:53:36.459+0000][93.104s][info][gc,start       ] GC(180) Pause Young (Allocation Failure)
[2026-09-22T10:53:36.471+0000][93.116s][info][gc,heap        ] GC(180) PSYoungGen: 3481654K(3484160K)->1536K(3479040K) Eden: 3472438K(3474944K)->0K(3468288K) From: 9216K(9216K)->1536K(10752K)
[2026-09-22T10:53:36.471+0000][93.116s][info][gc,heap        ] GC(180) ParOldGen: 2498628K(2796544K)->2507788K(2796544K)
[2026-09-22T10:53:36.471+0000][93.116s][info][gc,metaspace   ] GC(180) Metaspace: 166407K(168064K)->166407K(168064K) NonClass: 139970K(140928K)->139970K(140928K) Class: 26437K(27136K)->26437K(27136K)
[2026-09-22T10:53:36.471+0000][93.116s][info][gc             ] GC(180) Pause Young (Allocation Failure) 5840M->2450M(6128M) 12.120ms
[2026-09-22T10:53:36.471+0000][93.116s][info][gc,cpu         ] GC(180) User=0.04s Sys=0.00s Real=0.01s
[2026-09-22T10:53:36.612+0000][93.257s][info][gc,start       ] GC(181) Pause Young (Allocation Failure)
[2026-09-22T10:53:36.621+0000][93.265s][info][gc,heap        ] GC(181) PSYoungGen: 3462313K(3479040K)->1184K(3481600K) Eden: 3460777K(3468288K)->0K(3468288K) From: 1536K(10752K)->1184K(13312K)
[2026-09-22T10:53:36.621+0000][93.265s][info][gc,heap        ] GC(181) ParOldGen: 2507788K(2796544K)->2509059K(2796544K)
[2026-09-22T10:53:36.621+0000][93.265s][info][gc,metaspace   ] GC(181) Metaspace: 166407K(168064K)->166407K(168064K) NonClass: 139970K(140928K)->139970K(140928K) Class: 26437K(27136K)->26437K(27136K)
[2026-09-22T10:53:36.621+0000][93.265s][info][gc             ] GC(181) Pause Young (Allocation Failure) 5830M->2451M(6131M) 8.678ms
[2026-09-22T10:53:36.621+0000][93.265s][info][gc,cpu         ] GC(181) User=0.03s Sys=0.00s Real=0.01s
[2026-09-22T10:53:36.760+0000][93.404s][info][gc,start       ] GC(182) Pause Young (Allocation Failure)
[2026-09-22T10:53:36.768+0000][93.412s][info][gc,heap        ] GC(182) PSYoungGen: 3464587K(3481600K)->1136K(3480064K) Eden: 3463403K(3468288K)->0K(3468800K) From: 1184K(13312K)->1136K(11264K)
[2026-09-22T10:53:36.768+0000][93.412s][info][gc,heap        ] GC(182) ParOldGen: 2509059K(2796544K)->2510171K(2796544K)
[2026-09-22T10:53:36.768+0000][93.412s][info][gc,metaspace   ] GC(182) Metaspace: 166407K(168064K)->166407K(168064K) NonClass: 139970K(140928K)->139970K(140928K) Class: 26437K(27136K)->26437K(27136K)
[2026-09-22T10:53:36.768+0000][93.412s][info][gc             ] GC(182) Pause Young (Allocation Failure) 5833M->2452M(6129M) 8.262ms
[2026-09-22T10:53:36.768+0000][93.412s][info][gc,cpu         ] GC(182) User=0.03s Sys=0.00s Real=0.00s
[2026-09-22T10:53:36.906+0000][93.551s][info][gc,start       ] GC(183) Pause Young (Allocation Failure)
[2026-09-22T10:53:36.914+0000][93.559s][info][gc,heap        ] GC(183) PSYoungGen: 3469272K(3480064K)->1344K(3481088K) Eden: 3468136K(3468800K)->0K(3468800K) From: 1136K(11264K)->1344K(12288K)
[2026-09-22T10:53:36.914+0000][93.559s][info][gc,heap        ] GC(183) ParOldGen: 2510171K(2796544K)->2511287K(2796544K)
[2026-09-22T10:53:36.914+0000][93.559s][info][gc,metaspace   ] GC(183) Metaspace: 166407K(168064K)->166407K(168064K) NonClass: 139970K(140928K)->139970K(140928K) Class: 26437K(27136K)->26437K(27136K)
[2026-09-22T10:53:36.915+0000][93.559s][info][gc             ] GC(183) Pause Young (Allocation Failure) 5839M->2453M(6130M) 8.122ms
[2026-09-22T10:53:36.915+0000][93.559s][info][gc,cpu         ] GC(183) User=0.03s Sys=0.00s Real=0.01s
[2026-09-22T10:53:37.051+0000][93.696s][info][gc,start       ] GC(184) Pause Young (Allocation Failure)
[2026-09-22T10:53:37.060+0000][93.704s][info][gc,heap        ] GC(184) PSYoungGen: 3459393K(3481088K)->1088K(3481088K) Eden: 3458049K(3468800K)->0K(3470848K) From: 1344K(12288K)->1088K(10240K)
[2026-09-22T10:53:37.060+0000][93.704s][info][gc,heap        ] GC(184) ParOldGen: 2511287K(2796544K)->2512571K(2796544K)
[2026-09-22T10:53:37.060+0000][93.704s][info][gc,metaspace   ] GC(184) Metaspace: 166407K(168064K)->166407K(168064K) NonClass: 139970K(140928K)->139970K(140928K) Class: 26437K(27136K)->26437K(27136K)
[2026-09-22T10:53:37.060+0000][93.704s][info][gc             ] GC(184) Pause Young (Allocation Failure) 5830M->2454M(6130M) 8.635ms
[2026-09-22T10:53:37.060+0000][93.704s][info][gc,cpu         ] GC(184) User=0.03s Sys=0.00s Real=0.01s
[2026-09-22T10:53:37.197+0000][93.842s][info][gc,start       ] GC(185) Pause Young (Allocation Failure)
[2026-09-22T10:53:37.208+0000][93.853s][info][gc,heap        ] GC(185) PSYoungGen: 3457222K(3481088K)->1536K(3482112K) Eden: 3456134K(3470848K)->0K(3470848K) From: 1088K(10240K)->1536K(11264K)
[2026-09-22T10:53:37.208+0000][93.853s][info][gc,heap        ] GC(185) ParOldGen: 2512571K(2796544K)->2513643K(2796544K)
[2026-09-22T10:53:37.208+0000][93.853s][info][gc,metaspace   ] GC(185) Metaspace: 166407K(168064K)->166407K(168064K) NonClass: 139970K(140928K)->139970K(140928K) Class: 26437K(27136K)->26437K(27136K)
[2026-09-22T10:53:37.208+0000][93.853s][info][gc             ] GC(185) Pause Young (Allocation Failure) 5829M->2456M(6131M) 11.111ms
[2026-09-22T10:53:37.208+0000][93.853s][info][gc,cpu         ] GC(185) User=0.03s Sys=0.01s Real=0.01s
[2026-09-22T10:53:37.344+0000][93.988s][info][gc,start       ] GC(186) Pause Young (Allocation Failure)
[2026-09-22T10:53:37.357+0000][94.001s][info][gc,heap        ] GC(186) PSYoungGen: 3455800K(3482112K)->1760K(3482624K) Eden: 3454264K(3470848K)->0K(3473408K) From: 1536K(11264K)->1760K(9216K)
[2026-09-22T10:53:37.357+0000][94.001s][info][gc,heap        ] GC(186) ParOldGen: 2513643K(2796544K)->2515147K(2796544K)
[2026-09-22T10:53:37.357+0000][94.001s][info][gc,metaspace   ] GC(186) Metaspace: 166407K(168064K)->166407K(168064K) NonClass: 139970K(140928K)->139970K(140928K) Class: 26437K(27136K)->26437K(27136K)
[2026-09-22T10:53:37.357+0000][94.001s][info][gc             ] GC(186) Pause Young (Allocation Failure) 5829M->2457M(6132M) 12.680ms
[2026-09-22T10:53:37.357+0000][94.001s][info][gc,cpu         ] GC(186) User=0.04s Sys=0.00s Real=0.01s
[2026-09-22T10:53:37.495+0000][94.139s][info][gc,start       ] GC(187) Pause Young (Allocation Failure)
[2026-09-22T10:53:37.504+0000][94.148s][info][gc,heap        ] GC(187) PSYoungGen: 3468547K(3482624K)->1280K(3483136K) Eden: 3466787K(3473408K)->0K(3473408K) From: 1760K(9216K)->1280K(9728K)
[2026-09-22T10:53:37.504+0000][94.148s][info][gc,heap        ] GC(187) ParOldGen: 2515147K(2796544K)->2516840K(2796544K)
[2026-09-22T10:53:37.504+0000][94.148s][info][gc,metaspace   ] GC(187) Metaspace: 166407K(168064K)->166407K(168064K) NonClass: 139970K(140928K)->139970K(140928K) Class: 26437K(27136K)->26437K(27136K)
[2026-09-22T10:53:37.504+0000][94.148s][info][gc             ] GC(187) Pause Young (Allocation Failure) 5843M->2459M(6132M) 8.670ms
[2026-09-22T10:53:37.504+0000][94.148s][info][gc,cpu         ] GC(187) User=0.03s Sys=0.00s Real=0.01s
[2026-09-22T10:53:37.645+0000][94.289s][info][gc,start       ] GC(188) Pause Young (Allocation Failure)
[2026-09-22T10:53:37.654+0000][94.298s][info][gc,heap        ] GC(188) PSYoungGen: 3455917K(3483136K)->1504K(3484160K) Eden: 3454637K(3473408K)->0K(3475968K) From: 1280K(9728K)->1504K(8192K)
[2026-09-22T10:53:37.654+0000][94.298s][info][gc,heap        ] GC(188) ParOldGen: 2516840K(2796544K)->2518028K(2796544K)
[2026-09-22T10:53:37.654+0000][94.298s][info][gc,metaspace   ] GC(188) Metaspace: 166407K(168064K)->166407K(168064K) NonClass: 139970K(140928K)->139970K(140928K) Class: 26437K(27136K)->26437K(27136K)
[2026-09-22T10:53:37.654+0000][94.298s][info][gc             ] GC(188) Pause Young (Allocation Failure) 5832M->2460M(6133M) 9.060ms
[2026-09-22T10:53:37.654+0000][94.298s][info][gc,cpu         ] GC(188) User=0.04s Sys=0.00s Real=0.01s
[2026-09-22T10:53:37.793+0000][94.437s][info][gc,start       ] GC(189) Pause Young (Allocation Failure)
[2026-09-22T10:53:37.801+0000][94.445s][info][gc,heap        ] GC(189) PSYoungGen: 3472424K(3484160K)->1504K(3484672K) Eden: 3470920K(3475968K)->0K(3475968K) From: 1504K(8192K)->1504K(8704K)
[2026-09-22T10:53:37.801+0000][94.445s][info][gc,heap        ] GC(189) ParOldGen: 2518028K(2796544K)->2519508K(2796544K)
[2026-09-22T10:53:37.801+0000][94.445s][info][gc,metaspace   ] GC(189) Metaspace: 166407K(168064K)->166407K(168064K) NonClass: 139970K(140928K)->139970K(140928K) Class: 26437K(27136K)->26437K(27136K)
[2026-09-22T10:53:37.801+0000][94.445s][info][gc             ] GC(189) Pause Young (Allocation Failure) 5850M->2461M(6134M) 8.242ms
[2026-09-22T10:53:37.801+0000][94.445s][info][gc,cpu         ] GC(189) User=0.03s Sys=0.00s Real=0.01s
[2026-09-22T10:53:37.939+0000][94.583s][info][gc,start       ] GC(190) Pause Young (Allocation Failure)
[2026-09-22T10:53:37.948+0000][94.592s][info][gc,heap        ] GC(190) PSYoungGen: 3460099K(3484672K)->1600K(3485184K) Eden: 3458595K(3475968K)->0K(3478016K) From: 1504K(8704K)->1600K(7168K)
[2026-09-22T10:53:37.948+0000][94.592s][info][gc,heap        ] GC(190) ParOldGen: 2519508K(2796544K)->2520988K(2796544K)
[2026-09-22T10:53:37.948+0000][94.592s][info][gc,metaspace   ] GC(190) Metaspace: 166407K(168064K)->166407K(168064K) NonClass: 139970K(140928K)->139970K(140928K) Class: 26437K(27136K)->26437K(27136K)
[2026-09-22T10:53:37.948+0000][94.592s][info][gc             ] GC(190) Pause Young (Allocation Failure) 5839M->2463M(6134M) 8.764ms
[2026-09-22T10:53:37.948+0000][94.592s][info][gc,cpu         ] GC(190) User=0.02s Sys=0.00s Real=0.01s
[2026-09-22T10:53:38.086+0000][94.730s][info][gc,start       ] GC(191) Pause Young (Allocation Failure)
[2026-09-22T10:53:38.095+0000][94.739s][info][gc,heap        ] GC(191) PSYoungGen: 3476344K(3485184K)->1664K(3485696K) Eden: 3474744K(3478016K)->0K(3478016K) From: 1600K(7168K)->1664K(7680K)
[2026-09-22T10:53:38.095+0000][94.739s][info][gc,heap        ] GC(191) ParOldGen: 2520988K(2796544K)->2522524K(2796544K)
[2026-09-22T10:53:38.095+0000][94.739s][info][gc,metaspace   ] GC(191) Metaspace: 166407K(168064K)->166407K(168064K) NonClass: 139970K(140928K)->139970K(140928K) Class: 26437K(27136K)->26437K(27136K)
[2026-09-22T10:53:38.095+0000][94.739s][info][gc             ] GC(191) Pause Young (Allocation Failure) 5856M->2465M(6135M) 8.586ms
[2026-09-22T10:53:38.095+0000][94.739s][info][gc,cpu         ] GC(191) User=0.03s Sys=0.00s Real=0.01s
[2026-09-22T10:53:38.357+0000][95.002s][info][gc,start       ] GC(192) Pause Young (Allocation Failure)
[2026-09-22T10:53:38.380+0000][95.024s][info][gc,heap        ] GC(192) PSYoungGen: 3468851K(3485696K)->7168K(3476480K) Eden: 3467187K(3478016K)->0K(3469312K) From: 1664K(7680K)->7168K(7168K)
[2026-09-22T10:53:38.380+0000][95.024s][info][gc,heap        ] GC(192) ParOldGen: 2522524K(2796544K)->2533400K(2796544K)
[2026-09-22T10:53:38.380+0000][95.024s][info][gc,metaspace   ] GC(192) Metaspace: 166410K(168064K)->166410K(168064K) NonClass: 139973K(140928K)->139973K(140928K) Class: 26437K(27136K)->26437K(27136K)
[2026-09-22T10:53:38.380+0000][95.024s][info][gc             ] GC(192) Pause Young (Allocation Failure) 5850M->2481M(6126M) 22.923ms
[2026-09-22T10:53:38.380+0000][95.025s][info][gc,cpu         ] GC(192) User=0.08s Sys=0.01s Real=0.03s
[2026-09-22T10:53:38.518+0000][95.162s][info][gc,start       ] GC(193) Pause Young (Allocation Failure)
[2026-09-22T10:53:38.527+0000][95.171s][info][gc,heap        ] GC(193) PSYoungGen: 3463596K(3476480K)->1200K(3482112K) Eden: 3456428K(3469312K)->0K(3469312K) From: 7168K(7168K)->1200K(12800K)
[2026-09-22T10:53:38.527+0000][95.171s][info][gc,heap        ] GC(193) ParOldGen: 2533400K(2796544K)->2540648K(2796544K)
[2026-09-22T10:53:38.527+0000][95.171s][info][gc,metaspace   ] GC(193) Metaspace: 166410K(168064K)->166410K(168064K) NonClass: 139973K(140928K)->139973K(140928K) Class: 26437K(27136K)->26437K(27136K)
[2026-09-22T10:53:38.527+0000][95.171s][info][gc             ] GC(193) Pause Young (Allocation Failure) 5856M->2482M(6131M) 9.495ms
[2026-09-22T10:53:38.527+0000][95.171s][info][gc,cpu         ] GC(193) User=0.03s Sys=0.00s Real=0.01s
[2026-09-22T10:53:38.665+0000][95.309s][info][gc,start       ] GC(194) Pause Young (Allocation Failure)
[2026-09-22T10:53:38.673+0000][95.318s][info][gc,heap        ] GC(194) PSYoungGen: 3455353K(3482112K)->1120K(3480576K) Eden: 3454153K(3469312K)->0K(3469824K) From: 1200K(12800K)->1120K(10752K)
[2026-09-22T10:53:38.673+0000][95.318s][info][gc,heap        ] GC(194) ParOldGen: 2540648K(2796544K)->2541716K(2796544K)
[2026-09-22T10:53:38.673+0000][95.318s][info][gc,metaspace   ] GC(194) Metaspace: 166410K(168064K)->166410K(168064K) NonClass: 139973K(140928K)->139973K(140928K) Class: 26437K(27136K)->26437K(27136K)
[2026-09-22T10:53:38.673+0000][95.318s][info][gc             ] GC(194) Pause Young (Allocation Failure) 5855M->2483M(6130M) 8.251ms
[2026-09-22T10:53:38.673+0000][95.318s][info][gc,cpu         ] GC(194) User=0.03s Sys=0.00s Real=0.01s
[2026-09-22T10:53:38.806+0000][95.450s][info][gc,start       ] GC(195) Pause Young (Allocation Failure)
[2026-09-22T10:53:38.813+0000][95.458s][info][gc,heap        ] GC(195) PSYoungGen: 3453496K(3480576K)->1248K(3481600K) Eden: 3452376K(3469824K)->0K(3469824K) From: 1120K(10752K)->1248K(11776K)
[2026-09-22T10:53:38.813+0000][95.458s][info][gc,heap        ] GC(195) ParOldGen: 2541716K(2796544K)->2542796K(2796544K)
[2026-09-22T10:53:38.813+0000][95.458s][info][gc,metaspace   ] GC(195) Metaspace: 166410K(168064K)->166410K(168064K) NonClass: 139973K(140928K)->139973K(140928K) Class: 26437K(27136K)->26437K(27136K)
[2026-09-22T10:53:38.813+0000][95.458s][info][gc             ] GC(195) Pause Young (Allocation Failure) 5854M->2484M(6131M) 7.500ms
[2026-09-22T10:53:38.813+0000][95.458s][info][gc,cpu         ] GC(195) User=0.03s Sys=0.00s Real=0.01s
[2026-09-22T10:53:38.951+0000][95.596s][info][gc,start       ] GC(196) Pause Young (Allocation Failure)
[2026-09-22T10:53:38.959+0000][95.604s][info][gc,heap        ] GC(196) PSYoungGen: 3463441K(3481600K)->1456K(3481600K) Eden: 3462193K(3469824K)->0K(3471872K) From: 1248K(11776K)->1456K(9728K)
[2026-09-22T10:53:38.959+0000][95.604s][info][gc,heap        ] GC(196) ParOldGen: 2542796K(2796544K)->2543968K(2796544K)
[2026-09-22T10:53:38.959+0000][95.604s][info][gc,metaspace   ] GC(196) Metaspace: 166410K(168064K)->166410K(168064K) NonClass: 139973K(140928K)->139973K(140928K) Class: 26437K(27136K)->26437K(27136K)
[2026-09-22T10:53:38.959+0000][95.604s][info][gc             ] GC(196) Pause Young (Allocation Failure) 5865M->2485M(6131M) 8.031ms
[2026-09-22T10:53:38.959+0000][95.604s][info][gc,cpu         ] GC(196) User=0.03s Sys=0.00s Real=0.01s
[2026-09-22T10:53:39.094+0000][95.738s][info][gc,start       ] GC(197) Pause Young (Allocation Failure)
[2026-09-22T10:53:39.102+0000][95.746s][info][gc,heap        ] GC(197) PSYoungGen: 3471275K(3481600K)->1248K(3482624K) Eden: 3469819K(3471872K)->0K(3471872K) From: 1456K(9728K)->1248K(10752K)
[2026-09-22T10:53:39.102+0000][95.746s][info][gc,heap        ] GC(197) ParOldGen: 2543968K(2796544K)->2545412K(2796544K)
[2026-09-22T10:53:39.102+0000][95.746s][info][gc,metaspace   ] GC(197) Metaspace: 166410K(168064K)->166410K(168064K) NonClass: 139973K(140928K)->139973K(140928K) Class: 26437K(27136K)->26437K(27136K)
[2026-09-22T10:53:39.102+0000][95.746s][info][gc             ] GC(197) Pause Young (Allocation Failure) 5874M->2486M(6132M) 7.979ms
[2026-09-22T10:53:39.102+0000][95.746s][info][gc,cpu         ] GC(197) User=0.03s Sys=0.00s Real=0.01s
[2026-09-22T10:53:39.237+0000][95.882s][info][gc,start       ] GC(198) Pause Young (Allocation Failure)
[2026-09-22T10:53:39.251+0000][95.896s][info][gc,heap        ] GC(198) PSYoungGen: 3465482K(3482624K)->1392K(3482624K) Eden: 3464234K(3471872K)->0K(3473920K) From: 1248K(10752K)->1392K(8704K)
[2026-09-22T10:53:39.252+0000][95.896s][info][gc,heap        ] GC(198) ParOldGen: 2545412K(2796544K)->2546604K(2796544K)
[2026-09-22T10:53:39.252+0000][95.896s][info][gc,metaspace   ] GC(198) Metaspace: 166410K(168064K)->166410K(168064K) NonClass: 139973K(140928K)->139973K(140928K) Class: 26437K(27136K)->26437K(27136K)
[2026-09-22T10:53:39.252+0000][95.896s][info][gc             ] GC(198) Pause Young (Allocation Failure) 5870M->2488M(6132M) 14.055ms
[2026-09-22T10:53:39.252+0000][95.896s][info][gc,cpu         ] GC(198) User=0.04s Sys=0.01s Real=0.02s
[2026-09-22T10:53:39.388+0000][96.032s][info][gc,start       ] GC(199) Pause Young (Allocation Failure)
[2026-09-22T10:53:39.397+0000][96.042s][info][gc,heap        ] GC(199) PSYoungGen: 3464745K(3482624K)->1312K(3483648K) Eden: 3463353K(3473920K)->0K(3473920K) From: 1392K(8704K)->1312K(9728K)
[2026-09-22T10:53:39.397+0000][96.042s][info][gc,heap        ] GC(199) ParOldGen: 2546604K(2796544K)->2547948K(2796544K)
[2026-09-22T10:53:39.397+0000][96.042s][info][gc,metaspace   ] GC(199) Metaspace: 166410K(168064K)->166410K(168064K) NonClass: 139973K(140928K)->139973K(140928K) Class: 26437K(27136K)->26437K(27136K)
[2026-09-22T10:53:39.397+0000][96.042s][info][gc             ] GC(199) Pause Young (Allocation Failure) 5870M->2489M(6133M) 9.475ms
[2026-09-22T10:53:39.397+0000][96.042s][info][gc,cpu         ] GC(199) User=0.04s Sys=0.00s Real=0.01s
[2026-09-22T10:53:39.532+0000][96.176s][info][gc,start       ] GC(200) Pause Young (Allocation Failure)
[2026-09-22T10:53:39.540+0000][96.184s][info][gc,heap        ] GC(200) PSYoungGen: 3463093K(3483648K)->1312K(3483648K) Eden: 3461781K(3473920K)->0K(3475968K) From: 1312K(9728K)->1312K(7680K)
[2026-09-22T10:53:39.540+0000][96.184s][info][gc,heap        ] GC(200) ParOldGen: 2547948K(2796544K)->2549220K(2796544K)
[2026-09-22T10:53:39.540+0000][96.184s][info][gc,metaspace   ] GC(200) Metaspace: 166410K(168064K)->166410K(168064K) NonClass: 139973K(140928K)->139973K(140928K) Class: 26437K(27136K)->26437K(27136K)
[2026-09-22T10:53:39.540+0000][96.184s][info][gc             ] GC(200) Pause Young (Allocation Failure) 5870M->2490M(6133M) 8.571ms
[2026-09-22T10:53:39.540+0000][96.185s][info][gc,cpu         ] GC(200) User=0.03s Sys=0.00s Real=0.01s
[2026-09-22T10:53:39.679+0000][96.323s][info][gc,start       ] GC(201) Pause Young (Allocation Failure)
[2026-09-22T10:53:39.687+0000][96.332s][info][gc,heap        ] GC(201) PSYoungGen: 3471506K(3483648K)->1408K(3484672K) Eden: 3470194K(3475968K)->0K(3475968K) From: 1312K(7680K)->1408K(8704K)
[2026-09-22T10:53:39.687+0000][96.332s][info][gc,heap        ] GC(201) ParOldGen: 2549220K(2796544K)->2550516K(2796544K)
[2026-09-22T10:53:39.687+0000][96.332s][info][gc,metaspace   ] GC(201) Metaspace: 166411K(168064K)->166411K(168064K) NonClass: 139974K(140928K)->139974K(140928K) Class: 26437K(27136K)->26437K(27136K)
[2026-09-22T10:53:39.687+0000][96.332s][info][gc             ] GC(201) Pause Young (Allocation Failure) 5879M->2492M(6134M) 8.130ms
[2026-09-22T10:53:39.687+0000][96.332s][info][gc,cpu         ] GC(201) User=0.03s Sys=0.00s Real=0.00s
[2026-09-22T10:53:39.828+0000][96.472s][info][gc,start       ] GC(202) Pause Young (Allocation Failure)
[2026-09-22T10:53:39.837+0000][96.481s][info][gc,heap        ] GC(202) PSYoungGen: 3477376K(3484672K)->1792K(3484672K) Eden: 3475968K(3475968K)->0K(3478016K) From: 1408K(8704K)->1792K(6656K)
[2026-09-22T10:53:39.837+0000][96.481s][info][gc,heap        ] GC(202) ParOldGen: 2550516K(2796544K)->2551868K(2796544K)
[2026-09-22T10:53:39.837+0000][96.481s][info][gc,metaspace   ] GC(202) Metaspace: 166411K(168064K)->166411K(168064K) NonClass: 139974K(140928K)->139974K(140928K) Class: 26437K(27136K)->26437K(27136K)
[2026-09-22T10:53:39.837+0000][96.481s][info][gc             ] GC(202) Pause Young (Allocation Failure) 5886M->2493M(6134M) 8.974ms
[2026-09-22T10:53:39.837+0000][96.481s][info][gc,cpu         ] GC(202) User=0.03s Sys=0.00s Real=0.01s
[2026-09-22T10:53:39.978+0000][96.622s][info][gc,start       ] GC(203) Pause Young (Allocation Failure)
[2026-09-22T10:53:39.986+0000][96.630s][info][gc,heap        ] GC(203) PSYoungGen: 3462511K(3484672K)->1504K(3485696K) Eden: 3460719K(3478016K)->0K(3478016K) From: 1792K(6656K)->1504K(7680K)
[2026-09-22T10:53:39.986+0000][96.630s][info][gc,heap        ] GC(203) ParOldGen: 2551868K(2796544K)->2553605K(2796544K)
[2026-09-22T10:53:39.986+0000][96.630s][info][gc,metaspace   ] GC(203) Metaspace: 166411K(168064K)->166411K(168064K) NonClass: 139974K(140928K)->139974K(140928K) Class: 26437K(27136K)->26437K(27136K)
[2026-09-22T10:53:39.986+0000][96.630s][info][gc             ] GC(203) Pause Young (Allocation Failure) 5873M->2495M(6135M) 8.130ms
[2026-09-22T10:53:39.986+0000][96.630s][info][gc,cpu         ] GC(203) User=0.03s Sys=0.00s Real=0.01s
[2026-09-22T10:53:40.125+0000][96.769s][info][gc,start       ] GC(204) Pause Young (Allocation Failure)
[2026-09-22T10:53:40.133+0000][96.777s][info][gc,heap        ] GC(204) PSYoungGen: 3465660K(3485696K)->1856K(3486208K) Eden: 3464156K(3478016K)->0K(3479552K) From: 1504K(7680K)->1856K(6656K)
[2026-09-22T10:53:40.133+0000][96.777s][info][gc,heap        ] GC(204) ParOldGen: 2553605K(2796544K)->2555045K(2796544K)
[2026-09-22T10:53:40.133+0000][96.777s][info][gc,metaspace   ] GC(204) Metaspace: 166411K(168064K)->166411K(168064K) NonClass: 139974K(140928K)->139974K(140928K) Class: 26437K(27136K)->26437K(27136K)
[2026-09-22T10:53:40.133+0000][96.777s][info][gc             ] GC(204) Pause Young (Allocation Failure) 5878M->2496M(6135M) 8.324ms
[2026-09-22T10:53:40.133+0000][96.777s][info][gc,cpu         ] GC(204) User=0.04s Sys=0.00s Real=0.01s
[2026-09-22T10:53:40.392+0000][97.036s][info][gc,start       ] GC(205) Pause Young (Allocation Failure)
[2026-09-22T10:53:40.414+0000][97.058s][info][gc,heap        ] GC(205) PSYoungGen: 3473558K(3486208K)->7168K(3486720K) Eden: 3471702K(3479552K)->0K(3479552K) From: 1856K(6656K)->7168K(7168K)
[2026-09-22T10:53:40.414+0000][97.058s][info][gc,heap        ] GC(205) ParOldGen: 2555045K(2796544K)->2565637K(2796544K)
[2026-09-22T10:53:40.414+0000][97.058s][info][gc,metaspace   ] GC(205) Metaspace: 166411K(168064K)->166411K(168064K) NonClass: 139974K(140928K)->139974K(140928K) Class: 26437K(27136K)->26437K(27136K)
[2026-09-22T10:53:40.414+0000][97.058s][info][gc             ] GC(205) Pause Young (Allocation Failure) 5887M->2512M(6136M) 22.257ms
[2026-09-22T10:53:40.414+0000][97.058s][info][gc,cpu         ] GC(205) User=0.07s Sys=0.01s Real=0.02s
[2026-09-22T10:53:40.556+0000][97.200s][info][gc,start       ] GC(206) Pause Young (Allocation Failure)
[2026-09-22T10:53:40.566+0000][97.210s][info][gc,heap        ] GC(206) PSYoungGen: 3476462K(3486720K)->1216K(3479552K) Eden: 3469294K(3479552K)->0K(3471360K) From: 7168K(7168K)->1216K(8192K)
[2026-09-22T10:53:40.566+0000][97.210s][info][gc,heap        ] GC(206) ParOldGen: 2565637K(2796544K)->2572885K(2796544K)
[2026-09-22T10:53:40.566+0000][97.210s][info][gc,metaspace   ] GC(206) Metaspace: 166411K(168064K)->166411K(168064K) NonClass: 139974K(140928K)->139974K(140928K) Class: 26437K(27136K)->26437K(27136K)
[2026-09-22T10:53:40.566+0000][97.210s][info][gc             ] GC(206) Pause Young (Allocation Failure) 5900M->2513M(6129M) 9.863ms
[2026-09-22T10:53:40.566+0000][97.210s][info][gc,cpu         ] GC(206) User=0.03s Sys=0.01s Real=0.01s
[2026-09-22T10:53:40.706+0000][97.350s][info][gc,start       ] GC(207) Pause Young (Allocation Failure)
[2026-09-22T10:53:40.714+0000][97.359s][info][gc,heap        ] GC(207) PSYoungGen: 3466710K(3479552K)->1152K(3483136K) Eden: 3465494K(3471360K)->0K(3471360K) From: 1216K(8192K)->1152K(11776K)
[2026-09-22T10:53:40.714+0000][97.359s][info][gc,heap        ] GC(207) ParOldGen: 2572885K(2796544K)->2573997K(2796544K)
[2026-09-22T10:53:40.714+0000][97.359s][info][gc,metaspace   ] GC(207) Metaspace: 166411K(168064K)->166411K(168064K) NonClass: 139974K(140928K)->139974K(140928K) Class: 26437K(27136K)->26437K(27136K)
[2026-09-22T10:53:40.714+0000][97.359s][info][gc             ] GC(207) Pause Young (Allocation Failure) 5898M->2514M(6132M) 8.609ms
[2026-09-22T10:53:40.714+0000][97.359s][info][gc,cpu         ] GC(207) User=0.03s Sys=0.00s Real=0.01s
[2026-09-22T10:53:40.857+0000][97.501s][info][gc,start       ] GC(208) Pause Young (Allocation Failure)
[2026-09-22T10:53:40.866+0000][97.510s][info][gc,heap        ] GC(208) PSYoungGen: 3460777K(3483136K)->1760K(3481600K) Eden: 3459625K(3471360K)->0K(3471872K) From: 1152K(11776K)->1760K(9728K)
[2026-09-22T10:53:40.866+0000][97.510s][info][gc,heap        ] GC(208) ParOldGen: 2573997K(2796544K)->2575093K(2796544K)
[2026-09-22T10:53:40.866+0000][97.510s][info][gc,metaspace   ] GC(208) Metaspace: 166411K(168064K)->166411K(168064K) NonClass: 139974K(140928K)->139974K(140928K) Class: 26437K(27136K)->26437K(27136K)
[2026-09-22T10:53:40.866+0000][97.510s][info][gc             ] GC(208) Pause Young (Allocation Failure) 5893M->2516M(6131M) 9.220ms
[2026-09-22T10:53:40.866+0000][97.510s][info][gc,cpu         ] GC(208) User=0.03s Sys=0.00s Real=0.01s
[2026-09-22T10:53:41.003+0000][97.647s][info][gc,start       ] GC(209) Pause Young (Allocation Failure)
[2026-09-22T10:53:41.012+0000][97.656s][info][gc,heap        ] GC(209) PSYoungGen: 3473227K(3481600K)->1584K(3482624K) Eden: 3471467K(3471872K)->0K(3471872K) From: 1760K(9728K)->1584K(10752K)
[2026-09-22T10:53:41.012+0000][97.656s][info][gc,heap        ] GC(209) ParOldGen: 2575093K(2796544K)->2576789K(2796544K)
[2026-09-22T10:53:41.012+0000][97.656s][info][gc,metaspace   ] GC(209) Metaspace: 166411K(168064K)->166411K(168064K) NonClass: 139974K(140928K)->139974K(140928K) Class: 26437K(27136K)->26437K(27136K)
[2026-09-22T10:53:41.012+0000][97.656s][info][gc             ] GC(209) Pause Young (Allocation Failure) 5906M->2517M(6132M) 8.773ms
[2026-09-22T10:53:41.012+0000][97.656s][info][gc,cpu         ] GC(209) User=0.03s Sys=0.00s Real=0.01s
[2026-09-22T10:53:41.152+0000][97.796s][info][gc,start       ] GC(210) Pause Young (Allocation Failure)
[2026-09-22T10:53:41.161+0000][97.805s][info][gc,heap        ] GC(210) PSYoungGen: 3463058K(3482624K)->1280K(3482624K) Eden: 3461474K(3471872K)->0K(3473920K) From: 1584K(10752K)->1280K(8704K)
[2026-09-22T10:53:41.161+0000][97.806s][info][gc,heap        ] GC(210) ParOldGen: 2576789K(2796544K)->2578337K(2796544K)
[2026-09-22T10:53:41.161+0000][97.806s][info][gc,metaspace   ] GC(210) Metaspace: 166411K(168064K)->166411K(168064K) NonClass: 139974K(140928K)->139974K(140928K) Class: 26437K(27136K)->26437K(27136K)
[2026-09-22T10:53:41.161+0000][97.806s][info][gc             ] GC(210) Pause Young (Allocation Failure) 5898M->2519M(6132M) 9.780ms
[2026-09-22T10:53:41.161+0000][97.806s][info][gc,cpu         ] GC(210) User=0.03s Sys=0.00s Real=0.01s
[2026-09-22T10:53:41.299+0000][97.944s][info][gc,start       ] GC(211) Pause Young (Allocation Failure)
[2026-09-22T10:53:41.307+0000][97.952s][info][gc,heap        ] GC(211) PSYoungGen: 3468956K(3482624K)->1248K(3483648K) Eden: 3467676K(3473920K)->0K(3473920K) From: 1280K(8704K)->1248K(9728K)
[2026-09-22T10:53:41.307+0000][97.952s][info][gc,heap        ] GC(211) ParOldGen: 2578337K(2796544K)->2579577K(2796544K)
[2026-09-22T10:53:41.307+0000][97.952s][info][gc,metaspace   ] GC(211) Metaspace: 166411K(168064K)->166411K(168064K) NonClass: 139974K(140928K)->139974K(140928K) Class: 26437K(27136K)->26437K(27136K)
[2026-09-22T10:53:41.307+0000][97.952s][info][gc             ] GC(211) Pause Young (Allocation Failure) 5905M->2520M(6133M) 8.110ms
[2026-09-22T10:53:41.307+0000][97.952s][info][gc,cpu         ] GC(211) User=0.03s Sys=0.00s Real=0.00s
[2026-09-22T10:53:41.448+0000][98.092s][info][gc,start       ] GC(212) Pause Young (Allocation Failure)
[2026-09-22T10:53:41.456+0000][98.100s][info][gc,heap        ] GC(212) PSYoungGen: 3471425K(3483648K)->1312K(3484160K) Eden: 3470177K(3473920K)->0K(3475456K) From: 1248K(9728K)->1312K(8704K)
[2026-09-22T10:53:41.456+0000][98.100s][info][gc,heap        ] GC(212) ParOldGen: 2579577K(2796544K)->2580761K(2796544K)
[2026-09-22T10:53:41.456+0000][98.100s][info][gc,metaspace   ] GC(212) Metaspace: 166411K(168064K)->166411K(168064K) NonClass: 139974K(140928K)->139974K(140928K) Class: 26437K(27136K)->26437K(27136K)
[2026-09-22T10:53:41.456+0000][98.100s][info][gc             ] GC(212) Pause Young (Allocation Failure) 5909M->2521M(6133M) 8.488ms
[2026-09-22T10:53:41.456+0000][98.100s][info][gc,cpu         ] GC(212) User=0.03s Sys=0.00s Real=0.01s
[2026-09-22T10:53:41.592+0000][98.237s][info][gc,start       ] GC(213) Pause Young (Allocation Failure)
[2026-09-22T10:53:41.600+0000][98.245s][info][gc,heap        ] GC(213) PSYoungGen: 3467786K(3484160K)->1472K(3484672K) Eden: 3466474K(3475456K)->0K(3475456K) From: 1312K(8704K)->1472K(9216K)
[2026-09-22T10:53:41.600+0000][98.245s][info][gc,heap        ] GC(213) ParOldGen: 2580761K(2796544K)->2582073K(2796544K)
[2026-09-22T10:53:41.600+0000][98.245s][info][gc,metaspace   ] GC(213) Metaspace: 166411K(168064K)->166411K(168064K) NonClass: 139974K(140928K)->139974K(140928K) Class: 26437K(27136K)->26437K(27136K)
[2026-09-22T10:53:41.600+0000][98.245s][info][gc             ] GC(213) Pause Young (Allocation Failure) 5906M->2522M(6134M) 8.085ms
[2026-09-22T10:53:41.600+0000][98.245s][info][gc,cpu         ] GC(213) User=0.03s Sys=0.00s Real=0.01s
[2026-09-22T10:53:41.739+0000][98.383s][info][gc,start       ] GC(214) Pause Young (Allocation Failure)
[2026-09-22T10:53:41.748+0000][98.393s][info][gc,heap        ] GC(214) PSYoungGen: 3460929K(3484672K)->1408K(3484672K) Eden: 3459457K(3475456K)->0K(3476992K) From: 1472K(9216K)->1408K(7680K)
[2026-09-22T10:53:41.748+0000][98.393s][info][gc,heap        ] GC(214) ParOldGen: 2582073K(2796544K)->2583481K(2796544K)
[2026-09-22T10:53:41.748+0000][98.393s][info][gc,metaspace   ] GC(214) Metaspace: 166411K(168064K)->166411K(168064K) NonClass: 139974K(140928K)->139974K(140928K) Class: 26437K(27136K)->26437K(27136K)
[2026-09-22T10:53:41.748+0000][98.393s][info][gc             ] GC(214) Pause Young (Allocation Failure) 5901M->2524M(6134M) 9.505ms
[2026-09-22T10:53:41.748+0000][98.393s][info][gc,cpu         ] GC(214) User=0.03s Sys=0.01s Real=0.01s
[2026-09-22T10:53:41.888+0000][98.532s][info][gc,start       ] GC(215) Pause Young (Allocation Failure)
[2026-09-22T10:53:41.896+0000][98.541s][info][gc,heap        ] GC(215) PSYoungGen: 3478400K(3484672K)->1760K(3485184K) Eden: 3476992K(3476992K)->0K(3476992K) From: 1408K(7680K)->1760K(8192K)
[2026-09-22T10:53:41.896+0000][98.541s][info][gc,heap        ] GC(215) ParOldGen: 2583481K(2796544K)->2584841K(2796544K)
[2026-09-22T10:53:41.896+0000][98.541s][info][gc,metaspace   ] GC(215) Metaspace: 166411K(168064K)->166411K(168064K) NonClass: 139974K(140928K)->139974K(140928K) Class: 26437K(27136K)->26437K(27136K)
[2026-09-22T10:53:41.896+0000][98.541s][info][gc             ] GC(215) Pause Young (Allocation Failure) 5919M->2525M(6134M) 8.965ms
[2026-09-22T10:53:41.897+0000][98.541s][info][gc,cpu         ] GC(215) User=0.04s Sys=0.00s Real=0.01s
[2026-09-22T10:53:42.040+0000][98.684s][info][gc,start       ] GC(216) Pause Young (Allocation Failure)
[2026-09-22T10:53:42.048+0000][98.692s][info][gc,heap        ] GC(216) PSYoungGen: 3471998K(3485184K)->1792K(3485696K) Eden: 3470238K(3476992K)->0K(3479040K) From: 1760K(8192K)->1792K(6656K)
[2026-09-22T10:53:42.048+0000][98.692s][info][gc,heap        ] GC(216) ParOldGen: 2584841K(2796544K)->2586561K(2796544K)
[2026-09-22T10:53:42.048+0000][98.692s][info][gc,metaspace   ] GC(216) Metaspace: 166411K(168064K)->166411K(168064K) NonClass: 139974K(140928K)->139974K(140928K) Class: 26437K(27136K)->26437K(27136K)
[2026-09-22T10:53:42.048+0000][98.692s][info][gc             ] GC(216) Pause Young (Allocation Failure) 5914M->2527M(6135M) 8.198ms
[2026-09-22T10:53:42.048+0000][98.692s][info][gc,cpu         ] GC(216) User=0.03s Sys=0.00s Real=0.00s
[2026-09-22T10:53:42.185+0000][98.830s][info][gc,start       ] GC(217) Pause Young (Allocation Failure)
[2026-09-22T10:53:42.193+0000][98.838s][info][gc,heap        ] GC(217) PSYoungGen: 3480832K(3485696K)->1600K(3486208K) Eden: 3479040K(3479040K)->0K(3479040K) From: 1792K(6656K)->1600K(7168K)
[2026-09-22T10:53:42.193+0000][98.838s][info][gc,heap        ] GC(217) ParOldGen: 2586561K(2796544K)->2588298K(2796544K)
[2026-09-22T10:53:42.193+0000][98.838s][info][gc,metaspace   ] GC(217) Metaspace: 166411K(168064K)->166411K(168064K) NonClass: 139974K(140928K)->139974K(140928K) Class: 26437K(27136K)->26437K(27136K)
[2026-09-22T10:53:42.193+0000][98.838s][info][gc             ] GC(217) Pause Young (Allocation Failure) 5925M->2529M(6135M) 8.091ms
[2026-09-22T10:53:42.194+0000][98.838s][info][gc,cpu         ] GC(217) User=0.03s Sys=0.00s Real=0.01s
[2026-09-22T10:53:42.477+0000][99.121s][info][gc,start       ] GC(218) Pause Young (Allocation Failure)
[2026-09-22T10:53:42.508+0000][99.152s][info][gc,heap        ] GC(218) PSYoungGen: 3474230K(3486208K)->6656K(3476992K) Eden: 3472630K(3479040K)->0K(3470336K) From: 1600K(7168K)->6656K(6656K)
[2026-09-22T10:53:42.508+0000][99.152s][info][gc,heap        ] GC(218) ParOldGen: 2588298K(2796544K)->2599266K(2796544K)
[2026-09-22T10:53:42.508+0000][99.152s][info][gc,metaspace   ] GC(218) Metaspace: 166417K(168064K)->166417K(168064K) NonClass: 139977K(140928K)->139977K(140928K) Class: 26439K(27136K)->26439K(27136K)
[2026-09-22T10:53:42.508+0000][99.152s][info][gc             ] GC(218) Pause Young (Allocation Failure) 5920M->2544M(6126M) 31.085ms
[2026-09-22T10:53:42.508+0000][99.152s][info][gc,cpu         ] GC(218) User=0.11s Sys=0.01s Real=0.03s
[2026-09-22T10:53:42.664+0000][99.308s][info][gc,start       ] GC(219) Pause Young (Allocation Failure)
[2026-09-22T10:53:42.675+0000][99.319s][info][gc,heap        ] GC(219) PSYoungGen: 3467092K(3476992K)->1488K(3482624K) Eden: 3460436K(3470336K)->0K(3470336K) From: 6656K(6656K)->1488K(12288K)
[2026-09-22T10:53:42.675+0000][99.319s][info][gc,heap        ] GC(219) ParOldGen: 2599266K(2796544K)->2605986K(2796544K)
[2026-09-22T10:53:42.675+0000][99.319s][info][gc,metaspace   ] GC(219) Metaspace: 166417K(168064K)->166417K(168064K) NonClass: 139977K(140928K)->139977K(140928K) Class: 26439K(27136K)->26439K(27136K)
[2026-09-22T10:53:42.675+0000][99.319s][info][gc             ] GC(219) Pause Young (Allocation Failure) 5924M->2546M(6132M) 10.648ms
[2026-09-22T10:53:42.675+0000][99.319s][info][gc,cpu         ] GC(219) User=0.04s Sys=0.00s Real=0.01s
[2026-09-22T10:53:42.810+0000][99.454s][info][gc,start       ] GC(220) Pause Young (Allocation Failure)
[2026-09-22T10:53:42.820+0000][99.464s][info][gc,heap        ] GC(220) PSYoungGen: 3468188K(3482624K)->1280K(3481088K) Eden: 3466700K(3470336K)->0K(3470848K) From: 1488K(12288K)->1280K(10240K)
[2026-09-22T10:53:42.820+0000][99.464s][info][gc,heap        ] GC(220) ParOldGen: 2605986K(2796544K)->2607418K(2796544K)
[2026-09-22T10:53:42.820+0000][99.464s][info][gc,metaspace   ] GC(220) Metaspace: 166417K(168064K)->166417K(168064K) NonClass: 139977K(140928K)->139977K(140928K) Class: 26439K(27136K)->26439K(27136K)
[2026-09-22T10:53:42.820+0000][99.464s][info][gc             ] GC(220) Pause Young (Allocation Failure) 5931M->2547M(6130M) 9.570ms
[2026-09-22T10:53:42.820+0000][99.464s][info][gc,cpu         ] GC(220) User=0.03s Sys=0.00s Real=0.01s
[2026-09-22T10:53:42.959+0000][99.603s][info][gc,start       ] GC(221) Pause Young (Allocation Failure)
[2026-09-22T10:53:42.967+0000][99.611s][info][gc,heap        ] GC(221) PSYoungGen: 3470052K(3481088K)->1280K(3482112K) Eden: 3468772K(3470848K)->0K(3470848K) From: 1280K(10240K)->1280K(11264K)
[2026-09-22T10:53:42.967+0000][99.611s][info][gc,heap        ] GC(221) ParOldGen: 2607418K(2796544K)->2608586K(2796544K)
[2026-09-22T10:53:42.967+0000][99.611s][info][gc,metaspace   ] GC(221) Metaspace: 166417K(168064K)->166417K(168064K) NonClass: 139977K(140928K)->139977K(140928K) Class: 26439K(27136K)->26439K(27136K)
[2026-09-22T10:53:42.967+0000][99.611s][info][gc             ] GC(221) Pause Young (Allocation Failure) 5935M->2548M(6131M) 8.315ms
[2026-09-22T10:53:42.967+0000][99.611s][info][gc,cpu         ] GC(221) User=0.03s Sys=0.00s Real=0.01s
[2026-09-22T10:53:43.106+0000][99.750s][info][gc,start       ] GC(222) Pause Young (Allocation Failure)
[2026-09-22T10:53:43.114+0000][99.759s][info][gc,heap        ] GC(222) PSYoungGen: 3455318K(3482112K)->1152K(3482112K) Eden: 3454038K(3470848K)->0K(3472896K) From: 1280K(11264K)->1152K(9216K)
[2026-09-22T10:53:43.114+0000][99.759s][info][gc,heap        ] GC(222) ParOldGen: 2608586K(2796544K)->2609802K(2796544K)
[2026-09-22T10:53:43.115+0000][99.759s][info][gc,metaspace   ] GC(222) Metaspace: 166417K(168064K)->166417K(168064K) NonClass: 139977K(140928K)->139977K(140928K) Class: 26439K(27136K)->26439K(27136K)
[2026-09-22T10:53:43.115+0000][99.759s][info][gc             ] GC(222) Pause Young (Allocation Failure) 5921M->2549M(6131M) 8.499ms
[2026-09-22T10:53:43.115+0000][99.759s][info][gc,cpu         ] GC(222) User=0.03s Sys=0.00s Real=0.01s
[2026-09-22T10:53:43.252+0000][99.896s][info][gc,start       ] GC(223) Pause Young (Allocation Failure)
[2026-09-22T10:53:43.261+0000][99.905s][info][gc,heap        ] GC(223) PSYoungGen: 3462816K(3482112K)->1344K(3483136K) Eden: 3461664K(3472896K)->0K(3472896K) From: 1152K(9216K)->1344K(10240K)
[2026-09-22T10:53:43.261+0000][99.905s][info][gc,heap        ] GC(223) ParOldGen: 2609802K(2796544K)->2610890K(2796544K)
[2026-09-22T10:53:43.261+0000][99.906s][info][gc,metaspace   ] GC(223) Metaspace: 166417K(168064K)->166417K(168064K) NonClass: 139977K(140928K)->139977K(140928K) Class: 26439K(27136K)->26439K(27136K)
[2026-09-22T10:53:43.261+0000][99.906s][info][gc             ] GC(223) Pause Young (Allocation Failure) 5930M->2551M(6132M) 9.055ms
[2026-09-22T10:53:43.261+0000][99.906s][info][gc,cpu         ] GC(223) User=0.03s Sys=0.01s Real=0.01s
[2026-09-22T10:53:43.398+0000][100.043s][info][gc,start       ] GC(224) Pause Young (Allocation Failure)
[2026-09-22T10:53:43.407+0000][100.051s][info][gc,heap        ] GC(224) PSYoungGen: 3455008K(3483136K)->1312K(3483136K) Eden: 3453664K(3472896K)->0K(3474944K) From: 1344K(10240K)->1312K(8192K)
[2026-09-22T10:53:43.407+0000][100.051s][info][gc,heap        ] GC(224) ParOldGen: 2610890K(2796544K)->2612198K(2796544K)
[2026-09-22T10:53:43.407+0000][100.051s][info][gc,metaspace   ] GC(224) Metaspace: 166417K(168064K)->166417K(168064K) NonClass: 139977K(140928K)->139977K(140928K) Class: 26439K(27136K)->26439K(27136K)
[2026-09-22T10:53:43.407+0000][100.051s][info][gc             ] GC(224) Pause Young (Allocation Failure) 5923M->2552M(6132M) 8.708ms
[2026-09-22T10:53:43.407+0000][100.051s][info][gc,cpu         ] GC(224) User=0.03s Sys=0.00s Real=0.01s
[2026-09-22T10:53:43.544+0000][100.189s][info][gc,start       ] GC(225) Pause Young (Allocation Failure)
[2026-09-22T10:53:43.553+0000][100.197s][info][gc,heap        ] GC(225) PSYoungGen: 3459284K(3483136K)->1248K(3484160K) Eden: 3457972K(3474944K)->0K(3474944K) From: 1312K(8192K)->1248K(9216K)
[2026-09-22T10:53:43.553+0000][100.197s][info][gc,heap        ] GC(225) ParOldGen: 2612198K(2796544K)->2613478K(2796544K)
[2026-09-22T10:53:43.553+0000][100.197s][info][gc,metaspace   ] GC(225) Metaspace: 166417K(168064K)->166417K(168064K) NonClass: 139977K(140928K)->139977K(140928K) Class: 26439K(27136K)->26439K(27136K)
[2026-09-22T10:53:43.553+0000][100.197s][info][gc             ] GC(225) Pause Young (Allocation Failure) 5929M->2553M(6133M) 8.300ms
[2026-09-22T10:53:43.553+0000][100.197s][info][gc,cpu         ] GC(225) User=0.03s Sys=0.00s Real=0.01s
[2026-09-22T10:53:43.693+0000][100.337s][info][gc,start       ] GC(226) Pause Young (Allocation Failure)
[2026-09-22T10:53:43.702+0000][100.346s][info][gc,heap        ] GC(226) PSYoungGen: 3469685K(3484160K)->1408K(3484672K) Eden: 3468437K(3474944K)->0K(3476480K) From: 1248K(9216K)->1408K(8192K)
[2026-09-22T10:53:43.702+0000][100.346s][info][gc,heap        ] GC(226) ParOldGen: 2613478K(2796544K)->2614682K(2796544K)
[2026-09-22T10:53:43.702+0000][100.346s][info][gc,metaspace   ] GC(226) Metaspace: 166418K(168064K)->166418K(168064K) NonClass: 139978K(140928K)->139978K(140928K) Class: 26439K(27136K)->26439K(27136K)
[2026-09-22T10:53:43.702+0000][100.346s][info][gc             ] GC(226) Pause Young (Allocation Failure) 5940M->2554M(6134M) 8.844ms
[2026-09-22T10:53:43.702+0000][100.346s][info][gc,cpu         ] GC(226) User=0.03s Sys=0.00s Real=0.01s
[2026-09-22T10:53:43.838+0000][100.482s][info][gc,start       ] GC(227) Pause Young (Allocation Failure)
[2026-09-22T10:53:43.848+0000][100.492s][info][gc,heap        ] GC(227) PSYoungGen: 3466516K(3484672K)->1440K(3485184K) Eden: 3465108K(3476480K)->0K(3476480K) From: 1408K(8192K)->1440K(8704K)
[2026-09-22T10:53:43.848+0000][100.492s][info][gc,heap        ] GC(227) ParOldGen: 2614682K(2796544K)->2616034K(2796544K)
[2026-09-22T10:53:43.848+0000][100.492s][info][gc,metaspace   ] GC(227) Metaspace: 166418K(168064K)->166418K(168064K) NonClass: 139978K(140928K)->139978K(140928K) Class: 26439K(27136K)->26439K(27136K)
[2026-09-22T10:53:43.848+0000][100.492s][info][gc             ] GC(227) Pause Young (Allocation Failure) 5938M->2556M(6134M) 9.586ms
[2026-09-22T10:53:43.848+0000][100.492s][info][gc,cpu         ] GC(227) User=0.04s Sys=0.00s Real=0.01s
[2026-09-22T10:53:43.990+0000][100.634s][info][gc,start       ] GC(228) Pause Young (Allocation Failure)
[2026-09-22T10:53:43.999+0000][100.643s][info][gc,heap        ] GC(228) PSYoungGen: 3462455K(3485184K)->1792K(3485184K) Eden: 3461015K(3476480K)->0K(3478016K) From: 1440K(8704K)->1792K(7168K)
[2026-09-22T10:53:43.999+0000][100.643s][info][gc,heap        ] GC(228) ParOldGen: 2616034K(2796544K)->2617398K(2796544K)
[2026-09-22T10:53:43.999+0000][100.643s][info][gc,metaspace   ] GC(228) Metaspace: 166418K(168064K)->166418K(168064K) NonClass: 139978K(140928K)->139978K(140928K) Class: 26439K(27136K)->26439K(27136K)
[2026-09-22T10:53:43.999+0000][100.643s][info][gc             ] GC(228) Pause Young (Allocation Failure) 5936M->2557M(6134M) 9.281ms
[2026-09-22T10:53:43.999+0000][100.643s][info][gc,cpu         ] GC(228) User=0.03s Sys=0.00s Real=0.01s
[2026-09-22T10:53:44.137+0000][100.781s][info][gc,start       ] GC(229) Pause Young (Allocation Failure)
[2026-09-22T10:53:44.148+0000][100.792s][info][gc,heap        ] GC(229) PSYoungGen: 3476704K(3485184K)->1504K(3485696K) Eden: 3474912K(3478016K)->0K(3478016K) From: 1792K(7168K)->1504K(7680K)
[2026-09-22T10:53:44.148+0000][100.792s][info][gc,heap        ] GC(229) ParOldGen: 2617398K(2796544K)->2619102K(2796544K)
[2026-09-22T10:53:44.148+0000][100.792s][info][gc,metaspace   ] GC(229) Metaspace: 166418K(168064K)->166418K(168064K) NonClass: 139978K(140928K)->139978K(140928K) Class: 26439K(27136K)->26439K(27136K)
[2026-09-22T10:53:44.148+0000][100.792s][info][gc             ] GC(229) Pause Young (Allocation Failure) 5951M->2559M(6135M) 11.548ms
[2026-09-22T10:53:44.148+0000][100.792s][info][gc,cpu         ] GC(229) User=0.03s Sys=0.01s Real=0.01s
[2026-09-22T10:53:44.285+0000][100.929s][info][gc,start       ] GC(230) Pause Young (Allocation Failure)
[2026-09-22T10:53:44.293+0000][100.937s][info][gc,heap        ] GC(230) PSYoungGen: 3474988K(3485696K)->1344K(3486208K) Eden: 3473484K(3478016K)->0K(3480064K) From: 1504K(7680K)->1344K(6144K)
[2026-09-22T10:53:44.293+0000][100.937s][info][gc,heap        ] GC(230) ParOldGen: 2619102K(2796544K)->2620567K(2796544K)
[2026-09-22T10:53:44.293+0000][100.937s][info][gc,metaspace   ] GC(230) Metaspace: 166418K(168064K)->166418K(168064K) NonClass: 139978K(140928K)->139978K(140928K) Class: 26439K(27136K)->26439K(27136K)
[2026-09-22T10:53:44.293+0000][100.937s][info][gc             ] GC(230) Pause Young (Allocation Failure) 5951M->2560M(6135M) 7.967ms
[2026-09-22T10:53:44.293+0000][100.937s][info][gc,cpu         ] GC(230) User=0.03s Sys=0.00s Real=0.01s
[2026-09-22T10:53:44.439+0000][101.083s][info][gc,start       ] GC(231) Pause Young (Allocation Failure)
[2026-09-22T10:53:44.448+0000][101.092s][info][gc,heap        ] GC(231) PSYoungGen: 3466436K(3486208K)->1472K(3486720K) Eden: 3465092K(3480064K)->0K(3480064K) From: 1344K(6144K)->1472K(6656K)
[2026-09-22T10:53:44.448+0000][101.092s][info][gc,heap        ] GC(231) ParOldGen: 2620567K(2796544K)->2621895K(2796544K)
[2026-09-22T10:53:44.448+0000][101.092s][info][gc,metaspace   ] GC(231) Metaspace: 166418K(168064K)->166418K(168064K) NonClass: 139978K(140928K)->139978K(140928K) Class: 26439K(27136K)->26439K(27136K)
[2026-09-22T10:53:44.448+0000][101.092s][info][gc             ] GC(231) Pause Young (Allocation Failure) 5944M->2561M(6136M) 8.633ms
[2026-09-22T10:53:44.448+0000][101.092s][info][gc,cpu         ] GC(231) User=0.03s Sys=0.00s Real=0.01s
[2026-09-22T10:53:44.687+0000][101.331s][info][gc,start       ] GC(232) Pause Young (Allocation Failure)
[2026-09-22T10:53:44.709+0000][101.353s][info][gc,heap        ] GC(232) PSYoungGen: 3467892K(3486720K)->6656K(3478016K) Eden: 3466420K(3480064K)->0K(3471360K) From: 1472K(6656K)->6656K(6656K)
[2026-09-22T10:53:44.709+0000][101.353s][info][gc,heap        ] GC(232) ParOldGen: 2621895K(2796544K)->2632411K(2796544K)
[2026-09-22T10:53:44.709+0000][101.353s][info][gc,metaspace   ] GC(232) Metaspace: 166418K(168064K)->166418K(168064K) NonClass: 139978K(140928K)->139978K(140928K) Class: 26439K(27136K)->26439K(27136K)
[2026-09-22T10:53:44.709+0000][101.353s][info][gc             ] GC(232) Pause Young (Allocation Failure) 5947M->2577M(6127M) 22.013ms
[2026-09-22T10:53:44.709+0000][101.353s][info][gc,cpu         ] GC(232) User=0.08s Sys=0.00s Real=0.03s
[2026-09-22T10:53:44.860+0000][101.504s][info][gc,start       ] GC(233) Pause Young (Allocation Failure)
[2026-09-22T10:53:44.873+0000][101.518s][info][gc,heap        ] GC(233) PSYoungGen: 3476088K(3478016K)->1824K(3483136K) Eden: 3469432K(3471360K)->0K(3471360K) From: 6656K(6656K)->1824K(11776K)
[2026-09-22T10:53:44.873+0000][101.518s][info][gc,heap        ] GC(233) ParOldGen: 2632411K(2796544K)->2659611K(2796544K)
[2026-09-22T10:53:44.873+0000][101.518s][info][gc,metaspace   ] GC(233) Metaspace: 166418K(168064K)->166418K(168064K) NonClass: 139978K(140928K)->139978K(140928K) Class: 26439K(27136K)->26439K(27136K)
[2026-09-22T10:53:44.873+0000][101.518s][info][gc             ] GC(233) Pause Young (Allocation Failure) 5965M->2599M(6132M) 13.455ms
[2026-09-22T10:53:44.873+0000][101.518s][info][gc,cpu         ] GC(233) User=0.04s Sys=0.00s Real=0.01s
[2026-09-22T10:53:45.012+0000][101.656s][info][gc,start       ] GC(234) Pause Young (Allocation Failure)
[2026-09-22T10:53:45.021+0000][101.665s][info][gc,heap        ] GC(234) PSYoungGen: 3473184K(3483136K)->992K(3481600K) Eden: 3471360K(3471360K)->0K(3471872K) From: 1824K(11776K)->992K(9728K)
[2026-09-22T10:53:45.021+0000][101.665s][info][gc,heap        ] GC(234) ParOldGen: 2659611K(2796544K)->2661151K(2796544K)
[2026-09-22T10:53:45.021+0000][101.665s][info][gc,metaspace   ] GC(234) Metaspace: 166418K(168064K)->166418K(168064K) NonClass: 139978K(140928K)->139978K(140928K) Class: 26439K(27136K)->26439K(27136K)
[2026-09-22T10:53:45.021+0000][101.665s][info][gc             ] GC(234) Pause Young (Allocation Failure) 5989M->2599M(6131M) 9.527ms
[2026-09-22T10:53:45.021+0000][101.665s][info][gc,cpu         ] GC(234) User=0.03s Sys=0.00s Real=0.01s
[2026-09-22T10:53:45.165+0000][101.809s][info][gc,start       ] GC(235) Pause Young (Allocation Failure)
[2026-09-22T10:53:45.173+0000][101.817s][info][gc,heap        ] GC(235) PSYoungGen: 3466160K(3481600K)->1248K(3482624K) Eden: 3465168K(3471872K)->0K(3471872K) From: 992K(9728K)->1248K(10752K)
[2026-09-22T10:53:45.173+0000][101.817s][info][gc,heap        ] GC(235) ParOldGen: 2661151K(2796544K)->2662095K(2796544K)
[2026-09-22T10:53:45.173+0000][101.817s][info][gc,metaspace   ] GC(235) Metaspace: 166418K(168064K)->166418K(168064K) NonClass: 139978K(140928K)->139978K(140928K) Class: 26439K(27136K)->26439K(27136K)
[2026-09-22T10:53:45.173+0000][101.817s][info][gc             ] GC(235) Pause Young (Allocation Failure) 5983M->2600M(6132M) 8.096ms
[2026-09-22T10:53:45.173+0000][101.817s][info][gc,cpu         ] GC(235) User=0.03s Sys=0.00s Real=0.01s
[2026-09-22T10:53:45.313+0000][101.957s][info][gc,start       ] GC(236) Pause Young (Allocation Failure)
[2026-09-22T10:53:45.321+0000][101.965s][info][gc,heap        ] GC(236) PSYoungGen: 3470626K(3482624K)->1248K(3482624K) Eden: 3469378K(3471872K)->0K(3473920K) From: 1248K(10752K)->1248K(8704K)
[2026-09-22T10:53:45.321+0000][101.965s][info][gc,heap        ] GC(236) ParOldGen: 2662095K(2796544K)->2663291K(2796544K)
[2026-09-22T10:53:45.321+0000][101.965s][info][gc,metaspace   ] GC(236) Metaspace: 166418K(168064K)->166418K(168064K) NonClass: 139978K(140928K)->139978K(140928K) Class: 26439K(27136K)->26439K(27136K)
[2026-09-22T10:53:45.321+0000][101.965s][info][gc             ] GC(236) Pause Young (Allocation Failure) 5988M->2602M(6132M) 8.747ms
[2026-09-22T10:53:45.321+0000][101.965s][info][gc,cpu         ] GC(236) User=0.03s Sys=0.01s Real=0.01s
[2026-09-22T10:53:45.458+0000][102.103s][info][gc,start       ] GC(237) Pause Young (Allocation Failure)
[2026-09-22T10:53:45.469+0000][102.113s][info][gc,heap        ] GC(237) PSYoungGen: 3474180K(3482624K)->1408K(3483648K) Eden: 3472932K(3473920K)->0K(3473920K) From: 1248K(8704K)->1408K(9728K)
[2026-09-22T10:53:45.469+0000][102.113s][info][gc,heap        ] GC(237) ParOldGen: 2663291K(2796544K)->2684987K(2796544K)
[2026-09-22T10:53:45.469+0000][102.113s][info][gc,metaspace   ] GC(237) Metaspace: 166418K(168064K)->166418K(168064K) NonClass: 139978K(140928K)->139978K(140928K) Class: 26439K(27136K)->26439K(27136K)
[2026-09-22T10:53:45.469+0000][102.113s][info][gc             ] GC(237) Pause Young (Allocation Failure) 5993M->2623M(6133M) 10.320ms
[2026-09-22T10:53:45.469+0000][102.113s][info][gc,cpu         ] GC(237) User=0.03s Sys=0.00s Real=0.01s
[2026-09-22T10:53:45.614+0000][102.258s][info][gc,start       ] GC(238) Pause Young (Allocation Failure)
[2026-09-22T10:53:45.623+0000][102.267s][info][gc,heap        ] GC(238) PSYoungGen: 3473810K(3483648K)->1440K(3484160K) Eden: 3472402K(3473920K)->0K(3475456K) From: 1408K(9728K)->1440K(8704K)
[2026-09-22T10:53:45.623+0000][102.267s][info][gc,heap        ] GC(238) ParOldGen: 2684987K(2796544K)->2686059K(2796544K)
[2026-09-22T10:53:45.623+0000][102.267s][info][gc,metaspace   ] GC(238) Metaspace: 166418K(168064K)->166418K(168064K) NonClass: 139978K(140928K)->139978K(140928K) Class: 26439K(27136K)->26439K(27136K)
[2026-09-22T10:53:45.623+0000][102.267s][info][gc             ] GC(238) Pause Young (Allocation Failure) 6014M->2624M(6133M) 8.491ms
[2026-09-22T10:53:45.623+0000][102.267s][info][gc,cpu         ] GC(238) User=0.03s Sys=0.00s Real=0.01s
[2026-09-22T10:53:45.772+0000][102.416s][info][gc,start       ] GC(239) Pause Young (Allocation Failure)
[2026-09-22T10:53:45.780+0000][102.425s][info][gc,heap        ] GC(239) PSYoungGen: 3476896K(3484160K)->1376K(3484672K) Eden: 3475456K(3475456K)->0K(3475456K) From: 1440K(8704K)->1376K(9216K)
[2026-09-22T10:53:45.780+0000][102.425s][info][gc,heap        ] GC(239) ParOldGen: 2686059K(2796544K)->2687475K(2796544K)
[2026-09-22T10:53:45.780+0000][102.425s][info][gc,metaspace   ] GC(239) Metaspace: 166418K(168064K)->166418K(168064K) NonClass: 139978K(140928K)->139978K(140928K) Class: 26439K(27136K)->26439K(27136K)
[2026-09-22T10:53:45.780+0000][102.425s][info][gc             ] GC(239) Pause Young (Allocation Failure) 6018M->2625M(6134M) 8.832ms
[2026-09-22T10:53:45.780+0000][102.425s][info][gc,cpu         ] GC(239) User=0.03s Sys=0.00s Real=0.01s
[2026-09-22T10:53:45.919+0000][102.563s][info][gc,start       ] GC(240) Pause Young (Allocation Failure)
[2026-09-22T10:53:45.928+0000][102.572s][info][gc,heap        ] GC(240) PSYoungGen: 3467642K(3484672K)->1424K(3484672K) Eden: 3466266K(3475456K)->0K(3476992K) From: 1376K(9216K)->1424K(7680K)
[2026-09-22T10:53:45.928+0000][102.572s][info][gc,heap        ] GC(240) ParOldGen: 2687475K(2796544K)->2688827K(2796544K)
[2026-09-22T10:53:45.928+0000][102.572s][info][gc,metaspace   ] GC(240) Metaspace: 166418K(168064K)->166418K(168064K) NonClass: 139978K(140928K)->139978K(140928K) Class: 26439K(27136K)->26439K(27136K)
[2026-09-22T10:53:45.928+0000][102.572s][info][gc             ] GC(240) Pause Young (Allocation Failure) 6010M->2627M(6134M) 9.158ms
[2026-09-22T10:53:45.928+0000][102.572s][info][gc,cpu         ] GC(240) User=0.03s Sys=0.00s Real=0.01s
[2026-09-22T10:53:46.065+0000][102.710s][info][gc,start       ] GC(241) Pause Young (Allocation Failure)
[2026-09-22T10:53:46.073+0000][102.717s][info][gc,heap        ] GC(241) PSYoungGen: 3458927K(3484672K)->1248K(3485184K) Eden: 3457503K(3476992K)->0K(3476992K) From: 1424K(7680K)->1248K(8192K)
[2026-09-22T10:53:46.073+0000][102.717s][info][gc,heap        ] GC(241) ParOldGen: 2688827K(2796544K)->2690191K(2796544K)
[2026-09-22T10:53:46.073+0000][102.717s][info][gc,metaspace   ] GC(241) Metaspace: 166418K(168064K)->166418K(168064K) NonClass: 139978K(140928K)->139978K(140928K) Class: 26439K(27136K)->26439K(27136K)
[2026-09-22T10:53:46.073+0000][102.717s][info][gc             ] GC(241) Pause Young (Allocation Failure) 6003M->2628M(6134M) 7.857ms
[2026-09-22T10:53:46.073+0000][102.717s][info][gc,cpu         ] GC(241) User=0.03s Sys=0.00s Real=0.01s
[2026-09-22T10:53:46.212+0000][102.856s][info][gc,start       ] GC(242) Pause Young (Allocation Failure)
[2026-09-22T10:53:46.226+0000][102.870s][info][gc,heap        ] GC(242) PSYoungGen: 3476383K(3485184K)->1632K(3485696K) Eden: 3475135K(3476992K)->0K(3479040K) From: 1248K(8192K)->1632K(6656K)
[2026-09-22T10:53:46.226+0000][102.870s][info][gc,heap        ] GC(242) ParOldGen: 2690191K(2796544K)->2711899K(2796544K)
[2026-09-22T10:53:46.226+0000][102.870s][info][gc,metaspace   ] GC(242) Metaspace: 166418K(168064K)->166418K(168064K) NonClass: 139978K(140928K)->139978K(140928K) Class: 26439K(27136K)->26439K(27136K)
[2026-09-22T10:53:46.226+0000][102.870s][info][gc             ] GC(242) Pause Young (Allocation Failure) 6022M->2649M(6135M) 14.424ms
[2026-09-22T10:53:46.226+0000][102.870s][info][gc,cpu         ] GC(242) User=0.04s Sys=0.01s Real=0.01s
[2026-09-22T10:53:46.365+0000][103.009s][info][gc,start       ] GC(243) Pause Young (Allocation Failure)
[2026-09-22T10:53:46.373+0000][103.018s][info][gc,heap        ] GC(243) PSYoungGen: 3480672K(3485696K)->1760K(3486208K) Eden: 3479040K(3479040K)->0K(3479040K) From: 1632K(6656K)->1760K(7168K)
[2026-09-22T10:53:46.373+0000][103.018s][info][gc,heap        ] GC(243) ParOldGen: 2711899K(2796544K)->2713259K(2796544K)
[2026-09-22T10:53:46.373+0000][103.018s][info][gc,metaspace   ] GC(243) Metaspace: 166418K(168064K)->166418K(168064K) NonClass: 139978K(140928K)->139978K(140928K) Class: 26439K(27136K)->26439K(27136K)
[2026-09-22T10:53:46.373+0000][103.018s][info][gc             ] GC(243) Pause Young (Allocation Failure) 6047M->2651M(6135M) 8.260ms
[2026-09-22T10:53:46.373+0000][103.018s][info][gc,cpu         ] GC(243) User=0.03s Sys=0.00s Real=0.01s
[2026-09-22T10:53:46.512+0000][103.156s][info][gc,start       ] GC(244) Pause Young (Allocation Failure)
[2026-09-22T10:53:46.520+0000][103.165s][info][gc,heap        ] GC(244) PSYoungGen: 3479739K(3486208K)->1600K(3487744K) Eden: 3477979K(3479040K)->0K(3481088K) From: 1760K(7168K)->1600K(6656K)
[2026-09-22T10:53:46.521+0000][103.165s][info][gc,heap        ] GC(244) ParOldGen: 2713259K(2796544K)->2714947K(2796544K)
[2026-09-22T10:53:46.521+0000][103.165s][info][gc,metaspace   ] GC(244) Metaspace: 166418K(168064K)->166418K(168064K) NonClass: 139978K(140928K)->139978K(140928K) Class: 26439K(27136K)->26439K(27136K)
[2026-09-22T10:53:46.521+0000][103.165s][info][gc             ] GC(244) Pause Young (Allocation Failure) 6047M->2652M(6137M) 8.981ms
[2026-09-22T10:53:46.521+0000][103.165s][info][gc,cpu         ] GC(244) User=0.03s Sys=0.00s Real=0.01s
[2026-09-22T10:53:46.657+0000][103.301s][info][gc,start       ] GC(245) Pause Young (Allocation Failure)
[2026-09-22T10:53:46.665+0000][103.309s][info][gc,heap        ] GC(245) PSYoungGen: 3482688K(3487744K)->1568K(3487744K) Eden: 3481088K(3481088K)->0K(3481088K) From: 1600K(6656K)->1568K(6656K)
[2026-09-22T10:53:46.665+0000][103.309s][info][gc,heap        ] GC(245) ParOldGen: 2714947K(2796544K)->2716475K(2796544K)
[2026-09-22T10:53:46.665+0000][103.309s][info][gc,metaspace   ] GC(245) Metaspace: 166419K(168064K)->166419K(168064K) NonClass: 139979K(140928K)->139979K(140928K) Class: 26439K(27136K)->26439K(27136K)
[2026-09-22T10:53:46.665+0000][103.309s][info][gc             ] GC(245) Pause Young (Allocation Failure) 6052M->2654M(6137M) 8.119ms
[2026-09-22T10:53:46.665+0000][103.309s][info][gc,cpu         ] GC(245) User=0.03s Sys=0.00s Real=0.01s
[2026-09-22T10:53:46.805+0000][103.449s][info][gc,start       ] GC(246) Pause Young (Allocation Failure)
[2026-09-22T10:53:46.813+0000][103.457s][info][gc,heap        ] GC(246) PSYoungGen: 3482033K(3487744K)->1584K(3487744K) Eden: 3480465K(3481088K)->0K(3482112K) From: 1568K(6656K)->1584K(5632K)
[2026-09-22T10:53:46.813+0000][103.457s][info][gc,heap        ] GC(246) ParOldGen: 2716475K(2796544K)->2717979K(2796544K)
[2026-09-22T10:53:46.813+0000][103.457s][info][gc,metaspace   ] GC(246) Metaspace: 166419K(168064K)->166419K(168064K) NonClass: 139979K(140928K)->139979K(140928K) Class: 26439K(27136K)->26439K(27136K)
[2026-09-22T10:53:46.813+0000][103.457s][info][gc             ] GC(246) Pause Young (Allocation Failure) 6053M->2655M(6137M) 7.795ms
[2026-09-22T10:53:46.813+0000][103.457s][info][gc,cpu         ] GC(246) User=0.03s Sys=0.00s Real=0.01s
[2026-09-22T10:53:47.097+0000][103.741s][info][gc,start       ] GC(247) Pause Young (Allocation Failure)
[2026-09-22T10:53:47.126+0000][103.770s][info][gc,heap        ] GC(247) PSYoungGen: 3475555K(3487744K)->5632K(3487744K) Eden: 3473971K(3482112K)->0K(3482112K) From: 1584K(5632K)->5632K(5632K)
[2026-09-22T10:53:47.126+0000][103.770s][info][gc,heap        ] GC(247) ParOldGen: 2717979K(2796544K)->2729443K(2796544K)
[2026-09-22T10:53:47.126+0000][103.770s][info][gc,metaspace   ] GC(247) Metaspace: 166428K(168064K)->166428K(168064K) NonClass: 139985K(140928K)->139985K(140928K) Class: 26443K(27136K)->26443K(27136K)
[2026-09-22T10:53:47.126+0000][103.770s][info][gc             ] GC(247) Pause Young (Allocation Failure) 6048M->2670M(6137M) 28.780ms
[2026-09-22T10:53:47.126+0000][103.770s][info][gc,cpu         ] GC(247) User=0.08s Sys=0.01s Real=0.03s
[2026-09-22T10:53:47.264+0000][103.908s][info][gc,start       ] GC(248) Pause Young (Allocation Failure)
[2026-09-22T10:53:47.273+0000][103.918s][info][gc,heap        ] GC(248) PSYoungGen: 3475270K(3487744K)->1120K(3480576K) Eden: 3469638K(3482112K)->0K(3473408K) From: 5632K(5632K)->1120K(7168K)
[2026-09-22T10:53:47.273+0000][103.918s][info][gc,heap        ] GC(248) ParOldGen: 2729443K(2796544K)->2735131K(2796544K)
[2026-09-22T10:53:47.273+0000][103.918s][info][gc,metaspace   ] GC(248) Metaspace: 166428K(168064K)->166428K(168064K) NonClass: 139985K(140928K)->139985K(140928K) Class: 26443K(27136K)->26443K(27136K)
[2026-09-22T10:53:47.273+0000][103.918s][info][gc             ] GC(248) Pause Young (Allocation Failure) 6059M->2672M(6130M) 9.623ms
[2026-09-22T10:53:47.273+0000][103.918s][info][gc,cpu         ] GC(248) User=0.03s Sys=0.00s Real=0.01s
[2026-09-22T10:53:47.414+0000][104.058s][info][gc,start       ] GC(249) Pause Young (Allocation Failure)
[2026-09-22T10:53:47.422+0000][104.066s][info][gc,heap        ] GC(249) PSYoungGen: 3466124K(3480576K)->1344K(3484160K) Eden: 3465004K(3473408K)->0K(3473408K) From: 1120K(7168K)->1344K(10752K)
[2026-09-22T10:53:47.422+0000][104.066s][info][gc,heap        ] GC(249) ParOldGen: 2735131K(2796544K)->2736139K(2796544K)
[2026-09-22T10:53:47.422+0000][104.066s][info][gc,metaspace   ] GC(249) Metaspace: 166428K(168064K)->166428K(168064K) NonClass: 139985K(140928K)->139985K(140928K) Class: 26443K(27136K)->26443K(27136K)
[2026-09-22T10:53:47.422+0000][104.066s][info][gc             ] GC(249) Pause Young (Allocation Failure) 6055M->2673M(6133M) 8.115ms
[2026-09-22T10:53:47.422+0000][104.066s][info][gc,cpu         ] GC(249) User=0.02s Sys=0.00s Real=0.01s
[2026-09-22T10:53:47.557+0000][104.202s][info][gc,start       ] GC(250) Pause Young (Allocation Failure)
[2026-09-22T10:53:47.565+0000][104.209s][info][gc,heap        ] GC(250) PSYoungGen: 3465325K(3484160K)->1056K(3483648K) Eden: 3463981K(3473408K)->0K(3473920K) From: 1344K(10752K)->1056K(9728K)
[2026-09-22T10:53:47.565+0000][104.209s][info][gc,heap        ] GC(250) ParOldGen: 2736139K(2796544K)->2737427K(2796544K)
[2026-09-22T10:53:47.565+0000][104.209s][info][gc,metaspace   ] GC(250) Metaspace: 166428K(168064K)->166428K(168064K) NonClass: 139985K(140928K)->139985K(140928K) Class: 26443K(27136K)->26443K(27136K)
[2026-09-22T10:53:47.565+0000][104.209s][info][gc             ] GC(250) Pause Young (Allocation Failure) 6056M->2674M(6133M) 7.379ms
[2026-09-22T10:53:47.565+0000][104.209s][info][gc,cpu         ] GC(250) User=0.03s Sys=0.00s Real=0.01s
[2026-09-22T10:53:47.700+0000][104.344s][info][gc,start       ] GC(251) Pause Young (Allocation Failure)
[2026-09-22T10:53:47.709+0000][104.354s][info][gc,heap        ] GC(251) PSYoungGen: 3456368K(3483648K)->1472K(3484160K) Eden: 3455312K(3473920K)->0K(3473920K) From: 1056K(9728K)->1472K(10240K)
[2026-09-22T10:53:47.709+0000][104.354s][info][gc,heap        ] GC(251) ParOldGen: 2737427K(2796544K)->2738407K(2796544K)
[2026-09-22T10:53:47.709+0000][104.354s][info][gc,metaspace   ] GC(251) Metaspace: 166428K(168064K)->166428K(168064K) NonClass: 139985K(140928K)->139985K(140928K) Class: 26443K(27136K)->26443K(27136K)
[2026-09-22T10:53:47.709+0000][104.354s][info][gc             ] GC(251) Pause Young (Allocation Failure) 6048M->2675M(6133M) 9.242ms
[2026-09-22T10:53:47.709+0000][104.354s][info][gc,cpu         ] GC(251) User=0.03s Sys=0.00s Real=0.01s
[2026-09-22T10:53:47.847+0000][104.491s][info][gc,start       ] GC(252) Pause Young (Allocation Failure)
[2026-09-22T10:53:47.854+0000][104.499s][info][gc,heap        ] GC(252) PSYoungGen: 3473407K(3484160K)->1200K(3483648K) Eden: 3471935K(3473920K)->0K(3474944K) From: 1472K(10240K)->1200K(8704K)
[2026-09-22T10:53:47.854+0000][104.499s][info][gc,heap        ] GC(252) ParOldGen: 2738407K(2796544K)->2739847K(2796544K)
[2026-09-22T10:53:47.854+0000][104.499s][info][gc,metaspace   ] GC(252) Metaspace: 166428K(168064K)->166428K(168064K) NonClass: 139985K(140928K)->139985K(140928K) Class: 26443K(27136K)->26443K(27136K)
[2026-09-22T10:53:47.854+0000][104.499s][info][gc             ] GC(252) Pause Young (Allocation Failure) 6066M->2676M(6133M) 7.672ms
[2026-09-22T10:53:47.854+0000][104.499s][info][gc,cpu         ] GC(252) User=0.03s Sys=0.00s Real=0.01s
[2026-09-22T10:53:47.993+0000][104.637s][info][gc,start       ] GC(253) Pause Young (Allocation Failure)
[2026-09-22T10:53:48.001+0000][104.645s][info][gc,heap        ] GC(253) PSYoungGen: 3472986K(3483648K)->1536K(3484160K) Eden: 3471786K(3474944K)->0K(3474944K) From: 1200K(8704K)->1536K(9216K)
[2026-09-22T10:53:48.001+0000][104.645s][info][gc,heap        ] GC(253) ParOldGen: 2739847K(2796544K)->2741007K(2796544K)
[2026-09-22T10:53:48.001+0000][104.645s][info][gc,metaspace   ] GC(253) Metaspace: 166428K(168064K)->166428K(168064K) NonClass: 139985K(140928K)->139985K(140928K) Class: 26443K(27136K)->26443K(27136K)
[2026-09-22T10:53:48.001+0000][104.645s][info][gc             ] GC(253) Pause Young (Allocation Failure) 6067M->2678M(6133M) 7.902ms
[2026-09-22T10:53:48.001+0000][104.645s][info][gc,cpu         ] GC(253) User=0.03s Sys=0.00s Real=0.01s
[2026-09-22T10:53:48.140+0000][104.784s][info][gc,start       ] GC(254) Pause Young (Allocation Failure)
[2026-09-22T10:53:48.148+0000][104.792s][info][gc,heap        ] GC(254) PSYoungGen: 3472798K(3484160K)->1312K(3484672K) Eden: 3471262K(3474944K)->0K(3476992K) From: 1536K(9216K)->1312K(7680K)
[2026-09-22T10:53:48.148+0000][104.792s][info][gc,heap        ] GC(254) ParOldGen: 2741007K(2796544K)->2742507K(2796544K)
[2026-09-22T10:53:48.148+0000][104.792s][info][gc,metaspace   ] GC(254) Metaspace: 166428K(168064K)->166428K(168064K) NonClass: 139985K(140928K)->139985K(140928K) Class: 26443K(27136K)->26443K(27136K)
[2026-09-22T10:53:48.148+0000][104.792s][info][gc             ] GC(254) Pause Young (Allocation Failure) 6068M->2679M(6134M) 7.971ms
[2026-09-22T10:53:48.148+0000][104.792s][info][gc,cpu         ] GC(254) User=0.03s Sys=0.00s Real=0.00s
[2026-09-22T10:53:48.284+0000][104.929s][info][gc,start       ] GC(255) Pause Young (Allocation Failure)
[2026-09-22T10:53:48.292+0000][104.936s][info][gc,heap        ] GC(255) PSYoungGen: 3467469K(3484672K)->1280K(3485184K) Eden: 3466157K(3476992K)->0K(3476992K) From: 1312K(7680K)->1280K(8192K)
[2026-09-22T10:53:48.292+0000][104.936s][info][gc,heap        ] GC(255) ParOldGen: 2742507K(2796544K)->2743799K(2796544K)
[2026-09-22T10:53:48.292+0000][104.936s][info][gc,metaspace   ] GC(255) Metaspace: 166428K(168064K)->166428K(168064K) NonClass: 139985K(140928K)->139985K(140928K) Class: 26443K(27136K)->26443K(27136K)
[2026-09-22T10:53:48.292+0000][104.936s][info][gc             ] GC(255) Pause Young (Allocation Failure) 6064M->2680M(6134M) 7.725ms
[2026-09-22T10:53:48.292+0000][104.936s][info][gc,cpu         ] GC(255) User=0.03s Sys=0.00s Real=0.01s
[2026-09-22T10:53:48.432+0000][105.077s][info][gc,start       ] GC(256) Pause Young (Allocation Failure)
[2026-09-22T10:53:48.442+0000][105.086s][info][gc,heap        ] GC(256) PSYoungGen: 3466317K(3485184K)->1600K(3486720K) Eden: 3465037K(3476992K)->0K(3479040K) From: 1280K(8192K)->1600K(7680K)
[2026-09-22T10:53:48.442+0000][105.086s][info][gc,heap        ] GC(256) ParOldGen: 2743799K(2796544K)->2745023K(2796544K)
[2026-09-22T10:53:48.442+0000][105.086s][info][gc,metaspace   ] GC(256) Metaspace: 166428K(168064K)->166428K(168064K) NonClass: 139985K(140928K)->139985K(140928K) Class: 26443K(27136K)->26443K(27136K)
[2026-09-22T10:53:48.442+0000][105.086s][info][gc             ] GC(256) Pause Young (Allocation Failure) 6064M->2682M(6136M) 9.295ms
[2026-09-22T10:53:48.442+0000][105.086s][info][gc,cpu         ] GC(256) User=0.03s Sys=0.00s Real=0.01s
[2026-09-22T10:53:48.581+0000][105.225s][info][gc,start       ] GC(257) Pause Young (Allocation Failure)
[2026-09-22T10:53:48.590+0000][105.235s][info][gc,heap        ] GC(257) PSYoungGen: 3473839K(3486720K)->1568K(3486720K) Eden: 3472239K(3479040K)->0K(3479040K) From: 1600K(7680K)->1568K(7680K)
[2026-09-22T10:53:48.590+0000][105.235s][info][gc,heap        ] GC(257) ParOldGen: 2745023K(2796544K)->2746576K(2796544K)
[2026-09-22T10:53:48.590+0000][105.235s][info][gc,metaspace   ] GC(257) Metaspace: 166428K(168064K)->166428K(168064K) NonClass: 139985K(140928K)->139985K(140928K) Class: 26443K(27136K)->26443K(27136K)
[2026-09-22T10:53:48.590+0000][105.235s][info][gc             ] GC(257) Pause Young (Allocation Failure) 6073M->2683M(6136M) 9.450ms
[2026-09-22T10:53:48.590+0000][105.235s][info][gc,cpu         ] GC(257) User=0.03s Sys=0.00s Real=0.01s
[2026-09-22T10:53:48.731+0000][105.375s][info][gc,start       ] GC(258) Pause Young (Allocation Failure)
[2026-09-22T10:53:48.740+0000][105.384s][info][gc,heap        ] GC(258) PSYoungGen: 3471327K(3486720K)->1664K(3486720K) Eden: 3469759K(3479040K)->0K(3480064K) From: 1568K(7680K)->1664K(6656K)
[2026-09-22T10:53:48.740+0000][105.384s][info][gc,heap        ] GC(258) ParOldGen: 2746576K(2796544K)->2748100K(2796544K)
[2026-09-22T10:53:48.740+0000][105.384s][info][gc,metaspace   ] GC(258) Metaspace: 166434K(168064K)->166434K(168064K) NonClass: 139990K(140928K)->139990K(140928K) Class: 26443K(27136K)->26443K(27136K)
[2026-09-22T10:53:48.740+0000][105.384s][info][gc             ] GC(258) Pause Young (Allocation Failure) 6072M->2685M(6136M) 8.670ms
[2026-09-22T10:53:48.740+0000][105.384s][info][gc,cpu         ] GC(258) User=0.04s Sys=0.00s Real=0.01s
[2026-09-22T10:53:48.877+0000][105.521s][info][gc,start       ] GC(259) Pause Young (Allocation Failure)
[2026-09-22T10:53:48.886+0000][105.530s][info][gc,heap        ] GC(259) PSYoungGen: 3477658K(3486720K)->1824K(3486720K) Eden: 3475994K(3480064K)->0K(3480064K) From: 1664K(6656K)->1824K(6656K)
[2026-09-22T10:53:48.886+0000][105.530s][info][gc,heap        ] GC(259) ParOldGen: 2748100K(2796544K)->2749708K(2796544K)
[2026-09-22T10:53:48.886+0000][105.530s][info][gc,metaspace   ] GC(259) Metaspace: 166434K(168064K)->166434K(168064K) NonClass: 139990K(140928K)->139990K(140928K) Class: 26443K(27136K)->26443K(27136K)
[2026-09-22T10:53:48.886+0000][105.530s][info][gc             ] GC(259) Pause Young (Allocation Failure) 6079M->2687M(6136M) 8.891ms
[2026-09-22T10:53:48.886+0000][105.530s][info][gc,cpu         ] GC(259) User=0.03s Sys=0.01s Real=0.01s
[2026-09-22T10:53:49.027+0000][105.671s][info][gc,start       ] GC(260) Pause Young (Allocation Failure)
[2026-09-22T10:53:49.036+0000][105.681s][info][gc,heap        ] GC(260) PSYoungGen: 3481746K(3486720K)->1728K(3487744K) Eden: 3479922K(3480064K)->0K(3481600K) From: 1824K(6656K)->1728K(6144K)
[2026-09-22T10:53:49.037+0000][105.681s][info][gc,heap        ] GC(260) ParOldGen: 2749708K(2796544K)->2751460K(2796544K)
[2026-09-22T10:53:49.037+0000][105.681s][info][gc,metaspace   ] GC(260) Metaspace: 166434K(168064K)->166434K(168064K) NonClass: 139990K(140928K)->139990K(140928K) Class: 26443K(27136K)->26443K(27136K)
[2026-09-22T10:53:49.037+0000][105.681s][info][gc             ] GC(260) Pause Young (Allocation Failure) 6085M->2688M(6137M) 9.622ms
[2026-09-22T10:53:49.037+0000][105.681s][info][gc,cpu         ] GC(260) User=0.03s Sys=0.00s Real=0.01s
[2026-09-22T10:53:49.277+0000][105.921s][info][gc,start       ] GC(261) Pause Young (Allocation Failure)
[2026-09-22T10:53:49.299+0000][105.943s][info][gc,heap        ] GC(261) PSYoungGen: 3476542K(3487744K)->6144K(3487744K) Eden: 3474814K(3481600K)->0K(3481600K) From: 1728K(6144K)->6144K(6144K)
[2026-09-22T10:53:49.299+0000][105.943s][info][gc,heap        ] GC(261) ParOldGen: 2751460K(2796544K)->2762968K(2796544K)
[2026-09-22T10:53:49.299+0000][105.943s][info][gc,metaspace   ] GC(261) Metaspace: 166434K(168064K)->166434K(168064K) NonClass: 139990K(140928K)->139990K(140928K) Class: 26444K(27136K)->26444K(27136K)
[2026-09-22T10:53:49.299+0000][105.943s][info][gc             ] GC(261) Pause Young (Allocation Failure) 6082M->2704M(6137M) 22.270ms
[2026-09-22T10:53:49.299+0000][105.944s][info][gc,cpu         ] GC(261) User=0.09s Sys=0.00s Real=0.03s
[2026-09-22T10:53:49.436+0000][106.080s][info][gc,start       ] GC(262) Pause Young (Allocation Failure)
[2026-09-22T10:53:49.445+0000][106.090s][info][gc,heap        ] GC(262) PSYoungGen: 3478043K(3487744K)->1120K(3479552K) Eden: 3471899K(3481600K)->0K(3472384K) From: 6144K(6144K)->1120K(7168K)
[2026-09-22T10:53:49.445+0000][106.090s][info][gc,heap        ] GC(262) ParOldGen: 2762968K(2796544K)->2769192K(2796544K)
[2026-09-22T10:53:49.445+0000][106.090s][info][gc,metaspace   ] GC(262) Metaspace: 166434K(168064K)->166434K(168064K) NonClass: 139990K(140928K)->139990K(140928K) Class: 26444K(27136K)->26444K(27136K)
[2026-09-22T10:53:49.445+0000][106.090s][info][gc             ] GC(262) Pause Young (Allocation Failure) 6094M->2705M(6129M) 9.358ms
[2026-09-22T10:53:49.445+0000][106.090s][info][gc,cpu         ] GC(262) User=0.03s Sys=0.00s Real=0.01s
[2026-09-22T10:53:49.584+0000][106.229s][info][gc,start       ] GC(263) Pause Young (Allocation Failure)
[2026-09-22T10:53:49.592+0000][106.236s][info][gc,heap        ] GC(263) PSYoungGen: 3464496K(3479552K)->1120K(3483648K) Eden: 3463376K(3472384K)->0K(3472384K) From: 1120K(7168K)->1120K(11264K)
[2026-09-22T10:53:49.592+0000][106.236s][info][gc,heap        ] GC(263) ParOldGen: 2769192K(2796544K)->2770192K(2796544K)
[2026-09-22T10:53:49.592+0000][106.236s][info][gc,metaspace   ] GC(263) Metaspace: 166434K(168064K)->166434K(168064K) NonClass: 139990K(140928K)->139990K(140928K) Class: 26444K(27136K)->26444K(27136K)
[2026-09-22T10:53:49.592+0000][106.236s][info][gc             ] GC(263) Pause Young (Allocation Failure) 6087M->2706M(6133M) 7.187ms
[2026-09-22T10:53:49.592+0000][106.236s][info][gc,cpu         ] GC(263) User=0.03s Sys=0.00s Real=0.01s
[2026-09-22T10:53:49.730+0000][106.374s][info][gc,start       ] GC(264) Pause Young (Allocation Failure)
[2026-09-22T10:53:49.739+0000][106.383s][info][gc,heap        ] GC(264) PSYoungGen: 3473504K(3483648K)->1216K(3482112K) Eden: 3472384K(3472384K)->0K(3472896K) From: 1120K(11264K)->1216K(9216K)
[2026-09-22T10:53:49.739+0000][106.383s][info][gc,heap        ] GC(264) ParOldGen: 2770192K(2796544K)->2771264K(2796544K)
[2026-09-22T10:53:49.739+0000][106.383s][info][gc,metaspace   ] GC(264) Metaspace: 166435K(168064K)->166435K(168064K) NonClass: 139991K(140928K)->139991K(140928K) Class: 26444K(27136K)->26444K(27136K)
[2026-09-22T10:53:49.739+0000][106.383s][info][gc             ] GC(264) Pause Young (Allocation Failure) 6097M->2707M(6131M) 8.833ms
[2026-09-22T10:53:49.739+0000][106.383s][info][gc,cpu         ] GC(264) User=0.03s Sys=0.00s Real=0.00s
[2026-09-22T10:53:49.879+0000][106.523s][info][gc,start       ] GC(265) Pause Young (Allocation Failure)
[2026-09-22T10:53:49.887+0000][106.531s][info][gc,heap        ] GC(265) PSYoungGen: 3465881K(3482112K)->1376K(3483136K) Eden: 3464665K(3472896K)->0K(3472896K) From: 1216K(9216K)->1376K(10240K)
[2026-09-22T10:53:49.887+0000][106.531s][info][gc,heap        ] GC(265) ParOldGen: 2771264K(2796544K)->2772420K(2796544K)
[2026-09-22T10:53:49.887+0000][106.531s][info][gc,metaspace   ] GC(265) Metaspace: 166435K(168064K)->166435K(168064K) NonClass: 139991K(140928K)->139991K(140928K) Class: 26444K(27136K)->26444K(27136K)
[2026-09-22T10:53:49.887+0000][106.531s][info][gc             ] GC(265) Pause Young (Allocation Failure) 6090M->2708M(6132M) 8.012ms
[2026-09-22T10:53:49.887+0000][106.531s][info][gc,cpu         ] GC(265) User=0.03s Sys=0.00s Real=0.01s
[2026-09-22T10:53:50.024+0000][106.668s][info][gc,start       ] GC(266) Pause Young (Allocation Failure)
[2026-09-22T10:53:50.033+0000][106.677s][info][gc,heap        ] GC(266) PSYoungGen: 3465488K(3483136K)->1280K(3483136K) Eden: 3464112K(3472896K)->0K(3474944K) From: 1376K(10240K)->1280K(8192K)
[2026-09-22T10:53:50.033+0000][106.677s][info][gc,heap        ] GC(266) ParOldGen: 2772420K(2796544K)->2773764K(2796544K)
[2026-09-22T10:53:50.033+0000][106.677s][info][gc,metaspace   ] GC(266) Metaspace: 166435K(168064K)->166435K(168064K) NonClass: 139991K(140928K)->139991K(140928K) Class: 26444K(27136K)->26444K(27136K)
[2026-09-22T10:53:50.033+0000][106.677s][info][gc             ] GC(266) Pause Young (Allocation Failure) 6091M->2710M(6132M) 9.199ms
[2026-09-22T10:53:50.033+0000][106.677s][info][gc,cpu         ] GC(266) User=0.04s Sys=0.00s Real=0.01s
[2026-09-22T10:53:50.170+0000][106.814s][info][gc,start       ] GC(267) Pause Young (Allocation Failure)
[2026-09-22T10:53:50.179+0000][106.823s][info][gc,heap        ] GC(267) PSYoungGen: 3465050K(3483136K)->1344K(3484160K) Eden: 3463770K(3474944K)->0K(3474944K) From: 1280K(8192K)->1344K(9216K)
[2026-09-22T10:53:50.179+0000][106.823s][info][gc,heap        ] GC(267) ParOldGen: 2773764K(2796544K)->2774992K(2796544K)
[2026-09-22T10:53:50.179+0000][106.823s][info][gc,metaspace   ] GC(267) Metaspace: 166435K(168064K)->166435K(168064K) NonClass: 139991K(140928K)->139991K(140928K) Class: 26444K(27136K)->26444K(27136K)
[2026-09-22T10:53:50.179+0000][106.823s][info][gc             ] GC(267) Pause Young (Allocation Failure) 6092M->2711M(6133M) 9.300ms
[2026-09-22T10:53:50.179+0000][106.823s][info][gc,cpu         ] GC(267) User=0.03s Sys=0.00s Real=0.01s
[2026-09-22T10:53:50.316+0000][106.960s][info][gc,start       ] GC(268) Pause Young (Allocation Failure)
[2026-09-22T10:53:50.325+0000][106.970s][info][gc,heap        ] GC(268) PSYoungGen: 3464695K(3484160K)->1344K(3485184K) Eden: 3463351K(3474944K)->0K(3476992K) From: 1344K(9216K)->1344K(8192K)
[2026-09-22T10:53:50.325+0000][106.970s][info][gc,heap        ] GC(268) ParOldGen: 2774992K(2796544K)->2776280K(2796544K)
[2026-09-22T10:53:50.325+0000][106.970s][info][gc,metaspace   ] GC(268) Metaspace: 166435K(168064K)->166435K(168064K) NonClass: 139991K(140928K)->139991K(140928K) Class: 26444K(27136K)->26444K(27136K)
[2026-09-22T10:53:50.325+0000][106.970s][info][gc             ] GC(268) Pause Young (Allocation Failure) 6093M->2712M(6134M) 9.183ms
[2026-09-22T10:53:50.325+0000][106.970s][info][gc,cpu         ] GC(268) User=0.03s Sys=0.00s Real=0.01s
[2026-09-22T10:53:50.465+0000][107.109s][info][gc,start       ] GC(269) Pause Young (Allocation Failure)
[2026-09-22T10:53:50.474+0000][107.118s][info][gc,heap        ] GC(269) PSYoungGen: 3470980K(3485184K)->1504K(3485696K) Eden: 3469636K(3476992K)->0K(3476992K) From: 1344K(8192K)->1504K(8704K)
[2026-09-22T10:53:50.474+0000][107.118s][info][gc,heap        ] GC(269) ParOldGen: 2776280K(2796544K)->2777604K(2796544K)
[2026-09-22T10:53:50.474+0000][107.118s][info][gc,metaspace   ] GC(269) Metaspace: 166435K(168064K)->166435K(168064K) NonClass: 139991K(140928K)->139991K(140928K) Class: 26444K(27136K)->26444K(27136K)
[2026-09-22T10:53:50.474+0000][107.118s][info][gc             ] GC(269) Pause Young (Allocation Failure) 6100M->2713M(6135M) 9.048ms
[2026-09-22T10:53:50.474+0000][107.118s][info][gc,cpu         ] GC(269) User=0.03s Sys=0.00s Real=0.01s
[2026-09-22T10:53:50.611+0000][107.255s][info][gc,start       ] GC(270) Pause Young (Allocation Failure)
[2026-09-22T10:53:50.620+0000][107.264s][info][gc,heap        ] GC(270) PSYoungGen: 3467183K(3485696K)->1488K(3485184K) Eden: 3465679K(3476992K)->0K(3478016K) From: 1504K(8704K)->1488K(7168K)
[2026-09-22T10:53:50.620+0000][107.264s][info][gc,heap        ] GC(270) ParOldGen: 2777604K(2796544K)->2779052K(2796544K)
[2026-09-22T10:53:50.620+0000][107.264s][info][gc,metaspace   ] GC(270) Metaspace: 166435K(168064K)->166435K(168064K) NonClass: 139991K(140928K)->139991K(140928K) Class: 26444K(27136K)->26444K(27136K)
[2026-09-22T10:53:50.620+0000][107.264s][info][gc             ] GC(270) Pause Young (Allocation Failure) 6098M->2715M(6134M) 8.735ms
[2026-09-22T10:53:50.620+0000][107.264s][info][gc,cpu         ] GC(270) User=0.03s Sys=0.00s Real=0.01s
[2026-09-22T10:53:50.760+0000][107.404s][info][gc,start       ] GC(271) Pause Young (Allocation Failure)
[2026-09-22T10:53:50.768+0000][107.412s][info][gc,heap        ] GC(271) PSYoungGen: 3462791K(3485184K)->1408K(3485696K) Eden: 3461303K(3478016K)->0K(3478016K) From: 1488K(7168K)->1408K(7680K)
[2026-09-22T10:53:50.768+0000][107.412s][info][gc,heap        ] GC(271) ParOldGen: 2779052K(2796544K)->2780488K(2796544K)
[2026-09-22T10:53:50.768+0000][107.412s][info][gc,metaspace   ] GC(271) Metaspace: 166435K(168064K)->166435K(168064K) NonClass: 139991K(140928K)->139991K(140928K) Class: 26444K(27136K)->26444K(27136K)
[2026-09-22T10:53:50.768+0000][107.412s][info][gc             ] GC(271) Pause Young (Allocation Failure) 6095M->2716M(6135M) 8.359ms
[2026-09-22T10:53:50.768+0000][107.412s][info][gc,cpu         ] GC(271) User=0.03s Sys=0.00s Real=0.00s
[2026-09-22T10:53:50.908+0000][107.552s][info][gc,start       ] GC(272) Pause Young (Allocation Failure)
[2026-09-22T10:53:50.918+0000][107.562s][info][gc,heap        ] GC(272) PSYoungGen: 3468060K(3485696K)->2096K(3486208K) Eden: 3466652K(3478016K)->0K(3480064K) From: 1408K(7680K)->2096K(6144K)
[2026-09-22T10:53:50.918+0000][107.562s][info][gc,heap        ] GC(272) ParOldGen: 2780488K(2796544K)->2781853K(2796544K)
[2026-09-22T10:53:50.918+0000][107.562s][info][gc,metaspace   ] GC(272) Metaspace: 166435K(168064K)->166435K(168064K) NonClass: 139991K(140928K)->139991K(140928K) Class: 26444K(27136K)->26444K(27136K)
[2026-09-22T10:53:50.918+0000][107.562s][info][gc             ] GC(272) Pause Young (Allocation Failure) 6102M->2718M(6135M) 9.839ms
[2026-09-22T10:53:50.918+0000][107.562s][info][gc,cpu         ] GC(272) User=0.04s Sys=0.00s Real=0.01s
[2026-09-22T10:53:51.055+0000][107.699s][info][gc,start       ] GC(273) Pause Young (Allocation Failure)
[2026-09-22T10:53:51.064+0000][107.708s][info][gc,heap        ] GC(273) PSYoungGen: 3464068K(3486208K)->1632K(3486720K) Eden: 3461972K(3480064K)->0K(3480064K) From: 2096K(6144K)->1632K(6656K)
[2026-09-22T10:53:51.064+0000][107.708s][info][gc,heap        ] GC(273) ParOldGen: 2781853K(2796544K)->2783901K(2796544K)
[2026-09-22T10:53:51.064+0000][107.708s][info][gc,metaspace   ] GC(273) Metaspace: 166435K(168064K)->166435K(168064K) NonClass: 139991K(140928K)->139991K(140928K) Class: 26444K(27136K)->26444K(27136K)
[2026-09-22T10:53:51.064+0000][107.708s][info][gc             ] GC(273) Pause Young (Allocation Failure) 6099M->2720M(6136M) 8.470ms
[2026-09-22T10:53:51.064+0000][107.708s][info][gc,cpu         ] GC(273) User=0.03s Sys=0.00s Real=0.01s
[2026-09-22T10:53:51.203+0000][107.847s][info][gc,start       ] GC(274) Pause Young (Allocation Failure)
[2026-09-22T10:53:51.211+0000][107.855s][info][gc,heap        ] GC(274) PSYoungGen: 3473825K(3486720K)->1936K(3487232K) Eden: 3472193K(3480064K)->0K(3481600K) From: 1632K(6656K)->1936K(5632K)
[2026-09-22T10:53:51.211+0000][107.855s][info][gc,heap        ] GC(274) ParOldGen: 2783901K(2796544K)->2785481K(2796544K)
[2026-09-22T10:53:51.211+0000][107.855s][info][gc,metaspace   ] GC(274) Metaspace: 166435K(168064K)->166435K(168064K) NonClass: 139991K(140928K)->139991K(140928K) Class: 26444K(27136K)->26444K(27136K)
[2026-09-22T10:53:51.211+0000][107.855s][info][gc             ] GC(274) Pause Young (Allocation Failure) 6111M->2722M(6136M) 8.594ms
[2026-09-22T10:53:51.211+0000][107.855s][info][gc,cpu         ] GC(274) User=0.03s Sys=0.00s Real=0.01s
[2026-09-22T10:53:51.486+0000][108.130s][info][gc,start       ] GC(275) Pause Young (Allocation Failure)
[2026-09-22T10:53:51.508+0000][108.152s][info][gc,heap        ] GC(275) PSYoungGen: 3473647K(3487232K)->6144K(3487744K) Eden: 3471711K(3481600K)->0K(3481600K) From: 1936K(5632K)->6144K(6144K)
[2026-09-22T10:53:51.508+0000][108.152s][info][gc,heap        ] GC(275) ParOldGen: 2785481K(2796544K)->2797005K(2797056K)
[2026-09-22T10:53:51.508+0000][108.152s][info][gc,metaspace   ] GC(275) Metaspace: 166435K(168064K)->166435K(168064K) NonClass: 139991K(140928K)->139991K(140928K) Class: 26444K(27136K)->26444K(27136K)
[2026-09-22T10:53:51.508+0000][108.152s][info][gc             ] GC(275) Pause Young (Allocation Failure) 6112M->2737M(6137M) 22.088ms
[2026-09-22T10:53:51.508+0000][108.152s][info][gc,cpu         ] GC(275) User=0.09s Sys=0.00s Real=0.02s
[2026-09-22T10:53:51.650+0000][108.294s][info][gc,start       ] GC(276) Pause Young (Allocation Failure)
[2026-09-22T10:53:51.661+0000][108.305s][info][gc,heap        ] GC(276) PSYoungGen: 3487744K(3487744K)->1408K(3479552K) Eden: 3481600K(3481600K)->0K(3472384K) From: 6144K(6144K)->1408K(7168K)
[2026-09-22T10:53:51.661+0000][108.305s][info][gc,heap        ] GC(276) ParOldGen: 2797005K(2797056K)->2803217K(2803712K)
[2026-09-22T10:53:51.661+0000][108.305s][info][gc,metaspace   ] GC(276) Metaspace: 166435K(168064K)->166435K(168064K) NonClass: 139991K(140928K)->139991K(140928K) Class: 26444K(27136K)->26444K(27136K)
[2026-09-22T10:53:51.661+0000][108.305s][info][gc             ] GC(276) Pause Young (Allocation Failure) 6137M->2738M(6136M) 10.667ms
[2026-09-22T10:53:51.661+0000][108.305s][info][gc,cpu         ] GC(276) User=0.04s Sys=0.00s Real=0.01s
[2026-09-22T10:53:51.804+0000][108.448s][info][gc,start       ] GC(277) Pause Young (Allocation Failure)
[2026-09-22T10:53:51.813+0000][108.457s][info][gc,heap        ] GC(277) PSYoungGen: 3471362K(3479552K)->1728K(3483648K) Eden: 3469954K(3472384K)->0K(3472384K) From: 1408K(7168K)->1728K(11264K)
[2026-09-22T10:53:51.813+0000][108.458s][info][gc,heap        ] GC(277) ParOldGen: 2803217K(2803712K)->2804549K(2804736K)
[2026-09-22T10:53:51.813+0000][108.458s][info][gc,metaspace   ] GC(277) Metaspace: 166435K(168064K)->166435K(168064K) NonClass: 139991K(140928K)->139991K(140928K) Class: 26444K(27136K)->26444K(27136K)
[2026-09-22T10:53:51.813+0000][108.458s][info][gc             ] GC(277) Pause Young (Allocation Failure) 6127M->2740M(6141M) 9.569ms
[2026-09-22T10:53:51.813+0000][108.458s][info][gc,cpu         ] GC(277) User=0.04s Sys=0.00s Real=0.01s
[2026-09-22T10:53:51.950+0000][108.594s][info][gc,start       ] GC(278) Pause Young (Allocation Failure)
[2026-09-22T10:53:51.960+0000][108.604s][info][gc,heap        ] GC(278) PSYoungGen: 3455296K(3483648K)->1248K(3482112K) Eden: 3453568K(3472384K)->0K(3472896K) From: 1728K(11264K)->1248K(9216K)
[2026-09-22T10:53:51.960+0000][108.604s][info][gc,heap        ] GC(278) ParOldGen: 2804549K(2804736K)->2806141K(2806272K)
[2026-09-22T10:53:51.960+0000][108.604s][info][gc,metaspace   ] GC(278) Metaspace: 166435K(168064K)->166435K(168064K) NonClass: 139991K(140928K)->139991K(140928K) Class: 26444K(27136K)->26444K(27136K)
[2026-09-22T10:53:51.960+0000][108.604s][info][gc             ] GC(278) Pause Young (Allocation Failure) 6113M->2741M(6141M) 9.477ms
[2026-09-22T10:53:51.960+0000][108.604s][info][gc,cpu         ] GC(278) User=0.03s Sys=0.01s Real=0.01s
[2026-09-22T10:53:52.097+0000][108.741s][info][gc,start       ] GC(279) Pause Young (Allocation Failure)
[2026-09-22T10:53:52.105+0000][108.750s][info][gc,heap        ] GC(279) PSYoungGen: 3474144K(3482112K)->1568K(3483136K) Eden: 3472896K(3472896K)->0K(3472896K) From: 1248K(9216K)->1568K(10240K)
[2026-09-22T10:53:52.105+0000][108.750s][info][gc,heap        ] GC(279) ParOldGen: 2806141K(2806272K)->2807333K(2807808K)
[2026-09-22T10:53:52.105+0000][108.750s][info][gc,metaspace   ] GC(279) Metaspace: 166435K(168064K)->166435K(168064K) NonClass: 139991K(140928K)->139991K(140928K) Class: 26444K(27136K)->26444K(27136K)
[2026-09-22T10:53:52.105+0000][108.750s][info][gc             ] GC(279) Pause Young (Allocation Failure) 6133M->2743M(6143M) 8.859ms
[2026-09-22T10:53:52.105+0000][108.750s][info][gc,cpu         ] GC(279) User=0.04s Sys=0.00s Real=0.01s
[2026-09-22T10:53:52.243+0000][108.887s][info][gc,start       ] GC(280) Pause Young (Allocation Failure)
[2026-09-22T10:53:52.253+0000][108.897s][info][gc,heap        ] GC(280) PSYoungGen: 3473923K(3483136K)->1408K(3483136K) Eden: 3472355K(3472896K)->0K(3474944K) From: 1568K(10240K)->1408K(8192K)
[2026-09-22T10:53:52.253+0000][108.897s][info][gc,heap        ] GC(280) ParOldGen: 2807333K(2807808K)->2808889K(2809344K)
[2026-09-22T10:53:52.253+0000][108.897s][info][gc,metaspace   ] GC(280) Metaspace: 166435K(168064K)->166435K(168064K) NonClass: 139991K(140928K)->139991K(140928K) Class: 26444K(27136K)->26444K(27136K)
[2026-09-22T10:53:52.253+0000][108.897s][info][gc             ] GC(280) Pause Young (Allocation Failure) 6134M->2744M(6145M) 9.333ms
[2026-09-22T10:53:52.253+0000][108.897s][info][gc,cpu         ] GC(280) User=0.03s Sys=0.00s Real=0.01s
[2026-09-22T10:53:52.391+0000][109.035s][info][gc,start       ] GC(281) Pause Young (Allocation Failure)
[2026-09-22T10:53:52.401+0000][109.045s][info][gc,heap        ] GC(281) PSYoungGen: 3471441K(3483136K)->1312K(3484160K) Eden: 3470033K(3474944K)->0K(3474944K) From: 1408K(8192K)->1312K(9216K)
[2026-09-22T10:53:52.401+0000][109.045s][info][gc,heap        ] GC(281) ParOldGen: 2808889K(2809344K)->2810262K(2810368K)
[2026-09-22T10:53:52.401+0000][109.045s][info][gc,metaspace   ] GC(281) Metaspace: 166435K(168064K)->166435K(168064K) NonClass: 139991K(140928K)->139991K(140928K) Class: 26444K(27136K)->26444K(27136K)
[2026-09-22T10:53:52.401+0000][109.045s][info][gc             ] GC(281) Pause Young (Allocation Failure) 6133M->2745M(6147M) 9.649ms
[2026-09-22T10:53:52.401+0000][109.045s][info][gc,cpu         ] GC(281) User=0.03s Sys=0.01s Real=0.01s
[2026-09-22T10:53:52.539+0000][109.183s][info][gc,start       ] GC(282) Pause Young (Allocation Failure)
[2026-09-22T10:53:52.549+0000][109.193s][info][gc,heap        ] GC(282) PSYoungGen: 3476256K(3484160K)->1312K(3484672K) Eden: 3474944K(3474944K)->0K(3476480K) From: 1312K(9216K)->1312K(8192K)
[2026-09-22T10:53:52.549+0000][109.193s][info][gc,heap        ] GC(282) ParOldGen: 2810262K(2810368K)->2811526K(2811904K)
[2026-09-22T10:53:52.549+0000][109.193s][info][gc,metaspace   ] GC(282) Metaspace: 166435K(168064K)->166435K(168064K) NonClass: 139991K(140928K)->139991K(140928K) Class: 26444K(27136K)->26444K(27136K)
[2026-09-22T10:53:52.549+0000][109.193s][info][gc             ] GC(282) Pause Young (Allocation Failure) 6139M->2746M(6149M) 9.663ms
[2026-09-22T10:53:52.549+0000][109.193s][info][gc,cpu         ] GC(282) User=0.03s Sys=0.00s Real=0.01s
[2026-09-22T10:53:52.686+0000][109.330s][info][gc,start       ] GC(283) Pause Young (Allocation Failure)
[2026-09-22T10:53:52.695+0000][109.339s][info][gc,heap        ] GC(283) PSYoungGen: 3468201K(3484672K)->1408K(3485184K) Eden: 3466889K(3476480K)->0K(3476480K) From: 1312K(8192K)->1408K(8704K)
[2026-09-22T10:53:52.695+0000][109.339s][info][gc,heap        ] GC(283) ParOldGen: 2811526K(2811904K)->2812790K(2812928K)
[2026-09-22T10:53:52.695+0000][109.339s][info][gc,metaspace   ] GC(283) Metaspace: 166436K(168064K)->166436K(168064K) NonClass: 139991K(140928K)->139991K(140928K) Class: 26444K(27136K)->26444K(27136K)
[2026-09-22T10:53:52.695+0000][109.339s][info][gc             ] GC(283) Pause Young (Allocation Failure) 6132M->2748M(6150M) 8.728ms
[2026-09-22T10:53:52.695+0000][109.339s][info][gc,cpu         ] GC(283) User=0.04s Sys=0.00s Real=0.01s
[2026-09-22T10:53:52.830+0000][109.474s][info][gc,start       ] GC(284) Pause Young (Allocation Failure)
[2026-09-22T10:53:52.839+0000][109.483s][info][gc,heap        ] GC(284) PSYoungGen: 3463928K(3485184K)->1408K(3485184K) Eden: 3462520K(3476480K)->0K(3478016K) From: 1408K(8704K)->1408K(7168K)
[2026-09-22T10:53:52.839+0000][109.483s][info][gc,heap        ] GC(284) ParOldGen: 2812790K(2812928K)->2814190K(2814464K)
[2026-09-22T10:53:52.839+0000][109.483s][info][gc,metaspace   ] GC(284) Metaspace: 166436K(168064K)->166436K(168064K) NonClass: 139991K(140928K)->139991K(140928K) Class: 26444K(27136K)->26444K(27136K)
[2026-09-22T10:53:52.839+0000][109.483s][info][gc             ] GC(284) Pause Young (Allocation Failure) 6129M->2749M(6152M) 9.440ms
[2026-09-22T10:53:52.839+0000][109.483s][info][gc,cpu         ] GC(284) User=0.04s Sys=0.00s Real=0.00s
[2026-09-22T10:53:52.974+0000][109.618s][info][gc,start       ] GC(285) Pause Young (Allocation Failure)
[2026-09-22T10:53:52.983+0000][109.627s][info][gc,heap        ] GC(285) PSYoungGen: 3472861K(3485184K)->1376K(3485696K) Eden: 3471453K(3478016K)->0K(3478016K) From: 1408K(7168K)->1376K(7680K)
[2026-09-22T10:53:52.983+0000][109.627s][info][gc,heap        ] GC(285) ParOldGen: 2814190K(2814464K)->2815558K(2816000K)
[2026-09-22T10:53:52.983+0000][109.627s][info][gc,metaspace   ] GC(285) Metaspace: 166436K(168064K)->166436K(168064K) NonClass: 139991K(140928K)->139991K(140928K) Class: 26444K(27136K)->26444K(27136K)
[2026-09-22T10:53:52.983+0000][109.627s][info][gc             ] GC(285) Pause Young (Allocation Failure) 6139M->2750M(6154M) 8.658ms
[2026-09-22T10:53:52.983+0000][109.627s][info][gc,cpu         ] GC(285) User=0.03s Sys=0.00s Real=0.01s
[2026-09-22T10:53:53.116+0000][109.760s][info][gc,start       ] GC(286) Pause Young (Allocation Failure)
[2026-09-22T10:53:53.125+0000][109.770s][info][gc,heap        ] GC(286) PSYoungGen: 3472957K(3485696K)->1440K(3487232K) Eden: 3471581K(3478016K)->0K(3480064K) From: 1376K(7680K)->1440K(7168K)
[2026-09-22T10:53:53.125+0000][109.770s][info][gc,heap        ] GC(286) ParOldGen: 2815558K(2816000K)->2816870K(2817024K)
[2026-09-22T10:53:53.125+0000][109.770s][info][gc,metaspace   ] GC(286) Metaspace: 166436K(168064K)->166436K(168064K) NonClass: 139991K(140928K)->139991K(140928K) Class: 26444K(27136K)->26444K(27136K)
[2026-09-22T10:53:53.125+0000][109.770s][info][gc             ] GC(286) Pause Young (Allocation Failure) 6141M->2752M(6156M) 9.592ms
[2026-09-22T10:53:53.125+0000][109.770s][info][gc,cpu         ] GC(286) User=0.04s Sys=0.01s Real=0.01s
[2026-09-22T10:53:53.259+0000][109.903s][info][gc,start       ] GC(287) Pause Young (Allocation Failure)
[2026-09-22T10:53:53.268+0000][109.913s][info][gc,heap        ] GC(287) PSYoungGen: 3475711K(3487232K)->1568K(3487232K) Eden: 3474271K(3480064K)->0K(3480064K) From: 1440K(7168K)->1568K(7168K)
[2026-09-22T10:53:53.268+0000][109.913s][info][gc,heap        ] GC(287) ParOldGen: 2816870K(2817024K)->2818254K(2818560K)
[2026-09-22T10:53:53.268+0000][109.913s][info][gc,metaspace   ] GC(287) Metaspace: 166436K(168064K)->166436K(168064K) NonClass: 139991K(140928K)->139991K(140928K) Class: 26444K(27136K)->26444K(27136K)
[2026-09-22T10:53:53.268+0000][109.913s][info][gc             ] GC(287) Pause Young (Allocation Failure) 6145M->2753M(6158M) 9.450ms
[2026-09-22T10:53:53.268+0000][109.913s][info][gc,cpu         ] GC(287) User=0.03s Sys=0.00s Real=0.01s
[2026-09-22T10:53:53.405+0000][110.050s][info][gc,start       ] GC(288) Pause Young (Allocation Failure)
[2026-09-22T10:53:53.414+0000][110.059s][info][gc,heap        ] GC(288) PSYoungGen: 3470856K(3487232K)->1744K(3487232K) Eden: 3469288K(3480064K)->0K(3481088K) From: 1568K(7168K)->1744K(6144K)
[2026-09-22T10:53:53.414+0000][110.059s][info][gc,heap        ] GC(288) ParOldGen: 2818254K(2818560K)->2819770K(2820096K)
[2026-09-22T10:53:53.414+0000][110.059s][info][gc,metaspace   ] GC(288) Metaspace: 166436K(168064K)->166436K(168064K) NonClass: 139991K(140928K)->139991K(140928K) Class: 26444K(27136K)->26444K(27136K)
[2026-09-22T10:53:53.414+0000][110.059s][info][gc             ] GC(288) Pause Young (Allocation Failure) 6141M->2755M(6159M) 8.848ms
[2026-09-22T10:53:53.414+0000][110.059s][info][gc,cpu         ] GC(288) User=0.03s Sys=0.01s Real=0.01s
[2026-09-22T10:53:53.656+0000][110.301s][info][gc,start       ] GC(289) Pause Young (Allocation Failure)
[2026-09-22T10:53:53.680+0000][110.324s][info][gc,heap        ] GC(289) PSYoungGen: 3471757K(3487232K)->6144K(3487232K) Eden: 3470013K(3481088K)->0K(3481088K) From: 1744K(6144K)->6144K(6144K)
[2026-09-22T10:53:53.680+0000][110.324s][info][gc,heap        ] GC(289) ParOldGen: 2819770K(2820096K)->2830918K(2831360K)
[2026-09-22T10:53:53.680+0000][110.324s][info][gc,metaspace   ] GC(289) Metaspace: 166439K(168064K)->166439K(168064K) NonClass: 139994K(140928K)->139994K(140928K) Class: 26444K(27136K)->26444K(27136K)
[2026-09-22T10:53:53.680+0000][110.324s][info][gc             ] GC(289) Pause Young (Allocation Failure) 6144M->2770M(6170M) 23.876ms
[2026-09-22T10:53:53.680+0000][110.324s][info][gc,cpu         ] GC(289) User=0.07s Sys=0.01s Real=0.03s
[2026-09-22T10:53:53.823+0000][110.467s][info][gc,start       ] GC(290) Pause Young (Allocation Failure)
[2026-09-22T10:53:53.834+0000][110.479s][info][gc,heap        ] GC(290) PSYoungGen: 3467164K(3487232K)->1504K(3480064K) Eden: 3461020K(3481088K)->0K(3472384K) From: 6144K(6144K)->1504K(7680K)
[2026-09-22T10:53:53.834+0000][110.479s][info][gc,heap        ] GC(290) ParOldGen: 2830918K(2831360K)->2837134K(2837504K)
[2026-09-22T10:53:53.834+0000][110.479s][info][gc,metaspace   ] GC(290) Metaspace: 166439K(168064K)->166439K(168064K) NonClass: 139994K(140928K)->139994K(140928K) Class: 26444K(27136K)->26444K(27136K)
[2026-09-22T10:53:53.834+0000][110.479s][info][gc             ] GC(290) Pause Young (Allocation Failure) 6150M->2772M(6169M) 11.517ms
[2026-09-22T10:53:53.834+0000][110.479s][info][gc,cpu         ] GC(290) User=0.04s Sys=0.00s Real=0.01s
[2026-09-22T10:53:53.973+0000][110.618s][info][gc,start       ] GC(291) Pause Young (Allocation Failure)
[2026-09-22T10:53:53.983+0000][110.627s][info][gc,heap        ] GC(291) PSYoungGen: 3466997K(3480064K)->1152K(3483648K) Eden: 3465493K(3472384K)->0K(3472384K) From: 1504K(7680K)->1152K(11264K)
[2026-09-22T10:53:53.983+0000][110.627s][info][gc,heap        ] GC(291) ParOldGen: 2837134K(2837504K)->2838602K(2839040K)
[2026-09-22T10:53:53.983+0000][110.627s][info][gc,metaspace   ] GC(291) Metaspace: 166439K(168064K)->166439K(168064K) NonClass: 139994K(140928K)->139994K(140928K) Class: 26444K(27136K)->26444K(27136K)
[2026-09-22T10:53:53.983+0000][110.627s][info][gc             ] GC(291) Pause Young (Allocation Failure) 6156M->2773M(6174M) 9.333ms
[2026-09-22T10:53:53.983+0000][110.627s][info][gc,cpu         ] GC(291) User=0.03s Sys=0.01s Real=0.01s
[2026-09-22T10:53:54.121+0000][110.765s][info][gc,start       ] GC(292) Pause Young (Allocation Failure)
[2026-09-22T10:53:54.132+0000][110.776s][info][gc,heap        ] GC(292) PSYoungGen: 3463205K(3483648K)->1536K(3482112K) Eden: 3462053K(3472384K)->0K(3472896K) From: 1152K(11264K)->1536K(9216K)
[2026-09-22T10:53:54.132+0000][110.776s][info][gc,heap        ] GC(292) ParOldGen: 2838602K(2839040K)->2839682K(2840064K)
[2026-09-22T10:53:54.132+0000][110.776s][info][gc,metaspace   ] GC(292) Metaspace: 166439K(168064K)->166439K(168064K) NonClass: 139994K(140928K)->139994K(140928K) Class: 26444K(27136K)->26444K(27136K)
[2026-09-22T10:53:54.132+0000][110.776s][info][gc             ] GC(292) Pause Young (Allocation Failure) 6154M->2774M(6174M) 11.046ms
[2026-09-22T10:53:54.132+0000][110.776s][info][gc,cpu         ] GC(292) User=0.03s Sys=0.00s Real=0.01s
[2026-09-22T10:53:54.264+0000][110.908s][info][gc,start       ] GC(293) Pause Young (Allocation Failure)
[2026-09-22T10:53:54.273+0000][110.917s][info][gc,heap        ] GC(293) PSYoungGen: 3467165K(3482112K)->1152K(3483136K) Eden: 3465629K(3472896K)->0K(3472896K) From: 1536K(9216K)->1152K(10240K)
[2026-09-22T10:53:54.273+0000][110.917s][info][gc,heap        ] GC(293) ParOldGen: 2839682K(2840064K)->2841182K(2841600K)
[2026-09-22T10:53:54.273+0000][110.917s][info][gc,metaspace   ] GC(293) Metaspace: 166439K(168064K)->166439K(168064K) NonClass: 139994K(140928K)->139994K(140928K) Class: 26444K(27136K)->26444K(27136K)
[2026-09-22T10:53:54.273+0000][110.917s][info][gc             ] GC(293) Pause Young (Allocation Failure) 6159M->2775M(6176M) 9.089ms
[2026-09-22T10:53:54.273+0000][110.917s][info][gc,cpu         ] GC(293) User=0.03s Sys=0.00s Real=0.01s
[2026-09-22T10:53:54.406+0000][111.051s][info][gc,start       ] GC(294) Pause Young (Allocation Failure)
[2026-09-22T10:53:54.415+0000][111.059s][info][gc,heap        ] GC(294) PSYoungGen: 3463481K(3483136K)->1152K(3483136K) Eden: 3462329K(3472896K)->0K(3474944K) From: 1152K(10240K)->1152K(8192K)
[2026-09-22T10:53:54.415+0000][111.059s][info][gc,heap        ] GC(294) ParOldGen: 2841182K(2841600K)->2842310K(2842624K)
[2026-09-22T10:53:54.415+0000][111.059s][info][gc,metaspace   ] GC(294) Metaspace: 166439K(168064K)->166439K(168064K) NonClass: 139994K(140928K)->139994K(140928K) Class: 26444K(27136K)->26444K(27136K)
[2026-09-22T10:53:54.415+0000][111.059s][info][gc             ] GC(294) Pause Young (Allocation Failure) 6156M->2776M(6177M) 8.091ms
[2026-09-22T10:53:54.415+0000][111.059s][info][gc,cpu         ] GC(294) User=0.03s Sys=0.00s Real=0.01s
[2026-09-22T10:53:54.552+0000][111.196s][info][gc,start       ] GC(295) Pause Young (Allocation Failure)
[2026-09-22T10:53:54.561+0000][111.206s][info][gc,heap        ] GC(295) PSYoungGen: 3473902K(3483136K)->1216K(3484160K) Eden: 3472750K(3474944K)->0K(3474944K) From: 1152K(8192K)->1216K(9216K)
[2026-09-22T10:53:54.561+0000][111.206s][info][gc,heap        ] GC(295) ParOldGen: 2842310K(2842624K)->2843430K(2843648K)
[2026-09-22T10:53:54.561+0000][111.206s][info][gc,metaspace   ] GC(295) Metaspace: 166439K(168064K)->166439K(168064K) NonClass: 139994K(140928K)->139994K(140928K) Class: 26444K(27136K)->26444K(27136K)
[2026-09-22T10:53:54.561+0000][111.206s][info][gc             ] GC(295) Pause Young (Allocation Failure) 6168M->2777M(6179M) 9.606ms
[2026-09-22T10:53:54.561+0000][111.206s][info][gc,cpu         ] GC(295) User=0.04s Sys=0.01s Real=0.01s
[2026-09-22T10:53:54.696+0000][111.341s][info][gc,start       ] GC(296) Pause Young (Allocation Failure)
[2026-09-22T10:53:54.705+0000][111.349s][info][gc,heap        ] GC(296) PSYoungGen: 3469404K(3484160K)->1312K(3484672K) Eden: 3468188K(3474944K)->0K(3476480K) From: 1216K(9216K)->1312K(8192K)
[2026-09-22T10:53:54.705+0000][111.349s][info][gc,heap        ] GC(296) ParOldGen: 2843430K(2843648K)->2844638K(2844672K)
[2026-09-22T10:53:54.705+0000][111.349s][info][gc,metaspace   ] GC(296) Metaspace: 166439K(168064K)->166439K(168064K) NonClass: 139994K(140928K)->139994K(140928K) Class: 26444K(27136K)->26444K(27136K)
[2026-09-22T10:53:54.705+0000][111.349s][info][gc             ] GC(296) Pause Young (Allocation Failure) 6164M->2779M(6181M) 8.432ms
[2026-09-22T10:53:54.705+0000][111.349s][info][gc,cpu         ] GC(296) User=0.03s Sys=0.00s Real=0.01s
[2026-09-22T10:53:54.839+0000][111.484s][info][gc,start       ] GC(297) Pause Young (Allocation Failure)
[2026-09-22T10:53:54.848+0000][111.492s][info][gc,heap        ] GC(297) PSYoungGen: 3477792K(3484672K)->1328K(3485184K) Eden: 3476480K(3476480K)->0K(3476480K) From: 1312K(8192K)->1328K(8704K)
[2026-09-22T10:53:54.848+0000][111.492s][info][gc,heap        ] GC(297) ParOldGen: 2844638K(2844672K)->2845902K(2846208K)
[2026-09-22T10:53:54.848+0000][111.492s][info][gc,metaspace   ] GC(297) Metaspace: 166439K(168064K)->166439K(168064K) NonClass: 139994K(140928K)->139994K(140928K) Class: 26444K(27136K)->26444K(27136K)
[2026-09-22T10:53:54.848+0000][111.492s][info][gc             ] GC(297) Pause Young (Allocation Failure) 6174M->2780M(6183M) 8.868ms
[2026-09-22T10:53:54.848+0000][111.492s][info][gc,cpu         ] GC(297) User=0.03s Sys=0.00s Real=0.00s
[2026-09-22T10:53:54.986+0000][111.630s][info][gc,start       ] GC(298) Pause Young (Allocation Failure)
[2026-09-22T10:53:54.995+0000][111.639s][info][gc,heap        ] GC(298) PSYoungGen: 3467154K(3485184K)->1120K(3485184K) Eden: 3465826K(3476480K)->0K(3478016K) From: 1328K(8704K)->1120K(7168K)
[2026-09-22T10:53:54.995+0000][111.639s][info][gc,heap        ] GC(298) ParOldGen: 2845902K(2846208K)->2847198K(2847232K)
[2026-09-22T10:53:54.995+0000][111.639s][info][gc,metaspace   ] GC(298) Metaspace: 166439K(168064K)->166439K(168064K) NonClass: 139994K(140928K)->139994K(140928K) Class: 26444K(27136K)->26444K(27136K)
[2026-09-22T10:53:54.995+0000][111.639s][info][gc             ] GC(298) Pause Young (Allocation Failure) 6165M->2781M(6184M) 9.078ms
[2026-09-22T10:53:54.995+0000][111.639s][info][gc,cpu         ] GC(298) User=0.03s Sys=0.00s Real=0.01s
[2026-09-22T10:53:55.134+0000][111.778s][info][gc,start       ] GC(299) Pause Young (Allocation Failure)
[2026-09-22T10:53:55.142+0000][111.787s][info][gc,heap        ] GC(299) PSYoungGen: 3461294K(3485184K)->1536K(3485696K) Eden: 3460174K(3478016K)->0K(3478016K) From: 1120K(7168K)->1536K(7680K)
[2026-09-22T10:53:55.142+0000][111.787s][info][gc,heap        ] GC(299) ParOldGen: 2847198K(2847232K)->2848278K(2848768K)
[2026-09-22T10:53:55.142+0000][111.787s][info][gc,metaspace   ] GC(299) Metaspace: 166439K(168064K)->166439K(168064K) NonClass: 139994K(140928K)->139994K(140928K) Class: 26444K(27136K)->26444K(27136K)
[2026-09-22T10:53:55.142+0000][111.787s][info][gc             ] GC(299) Pause Young (Allocation Failure) 6160M->2783M(6186M) 8.650ms
[2026-09-22T10:53:55.142+0000][111.787s][info][gc,cpu         ] GC(299) User=0.03s Sys=0.00s Real=0.01s
[2026-09-22T10:53:55.281+0000][111.925s][info][gc,start       ] GC(300) Pause Young (Allocation Failure)
[2026-09-22T10:53:55.290+0000][111.934s][info][gc,heap        ] GC(300) PSYoungGen: 3460934K(3485696K)->1472K(3487232K) Eden: 3459398K(3478016K)->0K(3480064K) From: 1536K(7680K)->1472K(7168K)
[2026-09-22T10:53:55.290+0000][111.934s][info][gc,heap        ] GC(300) ParOldGen: 2848278K(2848768K)->2849734K(2849792K)
[2026-09-22T10:53:55.290+0000][111.934s][info][gc,metaspace   ] GC(300) Metaspace: 166439K(168064K)->166439K(168064K) NonClass: 139994K(140928K)->139994K(140928K) Class: 26444K(27136K)->26444K(27136K)
[2026-09-22T10:53:55.290+0000][111.934s][info][gc             ] GC(300) Pause Young (Allocation Failure) 6161M->2784M(6188M) 8.792ms
[2026-09-22T10:53:55.290+0000][111.934s][info][gc,cpu         ] GC(300) User=0.03s Sys=0.00s Real=0.01s
[2026-09-22T10:53:55.430+0000][112.074s][info][gc,start       ] GC(301) Pause Young (Allocation Failure)
[2026-09-22T10:53:55.438+0000][112.083s][info][gc,heap        ] GC(301) PSYoungGen: 3473780K(3487232K)->1504K(3487232K) Eden: 3472308K(3480064K)->0K(3480064K) From: 1472K(7168K)->1504K(7168K)
[2026-09-22T10:53:55.439+0000][112.083s][info][gc,heap        ] GC(301) ParOldGen: 2849734K(2849792K)->2851198K(2851328K)
[2026-09-22T10:53:55.439+0000][112.083s][info][gc,metaspace   ] GC(301) Metaspace: 166439K(168064K)->166439K(168064K) NonClass: 139994K(140928K)->139994K(140928K) Class: 26444K(27136K)->26444K(27136K)
[2026-09-22T10:53:55.439+0000][112.083s][info][gc             ] GC(301) Pause Young (Allocation Failure) 6175M->2785M(6190M) 8.571ms
[2026-09-22T10:53:55.439+0000][112.083s][info][gc,cpu         ] GC(301) User=0.04s Sys=0.00s Real=0.00s
[2026-09-22T10:53:55.575+0000][112.220s][info][gc,start       ] GC(302) Pause Young (Allocation Failure)
[2026-09-22T10:53:55.584+0000][112.228s][info][gc,heap        ] GC(302) PSYoungGen: 3466040K(3487232K)->1408K(3487232K) Eden: 3464536K(3480064K)->0K(3481088K) From: 1504K(7168K)->1408K(6144K)
[2026-09-22T10:53:55.584+0000][112.228s][info][gc,heap        ] GC(302) ParOldGen: 2851198K(2851328K)->2852650K(2852864K)
[2026-09-22T10:53:55.584+0000][112.228s][info][gc,metaspace   ] GC(302) Metaspace: 166439K(168064K)->166439K(168064K) NonClass: 139994K(140928K)->139994K(140928K) Class: 26444K(27136K)->26444K(27136K)
[2026-09-22T10:53:55.584+0000][112.228s][info][gc             ] GC(302) Pause Young (Allocation Failure) 6169M->2787M(6191M) 8.723ms
[2026-09-22T10:53:55.584+0000][112.228s][info][gc,cpu         ] GC(302) User=0.03s Sys=0.00s Real=0.01s
[2026-09-22T10:53:55.723+0000][112.367s][info][gc,start       ] GC(303) Pause Young (Allocation Failure)
[2026-09-22T10:53:55.734+0000][112.379s][info][gc,heap        ] GC(303) PSYoungGen: 3473122K(3487232K)->1728K(3487232K) Eden: 3471714K(3481088K)->0K(3481088K) From: 1408K(6144K)->1728K(6144K)
[2026-09-22T10:53:55.735+0000][112.379s][info][gc,heap        ] GC(303) ParOldGen: 2852650K(2852864K)->2854058K(2854400K)
[2026-09-22T10:53:55.735+0000][112.379s][info][gc,metaspace   ] GC(303) Metaspace: 166439K(168064K)->166439K(168064K) NonClass: 139994K(140928K)->139994K(140928K) Class: 26444K(27136K)->26444K(27136K)
[2026-09-22T10:53:55.735+0000][112.379s][info][gc             ] GC(303) Pause Young (Allocation Failure) 6177M->2788M(6193M) 11.768ms
[2026-09-22T10:53:55.735+0000][112.379s][info][gc,cpu         ] GC(303) User=0.03s Sys=0.00s Real=0.01s
[2026-09-22T10:53:55.895+0000][112.539s][info][gc,start       ] GC(304) Pause Young (Allocation Failure)
[2026-09-22T10:53:55.904+0000][112.548s][info][gc,heap        ] GC(304) PSYoungGen: 3464718K(3487232K)->1712K(3488256K) Eden: 3462990K(3481088K)->0K(3482624K) From: 1728K(6144K)->1712K(5632K)
[2026-09-22T10:53:55.904+0000][112.548s][info][gc,heap        ] GC(304) ParOldGen: 2854058K(2854400K)->2855742K(2855936K)
[2026-09-22T10:53:55.904+0000][112.548s][info][gc,metaspace   ] GC(304) Metaspace: 166439K(168064K)->166439K(168064K) NonClass: 139994K(140928K)->139994K(140928K) Class: 26444K(27136K)->26444K(27136K)
[2026-09-22T10:53:55.904+0000][112.548s][info][gc             ] GC(304) Pause Young (Allocation Failure) 6170M->2790M(6195M) 8.786ms
[2026-09-22T10:53:55.904+0000][112.548s][info][gc,cpu         ] GC(304) User=0.04s Sys=0.00s Real=0.01s
[2026-09-22T10:53:56.191+0000][112.835s][info][gc,start       ] GC(305) Pause Young (Allocation Failure)
[2026-09-22T10:53:56.229+0000][112.873s][info][gc,heap        ] GC(305) PSYoungGen: 3476665K(3488256K)->5632K(3488256K) Eden: 3474953K(3482624K)->0K(3482624K) From: 1712K(5632K)->5632K(5632K)
[2026-09-22T10:53:56.229+0000][112.873s][info][gc,heap        ] GC(305) ParOldGen: 2855742K(2855936K)->2867294K(2867712K)
[2026-09-22T10:53:56.229+0000][112.873s][info][gc,metaspace   ] GC(305) Metaspace: 166439K(168064K)->166439K(168064K) NonClass: 139995K(140928K)->139995K(140928K) Class: 26444K(27136K)->26444K(27136K)
[2026-09-22T10:53:56.229+0000][112.873s][info][gc             ] GC(305) Pause Young (Allocation Failure) 6183M->2805M(6207M) 38.591ms
[2026-09-22T10:53:56.229+0000][112.873s][info][gc,cpu         ] GC(305) User=0.13s Sys=0.02s Real=0.03s
[2026-09-22T10:53:56.369+0000][113.013s][info][gc,start       ] GC(306) Pause Young (Allocation Failure)
[2026-09-22T10:53:56.380+0000][113.024s][info][gc,heap        ] GC(306) PSYoungGen: 3478226K(3488256K)->1120K(3480064K) Eden: 3472594K(3482624K)->0K(3473408K) From: 5632K(5632K)->1120K(6656K)
[2026-09-22T10:53:56.380+0000][113.025s][info][gc,heap        ] GC(306) ParOldGen: 2867294K(2867712K)->2872994K(2873344K)
[2026-09-22T10:53:56.380+0000][113.025s][info][gc,metaspace   ] GC(306) Metaspace: 166439K(168064K)->166439K(168064K) NonClass: 139995K(140928K)->139995K(140928K) Class: 26444K(27136K)->26444K(27136K)
[2026-09-22T10:53:56.380+0000][113.025s][info][gc             ] GC(306) Pause Young (Allocation Failure) 6196M->2806M(6204M) 11.260ms
[2026-09-22T10:53:56.380+0000][113.025s][info][gc,cpu         ] GC(306) User=0.03s Sys=0.00s Real=0.02s
[2026-09-22T10:53:56.516+0000][113.160s][info][gc,start       ] GC(307) Pause Young (Allocation Failure)
[2026-09-22T10:53:56.523+0000][113.168s][info][gc,heap        ] GC(307) PSYoungGen: 3467600K(3480064K)->992K(3484160K) Eden: 3466480K(3473408K)->0K(3473408K) From: 1120K(6656K)->992K(10752K)
[2026-09-22T10:53:56.523+0000][113.168s][info][gc,heap        ] GC(307) ParOldGen: 2872994K(2873344K)->2873970K(2874368K)
[2026-09-22T10:53:56.523+0000][113.168s][info][gc,metaspace   ] GC(307) Metaspace: 166439K(168064K)->166439K(168064K) NonClass: 139995K(140928K)->139995K(140928K) Class: 26444K(27136K)->26444K(27136K)
[2026-09-22T10:53:56.523+0000][113.168s][info][gc             ] GC(307) Pause Young (Allocation Failure) 6191M->2807M(6209M) 7.405ms
[2026-09-22T10:53:56.523+0000][113.168s][info][gc,cpu         ] GC(307) User=0.03s Sys=0.00s Real=0.01s
[2026-09-22T10:53:56.660+0000][113.305s][info][gc,start       ] GC(308) Pause Young (Allocation Failure)
[2026-09-22T10:53:56.669+0000][113.313s][info][gc,heap        ] GC(308) PSYoungGen: 3455369K(3484160K)->1184K(3482624K) Eden: 3454377K(3473408K)->0K(3473920K) From: 992K(10752K)->1184K(8704K)
[2026-09-22T10:53:56.669+0000][113.313s][info][gc,heap        ] GC(308) ParOldGen: 2873970K(2874368K)->2874926K(2875392K)
[2026-09-22T10:53:56.669+0000][113.313s][info][gc,metaspace   ] GC(308) Metaspace: 166439K(168064K)->166439K(168064K) NonClass: 139995K(140928K)->139995K(140928K) Class: 26444K(27136K)->26444K(27136K)
[2026-09-22T10:53:56.669+0000][113.313s][info][gc             ] GC(308) Pause Young (Allocation Failure) 6180M->2808M(6209M) 8.373ms
[2026-09-22T10:53:56.669+0000][113.313s][info][gc,cpu         ] GC(308) User=0.03s Sys=0.00s Real=0.00s
[2026-09-22T10:53:56.806+0000][113.450s][info][gc,start       ] GC(309) Pause Young (Allocation Failure)
[2026-09-22T10:53:56.815+0000][113.460s][info][gc,heap        ] GC(309) PSYoungGen: 3456579K(3482624K)->1376K(3483648K) Eden: 3455395K(3473920K)->0K(3473920K) From: 1184K(8704K)->1376K(9728K)
[2026-09-22T10:53:56.815+0000][113.460s][info][gc,heap        ] GC(309) ParOldGen: 2874926K(2875392K)->2876102K(2876416K)
[2026-09-22T10:53:56.815+0000][113.460s][info][gc,metaspace   ] GC(309) Metaspace: 166439K(168064K)->166439K(168064K) NonClass: 139995K(140928K)->139995K(140928K) Class: 26444K(27136K)->26444K(27136K)
[2026-09-22T10:53:56.815+0000][113.460s][info][gc             ] GC(309) Pause Young (Allocation Failure) 6183M->2810M(6211M) 9.411ms
[2026-09-22T10:53:56.816+0000][113.460s][info][gc,cpu         ] GC(309) User=0.03s Sys=0.01s Real=0.01s
[2026-09-22T10:53:56.954+0000][113.598s][info][gc,start       ] GC(310) Pause Young (Allocation Failure)
[2026-09-22T10:53:56.962+0000][113.606s][info][gc,heap        ] GC(310) PSYoungGen: 3456253K(3483648K)->1120K(3484672K) Eden: 3454877K(3473920K)->0K(3475968K) From: 1376K(9728K)->1120K(8704K)
[2026-09-22T10:53:56.962+0000][113.606s][info][gc,heap        ] GC(310) ParOldGen: 2876102K(2876416K)->2877426K(2877440K)
[2026-09-22T10:53:56.962+0000][113.606s][info][gc,metaspace   ] GC(310) Metaspace: 166439K(168064K)->166439K(168064K) NonClass: 139995K(140928K)->139995K(140928K) Class: 26444K(27136K)->26444K(27136K)
[2026-09-22T10:53:56.962+0000][113.606s][info][gc             ] GC(310) Pause Young (Allocation Failure) 6183M->2811M(6213M) 8.353ms
[2026-09-22T10:53:56.962+0000][113.606s][info][gc,cpu         ] GC(310) User=0.03s Sys=0.00s Real=0.01s
[2026-09-22T10:53:57.101+0000][113.745s][info][gc,start       ] GC(311) Pause Young (Allocation Failure)
[2026-09-22T10:53:57.109+0000][113.753s][info][gc,heap        ] GC(311) PSYoungGen: 3474326K(3484672K)->1216K(3485184K) Eden: 3473206K(3475968K)->0K(3475968K) From: 1120K(8704K)->1216K(9216K)
[2026-09-22T10:53:57.109+0000][113.753s][info][gc,heap        ] GC(311) ParOldGen: 2877426K(2877440K)->2878482K(2878976K)
[2026-09-22T10:53:57.109+0000][113.753s][info][gc,metaspace   ] GC(311) Metaspace: 166439K(168064K)->166439K(168064K) NonClass: 139995K(140928K)->139995K(140928K) Class: 26444K(27136K)->26444K(27136K)
[2026-09-22T10:53:57.109+0000][113.753s][info][gc             ] GC(311) Pause Young (Allocation Failure) 6202M->2812M(6215M) 8.489ms
[2026-09-22T10:53:57.109+0000][113.753s][info][gc,cpu         ] GC(311) User=0.04s Sys=0.00s Real=0.00s
[2026-09-22T10:53:57.248+0000][113.892s][info][gc,start       ] GC(312) Pause Young (Allocation Failure)
[2026-09-22T10:53:57.257+0000][113.901s][info][gc,heap        ] GC(312) PSYoungGen: 3470267K(3485184K)->1376K(3484672K) Eden: 3469051K(3475968K)->0K(3476992K) From: 1216K(9216K)->1376K(7680K)
[2026-09-22T10:53:57.257+0000][113.901s][info][gc,heap        ] GC(312) ParOldGen: 2878482K(2878976K)->2879666K(2880000K)
[2026-09-22T10:53:57.257+0000][113.901s][info][gc,metaspace   ] GC(312) Metaspace: 166439K(168064K)->166439K(168064K) NonClass: 139995K(140928K)->139995K(140928K) Class: 26444K(27136K)->26444K(27136K)
[2026-09-22T10:53:57.257+0000][113.901s][info][gc             ] GC(312) Pause Young (Allocation Failure) 6199M->2813M(6215M) 9.121ms
[2026-09-22T10:53:57.257+0000][113.901s][info][gc,cpu         ] GC(312) User=0.03s Sys=0.01s Real=0.01s
[2026-09-22T10:53:57.401+0000][114.045s][info][gc,start       ] GC(313) Pause Young (Allocation Failure)
[2026-09-22T10:53:57.414+0000][114.059s][info][gc,heap        ] GC(313) PSYoungGen: 3466330K(3484672K)->1456K(3485184K) Eden: 3464954K(3476992K)->0K(3476992K) From: 1376K(7680K)->1456K(8192K)
[2026-09-22T10:53:57.414+0000][114.059s][info][gc,heap        ] GC(313) ParOldGen: 2879666K(2880000K)->2880990K(2881024K)
[2026-09-22T10:53:57.414+0000][114.059s][info][gc,metaspace   ] GC(313) Metaspace: 166439K(168064K)->166439K(168064K) NonClass: 139995K(140928K)->139995K(140928K) Class: 26444K(27136K)->26444K(27136K)
[2026-09-22T10:53:57.414+0000][114.059s][info][gc             ] GC(313) Pause Young (Allocation Failure) 6197M->2814M(6217M) 13.592ms
[2026-09-22T10:53:57.414+0000][114.059s][info][gc,cpu         ] GC(313) User=0.05s Sys=0.00s Real=0.01s
[2026-09-22T10:53:57.566+0000][114.211s][info][gc,start       ] GC(314) Pause Young (Allocation Failure)
[2026-09-22T10:53:57.575+0000][114.220s][info][gc,heap        ] GC(314) PSYoungGen: 3474924K(3485184K)->1616K(3485696K) Eden: 3473468K(3476992K)->0K(3479040K) From: 1456K(8192K)->1616K(6656K)
[2026-09-22T10:53:57.575+0000][114.220s][info][gc,heap        ] GC(314) ParOldGen: 2880990K(2881024K)->2882406K(2882560K)
[2026-09-22T10:53:57.575+0000][114.220s][info][gc,metaspace   ] GC(314) Metaspace: 166439K(168064K)->166439K(168064K) NonClass: 139995K(140928K)->139995K(140928K) Class: 26444K(27136K)->26444K(27136K)
[2026-09-22T10:53:57.575+0000][114.220s][info][gc             ] GC(314) Pause Young (Allocation Failure) 6206M->2816M(6219M) 9.192ms
[2026-09-22T10:53:57.575+0000][114.220s][info][gc,cpu         ] GC(314) User=0.03s Sys=0.00s Real=0.01s
[2026-09-22T10:53:57.713+0000][114.357s][info][gc,start       ] GC(315) Pause Young (Allocation Failure)
[2026-09-22T10:53:57.722+0000][114.366s][info][gc,heap        ] GC(315) PSYoungGen: 3474855K(3485696K)->1280K(3486208K) Eden: 3473239K(3479040K)->0K(3479040K) From: 1616K(6656K)->1280K(7168K)
[2026-09-22T10:53:57.722+0000][114.366s][info][gc,heap        ] GC(315) ParOldGen: 2882406K(2882560K)->2883990K(2884096K)
[2026-09-22T10:53:57.722+0000][114.366s][info][gc,metaspace   ] GC(315) Metaspace: 166439K(168064K)->166439K(168064K) NonClass: 139995K(140928K)->139995K(140928K) Class: 26444K(27136K)->26444K(27136K)
[2026-09-22T10:53:57.722+0000][114.366s][info][gc             ] GC(315) Pause Young (Allocation Failure) 6208M->2817M(6221M) 8.967ms
[2026-09-22T10:53:57.722+0000][114.366s][info][gc,cpu         ] GC(315) User=0.03s Sys=0.00s Real=0.01s
[2026-09-22T10:53:57.856+0000][114.500s][info][gc,start       ] GC(316) Pause Young (Allocation Failure)
[2026-09-22T10:53:57.865+0000][114.510s][info][gc,heap        ] GC(316) PSYoungGen: 3476769K(3486208K)->1504K(3486720K) Eden: 3475489K(3479040K)->0K(3480576K) From: 1280K(7168K)->1504K(6144K)
[2026-09-22T10:53:57.865+0000][114.510s][info][gc,heap        ] GC(316) ParOldGen: 2883990K(2884096K)->2885206K(2885632K)
[2026-09-22T10:53:57.865+0000][114.510s][info][gc,metaspace   ] GC(316) Metaspace: 166439K(168064K)->166439K(168064K) NonClass: 139995K(140928K)->139995K(140928K) Class: 26444K(27136K)->26444K(27136K)
[2026-09-22T10:53:57.866+0000][114.510s][info][gc             ] GC(316) Pause Young (Allocation Failure) 6211M->2819M(6223M) 9.478ms
[2026-09-22T10:53:57.866+0000][114.510s][info][gc,cpu         ] GC(316) User=0.03s Sys=0.01s Real=0.01s
[2026-09-22T10:53:58.005+0000][114.649s][info][gc,start       ] GC(317) Pause Young (Allocation Failure)
[2026-09-22T10:53:58.014+0000][114.658s][info][gc,heap        ] GC(317) PSYoungGen: 3469271K(3486720K)->1632K(3487232K) Eden: 3467767K(3480576K)->0K(3480576K) From: 1504K(6144K)->1632K(6656K)
[2026-09-22T10:53:58.014+0000][114.658s][info][gc,heap        ] GC(317) ParOldGen: 2885206K(2885632K)->2886666K(2887168K)
[2026-09-22T10:53:58.014+0000][114.658s][info][gc,metaspace   ] GC(317) Metaspace: 166439K(168064K)->166439K(168064K) NonClass: 139995K(140928K)->139995K(140928K) Class: 26444K(27136K)->26444K(27136K)
[2026-09-22T10:53:58.014+0000][114.658s][info][gc             ] GC(317) Pause Young (Allocation Failure) 6205M->2820M(6225M) 9.368ms
[2026-09-22T10:53:58.014+0000][114.658s][info][gc,cpu         ] GC(317) User=0.04s Sys=0.00s Real=0.01s
[2026-09-22T10:53:58.153+0000][114.797s][info][gc,start       ] GC(318) Pause Young (Allocation Failure)
[2026-09-22T10:53:58.161+0000][114.805s][info][gc,heap        ] GC(318) PSYoungGen: 3480905K(3487232K)->1440K(3487232K) Eden: 3479273K(3480576K)->0K(3482112K) From: 1632K(6656K)->1440K(5120K)
[2026-09-22T10:53:58.161+0000][114.805s][info][gc,heap        ] GC(318) ParOldGen: 2886666K(2887168K)->2888274K(2888704K)
[2026-09-22T10:53:58.161+0000][114.805s][info][gc,metaspace   ] GC(318) Metaspace: 166439K(168064K)->166439K(168064K) NonClass: 139995K(140928K)->139995K(140928K) Class: 26444K(27136K)->26444K(27136K)
[2026-09-22T10:53:58.161+0000][114.805s][info][gc             ] GC(318) Pause Young (Allocation Failure) 6218M->2821M(6226M) 8.490ms
[2026-09-22T10:53:58.161+0000][114.805s][info][gc,cpu         ] GC(318) User=0.03s Sys=0.00s Real=0.01s
[2026-09-22T10:53:58.301+0000][114.945s][info][gc,start       ] GC(319) Pause Young (Allocation Failure)
[2026-09-22T10:53:58.310+0000][114.954s][info][gc,heap        ] GC(319) PSYoungGen: 3480342K(3487232K)->1760K(3487744K) Eden: 3478902K(3482112K)->0K(3482112K) From: 1440K(5120K)->1760K(5632K)
[2026-09-22T10:53:58.310+0000][114.954s][info][gc,heap        ] GC(319) ParOldGen: 2888274K(2888704K)->2889670K(2889728K)
[2026-09-22T10:53:58.310+0000][114.954s][info][gc,metaspace   ] GC(319) Metaspace: 166439K(168064K)->166439K(168064K) NonClass: 139995K(140928K)->139995K(140928K) Class: 26444K(27136K)->26444K(27136K)
[2026-09-22T10:53:58.310+0000][114.954s][info][gc             ] GC(319) Pause Young (Allocation Failure) 6219M->2823M(6228M) 8.591ms
[2026-09-22T10:53:58.310+0000][114.954s][info][gc,cpu         ] GC(319) User=0.03s Sys=0.00s Real=0.01s
[2026-09-22T10:53:58.554+0000][115.199s][info][gc,start       ] GC(320) Pause Young (Allocation Failure)
[2026-09-22T10:53:58.581+0000][115.225s][info][gc,heap        ] GC(320) PSYoungGen: 3467004K(3487744K)->5632K(3479040K) Eden: 3465244K(3482112K)->0K(3473408K) From: 1760K(5632K)->5632K(5632K)
[2026-09-22T10:53:58.581+0000][115.225s][info][gc,heap        ] GC(320) ParOldGen: 2889670K(2889728K)->2901283K(2901504K)
[2026-09-22T10:53:58.581+0000][115.225s][info][gc,metaspace   ] GC(320) Metaspace: 166440K(168064K)->166440K(168064K) NonClass: 139995K(140928K)->139995K(140928K) Class: 26444K(27136K)->26444K(27136K)
[2026-09-22T10:53:58.581+0000][115.225s][info][gc             ] GC(320) Pause Young (Allocation Failure) 6207M->2838M(6231M) 26.567ms
[2026-09-22T10:53:58.581+0000][115.225s][info][gc,cpu         ] GC(320) User=0.10s Sys=0.00s Real=0.03s
[2026-09-22T10:53:58.714+0000][115.358s][info][gc,start       ] GC(321) Pause Young (Allocation Failure)
[2026-09-22T10:53:58.724+0000][115.368s][info][gc,heap        ] GC(321) PSYoungGen: 3459393K(3479040K)->1024K(3484160K) Eden: 3453761K(3473408K)->0K(3473408K) From: 5632K(5632K)->1024K(10752K)
[2026-09-22T10:53:58.724+0000][115.368s][info][gc,heap        ] GC(321) ParOldGen: 2901283K(2901504K)->2906979K(2907136K)
[2026-09-22T10:53:58.724+0000][115.368s][info][gc,metaspace   ] GC(321) Metaspace: 166440K(168064K)->166440K(168064K) NonClass: 139995K(140928K)->139995K(140928K) Class: 26444K(27136K)->26444K(27136K)
[2026-09-22T10:53:58.724+0000][115.368s][info][gc             ] GC(321) Pause Young (Allocation Failure) 6211M->2839M(6241M) 10.198ms
[2026-09-22T10:53:58.724+0000][115.368s][info][gc,cpu         ] GC(321) User=0.04s Sys=0.01s Real=0.01s
[2026-09-22T10:53:58.862+0000][115.506s][info][gc,start       ] GC(322) Pause Young (Allocation Failure)
[2026-09-22T10:53:58.869+0000][115.514s][info][gc,heap        ] GC(322) PSYoungGen: 3473859K(3484160K)->1152K(3483136K) Eden: 3472835K(3473408K)->0K(3473408K) From: 1024K(10752K)->1152K(9728K)
[2026-09-22T10:53:58.869+0000][115.514s][info][gc,heap        ] GC(322) ParOldGen: 2906979K(2907136K)->2907875K(2908160K)
[2026-09-22T10:53:58.870+0000][115.514s][info][gc,metaspace   ] GC(322) Metaspace: 166440K(168064K)->166440K(168064K) NonClass: 139995K(140928K)->139995K(140928K) Class: 26444K(27136K)->26444K(27136K)
[2026-09-22T10:53:58.870+0000][115.514s][info][gc             ] GC(322) Pause Young (Allocation Failure) 6231M->2840M(6241M) 7.729ms
[2026-09-22T10:53:58.870+0000][115.514s][info][gc,cpu         ] GC(322) User=0.03s Sys=0.00s Real=0.01s
[2026-09-22T10:53:59.007+0000][115.651s][info][gc,start       ] GC(323) Pause Young (Allocation Failure)
[2026-09-22T10:53:59.016+0000][115.661s][info][gc,heap        ] GC(323) PSYoungGen: 3457049K(3483136K)->1184K(3483648K) Eden: 3455897K(3473408K)->0K(3473408K) From: 1152K(9728K)->1184K(10240K)
[2026-09-22T10:53:59.016+0000][115.661s][info][gc,heap        ] GC(323) ParOldGen: 2907875K(2908160K)->2908979K(2909184K)
[2026-09-22T10:53:59.016+0000][115.661s][info][gc,metaspace   ] GC(323) Metaspace: 166440K(168064K)->166440K(168064K) NonClass: 139995K(140928K)->139995K(140928K) Class: 26444K(27136K)->26444K(27136K)
[2026-09-22T10:53:59.016+0000][115.661s][info][gc             ] GC(323) Pause Young (Allocation Failure) 6215M->2841M(6243M) 9.147ms
[2026-09-22T10:53:59.016+0000][115.661s][info][gc,cpu         ] GC(323) User=0.03s Sys=0.00s Real=0.01s
[2026-09-22T10:53:59.140+0000][115.784s][info][gc,start       ] GC(324) Pause Young (Allocation Failure)
[2026-09-22T10:53:59.149+0000][115.793s][info][gc,heap        ] GC(324) PSYoungGen: 3442122K(3483648K)->5440K(3484160K) Eden: 3440938K(3473408K)->0K(3474432K) From: 1184K(10240K)->5440K(9728K)
[2026-09-22T10:53:59.149+0000][115.793s][info][gc,heap        ] GC(324) ParOldGen: 2908979K(2909184K)->2910123K(2910208K)
[2026-09-22T10:53:59.149+0000][115.793s][info][gc,metaspace   ] GC(324) Metaspace: 166440K(168064K)->166440K(168064K) NonClass: 139995K(140928K)->139995K(140928K) Class: 26444K(27136K)->26444K(27136K)
[2026-09-22T10:53:59.149+0000][115.793s][info][gc             ] GC(324) Pause Young (Allocation Failure) 6202M->2847M(6244M) 9.077ms
[2026-09-22T10:53:59.149+0000][115.793s][info][gc,cpu         ] GC(324) User=0.03s Sys=0.01s Real=0.01s
[2026-09-22T10:53:59.239+0000][115.884s][info][gc,start       ] GC(325) Pause Young (Allocation Failure)
[2026-09-22T10:53:59.249+0000][115.893s][info][gc,heap        ] GC(325) PSYoungGen: 3450659K(3484160K)->896K(3484672K) Eden: 3445219K(3474432K)->0K(3474432K) From: 5440K(9728K)->896K(10240K)
[2026-09-22T10:53:59.249+0000][115.893s][info][gc,heap        ] GC(325) ParOldGen: 2910123K(2910208K)->2915507K(2916352K)
[2026-09-22T10:53:59.249+0000][115.893s][info][gc,metaspace   ] GC(325) Metaspace: 166440K(168064K)->166440K(168064K) NonClass: 139995K(140928K)->139995K(140928K) Class: 26444K(27136K)->26444K(27136K)
[2026-09-22T10:53:59.249+0000][115.893s][info][gc             ] GC(325) Pause Young (Allocation Failure) 6211M->2848M(6251M) 9.636ms
[2026-09-22T10:53:59.249+0000][115.893s][info][gc,cpu         ] GC(325) User=0.03s Sys=0.00s Real=0.00s
[2026-09-22T10:53:59.335+0000][115.979s][info][gc,start       ] GC(326) Pause Young (Allocation Failure)
[2026-09-22T10:53:59.341+0000][115.985s][info][gc,heap        ] GC(326) PSYoungGen: 3471912K(3484672K)->608K(3484672K) Eden: 3471016K(3474432K)->0K(3474944K) From: 896K(10240K)->608K(9728K)
[2026-09-22T10:53:59.341+0000][115.985s][info][gc,heap        ] GC(326) ParOldGen: 2915507K(2916352K)->2916299K(2916352K)
[2026-09-22T10:53:59.341+0000][115.985s][info][gc,metaspace   ] GC(326) Metaspace: 166440K(168064K)->166440K(168064K) NonClass: 139995K(140928K)->139995K(140928K) Class: 26444K(27136K)->26444K(27136K)
[2026-09-22T10:53:59.341+0000][115.985s][info][gc             ] GC(326) Pause Young (Allocation Failure) 6237M->2848M(6251M) 6.000ms
[2026-09-22T10:53:59.341+0000][115.985s][info][gc,cpu         ] GC(326) User=0.03s Sys=0.00s Real=0.01s
[2026-09-22T10:53:59.433+0000][116.077s][info][gc,start       ] GC(327) Pause Young (Allocation Failure)
[2026-09-22T10:53:59.440+0000][116.085s][info][gc,heap        ] GC(327) PSYoungGen: 3446482K(3484672K)->1936K(3484672K) Eden: 3445874K(3474944K)->0K(3474944K) From: 608K(9728K)->1936K(9728K)
[2026-09-22T10:53:59.440+0000][116.085s][info][gc,heap        ] GC(327) ParOldGen: 2916299K(2916352K)->2916883K(2917376K)
[2026-09-22T10:53:59.440+0000][116.085s][info][gc,metaspace   ] GC(327) Metaspace: 166440K(168064K)->166440K(168064K) NonClass: 139995K(140928K)->139995K(140928K) Class: 26444K(27136K)->26444K(27136K)
[2026-09-22T10:53:59.440+0000][116.085s][info][gc             ] GC(327) Pause Young (Allocation Failure) 6213M->2850M(6252M) 7.479ms
[2026-09-22T10:53:59.440+0000][116.085s][info][gc,cpu         ] GC(327) User=0.03s Sys=0.00s Real=0.01s
[2026-09-22T10:53:59.534+0000][116.178s][info][gc,start       ] GC(328) Pause Young (Allocation Failure)
[2026-09-22T10:53:59.544+0000][116.188s][info][gc,heap        ] GC(328) PSYoungGen: 3451744K(3484672K)->1248K(3484672K) Eden: 3449808K(3474944K)->0K(3475968K) From: 1936K(9728K)->1248K(8704K)
[2026-09-22T10:53:59.544+0000][116.188s][info][gc,heap        ] GC(328) ParOldGen: 2916883K(2917376K)->2918535K(2918912K)
[2026-09-22T10:53:59.544+0000][116.188s][info][gc,metaspace   ] GC(328) Metaspace: 166440K(168064K)->166440K(168064K) NonClass: 139995K(140928K)->139995K(140928K) Class: 26444K(27136K)->26444K(27136K)
[2026-09-22T10:53:59.544+0000][116.188s][info][gc             ] GC(328) Pause Young (Allocation Failure) 6219M->2851M(6253M) 10.159ms
[2026-09-22T10:53:59.544+0000][116.188s][info][gc,cpu         ] GC(328) User=0.03s Sys=0.01s Real=0.01s
[2026-09-22T10:53:59.628+0000][116.272s][info][gc,start       ] GC(329) Pause Young (Allocation Failure)
[2026-09-22T10:53:59.635+0000][116.279s][info][gc,heap        ] GC(329) PSYoungGen: 3456818K(3484672K)->736K(3484672K) Eden: 3455570K(3475968K)->0K(3475968K) From: 1248K(8704K)->736K(8704K)
[2026-09-22T10:53:59.635+0000][116.279s][info][gc,heap        ] GC(329) ParOldGen: 2918535K(2918912K)->2919751K(2919936K)
[2026-09-22T10:53:59.635+0000][116.279s][info][gc,metaspace   ] GC(329) Metaspace: 166440K(168064K)->166440K(168064K) NonClass: 139995K(140928K)->139995K(140928K) Class: 26444K(27136K)->26444K(27136K)
[2026-09-22T10:53:59.635+0000][116.279s][info][gc             ] GC(329) Pause Young (Allocation Failure) 6225M->2852M(6254M) 7.042ms
[2026-09-22T10:53:59.635+0000][116.279s][info][gc,cpu         ] GC(329) User=0.02s Sys=0.01s Real=0.01s
[2026-09-22T10:53:59.720+0000][116.364s][info][gc,start       ] GC(330) Pause Young (Allocation Failure)
[2026-09-22T10:53:59.726+0000][116.370s][info][gc,heap        ] GC(330) PSYoungGen: 3469988K(3484672K)->800K(3485696K) Eden: 3469252K(3475968K)->0K(3477504K) From: 736K(8704K)->800K(8192K)
[2026-09-22T10:53:59.726+0000][116.370s][info][gc,heap        ] GC(330) ParOldGen: 2919751K(2919936K)->2920423K(2920448K)
[2026-09-22T10:53:59.726+0000][116.370s][info][gc,metaspace   ] GC(330) Metaspace: 166440K(168064K)->166440K(168064K) NonClass: 139995K(140928K)->139995K(140928K) Class: 26444K(27136K)->26444K(27136K)
[2026-09-22T10:53:59.726+0000][116.370s][info][gc             ] GC(330) Pause Young (Allocation Failure) 6239M->2852M(6256M) 6.458ms
[2026-09-22T10:53:59.726+0000][116.370s][info][gc,cpu         ] GC(330) User=0.03s Sys=0.00s Real=0.00s
[2026-09-22T10:53:59.813+0000][116.457s][info][gc,start       ] GC(331) Pause Young (Allocation Failure)
[2026-09-22T10:53:59.819+0000][116.463s][info][gc,heap        ] GC(331) PSYoungGen: 3468312K(3485696K)->672K(3485696K) Eden: 3467512K(3477504K)->0K(3477504K) From: 800K(8192K)->672K(8192K)
[2026-09-22T10:53:59.819+0000][116.463s][info][gc,heap        ] GC(331) ParOldGen: 2920423K(2920448K)->2921171K(2921472K)
[2026-09-22T10:53:59.819+0000][116.463s][info][gc,metaspace   ] GC(331) Metaspace: 166440K(168064K)->166440K(168064K) NonClass: 139995K(140928K)->139995K(140928K) Class: 26444K(27136K)->26444K(27136K)
[2026-09-22T10:53:59.819+0000][116.463s][info][gc             ] GC(331) Pause Young (Allocation Failure) 6239M->2853M(6257M) 6.127ms
[2026-09-22T10:53:59.819+0000][116.463s][info][gc,cpu         ] GC(331) User=0.02s Sys=0.01s Real=0.01s
[2026-09-22T10:53:59.905+0000][116.550s][info][gc,start       ] GC(332) Pause Young (Allocation Failure)
[2026-09-22T10:53:59.912+0000][116.556s][info][gc,heap        ] GC(332) PSYoungGen: 3478176K(3485696K)->768K(3486208K) Eden: 3477504K(3477504K)->0K(3479040K) From: 672K(8192K)->768K(7168K)
[2026-09-22T10:53:59.912+0000][116.556s][info][gc,heap        ] GC(332) ParOldGen: 2921171K(2921472K)->2921791K(2921984K)
[2026-09-22T10:53:59.912+0000][116.556s][info][gc,metaspace   ] GC(332) Metaspace: 166440K(168064K)->166440K(168064K) NonClass: 139995K(140928K)->139995K(140928K) Class: 26444K(27136K)->26444K(27136K)
[2026-09-22T10:53:59.912+0000][116.556s][info][gc             ] GC(332) Pause Young (Allocation Failure) 6249M->2854M(6258M) 6.869ms
[2026-09-22T10:53:59.912+0000][116.556s][info][gc,cpu         ] GC(332) User=0.02s Sys=0.00s Real=0.01s
[2026-09-22T10:54:00.001+0000][116.646s][info][gc,start       ] GC(333) Pause Young (Allocation Failure)
[2026-09-22T10:54:00.009+0000][116.653s][info][gc,heap        ] GC(333) PSYoungGen: 3460621K(3486208K)->704K(3486208K) Eden: 3459853K(3479040K)->0K(3479040K) From: 768K(7168K)->704K(7168K)
[2026-09-22T10:54:00.009+0000][116.653s][info][gc,heap        ] GC(333) ParOldGen: 2921791K(2921984K)->2922543K(2923008K)
[2026-09-22T10:54:00.009+0000][116.653s][info][gc,metaspace   ] GC(333) Metaspace: 166440K(168064K)->166440K(168064K) NonClass: 139995K(140928K)->139995K(140928K) Class: 26444K(27136K)->26444K(27136K)
[2026-09-22T10:54:00.009+0000][116.653s][info][gc             ] GC(333) Pause Young (Allocation Failure) 6232M->2854M(6259M) 7.675ms
[2026-09-22T10:54:00.009+0000][116.653s][info][gc,cpu         ] GC(333) User=0.02s Sys=0.00s Real=0.01s
[2026-09-22T10:54:00.092+0000][116.736s][info][gc,start       ] GC(334) Pause Young (Allocation Failure)
[2026-09-22T10:54:00.098+0000][116.742s][info][gc,heap        ] GC(334) PSYoungGen: 3471542K(3486208K)->608K(3486720K) Eden: 3470838K(3479040K)->0K(3480576K) From: 704K(7168K)->608K(6144K)
[2026-09-22T10:54:00.098+0000][116.742s][info][gc,heap        ] GC(334) ParOldGen: 2922543K(2923008K)->2923215K(2923520K)
[2026-09-22T10:54:00.098+0000][116.742s][info][gc,metaspace   ] GC(334) Metaspace: 166440K(168064K)->166440K(168064K) NonClass: 139995K(140928K)->139995K(140928K) Class: 26444K(27136K)->26444K(27136K)
[2026-09-22T10:54:00.098+0000][116.742s][info][gc             ] GC(334) Pause Young (Allocation Failure) 6244M->2855M(6260M) 6.007ms
[2026-09-22T10:54:00.098+0000][116.742s][info][gc,cpu         ] GC(334) User=0.02s Sys=0.01s Real=0.00s
[2026-09-22T10:54:00.186+0000][116.830s][info][gc,start       ] GC(335) Pause Young (Allocation Failure)
[2026-09-22T10:54:00.192+0000][116.836s][info][gc,heap        ] GC(335) PSYoungGen: 3459113K(3486720K)->736K(3487232K) Eden: 3458505K(3480576K)->0K(3480576K) From: 608K(6144K)->736K(6656K)
[2026-09-22T10:54:00.192+0000][116.836s][info][gc,heap        ] GC(335) ParOldGen: 2923215K(2923520K)->2923759K(2924032K)
[2026-09-22T10:54:00.192+0000][116.836s][info][gc,metaspace   ] GC(335) Metaspace: 166440K(168064K)->166440K(168064K) NonClass: 139995K(140928K)->139995K(140928K) Class: 26444K(27136K)->26444K(27136K)
[2026-09-22T10:54:00.192+0000][116.836s][info][gc             ] GC(335) Pause Young (Allocation Failure) 6232M->2855M(6261M) 5.862ms
[2026-09-22T10:54:00.192+0000][116.836s][info][gc,cpu         ] GC(335) User=0.02s Sys=0.00s Real=0.01s
[2026-09-22T10:54:00.284+0000][116.929s][info][gc,start       ] GC(336) Pause Young (Allocation Failure)
[2026-09-22T10:54:00.293+0000][116.937s][info][gc,heap        ] GC(336) PSYoungGen: 3472257K(3487232K)->640K(3488256K) Eden: 3471521K(3480576K)->0K(3482112K) From: 736K(6656K)->640K(6144K)
[2026-09-22T10:54:00.293+0000][116.937s][info][gc,heap        ] GC(336) ParOldGen: 2923759K(2924032K)->2924435K(2924544K)
[2026-09-22T10:54:00.293+0000][116.937s][info][gc,metaspace   ] GC(336) Metaspace: 166440K(168064K)->166440K(168064K) NonClass: 139995K(140928K)->139995K(140928K) Class: 26444K(27136K)->26444K(27136K)
[2026-09-22T10:54:00.293+0000][116.937s][info][gc             ] GC(336) Pause Young (Allocation Failure) 6246M->2856M(6262M) 8.486ms
[2026-09-22T10:54:00.293+0000][116.937s][info][gc,cpu         ] GC(336) User=0.02s Sys=0.00s Real=0.01s
[2026-09-22T10:54:00.384+0000][117.029s][info][gc,start       ] GC(337) Pause Young (Allocation Failure)
[2026-09-22T10:54:00.391+0000][117.035s][info][gc,heap        ] GC(337) PSYoungGen: 3478217K(3488256K)->672K(3488256K) Eden: 3477577K(3482112K)->0K(3482112K) From: 640K(6144K)->672K(6144K)
[2026-09-22T10:54:00.391+0000][117.035s][info][gc,heap        ] GC(337) ParOldGen: 2924435K(2924544K)->2925051K(2925056K)
[2026-09-22T10:54:00.391+0000][117.035s][info][gc,metaspace   ] GC(337) Metaspace: 166440K(168064K)->166440K(168064K) NonClass: 139995K(140928K)->139995K(140928K) Class: 26444K(27136K)->26444K(27136K)
[2026-09-22T10:54:00.391+0000][117.035s][info][gc             ] GC(337) Pause Young (Allocation Failure) 6252M->2857M(6263M) 6.696ms
[2026-09-22T10:54:00.391+0000][117.035s][info][gc,cpu         ] GC(337) User=0.02s Sys=0.00s Real=0.01s
[2026-09-22T10:54:00.479+0000][117.124s][info][gc,start       ] GC(338) Pause Young (Allocation Failure)
[2026-09-22T10:54:00.487+0000][117.131s][info][gc,heap        ] GC(338) PSYoungGen: 3462612K(3488256K)->800K(3488256K) Eden: 3461940K(3482112K)->0K(3482624K) From: 672K(6144K)->800K(5632K)
[2026-09-22T10:54:00.487+0000][117.131s][info][gc,heap        ] GC(338) ParOldGen: 2925051K(2925056K)->2925691K(2926080K)
[2026-09-22T10:54:00.487+0000][117.131s][info][gc,metaspace   ] GC(338) Metaspace: 166440K(168064K)->166440K(168064K) NonClass: 139995K(140928K)->139995K(140928K) Class: 26444K(27136K)->26444K(27136K)
[2026-09-22T10:54:00.487+0000][117.131s][info][gc             ] GC(338) Pause Young (Allocation Failure) 6237M->2857M(6264M) 7.439ms
[2026-09-22T10:54:00.487+0000][117.131s][info][gc,cpu         ] GC(338) User=0.02s Sys=0.01s Real=0.00s
[2026-09-22T10:54:00.572+0000][117.216s][info][gc,start       ] GC(339) Pause Young (Allocation Failure)
[2026-09-22T10:54:00.578+0000][117.222s][info][gc,heap        ] GC(339) PSYoungGen: 3463222K(3488256K)->800K(3488256K) Eden: 3462422K(3482624K)->0K(3482624K) From: 800K(5632K)->800K(5632K)
[2026-09-22T10:54:00.578+0000][117.222s][info][gc,heap        ] GC(339) ParOldGen: 2925691K(2926080K)->2926467K(2926592K)
[2026-09-22T10:54:00.578+0000][117.222s][info][gc,metaspace   ] GC(339) Metaspace: 166440K(168064K)->166440K(168064K) NonClass: 139995K(140928K)->139995K(140928K) Class: 26444K(27136K)->26444K(27136K)
[2026-09-22T10:54:00.578+0000][117.222s][info][gc             ] GC(339) Pause Young (Allocation Failure) 6239M->2858M(6264M) 6.294ms
[2026-09-22T10:54:00.578+0000][117.222s][info][gc,cpu         ] GC(339) User=0.02s Sys=0.00s Real=0.00s
[2026-09-22T10:54:00.666+0000][117.310s][info][gc,start       ] GC(340) Pause Young (Allocation Failure)
[2026-09-22T10:54:00.672+0000][117.316s][info][gc,heap        ] GC(340) PSYoungGen: 3466051K(3488256K)->800K(3488768K) Eden: 3465251K(3482624K)->0K(3484160K) From: 800K(5632K)->800K(4608K)
[2026-09-22T10:54:00.672+0000][117.316s][info][gc,heap        ] GC(340) ParOldGen: 2926467K(2926592K)->2927215K(2927616K)
[2026-09-22T10:54:00.672+0000][117.316s][info][gc,metaspace   ] GC(340) Metaspace: 166440K(168064K)->166440K(168064K) NonClass: 139995K(140928K)->139995K(140928K) Class: 26444K(27136K)->26444K(27136K)
[2026-09-22T10:54:00.672+0000][117.316s][info][gc             ] GC(340) Pause Young (Allocation Failure) 6242M->2859M(6266M) 6.208ms
[2026-09-22T10:54:00.672+0000][117.316s][info][gc,cpu         ] GC(340) User=0.03s Sys=0.00s Real=0.01s
[2026-09-22T10:54:00.766+0000][117.411s][info][gc,start       ] GC(341) Pause Young (Allocation Failure)
[2026-09-22T10:54:00.773+0000][117.417s][info][gc,heap        ] GC(341) PSYoungGen: 3483757K(3488768K)->800K(3488768K) Eden: 3482957K(3484160K)->0K(3484160K) From: 800K(4608K)->800K(4608K)
[2026-09-22T10:54:00.773+0000][117.417s][info][gc,heap        ] GC(341) ParOldGen: 2927215K(2927616K)->2927975K(2928128K)
[2026-09-22T10:54:00.773+0000][117.417s][info][gc,metaspace   ] GC(341) Metaspace: 166440K(168064K)->166440K(168064K) NonClass: 139995K(140928K)->139995K(140928K) Class: 26444K(27136K)->26444K(27136K)
[2026-09-22T10:54:00.773+0000][117.417s][info][gc             ] GC(341) Pause Young (Allocation Failure) 6260M->2860M(6266M) 6.718ms
[2026-09-22T10:54:00.773+0000][117.417s][info][gc,cpu         ] GC(341) User=0.02s Sys=0.00s Real=0.01s
[2026-09-22T10:54:00.857+0000][117.501s][info][gc,start       ] GC(342) Pause Young (Allocation Failure)
[2026-09-22T10:54:00.865+0000][117.509s][info][gc,heap        ] GC(342) PSYoungGen: 3475435K(3488768K)->800K(3489280K) Eden: 3474635K(3484160K)->0K(3485696K) From: 800K(4608K)->800K(3584K)
[2026-09-22T10:54:00.865+0000][117.509s][info][gc,heap        ] GC(342) ParOldGen: 2927975K(2928128K)->2928743K(2929152K)
[2026-09-22T10:54:00.865+0000][117.509s][info][gc,metaspace   ] GC(342) Metaspace: 166440K(168064K)->166440K(168064K) NonClass: 139995K(140928K)->139995K(140928K) Class: 26444K(27136K)->26444K(27136K)
[2026-09-22T10:54:00.865+0000][117.509s][info][gc             ] GC(342) Pause Young (Allocation Failure) 6253M->2860M(6268M) 7.927ms
[2026-09-22T10:54:00.865+0000][117.509s][info][gc,cpu         ] GC(342) User=0.02s Sys=0.00s Real=0.01s
[2026-09-22T10:54:00.958+0000][117.603s][info][gc,start       ] GC(343) Pause Young (Allocation Failure)
[2026-09-22T10:54:00.966+0000][117.610s][info][gc,heap        ] GC(343) PSYoungGen: 3445867K(3489280K)->864K(3489792K) Eden: 3445067K(3485696K)->0K(3485696K) From: 800K(3584K)->864K(4096K)
[2026-09-22T10:54:00.966+0000][117.610s][info][gc,heap        ] GC(343) ParOldGen: 2928743K(2929152K)->2929495K(2929664K)
[2026-09-22T10:54:00.966+0000][117.610s][info][gc,metaspace   ] GC(343) Metaspace: 166440K(168064K)->166440K(168064K) NonClass: 139995K(140928K)->139995K(140928K) Class: 26444K(27136K)->26444K(27136K)
[2026-09-22T10:54:00.966+0000][117.610s][info][gc             ] GC(343) Pause Young (Allocation Failure) 6225M->2861M(6269M) 7.561ms
[2026-09-22T10:54:00.966+0000][117.610s][info][gc,cpu         ] GC(343) User=0.02s Sys=0.00s Real=0.01s
[2026-09-22T10:54:01.054+0000][117.698s][info][gc,start       ] GC(344) Pause Young (Allocation Failure)
[2026-09-22T10:54:01.060+0000][117.704s][info][gc,heap        ] GC(344) PSYoungGen: 3459331K(3489792K)->736K(3490816K) Eden: 3458467K(3485696K)->0K(3486720K) From: 864K(4096K)->736K(4096K)
[2026-09-22T10:54:01.060+0000][117.704s][info][gc,heap        ] GC(344) ParOldGen: 2929495K(2929664K)->2930323K(2930688K)
[2026-09-22T10:54:01.060+0000][117.704s][info][gc,metaspace   ] GC(344) Metaspace: 166440K(168064K)->166440K(168064K) NonClass: 139995K(140928K)->139995K(140928K) Class: 26444K(27136K)->26444K(27136K)
[2026-09-22T10:54:01.060+0000][117.704s][info][gc             ] GC(344) Pause Young (Allocation Failure) 6239M->2862M(6271M) 6.291ms
[2026-09-22T10:54:01.060+0000][117.704s][info][gc,cpu         ] GC(344) User=0.02s Sys=0.00s Real=0.01s
[2026-09-22T10:54:01.148+0000][117.793s][info][gc,start       ] GC(345) Pause Young (Allocation Failure)
[2026-09-22T10:54:01.155+0000][117.799s][info][gc,heap        ] GC(345) PSYoungGen: 3477414K(3490816K)->896K(3487744K) Eden: 3476678K(3486720K)->0K(3486720K) From: 736K(4096K)->896K(1024K)
[2026-09-22T10:54:01.155+0000][117.799s][info][gc,heap        ] GC(345) ParOldGen: 2930323K(2930688K)->2931027K(2931200K)
[2026-09-22T10:54:01.155+0000][117.799s][info][gc,metaspace   ] GC(345) Metaspace: 166440K(168064K)->166440K(168064K) NonClass: 139995K(140928K)->139995K(140928K) Class: 26444K(27136K)->26444K(27136K)
[2026-09-22T10:54:01.155+0000][117.799s][info][gc             ] GC(345) Pause Young (Allocation Failure) 6257M->2863M(6268M) 6.602ms
[2026-09-22T10:54:01.155+0000][117.799s][info][gc,cpu         ] GC(345) User=0.02s Sys=0.01s Real=0.01s
[2026-09-22T10:54:01.694+0000][118.338s][info][gc,start       ] GC(346) Pause Young (Allocation Failure)
[2026-09-22T10:54:01.714+0000][118.358s][info][gc,heap        ] GC(346) PSYoungGen: 3487616K(3487744K)->3584K(3475968K) Eden: 3486720K(3486720K)->0K(3472384K) From: 896K(1024K)->3584K(3584K)
[2026-09-22T10:54:01.714+0000][118.358s][info][gc,heap        ] GC(346) ParOldGen: 2931027K(2931200K)->2949495K(2949632K)
[2026-09-22T10:54:01.714+0000][118.358s][info][gc,metaspace   ] GC(346) Metaspace: 166552K(168256K)->166552K(168256K) NonClass: 140102K(141120K)->140102K(141120K) Class: 26450K(27136K)->26450K(27136K)
[2026-09-22T10:54:01.714+0000][118.358s][info][gc             ] GC(346) Pause Young (Allocation Failure) 6268M->2883M(6275M) 19.450ms
[2026-09-22T10:54:01.714+0000][118.358s][info][gc,cpu         ] GC(346) User=0.05s Sys=0.01s Real=0.02s
[2026-09-22T10:54:03.542+0000][120.187s][info][gc,start       ] GC(347) Pause Young (Allocation Failure)
[2026-09-22T10:54:03.556+0000][120.200s][info][gc,heap        ] GC(347) PSYoungGen: 3475387K(3475968K)->11264K(3483648K) Eden: 3471803K(3472384K)->0K(3472384K) From: 3584K(3584K)->11264K(11264K)
[2026-09-22T10:54:03.556+0000][120.200s][info][gc,heap        ] GC(347) ParOldGen: 2949495K(2949632K)->2958271K(2958848K)
[2026-09-22T10:54:03.556+0000][120.200s][info][gc,metaspace   ] GC(347) Metaspace: 166553K(168256K)->166553K(168256K) NonClass: 140102K(141120K)->140102K(141120K) Class: 26450K(27136K)->26450K(27136K)
[2026-09-22T10:54:03.556+0000][120.200s][info][gc             ] GC(347) Pause Young (Allocation Failure) 6274M->2899M(6291M) 13.223ms
[2026-09-22T10:54:03.556+0000][120.200s][info][gc,cpu         ] GC(347) User=0.04s Sys=0.00s Real=0.01s
[2026-09-22T10:54:05.365+0000][122.009s][info][gc,start       ] GC(348) Pause Young (Allocation Failure)
[2026-09-22T10:54:05.381+0000][122.025s][info][gc,heap        ] GC(348) PSYoungGen: 3483648K(3483648K)->11264K(3458048K) Eden: 3472384K(3472384K)->0K(3446784K) From: 11264K(11264K)->11264K(11264K)
[2026-09-22T10:54:05.381+0000][122.025s][info][gc,heap        ] GC(348) ParOldGen: 2958271K(2958848K)->2975535K(2976768K)
[2026-09-22T10:54:05.381+0000][122.025s][info][gc,metaspace   ] GC(348) Metaspace: 166553K(168256K)->166553K(168256K) NonClass: 140102K(141120K)->140102K(141120K) Class: 26450K(27136K)->26450K(27136K)
[2026-09-22T10:54:05.381+0000][122.025s][info][gc             ] GC(348) Pause Young (Allocation Failure) 6290M->2916M(6284M) 16.181ms
[2026-09-22T10:54:05.381+0000][122.025s][info][gc,cpu         ] GC(348) User=0.05s Sys=0.01s Real=0.02s
[2026-09-22T10:54:07.225+0000][123.869s][info][gc,start       ] GC(349) Pause Young (Allocation Failure)
[2026-09-22T10:54:07.239+0000][123.883s][info][gc,heap        ] GC(349) PSYoungGen: 3458048K(3458048K)->14816K(3461632K) Eden: 3446784K(3446784K)->0K(3446784K) From: 11264K(11264K)->14816K(14848K)
[2026-09-22T10:54:07.239+0000][123.883s][info][gc,heap        ] GC(349) ParOldGen: 2975535K(2976768K)->2986903K(2987008K)
[2026-09-22T10:54:07.239+0000][123.883s][info][gc,metaspace   ] GC(349) Metaspace: 166553K(168256K)->166553K(168256K) NonClass: 140102K(141120K)->140102K(141120K) Class: 26450K(27136K)->26450K(27136K)
[2026-09-22T10:54:07.239+0000][123.883s][info][gc             ] GC(349) Pause Young (Allocation Failure) 6282M->2931M(6297M) 14.260ms
[2026-09-22T10:54:07.239+0000][123.883s][info][gc,cpu         ] GC(349) User=0.05s Sys=0.00s Real=0.01s
[2026-09-22T10:54:09.020+0000][125.664s][info][gc,start       ] GC(350) Pause Young (Allocation Failure)
[2026-09-22T10:54:09.037+0000][125.681s][info][gc,heap        ] GC(350) PSYoungGen: 3461600K(3461632K)->21120K(3463168K) Eden: 3446784K(3446784K)->0K(3437568K) From: 14816K(14848K)->21120K(25600K)
[2026-09-22T10:54:09.037+0000][125.681s][info][gc,heap        ] GC(350) ParOldGen: 2986903K(2987008K)->3001783K(3001856K)
[2026-09-22T10:54:09.037+0000][125.681s][info][gc,metaspace   ] GC(350) Metaspace: 166553K(168256K)->166553K(168256K) NonClass: 140102K(141120K)->140102K(141120K) Class: 26450K(27136K)->26450K(27136K)
[2026-09-22T10:54:09.037+0000][125.681s][info][gc             ] GC(350) Pause Young (Allocation Failure) 6297M->2952M(6313M) 16.953ms
[2026-09-22T10:54:09.037+0000][125.681s][info][gc,cpu         ] GC(350) User=0.06s Sys=0.00s Real=0.01s
[2026-09-22T10:54:10.822+0000][127.466s][info][gc,start       ] GC(351) Pause Young (Allocation Failure)
[2026-09-22T10:54:10.840+0000][127.484s][info][gc,heap        ] GC(351) PSYoungGen: 3458688K(3463168K)->16832K(3454464K) Eden: 3437568K(3437568K)->0K(3437568K) From: 21120K(25600K)->16832K(16896K)
[2026-09-22T10:54:10.840+0000][127.484s][info][gc,heap        ] GC(351) ParOldGen: 3001783K(3001856K)->3020951K(3021824K)
[2026-09-22T10:54:10.840+0000][127.484s][info][gc,metaspace   ] GC(351) Metaspace: 166554K(168256K)->166554K(168256K) NonClass: 140103K(141120K)->140103K(141120K) Class: 26450K(27136K)->26450K(27136K)
[2026-09-22T10:54:10.840+0000][127.484s][info][gc             ] GC(351) Pause Young (Allocation Failure) 6309M->2966M(6324M) 17.815ms
[2026-09-22T10:54:10.840+0000][127.484s][info][gc,cpu         ] GC(351) User=0.05s Sys=0.01s Real=0.02s
[2026-09-22T10:54:12.658+0000][129.302s][info][gc,start       ] GC(352) Pause Young (Allocation Failure)
[2026-09-22T10:54:12.676+0000][129.320s][info][gc,heap        ] GC(352) PSYoungGen: 3454400K(3454464K)->16192K(3464704K) Eden: 3437568K(3437568K)->0K(3435520K) From: 16832K(16896K)->16192K(29184K)
[2026-09-22T10:54:12.676+0000][129.320s][info][gc,heap        ] GC(352) ParOldGen: 3020951K(3021824K)->3035839K(3036160K)
[2026-09-22T10:54:12.676+0000][129.320s][info][gc,metaspace   ] GC(352) Metaspace: 166561K(168256K)->166561K(168256K) NonClass: 140111K(141120K)->140111K(141120K) Class: 26450K(27136K)->26450K(27136K)
[2026-09-22T10:54:12.676+0000][129.320s][info][gc             ] GC(352) Pause Young (Allocation Failure) 6323M->2980M(6348M) 17.918ms
[2026-09-22T10:54:12.676+0000][129.320s][info][gc,cpu         ] GC(352) User=0.05s Sys=0.01s Real=0.02s
[2026-09-22T10:54:14.475+0000][131.120s][info][gc,start       ] GC(353) Pause Young (Allocation Failure)
[2026-09-22T10:54:14.498+0000][131.142s][info][gc,heap        ] GC(353) PSYoungGen: 3451712K(3464704K)->14880K(3465216K) Eden: 3435520K(3435520K)->0K(3435520K) From: 16192K(29184K)->14880K(29696K)
[2026-09-22T10:54:14.498+0000][131.142s][info][gc,heap        ] GC(353) ParOldGen: 3035839K(3036160K)->3051071K(3051520K)
[2026-09-22T10:54:14.498+0000][131.142s][info][gc,metaspace   ] GC(353) Metaspace: 166562K(168256K)->166562K(168256K) NonClass: 140112K(141120K)->140112K(141120K) Class: 26450K(27136K)->26450K(27136K)
[2026-09-22T10:54:14.498+0000][131.142s][info][gc             ] GC(353) Pause Young (Allocation Failure) 6335M->2994M(6364M) 22.540ms
[2026-09-22T10:54:14.498+0000][131.142s][info][gc,cpu         ] GC(353) User=0.05s Sys=0.02s Real=0.02s
[2026-09-22T10:54:16.342+0000][132.987s][info][gc,start       ] GC(354) Pause Young (Allocation Failure)
[2026-09-22T10:54:16.359+0000][133.004s][info][gc,heap        ] GC(354) PSYoungGen: 3450400K(3465216K)->16224K(3465216K) Eden: 3435520K(3435520K)->0K(3435520K) From: 14880K(29696K)->16224K(29696K)
[2026-09-22T10:54:16.359+0000][133.004s][info][gc,heap        ] GC(354) ParOldGen: 3051071K(3051520K)->3065999K(3066368K)
[2026-09-22T10:54:16.359+0000][133.004s][info][gc,metaspace   ] GC(354) Metaspace: 166563K(168256K)->166563K(168256K) NonClass: 140112K(141120K)->140112K(141120K) Class: 26450K(27136K)->26450K(27136K)
[2026-09-22T10:54:16.359+0000][133.004s][info][gc             ] GC(354) Pause Young (Allocation Failure) 6349M->3009M(6378M) 16.971ms
[2026-09-22T10:54:16.359+0000][133.004s][info][gc,cpu         ] GC(354) User=0.06s Sys=0.01s Real=0.02s
[2026-09-22T10:54:18.180+0000][134.825s][info][gc,start       ] GC(355) Pause Young (Allocation Failure)
[2026-09-22T10:54:18.197+0000][134.841s][info][gc,heap        ] GC(355) PSYoungGen: 3451744K(3465216K)->14848K(3450368K) Eden: 3435520K(3435520K)->0K(3435520K) From: 16224K(29696K)->14848K(14848K)
[2026-09-22T10:54:18.197+0000][134.841s][info][gc,heap        ] GC(355) ParOldGen: 3065999K(3066368K)->3081271K(3081728K)
[2026-09-22T10:54:18.197+0000][134.841s][info][gc,metaspace   ] GC(355) Metaspace: 166563K(168256K)->166563K(168256K) NonClass: 140112K(141120K)->140112K(141120K) Class: 26450K(27136K)->26450K(27136K)
[2026-09-22T10:54:18.197+0000][134.841s][info][gc             ] GC(355) Pause Young (Allocation Failure) 6364M->3023M(6379M) 16.811ms
[2026-09-22T10:54:18.197+0000][134.841s][info][gc,cpu         ] GC(355) User=0.05s Sys=0.02s Real=0.01s
[2026-09-22T10:54:20.017+0000][136.661s][info][gc,start       ] GC(356) Pause Young (Allocation Failure)
[2026-09-22T10:54:20.033+0000][136.678s][info][gc,heap        ] GC(356) PSYoungGen: 3450368K(3450368K)->15648K(3465216K) Eden: 3435520K(3435520K)->0K(3436032K) From: 14848K(14848K)->15648K(29184K)
[2026-09-22T10:54:20.033+0000][136.678s][info][gc,heap        ] GC(356) ParOldGen: 3081271K(3081728K)->3096127K(3096576K)
[2026-09-22T10:54:20.033+0000][136.678s][info][gc,metaspace   ] GC(356) Metaspace: 166569K(168256K)->166569K(168256K) NonClass: 140118K(141120K)->140118K(141120K) Class: 26450K(27136K)->26450K(27136K)
[2026-09-22T10:54:20.033+0000][136.678s][info][gc             ] GC(356) Pause Young (Allocation Failure) 6378M->3038M(6408M) 16.316ms
[2026-09-22T10:54:20.033+0000][136.678s][info][gc,cpu         ] GC(356) User=0.05s Sys=0.01s Real=0.02s
[2026-09-22T10:54:21.936+0000][138.580s][info][gc,start       ] GC(357) Pause Young (Allocation Failure)
[2026-09-22T10:54:21.953+0000][138.597s][info][gc,heap        ] GC(357) PSYoungGen: 3451680K(3465216K)->17056K(3464704K) Eden: 3436032K(3436032K)->0K(3436032K) From: 15648K(29184K)->17056K(28672K)
[2026-09-22T10:54:21.953+0000][138.598s][info][gc,heap        ] GC(357) ParOldGen: 3096127K(3096576K)->3110799K(3110912K)
[2026-09-22T10:54:21.953+0000][138.598s][info][gc,metaspace   ] GC(357) Metaspace: 166571K(168256K)->166571K(168256K) NonClass: 140120K(141120K)->140120K(141120K) Class: 26450K(27136K)->26450K(27136K)
[2026-09-22T10:54:21.953+0000][138.598s][info][gc             ] GC(357) Pause Young (Allocation Failure) 6394M->3054M(6421M) 17.690ms
[2026-09-22T10:54:21.953+0000][138.598s][info][gc,cpu         ] GC(357) User=0.06s Sys=0.01s Real=0.02s
[2026-09-22T10:54:23.793+0000][140.438s][info][gc,start       ] GC(358) Pause Young (Allocation Failure)
[2026-09-22T10:54:23.811+0000][140.455s][info][gc,heap        ] GC(358) PSYoungGen: 3453088K(3464704K)->18048K(3465216K) Eden: 3436032K(3436032K)->0K(3436544K) From: 17056K(28672K)->18048K(28672K)
[2026-09-22T10:54:23.811+0000][140.455s][info][gc,heap        ] GC(358) ParOldGen: 3110799K(3110912K)->3125871K(3126272K)
[2026-09-22T10:54:23.811+0000][140.455s][info][gc,metaspace   ] GC(358) Metaspace: 166572K(168256K)->166572K(168256K) NonClass: 140121K(141120K)->140121K(141120K) Class: 26450K(27136K)->26450K(27136K)
[2026-09-22T10:54:23.811+0000][140.455s][info][gc             ] GC(358) Pause Young (Allocation Failure) 6410M->3070M(6437M) 17.753ms
[2026-09-22T10:54:23.811+0000][140.455s][info][gc,cpu         ] GC(358) User=0.06s Sys=0.01s Real=0.02s
[2026-09-22T10:54:25.688+0000][142.333s][info][gc,start       ] GC(359) Pause Young (Allocation Failure)
[2026-09-22T10:54:25.706+0000][142.350s][info][gc,heap        ] GC(359) PSYoungGen: 3454592K(3465216K)->14848K(3451392K) Eden: 3436544K(3436544K)->0K(3436544K) From: 18048K(28672K)->14848K(14848K)
[2026-09-22T10:54:25.706+0000][142.350s][info][gc,heap        ] GC(359) ParOldGen: 3125871K(3126272K)->3141879K(3142144K)
[2026-09-22T10:54:25.706+0000][142.350s][info][gc,metaspace   ] GC(359) Metaspace: 166588K(168256K)->166588K(168256K) NonClass: 140137K(141120K)->140137K(141120K) Class: 26451K(27136K)->26451K(27136K)
[2026-09-22T10:54:25.706+0000][142.350s][info][gc             ] GC(359) Pause Young (Allocation Failure) 6426M->3082M(6439M) 17.433ms
[2026-09-22T10:54:25.706+0000][142.350s][info][gc,cpu         ] GC(359) User=0.06s Sys=0.01s Real=0.02s
[2026-09-22T10:54:27.577+0000][144.221s][info][gc,start       ] GC(360) Pause Young (Allocation Failure)
[2026-09-22T10:54:27.597+0000][144.241s][info][gc,heap        ] GC(360) PSYoungGen: 3451392K(3451392K)->16736K(3465216K) Eden: 3436544K(3436544K)->0K(3437056K) From: 14848K(14848K)->16736K(28160K)
[2026-09-22T10:54:27.597+0000][144.241s][info][gc,heap        ] GC(360) ParOldGen: 3141879K(3142144K)->3156743K(3156992K)
[2026-09-22T10:54:27.597+0000][144.241s][info][gc,metaspace   ] GC(360) Metaspace: 166588K(168256K)->166588K(168256K) NonClass: 140137K(141120K)->140137K(141120K) Class: 26451K(27136K)->26451K(27136K)
[2026-09-22T10:54:27.597+0000][144.241s][info][gc             ] GC(360) Pause Young (Allocation Failure) 6438M->3099M(6467M) 20.367ms
[2026-09-22T10:54:27.597+0000][144.242s][info][gc,cpu         ] GC(360) User=0.05s Sys=0.01s Real=0.02s
[2026-09-22T10:54:29.526+0000][146.171s][info][gc,start       ] GC(361) Pause Young (Allocation Failure)
[2026-09-22T10:54:29.543+0000][146.188s][info][gc,heap        ] GC(361) PSYoungGen: 3453792K(3465216K)->15264K(3465216K) Eden: 3437056K(3437056K)->0K(3437056K) From: 16736K(28160K)->15264K(28160K)
[2026-09-22T10:54:29.543+0000][146.188s][info][gc,heap        ] GC(361) ParOldGen: 3156743K(3156992K)->3171511K(3171840K)
[2026-09-22T10:54:29.543+0000][146.188s][info][gc,metaspace   ] GC(361) Metaspace: 166591K(168256K)->166591K(168256K) NonClass: 140139K(141120K)->140139K(141120K) Class: 26451K(27136K)->26451K(27136K)
[2026-09-22T10:54:29.543+0000][146.188s][info][gc             ] GC(361) Pause Young (Allocation Failure) 6455M->3112M(6481M) 16.889ms
[2026-09-22T10:54:29.543+0000][146.188s][info][gc,cpu         ] GC(361) User=0.05s Sys=0.01s Real=0.02s
[2026-09-22T10:54:31.464+0000][148.108s][info][gc,start       ] GC(362) Pause Young (Allocation Failure)
[2026-09-22T10:54:31.481+0000][148.125s][info][gc,heap        ] GC(362) PSYoungGen: 3452320K(3465216K)->15968K(3321856K) Eden: 3437056K(3437056K)->0K(3305472K) From: 15264K(28160K)->15968K(16384K)
[2026-09-22T10:54:31.481+0000][148.125s][info][gc,heap        ] GC(362) ParOldGen: 3171511K(3171840K)->3186823K(3187200K)
[2026-09-22T10:54:31.481+0000][148.125s][info][gc,metaspace   ] GC(362) Metaspace: 166591K(168256K)->166591K(168256K) NonClass: 140139K(141120K)->140139K(141120K) Class: 26451K(27136K)->26451K(27136K)
[2026-09-22T10:54:31.481+0000][148.125s][info][gc             ] GC(362) Pause Young (Allocation Failure) 6468M->3127M(6356M) 17.609ms
[2026-09-22T10:54:31.481+0000][148.125s][info][gc,cpu         ] GC(362) User=0.06s Sys=0.01s Real=0.02s
[2026-09-22T10:54:33.350+0000][149.994s][info][gc,start       ] GC(363) Pause Young (Allocation Failure)
[2026-09-22T10:54:33.368+0000][150.012s][info][gc,heap        ] GC(363) PSYoungGen: 3321440K(3321856K)->14656K(3194880K) Eden: 3305472K(3305472K)->0K(3180032K) From: 15968K(16384K)->14656K(14848K)
[2026-09-22T10:54:33.368+0000][150.012s][info][gc,heap        ] GC(363) ParOldGen: 3186823K(3187200K)->3201839K(3202048K)
[2026-09-22T10:54:33.368+0000][150.012s][info][gc,metaspace   ] GC(363) Metaspace: 166591K(168256K)->166591K(168256K) NonClass: 140139K(141120K)->140139K(141120K) Class: 26451K(27136K)->26451K(27136K)
[2026-09-22T10:54:33.368+0000][150.012s][info][gc             ] GC(363) Pause Young (Allocation Failure) 6355M->3141M(6247M) 17.486ms
[2026-09-22T10:54:33.368+0000][150.012s][info][gc,cpu         ] GC(363) User=0.05s Sys=0.01s Real=0.01s
[2026-09-22T10:54:35.166+0000][151.810s][info][gc,start       ] GC(364) Pause Young (Allocation Failure)
[2026-09-22T10:54:35.184+0000][151.828s][info][gc,heap        ] GC(364) PSYoungGen: 3194688K(3194880K)->13952K(3075072K) Eden: 3180032K(3180032K)->0K(3060736K) From: 14656K(14848K)->13952K(14336K)
[2026-09-22T10:54:35.184+0000][151.828s][info][gc,heap        ] GC(364) ParOldGen: 3201839K(3202048K)->3216503K(3216896K)
[2026-09-22T10:54:35.184+0000][151.828s][info][gc,metaspace   ] GC(364) Metaspace: 166594K(168256K)->166594K(168256K) NonClass: 140142K(141120K)->140142K(141120K) Class: 26451K(27136K)->26451K(27136K)
[2026-09-22T10:54:35.184+0000][151.828s][info][gc             ] GC(364) Pause Young (Allocation Failure) 6246M->3154M(6144M) 18.083ms
[2026-09-22T10:54:35.184+0000][151.828s][info][gc,cpu         ] GC(364) User=0.05s Sys=0.02s Real=0.02s
[2026-09-22T10:54:36.947+0000][153.591s][info][gc,start       ] GC(365) Pause Young (Allocation Failure)
[2026-09-22T10:54:36.963+0000][153.607s][info][gc,heap        ] GC(365) PSYoungGen: 3074688K(3075072K)->14560K(2961920K) Eden: 3060736K(3060736K)->0K(2947072K) From: 13952K(14336K)->14560K(14848K)
[2026-09-22T10:54:36.963+0000][153.607s][info][gc,heap        ] GC(365) ParOldGen: 3216503K(3216896K)->3230479K(3230720K)
[2026-09-22T10:54:36.963+0000][153.607s][info][gc,metaspace   ] GC(365) Metaspace: 166595K(168256K)->166595K(168256K) NonClass: 140143K(141120K)->140143K(141120K) Class: 26451K(27136K)->26451K(27136K)
[2026-09-22T10:54:36.963+0000][153.607s][info][gc             ] GC(365) Pause Young (Allocation Failure) 6143M->3168M(6047M) 16.313ms
[2026-09-22T10:54:36.963+0000][153.608s][info][gc,cpu         ] GC(365) User=0.06s Sys=0.01s Real=0.02s
[2026-09-22T10:54:38.766+0000][155.410s][info][gc,start       ] GC(366) Pause Young (Allocation Failure)
[2026-09-22T10:54:38.783+0000][155.428s][info][gc,heap        ] GC(366) PSYoungGen: 2961632K(2961920K)->12992K(2851840K) Eden: 2947072K(2947072K)->0K(2838528K) From: 14560K(14848K)->12992K(13312K)
[2026-09-22T10:54:38.783+0000][155.428s][info][gc,heap        ] GC(366) ParOldGen: 3230479K(3230720K)->3244007K(3244032K)
[2026-09-22T10:54:38.783+0000][155.428s][info][gc,metaspace   ] GC(366) Metaspace: 166596K(168256K)->166596K(168256K) NonClass: 140144K(141120K)->140144K(141120K) Class: 26451K(27136K)->26451K(27136K)
[2026-09-22T10:54:38.783+0000][155.428s][info][gc             ] GC(366) Pause Young (Allocation Failure) 6046M->3180M(5953M) 17.134ms
[2026-09-22T10:54:38.783+0000][155.428s][info][gc,cpu         ] GC(366) User=0.05s Sys=0.01s Real=0.02s
