[2026-09-21T23:28:08.577+0000][0.018s][info][gc,init] CardTable entry size: 512
[2026-09-21T23:28:08.577+0000][0.019s][info][gc     ] Using Parallel
[2026-09-21T23:28:08.582+0000][0.024s][info][gc,init] Version: 21.0.12.1+1-LTS (release)
[2026-09-21T23:28:08.582+0000][0.024s][info][gc,init] CPUs: 4 total, 4 available
[2026-09-21T23:28:08.582+0000][0.024s][info][gc,init] Memory: 15989M
[2026-09-21T23:28:08.582+0000][0.024s][info][gc,init] Large Page Support: Disabled
[2026-09-21T23:28:08.582+0000][0.024s][info][gc,init] NUMA Support: Disabled
[2026-09-21T23:28:08.582+0000][0.024s][info][gc,init] Compressed Oops: Enabled (Zero based)
[2026-09-21T23:28:08.582+0000][0.024s][info][gc,init] Alignments: Space 512K, Generation 512K, Heap 2M
[2026-09-21T23:28:08.582+0000][0.024s][info][gc,init] Heap Min Capacity: 4G
[2026-09-21T23:28:08.582+0000][0.024s][info][gc,init] Heap Initial Capacity: 4G
[2026-09-21T23:28:08.582+0000][0.024s][info][gc,init] Heap Max Capacity: 10G
[2026-09-21T23:28:08.582+0000][0.024s][info][gc,init] Pre-touch: Disabled
[2026-09-21T23:28:08.582+0000][0.024s][info][gc,init] Parallel Workers: 4
[2026-09-21T23:28:08.591+0000][0.032s][info][gc,metaspace] CDS archive(s) mapped at: [0x00007fa585000000-0x00007fa585c9c000-0x00007fa585c9c000), size 13221888, SharedBaseAddress: 0x00007fa585000000, ArchiveRelocationMode: 1.
[2026-09-21T23:28:08.591+0000][0.033s][info][gc,metaspace] Compressed class space mapped at: 0x00007fa586000000-0x00007fa5c6000000, reserved size: 1073741824
[2026-09-21T23:28:08.591+0000][0.033s][info][gc,metaspace] Narrow klass base: 0x00007fa585000000, Narrow klass shift: 0, Narrow klass range: 0x100000000
[2026-09-21T23:28:10.841+0000][2.283s][info][gc,start    ] GC(0) Pause Young (Metadata GC Threshold)
[2026-09-21T23:28:10.847+0000][2.289s][info][gc,heap     ] GC(0) PSYoungGen: 919414K(1223168K)->12681K(1223168K) Eden: 919414K(1048576K)->0K(1048576K) From: 0K(174592K)->12681K(174592K)
[2026-09-21T23:28:10.847+0000][2.289s][info][gc,heap     ] GC(0) ParOldGen: 1073K(2796544K)->1145K(2796544K)
[2026-09-21T23:28:10.847+0000][2.289s][info][gc,metaspace] GC(0) Metaspace: 21086K(21504K)->21086K(21504K) NonClass: 18712K(18944K)->18712K(18944K) Class: 2374K(2560K)->2374K(2560K)
[2026-09-21T23:28:10.847+0000][2.289s][info][gc          ] GC(0) Pause Young (Metadata GC Threshold) 898M->13M(3925M) 6.067ms
[2026-09-21T23:28:10.847+0000][2.289s][info][gc,cpu      ] GC(0) User=0.02s Sys=0.01s Real=0.01s
[2026-09-21T23:28:10.847+0000][2.289s][info][gc,start    ] GC(1) Pause Full (Metadata GC Threshold)
[2026-09-21T23:28:10.847+0000][2.289s][info][gc,phases,start] GC(1) Marking Phase
[2026-09-21T23:28:10.855+0000][2.296s][info][gc,phases      ] GC(1) Marking Phase 7.382ms
[2026-09-21T23:28:10.855+0000][2.296s][info][gc,phases,start] GC(1) Summary Phase
[2026-09-21T23:28:10.855+0000][2.296s][info][gc,phases      ] GC(1) Summary Phase 0.009ms
[2026-09-21T23:28:10.855+0000][2.296s][info][gc,phases,start] GC(1) Adjust Roots
[2026-09-21T23:28:10.858+0000][2.299s][info][gc,phases      ] GC(1) Adjust Roots 2.931ms
[2026-09-21T23:28:10.858+0000][2.299s][info][gc,phases,start] GC(1) Compaction Phase
[2026-09-21T23:28:10.864+0000][2.306s][info][gc,phases      ] GC(1) Compaction Phase 6.646ms
[2026-09-21T23:28:10.864+0000][2.306s][info][gc,phases,start] GC(1) Post Compact
[2026-09-21T23:28:10.866+0000][2.307s][info][gc,phases      ] GC(1) Post Compact 1.213ms
[2026-09-21T23:28:10.866+0000][2.307s][info][gc,heap        ] GC(1) PSYoungGen: 12681K(1223168K)->0K(1223168K) Eden: 0K(1048576K)->0K(1048576K) From: 12681K(174592K)->0K(174592K)
[2026-09-21T23:28:10.866+0000][2.307s][info][gc,heap        ] GC(1) ParOldGen: 1145K(2796544K)->13576K(2796544K)
[2026-09-21T23:28:10.866+0000][2.307s][info][gc,metaspace   ] GC(1) Metaspace: 21086K(21504K)->21086K(21504K) NonClass: 18712K(18944K)->18712K(18944K) Class: 2374K(2560K)->2374K(2560K)
[2026-09-21T23:28:10.866+0000][2.307s][info][gc             ] GC(1) Pause Full (Metadata GC Threshold) 13M->13M(3925M) 18.304ms
[2026-09-21T23:28:10.866+0000][2.307s][info][gc,cpu         ] GC(1) User=0.04s Sys=0.01s Real=0.02s
[2026-09-21T23:28:12.093+0000][3.535s][info][gc,start       ] GC(2) Pause Young (Metadata GC Threshold)
[2026-09-21T23:28:12.116+0000][3.558s][info][gc,heap        ] GC(2) PSYoungGen: 442121K(1223168K)->51055K(1223168K) Eden: 442121K(1048576K)->0K(1048576K) From: 0K(174592K)->51055K(174592K)
[2026-09-21T23:28:12.116+0000][3.558s][info][gc,heap        ] GC(2) ParOldGen: 13576K(2796544K)->13584K(2796544K)
[2026-09-21T23:28:12.116+0000][3.558s][info][gc,metaspace   ] GC(2) Metaspace: 35378K(35840K)->35378K(35840K) NonClass: 31287K(31552K)->31287K(31552K) Class: 4091K(4288K)->4091K(4288K)
[2026-09-21T23:28:12.116+0000][3.558s][info][gc             ] GC(2) Pause Young (Metadata GC Threshold) 445M->63M(3925M) 22.856ms
[2026-09-21T23:28:12.116+0000][3.558s][info][gc,cpu         ] GC(2) User=0.07s Sys=0.01s Real=0.02s
[2026-09-21T23:28:12.116+0000][3.558s][info][gc,start       ] GC(3) Pause Full (Metadata GC Threshold)
[2026-09-21T23:28:12.116+0000][3.558s][info][gc,phases,start] GC(3) Marking Phase
[2026-09-21T23:28:12.138+0000][3.579s][info][gc,phases      ] GC(3) Marking Phase 21.341ms
[2026-09-21T23:28:12.138+0000][3.579s][info][gc,phases,start] GC(3) Summary Phase
[2026-09-21T23:28:12.138+0000][3.579s][info][gc,phases      ] GC(3) Summary Phase 0.020ms
[2026-09-21T23:28:12.138+0000][3.579s][info][gc,phases,start] GC(3) Adjust Roots
[2026-09-21T23:28:12.141+0000][3.583s][info][gc,phases      ] GC(3) Adjust Roots 3.579ms
[2026-09-21T23:28:12.141+0000][3.583s][info][gc,phases,start] GC(3) Compaction Phase
[2026-09-21T23:28:12.177+0000][3.619s][info][gc,phases      ] GC(3) Compaction Phase 35.848ms
[2026-09-21T23:28:12.177+0000][3.619s][info][gc,phases,start] GC(3) Post Compact
[2026-09-21T23:28:12.178+0000][3.620s][info][gc,phases      ] GC(3) Post Compact 0.929ms
[2026-09-21T23:28:12.178+0000][3.620s][info][gc,heap        ] GC(3) PSYoungGen: 51055K(1223168K)->0K(1223168K) Eden: 0K(1048576K)->0K(1048576K) From: 51055K(174592K)->0K(174592K)
[2026-09-21T23:28:12.178+0000][3.620s][info][gc,heap        ] GC(3) ParOldGen: 13584K(2796544K)->64280K(2796544K)
[2026-09-21T23:28:12.178+0000][3.620s][info][gc,metaspace   ] GC(3) Metaspace: 35378K(35840K)->35378K(35840K) NonClass: 31287K(31552K)->31287K(31552K) Class: 4091K(4288K)->4091K(4288K)
[2026-09-21T23:28:12.178+0000][3.620s][info][gc             ] GC(3) Pause Full (Metadata GC Threshold) 63M->62M(3925M) 61.865ms
[2026-09-21T23:28:12.178+0000][3.620s][info][gc,cpu         ] GC(3) User=0.22s Sys=0.00s Real=0.06s
[2026-09-21T23:28:14.287+0000][5.729s][info][gc,start       ] GC(4) Pause Young (Metadata GC Threshold)
[2026-09-21T23:28:14.317+0000][5.759s][info][gc,heap        ] GC(4) PSYoungGen: 380782K(1223168K)->42961K(1223168K) Eden: 380782K(1048576K)->0K(1048576K) From: 0K(174592K)->42961K(174592K)
[2026-09-21T23:28:14.317+0000][5.759s][info][gc,heap        ] GC(4) ParOldGen: 64280K(2796544K)->64296K(2796544K)
[2026-09-21T23:28:14.317+0000][5.759s][info][gc,metaspace   ] GC(4) Metaspace: 59182K(59776K)->59182K(59776K) NonClass: 50577K(50880K)->50577K(50880K) Class: 8605K(8896K)->8605K(8896K)
[2026-09-21T23:28:14.317+0000][5.759s][info][gc             ] GC(4) Pause Young (Metadata GC Threshold) 434M->104M(3925M) 30.572ms
[2026-09-21T23:28:14.317+0000][5.759s][info][gc,cpu         ] GC(4) User=0.11s Sys=0.01s Real=0.03s
[2026-09-21T23:28:14.317+0000][5.759s][info][gc,start       ] GC(5) Pause Full (Metadata GC Threshold)
[2026-09-21T23:28:14.317+0000][5.759s][info][gc,phases,start] GC(5) Marking Phase
[2026-09-21T23:28:14.368+0000][5.810s][info][gc,phases      ] GC(5) Marking Phase 50.547ms
[2026-09-21T23:28:14.368+0000][5.810s][info][gc,phases,start] GC(5) Summary Phase
[2026-09-21T23:28:14.368+0000][5.810s][info][gc,phases      ] GC(5) Summary Phase 0.008ms
[2026-09-21T23:28:14.368+0000][5.810s][info][gc,phases,start] GC(5) Adjust Roots
[2026-09-21T23:28:14.375+0000][5.817s][info][gc,phases      ] GC(5) Adjust Roots 6.981ms
[2026-09-21T23:28:14.375+0000][5.817s][info][gc,phases,start] GC(5) Compaction Phase
[2026-09-21T23:28:14.453+0000][5.894s][info][gc,phases      ] GC(5) Compaction Phase 77.459ms
[2026-09-21T23:28:14.453+0000][5.894s][info][gc,phases,start] GC(5) Post Compact
[2026-09-21T23:28:14.454+0000][5.895s][info][gc,phases      ] GC(5) Post Compact 1.138ms
[2026-09-21T23:28:14.454+0000][5.895s][info][gc,heap        ] GC(5) PSYoungGen: 42961K(1223168K)->0K(1223168K) Eden: 0K(1048576K)->0K(1048576K) From: 42961K(174592K)->0K(174592K)
[2026-09-21T23:28:14.454+0000][5.895s][info][gc,heap        ] GC(5) ParOldGen: 64296K(2796544K)->103030K(2796544K)
[2026-09-21T23:28:14.454+0000][5.895s][info][gc,metaspace   ] GC(5) Metaspace: 59182K(59776K)->59182K(59776K) NonClass: 50577K(50880K)->50577K(50880K) Class: 8605K(8896K)->8605K(8896K)
[2026-09-21T23:28:14.454+0000][5.895s][info][gc             ] GC(5) Pause Full (Metadata GC Threshold) 104M->100M(3925M) 136.309ms
[2026-09-21T23:28:14.454+0000][5.895s][info][gc,cpu         ] GC(5) User=0.51s Sys=0.00s Real=0.14s
[2026-09-21T23:28:17.574+0000][9.016s][info][gc,start       ] GC(6) Pause Young (Metadata GC Threshold)
[2026-09-21T23:28:17.675+0000][9.116s][info][gc,heap        ] GC(6) PSYoungGen: 750649K(1223168K)->174578K(1223168K) Eden: 750649K(1048576K)->0K(1048576K) From: 0K(174592K)->174578K(174592K)
[2026-09-21T23:28:17.675+0000][9.117s][info][gc,heap        ] GC(6) ParOldGen: 103030K(2796544K)->105414K(2796544K)
[2026-09-21T23:28:17.675+0000][9.117s][info][gc,metaspace   ] GC(6) Metaspace: 98779K(99648K)->98779K(99648K) NonClass: 84831K(85312K)->84831K(85312K) Class: 13948K(14336K)->13948K(14336K)
[2026-09-21T23:28:17.675+0000][9.117s][info][gc             ] GC(6) Pause Young (Metadata GC Threshold) 833M->273M(3925M) 100.491ms
[2026-09-21T23:28:17.675+0000][9.117s][info][gc,cpu         ] GC(6) User=0.37s Sys=0.02s Real=0.10s
[2026-09-21T23:28:17.675+0000][9.117s][info][gc,start       ] GC(7) Pause Full (Metadata GC Threshold)
[2026-09-21T23:28:17.675+0000][9.117s][info][gc,phases,start] GC(7) Marking Phase
[2026-09-21T23:28:17.789+0000][9.231s][info][gc,phases      ] GC(7) Marking Phase 114.200ms
[2026-09-21T23:28:17.789+0000][9.231s][info][gc,phases,start] GC(7) Summary Phase
[2026-09-21T23:28:17.789+0000][9.231s][info][gc,phases      ] GC(7) Summary Phase 0.043ms
[2026-09-21T23:28:17.789+0000][9.231s][info][gc,phases,start] GC(7) Adjust Roots
[2026-09-21T23:28:17.800+0000][9.242s][info][gc,phases      ] GC(7) Adjust Roots 10.676ms
[2026-09-21T23:28:17.800+0000][9.242s][info][gc,phases,start] GC(7) Compaction Phase
[2026-09-21T23:28:18.094+0000][9.536s][info][gc,phases      ] GC(7) Compaction Phase 294.461ms
[2026-09-21T23:28:18.094+0000][9.536s][info][gc,phases,start] GC(7) Post Compact
[2026-09-21T23:28:18.096+0000][9.538s][info][gc,phases      ] GC(7) Post Compact 1.742ms
[2026-09-21T23:28:18.096+0000][9.538s][info][gc,heap        ] GC(7) PSYoungGen: 174578K(1223168K)->0K(1223168K) Eden: 0K(1048576K)->0K(1048576K) From: 174578K(174592K)->0K(174592K)
[2026-09-21T23:28:18.096+0000][9.538s][info][gc,heap        ] GC(7) ParOldGen: 105414K(2796544K)->278446K(2796544K)
[2026-09-21T23:28:18.096+0000][9.538s][info][gc,metaspace   ] GC(7) Metaspace: 98779K(99648K)->98779K(99648K) NonClass: 84831K(85312K)->84831K(85312K) Class: 13948K(14336K)->13948K(14336K)
[2026-09-21T23:28:18.096+0000][9.538s][info][gc             ] GC(7) Pause Full (Metadata GC Threshold) 273M->271M(3925M) 421.312ms
[2026-09-21T23:28:18.096+0000][9.538s][info][gc,cpu         ] GC(7) User=1.57s Sys=0.02s Real=0.42s
[2026-09-21T23:28:21.526+0000][12.968s][info][gc,start       ] GC(8) Pause Young (Allocation Failure)
[2026-09-21T23:28:21.556+0000][12.998s][info][gc,heap        ] GC(8) PSYoungGen: 1048576K(1223168K)->45439K(1223168K) Eden: 1048576K(1048576K)->0K(1048576K) From: 0K(174592K)->45439K(174592K)
[2026-09-21T23:28:21.556+0000][12.998s][info][gc,heap        ] GC(8) ParOldGen: 278446K(2796544K)->278454K(2796544K)
[2026-09-21T23:28:21.556+0000][12.998s][info][gc,metaspace   ] GC(8) Metaspace: 119893K(120960K)->119893K(120960K) NonClass: 102655K(103296K)->102655K(103296K) Class: 17238K(17664K)->17238K(17664K)
[2026-09-21T23:28:21.556+0000][12.998s][info][gc             ] GC(8) Pause Young (Allocation Failure) 1295M->316M(3925M) 30.028ms
[2026-09-21T23:28:21.556+0000][12.998s][info][gc,cpu         ] GC(8) User=0.10s Sys=0.00s Real=0.03s
[2026-09-21T23:28:28.536+0000][19.978s][info][gc,start       ] GC(9) Pause Young (Allocation Failure)
[2026-09-21T23:28:28.596+0000][20.038s][info][gc,heap        ] GC(9) PSYoungGen: 1094015K(1223168K)->129825K(2233344K) Eden: 1048576K(1048576K)->0K(2075648K) From: 45439K(174592K)->129825K(157696K)
[2026-09-21T23:28:28.597+0000][20.038s][info][gc,heap        ] GC(9) ParOldGen: 278454K(2796544K)->278494K(2796544K)
[2026-09-21T23:28:28.597+0000][20.038s][info][gc,metaspace   ] GC(9) Metaspace: 150281K(151488K)->150281K(151488K) NonClass: 125838K(126528K)->125838K(126528K) Class: 24442K(24960K)->24442K(24960K)
[2026-09-21T23:28:28.597+0000][20.038s][info][gc             ] GC(9) Pause Young (Allocation Failure) 1340M->398M(4912M) 60.200ms
[2026-09-21T23:28:28.597+0000][20.038s][info][gc,cpu         ] GC(9) User=0.19s Sys=0.04s Real=0.06s
[2026-09-21T23:28:29.010+0000][20.452s][info][gc,start       ] GC(10) Pause Young (CodeCache GC Threshold)
[2026-09-21T23:28:29.084+0000][20.526s][info][gc,heap        ] GC(10) PSYoungGen: 292368K(2233344K)->140358K(2254848K) Eden: 162542K(2075648K)->0K(2075648K) From: 129825K(157696K)->140358K(179200K)
[2026-09-21T23:28:29.084+0000][20.526s][info][gc,heap        ] GC(10) ParOldGen: 278494K(2796544K)->278510K(2796544K)
[2026-09-21T23:28:29.084+0000][20.526s][info][gc,metaspace   ] GC(10) Metaspace: 150378K(151616K)->150378K(151616K) NonClass: 125928K(126656K)->125928K(126656K) Class: 24449K(24960K)->24449K(24960K)
[2026-09-21T23:28:29.084+0000][20.526s][info][gc             ] GC(10) Pause Young (CodeCache GC Threshold) 557M->409M(4933M) 73.768ms
[2026-09-21T23:28:29.084+0000][20.526s][info][gc,cpu         ] GC(10) User=0.23s Sys=0.05s Real=0.08s
[2026-09-21T23:28:29.084+0000][20.526s][info][gc,start       ] GC(11) Pause Full (CodeCache GC Threshold)
[2026-09-21T23:28:29.084+0000][20.526s][info][gc,phases,start] GC(11) Marking Phase
[2026-09-21T23:28:29.261+0000][20.703s][info][gc,phases      ] GC(11) Marking Phase 177.195ms
[2026-09-21T23:28:29.261+0000][20.703s][info][gc,phases,start] GC(11) Summary Phase
[2026-09-21T23:28:29.261+0000][20.703s][info][gc,phases      ] GC(11) Summary Phase 0.028ms
[2026-09-21T23:28:29.262+0000][20.703s][info][gc,phases,start] GC(11) Adjust Roots
[2026-09-21T23:28:29.283+0000][20.725s][info][gc,phases      ] GC(11) Adjust Roots 21.910ms
[2026-09-21T23:28:29.283+0000][20.725s][info][gc,phases,start] GC(11) Compaction Phase
[2026-09-21T23:28:29.602+0000][21.044s][info][gc,phases      ] GC(11) Compaction Phase 318.463ms
[2026-09-21T23:28:29.602+0000][21.044s][info][gc,phases,start] GC(11) Post Compact
[2026-09-21T23:28:29.608+0000][21.050s][info][gc,phases      ] GC(11) Post Compact 6.090ms
[2026-09-21T23:28:29.608+0000][21.050s][info][gc,heap        ] GC(11) PSYoungGen: 140358K(2254848K)->0K(2254848K) Eden: 0K(2075648K)->0K(2075648K) From: 140358K(179200K)->0K(179200K)
[2026-09-21T23:28:29.608+0000][21.050s][info][gc,heap        ] GC(11) ParOldGen: 278510K(2796544K)->379364K(2796544K)
[2026-09-21T23:28:29.608+0000][21.050s][info][gc,metaspace   ] GC(11) Metaspace: 150378K(151616K)->150314K(151616K) NonClass: 125928K(126656K)->125880K(126656K) Class: 24449K(24960K)->24433K(24960K)
[2026-09-21T23:28:29.608+0000][21.050s][info][gc             ] GC(11) Pause Full (CodeCache GC Threshold) 409M->370M(4933M) 523.886ms
[2026-09-21T23:28:29.608+0000][21.050s][info][gc,cpu         ] GC(11) User=1.86s Sys=0.02s Real=0.52s
[2026-09-21T23:28:34.197+0000][25.638s][info][gc,start       ] GC(12) Pause Young (Allocation Failure)
[2026-09-21T23:28:34.315+0000][25.757s][info][gc,heap        ] GC(12) PSYoungGen: 2075648K(2254848K)->197103K(2190336K) Eden: 2075648K(2075648K)->0K(1993216K) From: 0K(179200K)->197103K(197120K)
[2026-09-21T23:28:34.315+0000][25.757s][info][gc,heap        ] GC(12) ParOldGen: 379364K(2796544K)->535740K(2796544K)
[2026-09-21T23:28:34.315+0000][25.757s][info][gc,metaspace   ] GC(12) Metaspace: 152632K(154048K)->152632K(154048K) NonClass: 127818K(128640K)->127818K(128640K) Class: 24813K(25408K)->24813K(25408K)
[2026-09-21T23:28:34.315+0000][25.757s][info][gc             ] GC(12) Pause Young (Allocation Failure) 2397M->715M(4870M) 118.429ms
[2026-09-21T23:28:34.315+0000][25.757s][info][gc,cpu         ] GC(12) User=0.41s Sys=0.07s Real=0.12s
[2026-09-21T23:28:38.540+0000][29.982s][info][gc,start       ] GC(13) Pause Young (Allocation Failure)
[2026-09-21T23:28:38.684+0000][30.126s][info][gc,heap        ] GC(13) PSYoungGen: 2190319K(2190336K)->301055K(2294272K) Eden: 1993216K(1993216K)->0K(1993216K) From: 197103K(197120K)->301055K(301056K)
[2026-09-21T23:28:38.684+0000][30.126s][info][gc,heap        ] GC(13) ParOldGen: 535740K(2796544K)->753725K(2796544K)
[2026-09-21T23:28:38.684+0000][30.126s][info][gc,metaspace   ] GC(13) Metaspace: 153246K(154688K)->153246K(154688K) NonClass: 128348K(129152K)->128348K(129152K) Class: 24898K(25536K)->24898K(25536K)
[2026-09-21T23:28:38.684+0000][30.126s][info][gc             ] GC(13) Pause Young (Allocation Failure) 2662M->1030M(4971M) 143.976ms
[2026-09-21T23:28:38.684+0000][30.126s][info][gc,cpu         ] GC(13) User=0.51s Sys=0.07s Real=0.15s
[2026-09-21T23:28:42.215+0000][33.656s][info][gc,start       ] GC(14) Pause Young (GCLocker Initiated GC)
[2026-09-21T23:28:42.380+0000][33.822s][info][gc,heap        ] GC(14) PSYoungGen: 2294271K(2294272K)->421672K(2915840K) Eden: 1993216K(1993216K)->0K(2472960K) From: 301055K(301056K)->421672K(442880K)
[2026-09-21T23:28:42.380+0000][33.822s][info][gc,heap        ] GC(14) ParOldGen: 753733K(2796544K)->947516K(2796544K)
[2026-09-21T23:28:42.380+0000][33.822s][info][gc,metaspace   ] GC(14) Metaspace: 153897K(155392K)->153897K(155392K) NonClass: 128920K(129792K)->128920K(129792K) Class: 24976K(25600K)->24976K(25600K)
[2026-09-21T23:28:42.380+0000][33.822s][info][gc             ] GC(14) Pause Young (GCLocker Initiated GC) 2976M->1337M(5578M) 165.105ms
[2026-09-21T23:28:42.380+0000][33.822s][info][gc,cpu         ] GC(14) User=0.52s Sys=0.14s Real=0.16s
[2026-09-21T23:28:46.691+0000][38.133s][info][gc,start       ] GC(15) Pause Young (Allocation Failure)
[2026-09-21T23:28:46.911+0000][38.353s][info][gc,heap        ] GC(15) PSYoungGen: 2894632K(2915840K)->306977K(2780160K) Eden: 2472960K(2472960K)->0K(2472960K) From: 421672K(442880K)->306977K(307200K)
[2026-09-21T23:28:46.911+0000][38.353s][info][gc,heap        ] GC(15) ParOldGen: 947538K(2796544K)->1388095K(2796544K)
[2026-09-21T23:28:46.911+0000][38.353s][info][gc,metaspace   ] GC(15) Metaspace: 154486K(155904K)->154486K(155904K) NonClass: 129451K(130240K)->129451K(130240K) Class: 25035K(25664K)->25035K(25664K)
[2026-09-21T23:28:46.911+0000][38.353s][info][gc             ] GC(15) Pause Young (Allocation Failure) 3752M->1655M(5446M) 219.714ms
[2026-09-21T23:28:46.911+0000][38.353s][info][gc,cpu         ] GC(15) User=0.72s Sys=0.16s Real=0.22s
[2026-09-21T23:28:51.359+0000][42.800s][info][gc,start       ] GC(16) Pause Young (GCLocker Initiated GC)
[2026-09-21T23:28:51.583+0000][43.024s][info][gc,heap        ] GC(16) PSYoungGen: 2779937K(2780160K)->402894K(2886144K) Eden: 2472960K(2472960K)->0K(2363392K) From: 306977K(307200K)->402894K(522752K)
[2026-09-21T23:28:51.583+0000][43.024s][info][gc,heap        ] GC(16) ParOldGen: 1388096K(2796544K)->1706466K(2796544K)
[2026-09-21T23:28:51.583+0000][43.024s][info][gc,metaspace   ] GC(16) Metaspace: 154754K(156224K)->154754K(156224K) NonClass: 129700K(130560K)->129700K(130560K) Class: 25054K(25664K)->25054K(25664K)
[2026-09-21T23:28:51.583+0000][43.025s][info][gc             ] GC(16) Pause Young (GCLocker Initiated GC) 4070M->2059M(5549M) 224.239ms
[2026-09-21T23:28:51.583+0000][43.025s][info][gc,cpu         ] GC(16) User=0.68s Sys=0.10s Real=0.23s
[2026-09-21T23:28:55.498+0000][46.940s][info][gc,start       ] GC(17) Pause Young (Allocation Failure)
[2026-09-21T23:28:55.725+0000][47.167s][info][gc,heap        ] GC(17) PSYoungGen: 2766286K(2886144K)->380002K(2743808K) Eden: 2363392K(2363392K)->0K(2363392K) From: 402894K(522752K)->380002K(380416K)
[2026-09-21T23:28:55.725+0000][47.167s][info][gc,heap        ] GC(17) ParOldGen: 1706473K(2796544K)->2123367K(2796544K)
[2026-09-21T23:28:55.725+0000][47.167s][info][gc,metaspace   ] GC(17) Metaspace: 154815K(156288K)->154815K(156288K) NonClass: 129757K(130624K)->129757K(130624K) Class: 25058K(25664K)->25058K(25664K)
[2026-09-21T23:28:55.725+0000][47.167s][info][gc             ] GC(17) Pause Young (Allocation Failure) 4367M->2444M(5410M) 226.975ms
[2026-09-21T23:28:55.725+0000][47.167s][info][gc,cpu         ] GC(17) User=0.80s Sys=0.11s Real=0.23s
[2026-09-21T23:28:58.707+0000][50.149s][info][gc,start       ] GC(18) Pause Young (CodeCache GC Threshold)
[2026-09-21T23:28:58.881+0000][50.322s][info][gc,heap        ] GC(18) PSYoungGen: 1388852K(2743808K)->195707K(2932736K) Eden: 1008849K(2363392K)->0K(2341888K) From: 380002K(380416K)->195707K(590848K)
[2026-09-21T23:28:58.881+0000][50.322s][info][gc,heap        ] GC(18) ParOldGen: 2123367K(2796544K)->2517657K(2796544K)
[2026-09-21T23:28:58.881+0000][50.322s][info][gc,metaspace   ] GC(18) Metaspace: 160831K(162368K)->160831K(162368K) NonClass: 134794K(135680K)->134794K(135680K) Class: 26036K(26688K)->26036K(26688K)
[2026-09-21T23:28:58.881+0000][50.322s][info][gc             ] GC(18) Pause Young (CodeCache GC Threshold) 3429M->2649M(5595M) 173.677ms
[2026-09-21T23:28:58.881+0000][50.322s][info][gc,cpu         ] GC(18) User=0.54s Sys=0.13s Real=0.17s
[2026-09-21T23:28:58.881+0000][50.322s][info][gc,start       ] GC(19) Pause Full (CodeCache GC Threshold)
[2026-09-21T23:28:58.881+0000][50.322s][info][gc,phases,start] GC(19) Marking Phase
[2026-09-21T23:28:59.269+0000][50.711s][info][gc,phases      ] GC(19) Marking Phase 388.590ms
[2026-09-21T23:28:59.269+0000][50.711s][info][gc,phases,start] GC(19) Summary Phase
[2026-09-21T23:28:59.270+0000][50.711s][info][gc,phases      ] GC(19) Summary Phase 0.118ms
[2026-09-21T23:28:59.270+0000][50.711s][info][gc,phases,start] GC(19) Adjust Roots
[2026-09-21T23:28:59.289+0000][50.730s][info][gc,phases      ] GC(19) Adjust Roots 19.048ms
[2026-09-21T23:28:59.289+0000][50.730s][info][gc,phases,start] GC(19) Compaction Phase
[2026-09-21T23:28:59.701+0000][51.143s][info][gc,phases      ] GC(19) Compaction Phase 412.835ms
[2026-09-21T23:28:59.702+0000][51.143s][info][gc,phases,start] GC(19) Post Compact
[2026-09-21T23:28:59.717+0000][51.158s][info][gc,phases      ] GC(19) Post Compact 15.071ms
[2026-09-21T23:28:59.717+0000][51.158s][info][gc,heap        ] GC(19) PSYoungGen: 195707K(2932736K)->0K(2932736K) Eden: 0K(2341888K)->0K(2341888K) From: 195707K(590848K)->0K(590848K)
[2026-09-21T23:28:59.717+0000][51.158s][info][gc,heap        ] GC(19) ParOldGen: 2517657K(2796544K)->1406146K(2796544K)
[2026-09-21T23:28:59.717+0000][51.158s][info][gc,metaspace   ] GC(19) Metaspace: 160831K(162368K)->160774K(162368K) NonClass: 134794K(135680K)->134752K(135680K) Class: 26036K(26688K)->26021K(26688K)
[2026-09-21T23:28:59.717+0000][51.158s][info][gc             ] GC(19) Pause Full (CodeCache GC Threshold) 2649M->1373M(5595M) 835.858ms
[2026-09-21T23:28:59.717+0000][51.158s][info][gc,cpu         ] GC(19) User=3.00s Sys=0.04s Real=0.84s
[2026-09-21T23:29:10.137+0000][61.579s][info][gc,start       ] GC(20) Pause Young (Allocation Failure)
[2026-09-21T23:29:10.267+0000][61.709s][info][gc,heap        ] GC(20) PSYoungGen: 2341888K(2932736K)->327005K(2904064K) Eden: 2341888K(2341888K)->0K(2341888K) From: 0K(590848K)->327005K(562176K)
[2026-09-21T23:29:10.267+0000][61.709s][info][gc,heap        ] GC(20) ParOldGen: 1406146K(2796544K)->1406154K(2796544K)
[2026-09-21T23:29:10.267+0000][61.709s][info][gc,metaspace   ] GC(20) Metaspace: 164338K(166016K)->164338K(166016K) NonClass: 138024K(139008K)->138024K(139008K) Class: 26313K(27008K)->26313K(27008K)
[2026-09-21T23:29:10.267+0000][61.709s][info][gc             ] GC(20) Pause Young (Allocation Failure) 3660M->1692M(5567M) 129.478ms
[2026-09-21T23:29:10.267+0000][61.709s][info][gc,cpu         ] GC(20) User=0.52s Sys=0.00s Real=0.13s
[2026-09-21T23:29:10.933+0000][62.375s][info][gc,start       ] GC(21) Pause Young (CodeCache GC Threshold)
[2026-09-21T23:29:11.059+0000][62.501s][info][gc,heap        ] GC(21) PSYoungGen: 594514K(2904064K)->40528K(2904064K) Eden: 267509K(2341888K)->0K(2339840K) From: 327005K(562176K)->40528K(564224K)
[2026-09-21T23:29:11.059+0000][62.501s][info][gc,heap        ] GC(21) ParOldGen: 1406154K(2796544K)->1727804K(2796544K)
[2026-09-21T23:29:11.059+0000][62.501s][info][gc,metaspace   ] GC(21) Metaspace: 164405K(166080K)->164405K(166080K) NonClass: 138078K(139072K)->138078K(139072K) Class: 26326K(27008K)->26326K(27008K)
[2026-09-21T23:29:11.059+0000][62.501s][info][gc             ] GC(21) Pause Young (CodeCache GC Threshold) 1953M->1726M(5567M) 125.860ms
[2026-09-21T23:29:11.059+0000][62.501s][info][gc,cpu         ] GC(21) User=0.49s Sys=0.00s Real=0.12s
[2026-09-21T23:29:11.059+0000][62.501s][info][gc,start       ] GC(22) Pause Full (CodeCache GC Threshold)
[2026-09-21T23:29:11.059+0000][62.501s][info][gc,phases,start] GC(22) Marking Phase
[2026-09-21T23:29:11.564+0000][63.006s][info][gc,phases      ] GC(22) Marking Phase 505.130ms
[2026-09-21T23:29:11.564+0000][63.006s][info][gc,phases,start] GC(22) Summary Phase
[2026-09-21T23:29:11.564+0000][63.006s][info][gc,phases      ] GC(22) Summary Phase 0.037ms
[2026-09-21T23:29:11.564+0000][63.006s][info][gc,phases,start] GC(22) Adjust Roots
[2026-09-21T23:29:11.589+0000][63.031s][info][gc,phases      ] GC(22) Adjust Roots 24.691ms
[2026-09-21T23:29:11.589+0000][63.031s][info][gc,phases,start] GC(22) Compaction Phase
[2026-09-21T23:29:12.292+0000][63.734s][info][gc,phases      ] GC(22) Compaction Phase 703.034ms
[2026-09-21T23:29:12.292+0000][63.734s][info][gc,phases,start] GC(22) Post Compact
[2026-09-21T23:29:12.300+0000][63.742s][info][gc,phases      ] GC(22) Post Compact 8.188ms
[2026-09-21T23:29:12.301+0000][63.742s][info][gc,heap        ] GC(22) PSYoungGen: 40528K(2904064K)->0K(2904064K) Eden: 0K(2339840K)->0K(2339840K) From: 40528K(564224K)->0K(564224K)
[2026-09-21T23:29:12.301+0000][63.742s][info][gc,heap        ] GC(22) ParOldGen: 1727804K(2796544K)->1749756K(2796544K)
[2026-09-21T23:29:12.301+0000][63.742s][info][gc,metaspace   ] GC(22) Metaspace: 164405K(166080K)->164363K(166080K) NonClass: 138078K(139072K)->138047K(139072K) Class: 26326K(27008K)->26316K(27008K)
[2026-09-21T23:29:12.301+0000][63.742s][info][gc             ] GC(22) Pause Full (CodeCache GC Threshold) 1726M->1708M(5567M) 1241.271ms
[2026-09-21T23:29:12.301+0000][63.742s][info][gc,cpu         ] GC(22) User=4.63s Sys=0.03s Real=1.24s
[2026-09-21T23:29:17.144+0000][68.586s][info][gc,start       ] GC(23) Pause Young (Allocation Failure)
[2026-09-21T23:29:17.234+0000][68.676s][info][gc,heap        ] GC(23) PSYoungGen: 2339840K(2904064K)->203634K(2543616K) Eden: 2339840K(2339840K)->0K(2339840K) From: 0K(564224K)->203634K(203776K)
[2026-09-21T23:29:17.234+0000][68.676s][info][gc,heap        ] GC(23) ParOldGen: 1749756K(2796544K)->1749764K(2796544K)
[2026-09-21T23:29:17.234+0000][68.676s][info][gc,metaspace   ] GC(23) Metaspace: 164403K(166080K)->164403K(166080K) NonClass: 138078K(139072K)->138078K(139072K) Class: 26324K(27008K)->26324K(27008K)
[2026-09-21T23:29:17.234+0000][68.676s][info][gc             ] GC(23) Pause Young (Allocation Failure) 3993M->1907M(5215M) 90.406ms
[2026-09-21T23:29:17.234+0000][68.676s][info][gc,cpu         ] GC(23) User=0.36s Sys=0.00s Real=0.09s
[2026-09-21T23:29:20.826+0000][72.268s][info][gc,start       ] GC(24) Pause Young (Allocation Failure)
[2026-09-21T23:29:20.973+0000][72.414s][info][gc,heap        ] GC(24) PSYoungGen: 2543474K(2543616K)->170322K(2921984K) Eden: 2339840K(2339840K)->0K(2387456K) From: 203634K(203776K)->170322K(534528K)
[2026-09-21T23:29:20.973+0000][72.414s][info][gc,heap        ] GC(24) ParOldGen: 1749764K(2796544K)->1937536K(2796544K)
[2026-09-21T23:29:20.973+0000][72.414s][info][gc,metaspace   ] GC(24) Metaspace: 164422K(166080K)->164422K(166080K) NonClass: 138087K(139072K)->138087K(139072K) Class: 26334K(27008K)->26334K(27008K)
[2026-09-21T23:29:20.973+0000][72.414s][info][gc             ] GC(24) Pause Young (Allocation Failure) 4192M->2058M(5584M) 146.716ms
[2026-09-21T23:29:20.973+0000][72.414s][info][gc,cpu         ] GC(24) User=0.57s Sys=0.00s Real=0.15s
[2026-09-21T23:29:24.237+0000][75.679s][info][gc,start       ] GC(25) Pause Young (Allocation Failure)
[2026-09-21T23:29:24.371+0000][75.813s][info][gc,heap        ] GC(25) PSYoungGen: 2557778K(2921984K)->166130K(2898944K) Eden: 2387456K(2387456K)->0K(2387456K) From: 170322K(534528K)->166130K(511488K)
[2026-09-21T23:29:24.371+0000][75.813s][info][gc,heap        ] GC(25) ParOldGen: 1937536K(2796544K)->2088378K(2796544K)
[2026-09-21T23:29:24.371+0000][75.813s][info][gc,metaspace   ] GC(25) Metaspace: 164657K(166336K)->164657K(166336K) NonClass: 138274K(139264K)->138274K(139264K) Class: 26383K(27072K)->26383K(27072K)
[2026-09-21T23:29:24.371+0000][75.813s][info][gc             ] GC(25) Pause Young (Allocation Failure) 4389M->2201M(5562M) 133.626ms
[2026-09-21T23:29:24.371+0000][75.813s][info][gc,cpu         ] GC(25) User=0.53s Sys=0.00s Real=0.13s
[2026-09-21T23:29:27.524+0000][78.966s][info][gc,start       ] GC(26) Pause Young (Allocation Failure)
[2026-09-21T23:29:27.653+0000][79.095s][info][gc,heap        ] GC(26) PSYoungGen: 2553586K(2898944K)->153090K(2957312K) Eden: 2387456K(2387456K)->0K(2467328K) From: 166130K(511488K)->153090K(489984K)
[2026-09-21T23:29:27.653+0000][79.095s][info][gc,heap        ] GC(26) ParOldGen: 2088378K(2796544K)->2233311K(2796544K)
[2026-09-21T23:29:27.653+0000][79.095s][info][gc,metaspace   ] GC(26) Metaspace: 164982K(166656K)->164982K(166656K) NonClass: 138563K(139520K)->138563K(139520K) Class: 26418K(27136K)->26418K(27136K)
[2026-09-21T23:29:27.653+0000][79.095s][info][gc             ] GC(26) Pause Young (Allocation Failure) 4533M->2330M(5619M) 129.063ms
[2026-09-21T23:29:27.653+0000][79.095s][info][gc,cpu         ] GC(26) User=0.51s Sys=0.00s Real=0.13s
[2026-09-21T23:29:30.775+0000][82.217s][info][gc,start       ] GC(27) Pause Young (Allocation Failure)
[2026-09-21T23:29:30.915+0000][82.356s][info][gc,heap        ] GC(27) PSYoungGen: 2620418K(2957312K)->143874K(2938880K) Eden: 2467328K(2467328K)->0K(2467328K) From: 153090K(489984K)->143874K(471552K)
[2026-09-21T23:29:30.915+0000][82.356s][info][gc,heap        ] GC(27) ParOldGen: 2233311K(2796544K)->2361127K(2796544K)
[2026-09-21T23:29:30.915+0000][82.356s][info][gc,metaspace   ] GC(27) Metaspace: 165130K(166784K)->165130K(166784K) NonClass: 138701K(139648K)->138701K(139648K) Class: 26429K(27136K)->26429K(27136K)
[2026-09-21T23:29:30.915+0000][82.357s][info][gc             ] GC(27) Pause Young (Allocation Failure) 4739M->2446M(5601M) 139.359ms
[2026-09-21T23:29:30.915+0000][82.357s][info][gc,cpu         ] GC(27) User=0.55s Sys=0.00s Real=0.14s
[2026-09-21T23:29:33.965+0000][85.406s][info][gc,start       ] GC(28) Pause Young (Allocation Failure)
[2026-09-21T23:29:34.103+0000][85.545s][info][gc,heap        ] GC(28) PSYoungGen: 2611202K(2938880K)->142482K(3004928K) Eden: 2467328K(2467328K)->0K(2549760K) From: 143874K(471552K)->142482K(455168K)
[2026-09-21T23:29:34.103+0000][85.545s][info][gc,heap        ] GC(28) ParOldGen: 2361127K(2796544K)->2478181K(2796544K)
[2026-09-21T23:29:34.103+0000][85.545s][info][gc,metaspace   ] GC(28) Metaspace: 165251K(166912K)->165251K(166912K) NonClass: 138820K(139776K)->138820K(139776K) Class: 26431K(27136K)->26431K(27136K)
[2026-09-21T23:29:34.103+0000][85.545s][info][gc             ] GC(28) Pause Young (Allocation Failure) 4855M->2559M(5665M) 138.621ms
[2026-09-21T23:29:34.103+0000][85.545s][info][gc,cpu         ] GC(28) User=0.54s Sys=0.00s Real=0.14s
[2026-09-21T23:29:37.188+0000][88.630s][info][gc,start       ] GC(29) Pause Young (Allocation Failure)
[2026-09-21T23:29:37.335+0000][88.776s][info][gc,heap        ] GC(29) PSYoungGen: 2692242K(3004928K)->137266K(2988544K) Eden: 2549760K(2549760K)->0K(2549760K) From: 142482K(455168K)->137266K(438784K)
[2026-09-21T23:29:37.335+0000][88.776s][info][gc,heap        ] GC(29) ParOldGen: 2478181K(2796544K)->2592037K(2796544K)
[2026-09-21T23:29:37.335+0000][88.776s][info][gc,metaspace   ] GC(29) Metaspace: 165285K(166976K)->165285K(166976K) NonClass: 138853K(139840K)->138853K(139840K) Class: 26431K(27136K)->26431K(27136K)
[2026-09-21T23:29:37.335+0000][88.776s][info][gc             ] GC(29) Pause Young (Allocation Failure) 5049M->2665M(5649M) 146.597ms
[2026-09-21T23:29:37.335+0000][88.776s][info][gc,cpu         ] GC(29) User=0.56s Sys=0.03s Real=0.15s
[2026-09-21T23:29:40.206+0000][91.647s][info][gc,start       ] GC(30) Pause Young (Allocation Failure)
[2026-09-21T23:29:40.355+0000][91.796s][info][gc,heap        ] GC(30) PSYoungGen: 2687026K(2988544K)->124434K(3038208K) Eden: 2549760K(2549760K)->0K(2614272K) From: 137266K(438784K)->124434K(423936K)
[2026-09-21T23:29:40.355+0000][91.796s][info][gc,heap        ] GC(30) ParOldGen: 2592037K(2796544K)->2699567K(2796544K)
[2026-09-21T23:29:40.355+0000][91.796s][info][gc,metaspace   ] GC(30) Metaspace: 165389K(167040K)->165389K(167040K) NonClass: 138957K(139904K)->138957K(139904K) Class: 26431K(27136K)->26431K(27136K)
[2026-09-21T23:29:40.355+0000][91.796s][info][gc             ] GC(30) Pause Young (Allocation Failure) 5155M->2757M(5698M) 148.820ms
[2026-09-21T23:29:40.355+0000][91.796s][info][gc,cpu         ] GC(30) User=0.54s Sys=0.04s Real=0.15s
[2026-09-21T23:29:43.197+0000][94.639s][info][gc,start       ] GC(31) Pause Young (Allocation Failure)
[2026-09-21T23:29:43.357+0000][94.799s][info][gc,heap        ] GC(31) PSYoungGen: 2738706K(3038208K)->131586K(3024896K) Eden: 2614272K(2614272K)->0K(2614272K) From: 124434K(423936K)->131586K(410624K)
[2026-09-21T23:29:43.357+0000][94.799s][info][gc,heap        ] GC(31) ParOldGen: 2699567K(2796544K)->2791603K(2796544K)
[2026-09-21T23:29:43.357+0000][94.799s][info][gc,metaspace   ] GC(31) Metaspace: 165417K(167104K)->165417K(167104K) NonClass: 138984K(139968K)->138984K(139968K) Class: 26432K(27136K)->26432K(27136K)
[2026-09-21T23:29:43.357+0000][94.799s][info][gc             ] GC(31) Pause Young (Allocation Failure) 5310M->2854M(5685M) 160.666ms
[2026-09-21T23:29:43.358+0000][94.799s][info][gc,cpu         ] GC(31) User=0.58s Sys=0.04s Real=0.16s
[2026-09-21T23:29:46.397+0000][97.838s][info][gc,start       ] GC(32) Pause Young (Allocation Failure)
[2026-09-21T23:29:46.583+0000][98.024s][info][gc,heap        ] GC(32) PSYoungGen: 2745858K(3024896K)->131218K(3069440K) Eden: 2614272K(2614272K)->0K(2675200K) From: 131586K(410624K)->131218K(394240K)
[2026-09-21T23:29:46.583+0000][98.024s][info][gc,heap        ] GC(32) ParOldGen: 2791603K(2796544K)->2888674K(2888704K)
[2026-09-21T23:29:46.583+0000][98.024s][info][gc,metaspace   ] GC(32) Metaspace: 165580K(167232K)->165580K(167232K) NonClass: 139136K(140096K)->139136K(140096K) Class: 26444K(27136K)->26444K(27136K)
[2026-09-21T23:29:46.583+0000][98.024s][info][gc             ] GC(32) Pause Young (Allocation Failure) 5407M->2949M(5818M) 186.228ms
[2026-09-21T23:29:46.583+0000][98.024s][info][gc,cpu         ] GC(32) User=0.61s Sys=0.10s Real=0.19s
[2026-09-21T23:29:49.586+0000][101.028s][info][gc,start       ] GC(33) Pause Young (Allocation Failure)
[2026-09-21T23:29:49.763+0000][101.205s][info][gc,heap        ] GC(33) PSYoungGen: 2806418K(3069440K)->135202K(3056640K) Eden: 2675200K(2675200K)->0K(2675200K) From: 131218K(394240K)->135202K(381440K)
[2026-09-21T23:29:49.763+0000][101.205s][info][gc,heap        ] GC(33) ParOldGen: 2888674K(2888704K)->2983703K(2983936K)
[2026-09-21T23:29:49.763+0000][101.205s][info][gc,metaspace   ] GC(33) Metaspace: 165626K(167296K)->165626K(167296K) NonClass: 139178K(140160K)->139178K(140160K) Class: 26448K(27136K)->26448K(27136K)
[2026-09-21T23:29:49.763+0000][101.205s][info][gc             ] GC(33) Pause Young (Allocation Failure) 5561M->3045M(5899M) 176.528ms
[2026-09-21T23:29:49.763+0000][101.205s][info][gc,cpu         ] GC(33) User=0.62s Sys=0.06s Real=0.18s
[2026-09-21T23:29:52.549+0000][103.991s][info][gc,start       ] GC(34) Pause Young (CodeCache GC Threshold)
[2026-09-21T23:29:52.733+0000][104.175s][info][gc,heap        ] GC(34) PSYoungGen: 2680412K(3056640K)->117458K(3063296K) Eden: 2545209K(2675200K)->0K(2719232K) From: 135202K(381440K)->117458K(344064K)
[2026-09-21T23:29:52.733+0000][104.175s][info][gc,heap        ] GC(34) ParOldGen: 2983703K(2983936K)->3081304K(3081728K)
[2026-09-21T23:29:52.733+0000][104.175s][info][gc,metaspace   ] GC(34) Metaspace: 165689K(167296K)->165689K(167296K) NonClass: 139233K(140160K)->139233K(140160K) Class: 26456K(27136K)->26456K(27136K)
[2026-09-21T23:29:52.733+0000][104.175s][info][gc             ] GC(34) Pause Young (CodeCache GC Threshold) 5531M->3123M(6001M) 184.410ms
[2026-09-21T23:29:52.733+0000][104.175s][info][gc,cpu         ] GC(34) User=0.60s Sys=0.10s Real=0.19s
[2026-09-21T23:29:52.733+0000][104.175s][info][gc,start       ] GC(35) Pause Full (CodeCache GC Threshold)
[2026-09-21T23:29:52.733+0000][104.175s][info][gc,phases,start] GC(35) Marking Phase
[2026-09-21T23:29:53.706+0000][105.148s][info][gc,phases      ] GC(35) Marking Phase 972.867ms
[2026-09-21T23:29:53.706+0000][105.148s][info][gc,phases,start] GC(35) Summary Phase
[2026-09-21T23:29:53.706+0000][105.148s][info][gc,phases      ] GC(35) Summary Phase 0.029ms
[2026-09-21T23:29:53.706+0000][105.148s][info][gc,phases,start] GC(35) Adjust Roots
[2026-09-21T23:29:53.734+0000][105.176s][info][gc,phases      ] GC(35) Adjust Roots 27.715ms
[2026-09-21T23:29:53.734+0000][105.176s][info][gc,phases,start] GC(35) Compaction Phase
[2026-09-21T23:29:55.564+0000][107.005s][info][gc,phases      ] GC(35) Compaction Phase 1829.488ms
[2026-09-21T23:29:55.564+0000][107.005s][info][gc,phases,start] GC(35) Post Compact
[2026-09-21T23:29:55.572+0000][107.013s][info][gc,phases      ] GC(35) Post Compact 8.126ms
[2026-09-21T23:29:55.572+0000][107.013s][info][gc,heap        ] GC(35) PSYoungGen: 117458K(3063296K)->19404K(3063296K) Eden: 0K(2719232K)->0K(2719232K) From: 117458K(344064K)->19404K(344064K)
[2026-09-21T23:29:55.572+0000][107.013s][info][gc,heap        ] GC(35) ParOldGen: 3081304K(3081728K)->3081497K(3081728K)
[2026-09-21T23:29:55.572+0000][107.013s][info][gc,metaspace   ] GC(35) Metaspace: 165689K(167296K)->165689K(167296K) NonClass: 139233K(140160K)->139233K(140160K) Class: 26456K(27136K)->26456K(27136K)
[2026-09-21T23:29:55.572+0000][107.013s][info][gc             ] GC(35) Pause Full (CodeCache GC Threshold) 3123M->3028M(6001M) 2838.423ms
[2026-09-21T23:29:55.572+0000][107.013s][info][gc,cpu         ] GC(35) User=10.86s Sys=0.07s Real=2.84s
[2026-09-21T23:29:58.705+0000][110.147s][info][gc,start       ] GC(36) Pause Young (Allocation Failure)
[2026-09-21T23:29:59.032+0000][110.474s][info][gc,heap        ] GC(36) PSYoungGen: 2738636K(3063296K)->90258K(3074560K) Eden: 2719232K(2719232K)->0K(2719232K) From: 19404K(344064K)->90258K(355328K)
[2026-09-21T23:29:59.032+0000][110.474s][info][gc,heap        ] GC(36) ParOldGen: 3081497K(3081728K)->3088448K(3088896K)
[2026-09-21T23:29:59.032+0000][110.474s][info][gc,metaspace   ] GC(36) Metaspace: 165760K(167488K)->165760K(167488K) NonClass: 139293K(140288K)->139293K(140288K) Class: 26467K(27200K)->26467K(27200K)
[2026-09-21T23:29:59.032+0000][110.474s][info][gc             ] GC(36) Pause Young (Allocation Failure) 5683M->3104M(6019M) 327.003ms
[2026-09-21T23:29:59.032+0000][110.474s][info][gc,cpu         ] GC(36) User=1.24s Sys=0.03s Real=0.33s
[2026-09-21T23:30:02.197+0000][113.638s][info][gc,start       ] GC(37) Pause Young (Allocation Failure)
[2026-09-21T23:30:02.332+0000][113.774s][info][gc,heap        ] GC(37) PSYoungGen: 2809490K(3074560K)->62322K(3127808K) Eden: 2719232K(2719232K)->0K(2790912K) From: 90258K(355328K)->62322K(336896K)
[2026-09-21T23:30:02.332+0000][113.774s][info][gc,heap        ] GC(37) ParOldGen: 3088448K(3088896K)->3138250K(3138560K)
[2026-09-21T23:30:02.332+0000][113.774s][info][gc,metaspace   ] GC(37) Metaspace: 165811K(167552K)->165811K(167552K) NonClass: 139343K(140352K)->139343K(140352K) Class: 26467K(27200K)->26467K(27200K)
[2026-09-21T23:30:02.332+0000][113.774s][info][gc             ] GC(37) Pause Young (Allocation Failure) 5759M->3125M(6119M) 135.406ms
[2026-09-21T23:30:02.332+0000][113.774s][info][gc,cpu         ] GC(37) User=0.50s Sys=0.02s Real=0.14s
[2026-09-21T23:30:05.405+0000][116.846s][info][gc,start       ] GC(38) Pause Young (Allocation Failure)
[2026-09-21T23:30:05.532+0000][116.974s][info][gc,heap        ] GC(38) PSYoungGen: 2853234K(3127808K)->65058K(3136000K) Eden: 2790912K(2790912K)->0K(2790912K) From: 62322K(336896K)->65058K(345088K)
[2026-09-21T23:30:05.532+0000][116.974s][info][gc,heap        ] GC(38) ParOldGen: 3138250K(3138560K)->3161267K(3161600K)
[2026-09-21T23:30:05.532+0000][116.974s][info][gc,metaspace   ] GC(38) Metaspace: 165832K(167552K)->165832K(167552K) NonClass: 139364K(140352K)->139364K(140352K) Class: 26467K(27200K)->26467K(27200K)
[2026-09-21T23:30:05.532+0000][116.974s][info][gc             ] GC(38) Pause Young (Allocation Failure) 5851M->3150M(6150M) 127.229ms
[2026-09-21T23:30:05.532+0000][116.974s][info][gc,cpu         ] GC(38) User=0.46s Sys=0.03s Real=0.13s
[2026-09-21T23:30:08.703+0000][120.145s][info][gc,start       ] GC(39) Pause Young (Allocation Failure)
[2026-09-21T23:30:08.820+0000][120.261s][info][gc,heap        ] GC(39) PSYoungGen: 2855970K(3136000K)->58257K(3134464K) Eden: 2790912K(2790912K)->0K(2810880K) From: 65058K(345088K)->58257K(323584K)
[2026-09-21T23:30:08.820+0000][120.261s][info][gc,heap        ] GC(39) ParOldGen: 3161267K(3161600K)->3185129K(3185152K)
[2026-09-21T23:30:08.820+0000][120.261s][info][gc,metaspace   ] GC(39) Metaspace: 165895K(167616K)->165895K(167616K) NonClass: 139416K(140416K)->139416K(140416K) Class: 26478K(27200K)->26478K(27200K)
[2026-09-21T23:30:08.820+0000][120.261s][info][gc             ] GC(39) Pause Young (Allocation Failure) 5876M->3167M(6171M) 116.784ms
[2026-09-21T23:30:08.820+0000][120.261s][info][gc,cpu         ] GC(39) User=0.44s Sys=0.02s Real=0.11s
[2026-09-21T23:30:11.918+0000][123.360s][info][gc,start       ] GC(40) Pause Young (Allocation Failure)
[2026-09-21T23:30:12.034+0000][123.476s][info][gc,heap        ] GC(40) PSYoungGen: 2869137K(3134464K)->58609K(3143168K) Eden: 2810880K(2810880K)->0K(2810880K) From: 58257K(323584K)->58609K(332288K)
[2026-09-21T23:30:12.034+0000][123.476s][info][gc,heap        ] GC(40) ParOldGen: 3185129K(3185152K)->3203644K(3204096K)
[2026-09-21T23:30:12.034+0000][123.476s][info][gc,metaspace   ] GC(40) Metaspace: 165925K(167680K)->165925K(167680K) NonClass: 139447K(140480K)->139447K(140480K) Class: 26478K(27200K)->26478K(27200K)
[2026-09-21T23:30:12.034+0000][123.476s][info][gc             ] GC(40) Pause Young (Allocation Failure) 5912M->3185M(6198M) 115.627ms
[2026-09-21T23:30:12.034+0000][123.476s][info][gc,cpu         ] GC(40) User=0.45s Sys=0.02s Real=0.12s
[2026-09-21T23:30:15.291+0000][126.733s][info][gc,start       ] GC(41) Pause Young (Allocation Failure)
[2026-09-21T23:30:15.412+0000][126.853s][info][gc,heap        ] GC(41) PSYoungGen: 2869489K(3143168K)->59314K(3142144K) Eden: 2810880K(2810880K)->0K(2838016K) From: 58609K(332288K)->59314K(304128K)
[2026-09-21T23:30:15.412+0000][126.854s][info][gc,heap        ] GC(41) ParOldGen: 3203644K(3204096K)->3222964K(3223040K)
[2026-09-21T23:30:15.412+0000][126.854s][info][gc,metaspace   ] GC(41) Metaspace: 165950K(167680K)->165950K(167680K) NonClass: 139472K(140480K)->139472K(140480K) Class: 26478K(27200K)->26478K(27200K)
[2026-09-21T23:30:15.412+0000][126.854s][info][gc             ] GC(41) Pause Young (Allocation Failure) 5930M->3205M(6216M) 120.412ms
[2026-09-21T23:30:15.412+0000][126.854s][info][gc,cpu         ] GC(41) User=0.46s Sys=0.01s Real=0.12s
[2026-09-21T23:30:18.577+0000][130.018s][info][gc,start       ] GC(42) Pause Young (Allocation Failure)
[2026-09-21T23:30:18.694+0000][130.136s][info][gc,heap        ] GC(42) PSYoungGen: 2897330K(3142144K)->58449K(3152896K) Eden: 2838016K(2838016K)->0K(2838016K) From: 59314K(304128K)->58449K(314880K)
[2026-09-21T23:30:18.694+0000][130.136s][info][gc,heap        ] GC(42) ParOldGen: 3222964K(3223040K)->3243417K(3243520K)
[2026-09-21T23:30:18.694+0000][130.136s][info][gc,metaspace   ] GC(42) Metaspace: 166023K(167744K)->166023K(167744K) NonClass: 139545K(140544K)->139545K(140544K) Class: 26478K(27200K)->26478K(27200K)
[2026-09-21T23:30:18.694+0000][130.136s][info][gc             ] GC(42) Pause Young (Allocation Failure) 5976M->3224M(6246M) 117.739ms
[2026-09-21T23:30:18.694+0000][130.136s][info][gc,cpu         ] GC(42) User=0.45s Sys=0.02s Real=0.12s
[2026-09-21T23:30:21.866+0000][133.308s][info][gc,start       ] GC(43) Pause Young (Allocation Failure)
[2026-09-21T23:30:21.981+0000][133.423s][info][gc,heap        ] GC(43) PSYoungGen: 2896465K(3152896K)->56289K(3158528K) Eden: 2838016K(2838016K)->0K(2874880K) From: 58449K(314880K)->56289K(283648K)
[2026-09-21T23:30:21.981+0000][133.423s][info][gc,heap        ] GC(43) ParOldGen: 3243417K(3243520K)->3263055K(3263488K)
[2026-09-21T23:30:21.981+0000][133.423s][info][gc,metaspace   ] GC(43) Metaspace: 166052K(167744K)->166052K(167744K) NonClass: 139574K(140544K)->139574K(140544K) Class: 26478K(27200K)->26478K(27200K)
[2026-09-21T23:30:21.981+0000][133.423s][info][gc             ] GC(43) Pause Young (Allocation Failure) 5995M->3241M(6271M) 115.006ms
[2026-09-21T23:30:21.981+0000][133.423s][info][gc,cpu         ] GC(43) User=0.45s Sys=0.00s Real=0.12s
[2026-09-21T23:30:25.182+0000][136.623s][info][gc,start       ] GC(44) Pause Young (Allocation Failure)
[2026-09-21T23:30:25.300+0000][136.742s][info][gc,heap        ] GC(44) PSYoungGen: 2931169K(3158528K)->59202K(3169792K) Eden: 2874880K(2874880K)->0K(2874880K) From: 56289K(283648K)->59202K(294912K)
[2026-09-21T23:30:25.300+0000][136.742s][info][gc,heap        ] GC(44) ParOldGen: 3263055K(3263488K)->3280850K(3280896K)
[2026-09-21T23:30:25.300+0000][136.742s][info][gc,metaspace   ] GC(44) Metaspace: 166083K(167808K)->166083K(167808K) NonClass: 139604K(140608K)->139604K(140608K) Class: 26479K(27200K)->26479K(27200K)
[2026-09-21T23:30:25.300+0000][136.742s][info][gc             ] GC(44) Pause Young (Allocation Failure) 6049M->3261M(6299M) 118.408ms
[2026-09-21T23:30:25.300+0000][136.742s][info][gc,cpu         ] GC(44) User=0.45s Sys=0.01s Real=0.11s
[2026-09-21T23:30:28.463+0000][139.905s][info][gc,start       ] GC(45) Pause Young (Allocation Failure)
[2026-09-21T23:30:28.582+0000][140.024s][info][gc,heap        ] GC(45) PSYoungGen: 2934082K(3169792K)->57601K(3178496K) Eden: 2874880K(2874880K)->0K(2916352K) From: 59202K(294912K)->57601K(262144K)
[2026-09-21T23:30:28.582+0000][140.024s][info][gc,heap        ] GC(45) ParOldGen: 3280850K(3280896K)->3301354K(3301376K)
[2026-09-21T23:30:28.582+0000][140.024s][info][gc,metaspace   ] GC(45) Metaspace: 166101K(167808K)->166101K(167808K) NonClass: 139621K(140608K)->139621K(140608K) Class: 26479K(27200K)->26479K(27200K)
[2026-09-21T23:30:28.582+0000][140.024s][info][gc             ] GC(45) Pause Young (Allocation Failure) 6069M->3280M(6328M) 118.675ms
[2026-09-21T23:30:28.582+0000][140.024s][info][gc,cpu         ] GC(45) User=0.45s Sys=0.01s Real=0.12s
[2026-09-21T23:30:31.797+0000][143.238s][info][gc,start       ] GC(46) Pause Young (Allocation Failure)
[2026-09-21T23:30:31.912+0000][143.353s][info][gc,heap        ] GC(46) PSYoungGen: 2973953K(3178496K)->55585K(3189248K) Eden: 2916352K(2916352K)->0K(2916352K) From: 57601K(262144K)->55585K(272896K)
[2026-09-21T23:30:31.912+0000][143.353s][info][gc,heap        ] GC(46) ParOldGen: 3301354K(3301376K)->3320190K(3320320K)
[2026-09-21T23:30:31.912+0000][143.353s][info][gc,metaspace   ] GC(46) Metaspace: 166117K(167808K)->166117K(167808K) NonClass: 139637K(140608K)->139637K(140608K) Class: 26479K(27200K)->26479K(27200K)
[2026-09-21T23:30:31.912+0000][143.353s][info][gc             ] GC(46) Pause Young (Allocation Failure) 6128M->3296M(6357M) 115.081ms
[2026-09-21T23:30:31.912+0000][143.353s][info][gc,cpu         ] GC(46) User=0.45s Sys=0.01s Real=0.12s
[2026-09-21T23:30:35.128+0000][146.570s][info][gc,start       ] GC(47) Pause Young (Allocation Failure)
[2026-09-21T23:30:35.243+0000][146.685s][info][gc,heap        ] GC(47) PSYoungGen: 2971937K(3189248K)->58690K(3199488K) Eden: 2916352K(2916352K)->0K(2959872K) From: 55585K(272896K)->58690K(239616K)
[2026-09-21T23:30:35.243+0000][146.685s][info][gc,heap        ] GC(47) ParOldGen: 3320190K(3320320K)->3336799K(3337216K)
[2026-09-21T23:30:35.243+0000][146.685s][info][gc,metaspace   ] GC(47) Metaspace: 166152K(167872K)->166152K(167872K) NonClass: 139672K(140672K)->139672K(140672K) Class: 26480K(27200K)->26480K(27200K)
[2026-09-21T23:30:35.243+0000][146.685s][info][gc             ] GC(47) Pause Young (Allocation Failure) 6144M->3315M(6383M) 114.923ms
[2026-09-21T23:30:35.243+0000][146.685s][info][gc,cpu         ] GC(47) User=0.45s Sys=0.01s Real=0.12s
[2026-09-21T23:30:38.514+0000][149.956s][info][gc,start       ] GC(48) Pause Young (Allocation Failure)
[2026-09-21T23:30:38.629+0000][150.071s][info][gc,heap        ] GC(48) PSYoungGen: 3018562K(3199488K)->56529K(3210752K) Eden: 2959872K(2959872K)->0K(2959872K) From: 58690K(239616K)->56529K(250880K)
[2026-09-21T23:30:38.629+0000][150.071s][info][gc,heap        ] GC(48) ParOldGen: 3336799K(3337216K)->3356552K(3356672K)
[2026-09-21T23:30:38.629+0000][150.071s][info][gc,metaspace   ] GC(48) Metaspace: 166178K(167872K)->166178K(167872K) NonClass: 139694K(140672K)->139694K(140672K) Class: 26483K(27200K)->26483K(27200K)
[2026-09-21T23:30:38.629+0000][150.071s][info][gc             ] GC(48) Pause Young (Allocation Failure) 6206M->3333M(6413M) 115.325ms
[2026-09-21T23:30:38.629+0000][150.071s][info][gc,cpu         ] GC(48) User=0.45s Sys=0.01s Real=0.11s
[2026-09-21T23:30:41.900+0000][153.342s][info][gc,start       ] GC(49) Pause Young (Allocation Failure)
[2026-09-21T23:30:42.032+0000][153.473s][info][gc,heap        ] GC(49) PSYoungGen: 3016401K(3210752K)->54977K(3223040K) Eden: 2959872K(2959872K)->0K(3003904K) From: 56529K(250880K)->54977K(219136K)
[2026-09-21T23:30:42.032+0000][153.473s][info][gc,heap        ] GC(49) ParOldGen: 3356552K(3356672K)->3373695K(3374080K)
[2026-09-21T23:30:42.032+0000][153.473s][info][gc,metaspace   ] GC(49) Metaspace: 166186K(167872K)->166186K(167872K) NonClass: 139702K(140672K)->139702K(140672K) Class: 26484K(27200K)->26484K(27200K)
[2026-09-21T23:30:42.032+0000][153.473s][info][gc             ] GC(49) Pause Young (Allocation Failure) 6223M->3348M(6442M) 131.210ms
[2026-09-21T23:30:42.032+0000][153.473s][info][gc,cpu         ] GC(49) User=0.46s Sys=0.04s Real=0.14s
[2026-09-21T23:30:45.324+0000][156.766s][info][gc,start       ] GC(50) Pause Young (Allocation Failure)
[2026-09-21T23:30:45.441+0000][156.883s][info][gc,heap        ] GC(50) PSYoungGen: 3058881K(3223040K)->58529K(3233792K) Eden: 3003904K(3003904K)->0K(3003904K) From: 54977K(219136K)->58529K(229888K)
[2026-09-21T23:30:45.441+0000][156.883s][info][gc,heap        ] GC(50) ParOldGen: 3373695K(3374080K)->3391417K(3391488K)
[2026-09-21T23:30:45.441+0000][156.883s][info][gc,metaspace   ] GC(50) Metaspace: 166197K(167872K)->166197K(167872K) NonClass: 139712K(140672K)->139712K(140672K) Class: 26484K(27200K)->26484K(27200K)
[2026-09-21T23:30:45.441+0000][156.883s][info][gc             ] GC(50) Pause Young (Allocation Failure) 6281M->3369M(6470M) 117.034ms
[2026-09-21T23:30:45.441+0000][156.883s][info][gc,cpu         ] GC(50) User=0.44s Sys=0.02s Real=0.11s
[2026-09-21T23:30:48.663+0000][160.105s][info][gc,start       ] GC(51) Pause Young (Allocation Failure)
[2026-09-21T23:30:48.784+0000][160.225s][info][gc,heap        ] GC(51) PSYoungGen: 3062433K(3233792K)->56369K(3244032K) Eden: 3003904K(3003904K)->0K(3045376K) From: 58529K(229888K)->56369K(198656K)
[2026-09-21T23:30:48.784+0000][160.225s][info][gc,heap        ] GC(51) ParOldGen: 3391417K(3391488K)->3412272K(3412480K)
[2026-09-21T23:30:48.784+0000][160.225s][info][gc,metaspace   ] GC(51) Metaspace: 166216K(167936K)->166216K(167936K) NonClass: 139731K(140736K)->139731K(140736K) Class: 26485K(27200K)->26485K(27200K)
[2026-09-21T23:30:48.784+0000][160.225s][info][gc             ] GC(51) Pause Young (Allocation Failure) 6302M->3387M(6500M) 120.319ms
[2026-09-21T23:30:48.784+0000][160.225s][info][gc,cpu         ] GC(51) User=0.46s Sys=0.01s Real=0.12s
[2026-09-21T23:30:52.010+0000][163.452s][info][gc,start       ] GC(52) Pause Young (Allocation Failure)
[2026-09-21T23:30:52.126+0000][163.567s][info][gc,heap        ] GC(52) PSYoungGen: 3101745K(3244032K)->57185K(3254784K) Eden: 3045376K(3045376K)->0K(3045376K) From: 56369K(198656K)->57185K(209408K)
[2026-09-21T23:30:52.126+0000][163.567s][info][gc,heap        ] GC(52) ParOldGen: 3412272K(3412480K)->3430558K(3430912K)
[2026-09-21T23:30:52.126+0000][163.567s][info][gc,metaspace   ] GC(52) Metaspace: 166222K(167936K)->166222K(167936K) NonClass: 139737K(140736K)->139737K(140736K) Class: 26485K(27200K)->26485K(27200K)
[2026-09-21T23:30:52.126+0000][163.567s][info][gc             ] GC(52) Pause Young (Allocation Failure) 6361M->3405M(6529M) 115.481ms
[2026-09-21T23:30:52.126+0000][163.567s][info][gc,cpu         ] GC(52) User=0.45s Sys=0.01s Real=0.12s
[2026-09-21T23:30:55.664+0000][167.106s][info][gc,start       ] GC(53) Pause Young (Allocation Failure)
[2026-09-21T23:30:55.783+0000][167.224s][info][gc,heap        ] GC(53) PSYoungGen: 3102561K(3254784K)->54801K(3265536K) Eden: 3045376K(3045376K)->0K(3085312K) From: 57185K(209408K)->54801K(180224K)
[2026-09-21T23:30:55.783+0000][167.224s][info][gc,heap        ] GC(53) ParOldGen: 3430558K(3430912K)->3448729K(3448832K)
[2026-09-21T23:30:55.783+0000][167.224s][info][gc,metaspace   ] GC(53) Metaspace: 166243K(167936K)->166243K(167936K) NonClass: 139758K(140736K)->139758K(140736K) Class: 26485K(27200K)->26485K(27200K)
[2026-09-21T23:30:55.783+0000][167.224s][info][gc             ] GC(53) Pause Young (Allocation Failure) 6379M->3421M(6557M) 118.395ms
[2026-09-21T23:30:55.783+0000][167.224s][info][gc,cpu         ] GC(53) User=0.45s Sys=0.01s Real=0.12s
[2026-09-21T23:30:59.160+0000][170.601s][info][gc,start       ] GC(54) Pause Young (Allocation Failure)
[2026-09-21T23:30:59.276+0000][170.718s][info][gc,heap        ] GC(54) PSYoungGen: 3140113K(3265536K)->56721K(3276288K) Eden: 3085312K(3085312K)->0K(3085312K) From: 54801K(180224K)->56721K(190976K)
[2026-09-21T23:30:59.277+0000][170.718s][info][gc,heap        ] GC(54) ParOldGen: 3448729K(3448832K)->3465571K(3465728K)
[2026-09-21T23:30:59.277+0000][170.718s][info][gc,metaspace   ] GC(54) Metaspace: 166269K(167936K)->166269K(167936K) NonClass: 139784K(140736K)->139784K(140736K) Class: 26485K(27200K)->26485K(27200K)
[2026-09-21T23:30:59.277+0000][170.718s][info][gc             ] GC(54) Pause Young (Allocation Failure) 6434M->3439M(6584M) 116.893ms
[2026-09-21T23:30:59.277+0000][170.718s][info][gc,cpu         ] GC(54) User=0.45s Sys=0.02s Real=0.12s
[2026-09-21T23:31:02.574+0000][174.016s][info][gc,start       ] GC(55) Pause Young (Allocation Failure)
[2026-09-21T23:31:02.690+0000][174.132s][info][gc,heap        ] GC(55) PSYoungGen: 3142033K(3276288K)->55649K(3285504K) Eden: 3085312K(3085312K)->0K(3121664K) From: 56721K(190976K)->55649K(163840K)
[2026-09-21T23:31:02.690+0000][174.132s][info][gc,heap        ] GC(55) ParOldGen: 3465571K(3465728K)->3484293K(3484672K)
[2026-09-21T23:31:02.690+0000][174.132s][info][gc,metaspace   ] GC(55) Metaspace: 166274K(167936K)->166274K(167936K) NonClass: 139789K(140736K)->139789K(140736K) Class: 26485K(27200K)->26485K(27200K)
[2026-09-21T23:31:02.690+0000][174.132s][info][gc             ] GC(55) Pause Young (Allocation Failure) 6452M->3456M(6611M) 115.982ms
[2026-09-21T23:31:02.690+0000][174.132s][info][gc,cpu         ] GC(55) User=0.44s Sys=0.02s Real=0.11s
[2026-09-21T23:31:06.343+0000][177.785s][info][gc,start       ] GC(56) Pause Young (Allocation Failure)
[2026-09-21T23:31:06.466+0000][177.908s][info][gc,heap        ] GC(56) PSYoungGen: 3177313K(3285504K)->57105K(3295744K) Eden: 3121664K(3121664K)->0K(3121664K) From: 55649K(163840K)->57105K(174080K)
[2026-09-21T23:31:06.466+0000][177.908s][info][gc,heap        ] GC(56) ParOldGen: 3484293K(3484672K)->3501059K(3501568K)
[2026-09-21T23:31:06.466+0000][177.908s][info][gc,metaspace   ] GC(56) Metaspace: 166462K(168128K)->166462K(168128K) NonClass: 139953K(140928K)->139953K(140928K) Class: 26509K(27200K)->26509K(27200K)
[2026-09-21T23:31:06.466+0000][177.908s][info][gc             ] GC(56) Pause Young (Allocation Failure) 6505M->3474M(6638M) 122.984ms
[2026-09-21T23:31:06.466+0000][177.908s][info][gc,cpu         ] GC(56) User=0.45s Sys=0.01s Real=0.12s
[2026-09-21T23:31:10.114+0000][181.556s][info][gc,start       ] GC(57) Pause Young (Allocation Failure)
[2026-09-21T23:31:10.232+0000][181.673s][info][gc,heap        ] GC(57) PSYoungGen: 3178769K(3295744K)->61489K(3302400K) Eden: 3121664K(3121664K)->0K(3154944K) From: 57105K(174080K)->61489K(147456K)
[2026-09-21T23:31:10.232+0000][181.673s][info][gc,heap        ] GC(57) ParOldGen: 3501059K(3501568K)->3520158K(3520512K)
[2026-09-21T23:31:10.232+0000][181.673s][info][gc,metaspace   ] GC(57) Metaspace: 166602K(168320K)->166602K(168320K) NonClass: 140077K(141056K)->140077K(141056K) Class: 26524K(27264K)->26524K(27264K)
[2026-09-21T23:31:10.232+0000][181.673s][info][gc             ] GC(57) Pause Young (Allocation Failure) 6523M->3497M(6663M) 117.315ms
[2026-09-21T23:31:10.232+0000][181.673s][info][gc,cpu         ] GC(57) User=0.46s Sys=0.02s Real=0.12s
[2026-09-21T23:31:13.742+0000][185.184s][info][gc,start       ] GC(58) Pause Young (Allocation Failure)
[2026-09-21T23:31:13.859+0000][185.300s][info][gc,heap        ] GC(58) PSYoungGen: 3216433K(3302400K)->52753K(3312640K) Eden: 3154944K(3154944K)->0K(3154944K) From: 61489K(147456K)->52753K(157696K)
[2026-09-21T23:31:13.859+0000][185.300s][info][gc,heap        ] GC(58) ParOldGen: 3520158K(3520512K)->3545676K(3546112K)
[2026-09-21T23:31:13.859+0000][185.300s][info][gc,metaspace   ] GC(58) Metaspace: 166631K(168320K)->166631K(168320K) NonClass: 140106K(141056K)->140106K(141056K) Class: 26524K(27264K)->26524K(27264K)
[2026-09-21T23:31:13.859+0000][185.300s][info][gc             ] GC(58) Pause Young (Allocation Failure) 6578M->3514M(6698M) 116.554ms
[2026-09-21T23:31:13.859+0000][185.300s][info][gc,cpu         ] GC(58) User=0.45s Sys=0.02s Real=0.11s
[2026-09-21T23:31:17.451+0000][188.893s][info][gc,start       ] GC(59) Pause Young (Allocation Failure)
[2026-09-21T23:31:17.564+0000][189.006s][info][gc,heap        ] GC(59) PSYoungGen: 3207697K(3312640K)->56337K(3319808K) Eden: 3154944K(3154944K)->0K(3185664K) From: 52753K(157696K)->56337K(134144K)
[2026-09-21T23:31:17.564+0000][189.006s][info][gc,heap        ] GC(59) ParOldGen: 3545676K(3546112K)->3563263K(3563520K)
[2026-09-21T23:31:17.564+0000][189.006s][info][gc,metaspace   ] GC(59) Metaspace: 166700K(168512K)->166700K(168512K) NonClass: 140161K(141184K)->140161K(141184K) Class: 26538K(27328K)->26538K(27328K)
[2026-09-21T23:31:17.564+0000][189.006s][info][gc             ] GC(59) Pause Young (Allocation Failure) 6595M->3534M(6722M) 113.207ms
[2026-09-21T23:31:17.564+0000][189.006s][info][gc,cpu         ] GC(59) User=0.43s Sys=0.01s Real=0.12s
[2026-09-21T23:31:21.193+0000][192.635s][info][gc,start       ] GC(60) Pause Young (Allocation Failure)
[2026-09-21T23:31:21.312+0000][192.754s][info][gc,heap        ] GC(60) PSYoungGen: 3242001K(3319808K)->58721K(3330560K) Eden: 3185664K(3185664K)->0K(3185664K) From: 56337K(134144K)->58721K(144896K)
[2026-09-21T23:31:21.312+0000][192.754s][info][gc,heap        ] GC(60) ParOldGen: 3563263K(3563520K)->3583699K(3584000K)
[2026-09-21T23:31:21.312+0000][192.754s][info][gc,metaspace   ] GC(60) Metaspace: 166712K(168512K)->166712K(168512K) NonClass: 140173K(141184K)->140173K(141184K) Class: 26538K(27328K)->26538K(27328K)
[2026-09-21T23:31:21.312+0000][192.754s][info][gc             ] GC(60) Pause Young (Allocation Failure) 6645M->3557M(6752M) 119.385ms
[2026-09-21T23:31:21.312+0000][192.754s][info][gc,cpu         ] GC(60) User=0.46s Sys=0.02s Real=0.12s
[2026-09-21T23:31:24.855+0000][196.297s][info][gc,start       ] GC(61) Pause Young (Allocation Failure)
[2026-09-21T23:31:24.976+0000][196.418s][info][gc,heap        ] GC(61) PSYoungGen: 3244385K(3330560K)->56961K(3335168K) Eden: 3185664K(3185664K)->0K(3212288K) From: 58721K(144896K)->56961K(122880K)
[2026-09-21T23:31:24.976+0000][196.418s][info][gc,heap        ] GC(61) ParOldGen: 3583699K(3584000K)->3605422K(3605504K)
[2026-09-21T23:31:24.976+0000][196.418s][info][gc,metaspace   ] GC(61) Metaspace: 166717K(168512K)->166717K(168512K) NonClass: 140179K(141184K)->140179K(141184K) Class: 26538K(27328K)->26538K(27328K)
[2026-09-21T23:31:24.976+0000][196.418s][info][gc             ] GC(61) Pause Young (Allocation Failure) 6668M->3576M(6778M) 120.479ms
[2026-09-21T23:31:24.976+0000][196.418s][info][gc,cpu         ] GC(61) User=0.46s Sys=0.02s Real=0.12s
[2026-09-21T23:31:28.632+0000][200.074s][info][gc,start       ] GC(62) Pause Young (Allocation Failure)
[2026-09-21T23:31:28.746+0000][200.188s][info][gc,heap        ] GC(62) PSYoungGen: 3269249K(3335168K)->55537K(3344384K) Eden: 3212288K(3212288K)->0K(3212288K) From: 56961K(122880K)->55537K(132096K)
[2026-09-21T23:31:28.746+0000][200.188s][info][gc,heap        ] GC(62) ParOldGen: 3605422K(3605504K)->3625781K(3625984K)
[2026-09-21T23:31:28.746+0000][200.188s][info][gc,metaspace   ] GC(62) Metaspace: 166728K(168512K)->166728K(168512K) NonClass: 140190K(141184K)->140190K(141184K) Class: 26538K(27328K)->26538K(27328K)
[2026-09-21T23:31:28.746+0000][200.188s][info][gc             ] GC(62) Pause Young (Allocation Failure) 6713M->3595M(6807M) 114.015ms
[2026-09-21T23:31:28.746+0000][200.188s][info][gc,cpu         ] GC(62) User=0.44s Sys=0.01s Real=0.11s
[2026-09-21T23:31:32.239+0000][203.681s][info][gc,start       ] GC(63) Pause Young (Allocation Failure)
[2026-09-21T23:31:32.355+0000][203.797s][info][gc,heap        ] GC(63) PSYoungGen: 3267825K(3344384K)->57089K(3347456K) Eden: 3212288K(3212288K)->0K(3235840K) From: 55537K(132096K)->57089K(111616K)
[2026-09-21T23:31:32.355+0000][203.797s][info][gc,heap        ] GC(63) ParOldGen: 3625781K(3625984K)->3645080K(3645440K)
[2026-09-21T23:31:32.356+0000][203.797s][info][gc,metaspace   ] GC(63) Metaspace: 166767K(168512K)->166767K(168512K) NonClass: 140229K(141184K)->140229K(141184K) Class: 26538K(27328K)->26538K(27328K)
[2026-09-21T23:31:32.356+0000][203.797s][info][gc             ] GC(63) Pause Young (Allocation Failure) 6732M->3615M(6829M) 116.237ms
[2026-09-21T23:31:32.356+0000][203.797s][info][gc,cpu         ] GC(63) User=0.45s Sys=0.01s Real=0.12s
[2026-09-21T23:31:36.000+0000][207.441s][info][gc,start       ] GC(64) Pause Young (Allocation Failure)
[2026-09-21T23:31:36.153+0000][207.595s][info][gc,heap        ] GC(64) PSYoungGen: 3292929K(3347456K)->54128K(3357184K) Eden: 3235840K(3235840K)->0K(3235840K) From: 57089K(111616K)->54128K(121344K)
[2026-09-21T23:31:36.153+0000][207.595s][info][gc,heap        ] GC(64) ParOldGen: 3645080K(3645440K)->3664982K(3665408K)
[2026-09-21T23:31:36.153+0000][207.595s][info][gc,metaspace   ] GC(64) Metaspace: 166790K(168576K)->166790K(168576K) NonClass: 140250K(141248K)->140250K(141248K) Class: 26539K(27328K)->26539K(27328K)
[2026-09-21T23:31:36.153+0000][207.595s][info][gc             ] GC(64) Pause Young (Allocation Failure) 6775M->3631M(6858M) 153.204ms
[2026-09-21T23:31:36.153+0000][207.595s][info][gc,cpu         ] GC(64) User=0.59s Sys=0.01s Real=0.16s
[2026-09-21T23:31:39.748+0000][211.190s][info][gc,start       ] GC(65) Pause Young (Allocation Failure)
[2026-09-21T23:31:39.863+0000][211.304s][info][gc,heap        ] GC(65) PSYoungGen: 3289968K(3357184K)->55089K(3360256K) Eden: 3235840K(3235840K)->0K(3256320K) From: 54128K(121344K)->55089K(103936K)
[2026-09-21T23:31:39.863+0000][211.304s][info][gc,heap        ] GC(65) ParOldGen: 3664982K(3665408K)->3683216K(3683328K)
[2026-09-21T23:31:39.863+0000][211.304s][info][gc,metaspace   ] GC(65) Metaspace: 166864K(168640K)->166864K(168640K) NonClass: 140323K(141312K)->140323K(141312K) Class: 26540K(27328K)->26540K(27328K)
[2026-09-21T23:31:39.863+0000][211.304s][info][gc             ] GC(65) Pause Young (Allocation Failure) 6791M->3650M(6878M) 114.331ms
[2026-09-21T23:31:39.863+0000][211.304s][info][gc,cpu         ] GC(65) User=0.44s Sys=0.02s Real=0.12s
[2026-09-21T23:31:43.487+0000][214.929s][info][gc,start       ] GC(66) Pause Young (Allocation Failure)
[2026-09-21T23:31:43.604+0000][215.046s][info][gc,heap        ] GC(66) PSYoungGen: 3311409K(3360256K)->57281K(3368960K) Eden: 3256320K(3256320K)->0K(3256320K) From: 55089K(103936K)->57281K(112640K)
[2026-09-21T23:31:43.604+0000][215.046s][info][gc,heap        ] GC(66) ParOldGen: 3683216K(3683328K)->3701846K(3702272K)
[2026-09-21T23:31:43.604+0000][215.046s][info][gc,metaspace   ] GC(66) Metaspace: 166884K(168704K)->166884K(168704K) NonClass: 140343K(141376K)->140343K(141376K) Class: 26540K(27328K)->26540K(27328K)
[2026-09-21T23:31:43.604+0000][215.046s][info][gc             ] GC(66) Pause Young (Allocation Failure) 6830M->3671M(6905M) 116.728ms
[2026-09-21T23:31:43.604+0000][215.046s][info][gc,cpu         ] GC(66) User=0.45s Sys=0.02s Real=0.12s
[2026-09-21T23:31:47.337+0000][218.778s][info][gc,start       ] GC(67) Pause Young (Allocation Failure)
[2026-09-21T23:31:47.452+0000][218.894s][info][gc,heap        ] GC(67) PSYoungGen: 3313601K(3368960K)->54657K(3371008K) Eden: 3256320K(3256320K)->0K(3274240K) From: 57281K(112640K)->54657K(96768K)
[2026-09-21T23:31:47.452+0000][218.894s][info][gc,heap        ] GC(67) ParOldGen: 3701846K(3702272K)->3723137K(3723264K)
[2026-09-21T23:31:47.452+0000][218.894s][info][gc,metaspace   ] GC(67) Metaspace: 166920K(168704K)->166920K(168704K) NonClass: 140373K(141376K)->140373K(141376K) Class: 26546K(27328K)->26546K(27328K)
[2026-09-21T23:31:47.452+0000][218.894s][info][gc             ] GC(67) Pause Young (Allocation Failure) 6851M->3689M(6928M) 115.845ms
[2026-09-21T23:31:47.452+0000][218.894s][info][gc,cpu         ] GC(67) User=0.44s Sys=0.01s Real=0.12s
[2026-09-21T23:31:51.198+0000][222.640s][info][gc,start       ] GC(68) Pause Young (Allocation Failure)
[2026-09-21T23:31:51.311+0000][222.752s][info][gc,heap        ] GC(68) PSYoungGen: 3328897K(3371008K)->56657K(3378688K) Eden: 3274240K(3274240K)->0K(3274240K) From: 54657K(96768K)->56657K(104448K)
[2026-09-21T23:31:51.311+0000][222.753s][info][gc,heap        ] GC(68) ParOldGen: 3723137K(3723264K)->3742588K(3742720K)
[2026-09-21T23:31:51.311+0000][222.753s][info][gc,metaspace   ] GC(68) Metaspace: 166946K(168768K)->166946K(168768K) NonClass: 140396K(141440K)->140396K(141440K) Class: 26550K(27328K)->26550K(27328K)
[2026-09-21T23:31:51.311+0000][222.753s][info][gc             ] GC(68) Pause Young (Allocation Failure) 6886M->3710M(6954M) 112.490ms
[2026-09-21T23:31:51.311+0000][222.753s][info][gc,cpu         ] GC(68) User=0.43s Sys=0.01s Real=0.11s
[2026-09-21T23:31:55.045+0000][226.487s][info][gc,start       ] GC(69) Pause Young (Allocation Failure)
[2026-09-21T23:31:55.161+0000][226.603s][info][gc,heap        ] GC(69) PSYoungGen: 3330897K(3378688K)->55921K(3379712K) Eden: 3274240K(3274240K)->0K(3289600K) From: 56657K(104448K)->55921K(90112K)
[2026-09-21T23:31:55.161+0000][226.603s][info][gc,heap        ] GC(69) ParOldGen: 3742588K(3742720K)->3763992K(3764224K)
[2026-09-21T23:31:55.161+0000][226.603s][info][gc,metaspace   ] GC(69) Metaspace: 166956K(168768K)->166956K(168768K) NonClass: 140406K(141440K)->140406K(141440K) Class: 26550K(27328K)->26550K(27328K)
[2026-09-21T23:31:55.161+0000][226.603s][info][gc             ] GC(69) Pause Young (Allocation Failure) 6907M->3730M(6976M) 116.239ms
[2026-09-21T23:31:55.161+0000][226.603s][info][gc,cpu         ] GC(69) User=0.44s Sys=0.02s Real=0.11s
[2026-09-21T23:31:59.040+0000][230.482s][info][gc,start       ] GC(70) Pause Young (Allocation Failure)
[2026-09-21T23:31:59.159+0000][230.601s][info][gc,heap        ] GC(70) PSYoungGen: 3345521K(3379712K)->52432K(3386880K) Eden: 3289600K(3289600K)->0K(3289600K) From: 55921K(90112K)->52432K(97280K)
[2026-09-21T23:31:59.159+0000][230.601s][info][gc,heap        ] GC(70) ParOldGen: 3763992K(3764224K)->3784158K(3784192K)
[2026-09-21T23:31:59.159+0000][230.601s][info][gc,metaspace   ] GC(70) Metaspace: 166973K(168768K)->166973K(168768K) NonClass: 140423K(141440K)->140423K(141440K) Class: 26550K(27328K)->26550K(27328K)
[2026-09-21T23:31:59.159+0000][230.601s][info][gc             ] GC(70) Pause Young (Allocation Failure) 6942M->3746M(7003M) 119.043ms
[2026-09-21T23:31:59.159+0000][230.601s][info][gc,cpu         ] GC(70) User=0.45s Sys=0.01s Real=0.12s
[2026-09-21T23:32:03.025+0000][234.467s][info][gc,start       ] GC(71) Pause Young (Allocation Failure)
[2026-09-21T23:32:03.146+0000][234.588s][info][gc,heap        ] GC(71) PSYoungGen: 3342032K(3386880K)->59457K(3388928K) Eden: 3289600K(3289600K)->0K(3302912K) From: 52432K(97280K)->59457K(86016K)
[2026-09-21T23:32:03.146+0000][234.588s][info][gc,heap        ] GC(71) ParOldGen: 3784158K(3784192K)->3801387K(3801600K)
[2026-09-21T23:32:03.146+0000][234.588s][info][gc,metaspace   ] GC(71) Metaspace: 166982K(168768K)->166982K(168768K) NonClass: 140431K(141440K)->140431K(141440K) Class: 26550K(27328K)->26550K(27328K)
[2026-09-21T23:32:03.146+0000][234.588s][info][gc             ] GC(71) Pause Young (Allocation Failure) 6959M->3770M(7022M) 121.089ms
[2026-09-21T23:32:03.146+0000][234.588s][info][gc,cpu         ] GC(71) User=0.46s Sys=0.01s Real=0.12s
[2026-09-21T23:32:06.826+0000][238.267s][info][gc,start       ] GC(72) Pause Young (Allocation Failure)
[2026-09-21T23:32:06.941+0000][238.383s][info][gc,heap        ] GC(72) PSYoungGen: 3362369K(3388928K)->58177K(3394560K) Eden: 3302912K(3302912K)->0K(3302912K) From: 59457K(86016K)->58177K(91648K)
[2026-09-21T23:32:06.941+0000][238.383s][info][gc,heap        ] GC(72) ParOldGen: 3801387K(3801600K)->3824895K(3825152K)
[2026-09-21T23:32:06.941+0000][238.383s][info][gc,metaspace   ] GC(72) Metaspace: 167020K(168832K)->167020K(168832K) NonClass: 140469K(141504K)->140469K(141504K) Class: 26550K(27328K)->26550K(27328K)
[2026-09-21T23:32:06.941+0000][238.383s][info][gc             ] GC(72) Pause Young (Allocation Failure) 6995M->3792M(7050M) 115.451ms
[2026-09-21T23:32:06.941+0000][238.383s][info][gc,cpu         ] GC(72) User=0.44s Sys=0.01s Real=0.12s
[2026-09-21T23:32:10.742+0000][242.184s][info][gc,start       ] GC(73) Pause Young (Allocation Failure)
[2026-09-21T23:32:10.856+0000][242.297s][info][gc,heap        ] GC(73) PSYoungGen: 3361089K(3394560K)->56621K(3394560K) Eden: 3302912K(3302912K)->0K(3314688K) From: 58177K(91648K)->56621K(79872K)
[2026-09-21T23:32:10.856+0000][242.297s][info][gc,heap        ] GC(73) ParOldGen: 3824895K(3825152K)->3847133K(3847168K)
[2026-09-21T23:32:10.856+0000][242.297s][info][gc,metaspace   ] GC(73) Metaspace: 167081K(168896K)->167081K(168896K) NonClass: 140520K(141568K)->140520K(141568K) Class: 26561K(27328K)->26561K(27328K)
[2026-09-21T23:32:10.856+0000][242.297s][info][gc             ] GC(73) Pause Young (Allocation Failure) 7017M->3812M(7072M) 113.362ms
[2026-09-21T23:32:10.856+0000][242.297s][info][gc,cpu         ] GC(73) User=0.44s Sys=0.02s Real=0.11s
[2026-09-21T23:32:14.757+0000][246.199s][info][gc,start       ] GC(74) Pause Young (Allocation Failure)
[2026-09-21T23:32:14.877+0000][246.318s][info][gc,heap        ] GC(74) PSYoungGen: 3371309K(3394560K)->55329K(3400192K) Eden: 3314688K(3314688K)->0K(3314688K) From: 56621K(79872K)->55329K(85504K)
[2026-09-21T23:32:14.877+0000][246.318s][info][gc,heap        ] GC(74) ParOldGen: 3847133K(3847168K)->3868063K(3868160K)
[2026-09-21T23:32:14.877+0000][246.318s][info][gc,metaspace   ] GC(74) Metaspace: 167097K(168896K)->167097K(168896K) NonClass: 140535K(141568K)->140535K(141568K) Class: 26562K(27328K)->26562K(27328K)
[2026-09-21T23:32:14.877+0000][246.318s][info][gc             ] GC(74) Pause Young (Allocation Failure) 7049M->3831M(7098M) 119.264ms
[2026-09-21T23:32:14.877+0000][246.318s][info][gc,cpu         ] GC(74) User=0.45s Sys=0.02s Real=0.12s
[2026-09-21T23:32:18.625+0000][250.067s][info][gc,start       ] GC(75) Pause Young (Allocation Failure)
[2026-09-21T23:32:18.739+0000][250.181s][info][gc,heap        ] GC(75) PSYoungGen: 3370017K(3400192K)->55569K(3403264K) Eden: 3314688K(3314688K)->0K(3325952K) From: 55329K(85504K)->55569K(77312K)
[2026-09-21T23:32:18.739+0000][250.181s][info][gc,heap        ] GC(75) ParOldGen: 3868063K(3868160K)->3888039K(3888128K)
[2026-09-21T23:32:18.739+0000][250.181s][info][gc,metaspace   ] GC(75) Metaspace: 167126K(168896K)->167126K(168896K) NonClass: 140562K(141568K)->140562K(141568K) Class: 26563K(27328K)->26563K(27328K)
[2026-09-21T23:32:18.739+0000][250.181s][info][gc             ] GC(75) Pause Young (Allocation Failure) 7068M->3851M(7120M) 113.871ms
[2026-09-21T23:32:18.739+0000][250.181s][info][gc,cpu         ] GC(75) User=0.44s Sys=0.01s Real=0.11s
[2026-09-21T23:32:22.812+0000][254.253s][info][gc,start       ] GC(76) Pause Young (Allocation Failure)
[2026-09-21T23:32:22.926+0000][254.368s][info][gc,heap        ] GC(76) PSYoungGen: 3381521K(3403264K)->60418K(3407360K) Eden: 3325952K(3325952K)->0K(3325952K) From: 55569K(77312K)->60418K(81408K)
[2026-09-21T23:32:22.926+0000][254.368s][info][gc,heap        ] GC(76) ParOldGen: 3888039K(3888128K)->3908066K(3908096K)
[2026-09-21T23:32:22.926+0000][254.368s][info][gc,metaspace   ] GC(76) Metaspace: 167134K(168896K)->167134K(168896K) NonClass: 140571K(141568K)->140571K(141568K) Class: 26563K(27328K)->26563K(27328K)
[2026-09-21T23:32:22.926+0000][254.368s][info][gc             ] GC(76) Pause Young (Allocation Failure) 7099M->3875M(7144M) 114.745ms
[2026-09-21T23:32:22.926+0000][254.368s][info][gc,cpu         ] GC(76) User=0.44s Sys=0.01s Real=0.11s
[2026-09-21T23:32:26.902+0000][258.344s][info][gc,start       ] GC(77) Pause Young (Allocation Failure)
[2026-09-21T23:32:27.019+0000][258.461s][info][gc,heap        ] GC(77) PSYoungGen: 3386370K(3407360K)->59649K(3408896K) Eden: 3325952K(3325952K)->0K(3333632K) From: 60418K(81408K)->59649K(75264K)
[2026-09-21T23:32:27.019+0000][258.461s][info][gc,heap        ] GC(77) ParOldGen: 3908066K(3908096K)->3932641K(3932672K)
[2026-09-21T23:32:27.019+0000][258.461s][info][gc,metaspace   ] GC(77) Metaspace: 167172K(168960K)->167172K(168960K) NonClass: 140602K(141632K)->140602K(141632K) Class: 26570K(27328K)->26570K(27328K)
[2026-09-21T23:32:27.019+0000][258.461s][info][gc             ] GC(77) Pause Young (Allocation Failure) 7123M->3898M(7169M) 117.179ms
[2026-09-21T23:32:27.019+0000][258.461s][info][gc,cpu         ] GC(77) User=0.45s Sys=0.02s Real=0.11s
[2026-09-21T23:32:31.051+0000][262.493s][info][gc,start       ] GC(78) Pause Young (Allocation Failure)
[2026-09-21T23:32:31.166+0000][262.608s][info][gc,heap        ] GC(78) PSYoungGen: 3393281K(3408896K)->58785K(3411968K) Eden: 3333632K(3333632K)->0K(3333632K) From: 59649K(75264K)->58785K(78336K)
[2026-09-21T23:32:31.166+0000][262.608s][info][gc,heap        ] GC(78) ParOldGen: 3932641K(3932672K)->3956132K(3956224K)
[2026-09-21T23:32:31.166+0000][262.608s][info][gc,metaspace   ] GC(78) Metaspace: 167300K(169152K)->167300K(169152K) NonClass: 140713K(141760K)->140713K(141760K) Class: 26587K(27392K)->26587K(27392K)
[2026-09-21T23:32:31.166+0000][262.608s][info][gc             ] GC(78) Pause Young (Allocation Failure) 7154M->3920M(7195M) 114.727ms
[2026-09-21T23:32:31.166+0000][262.608s][info][gc,cpu         ] GC(78) User=0.45s Sys=0.02s Real=0.11s
[2026-09-21T23:32:35.288+0000][266.730s][info][gc,start       ] GC(79) Pause Young (Allocation Failure)
[2026-09-21T23:32:35.408+0000][266.850s][info][gc,heap        ] GC(79) PSYoungGen: 3392417K(3411968K)->59681K(3411968K) Eden: 3333632K(3333632K)->0K(3339776K) From: 58785K(78336K)->59681K(72192K)
[2026-09-21T23:32:35.408+0000][266.850s][info][gc,heap        ] GC(79) ParOldGen: 3956132K(3956224K)->3979227K(3979264K)
[2026-09-21T23:32:35.408+0000][266.850s][info][gc,metaspace   ] GC(79) Metaspace: 167319K(169152K)->167319K(169152K) NonClass: 140731K(141760K)->140731K(141760K) Class: 26587K(27392K)->26587K(27392K)
[2026-09-21T23:32:35.408+0000][266.850s][info][gc             ] GC(79) Pause Young (Allocation Failure) 7176M->3944M(7218M) 120.569ms
[2026-09-21T23:32:35.408+0000][266.850s][info][gc,cpu         ] GC(79) User=0.47s Sys=0.01s Real=0.12s
[2026-09-21T23:32:39.335+0000][270.777s][info][gc,start       ] GC(80) Pause Young (Allocation Failure)
[2026-09-21T23:32:39.453+0000][270.894s][info][gc,heap        ] GC(80) PSYoungGen: 3399457K(3411968K)->56481K(3415040K) Eden: 3339776K(3339776K)->0K(3339776K) From: 59681K(72192K)->56481K(75264K)
[2026-09-21T23:32:39.453+0000][270.894s][info][gc,heap        ] GC(80) ParOldGen: 3979227K(3979264K)->4003765K(4003840K)
[2026-09-21T23:32:39.453+0000][270.894s][info][gc,metaspace   ] GC(80) Metaspace: 167364K(169216K)->167364K(169216K) NonClass: 140776K(141824K)->140776K(141824K) Class: 26587K(27392K)->26587K(27392K)
[2026-09-21T23:32:39.453+0000][270.894s][info][gc             ] GC(80) Pause Young (Allocation Failure) 7205M->3965M(7245M) 117.765ms
[2026-09-21T23:32:39.453+0000][270.894s][info][gc,cpu         ] GC(80) User=0.44s Sys=0.02s Real=0.12s
[2026-09-21T23:32:43.594+0000][275.036s][info][gc,start       ] GC(81) Pause Young (Allocation Failure)
[2026-09-21T23:32:43.714+0000][275.155s][info][gc,heap        ] GC(81) PSYoungGen: 3396257K(3415040K)->59937K(3416576K) Eden: 3339776K(3339776K)->0K(3345408K) From: 56481K(75264K)->59937K(71168K)
[2026-09-21T23:32:43.714+0000][275.155s][info][gc,heap        ] GC(81) ParOldGen: 4003765K(4003840K)->4025287K(4025344K)
[2026-09-21T23:32:43.714+0000][275.155s][info][gc,metaspace   ] GC(81) Metaspace: 167410K(169216K)->167410K(169216K) NonClass: 140822K(141824K)->140822K(141824K) Class: 26587K(27392K)->26587K(27392K)
[2026-09-21T23:32:43.714+0000][275.155s][info][gc             ] GC(81) Pause Young (Allocation Failure) 7226M->3989M(7267M) 119.572ms
[2026-09-21T23:32:43.714+0000][275.155s][info][gc,cpu         ] GC(81) User=0.46s Sys=0.01s Real=0.12s
[2026-09-21T23:32:47.794+0000][279.235s][info][gc,start       ] GC(82) Pause Young (Allocation Failure)
[2026-09-21T23:32:47.917+0000][279.359s][info][gc,heap        ] GC(82) PSYoungGen: 3405345K(3416576K)->56065K(3418624K) Eden: 3345408K(3345408K)->0K(3345408K) From: 59937K(71168K)->56065K(73216K)
[2026-09-21T23:32:47.917+0000][279.359s][info][gc,heap        ] GC(82) ParOldGen: 4025287K(4025344K)->4050314K(4050432K)
[2026-09-21T23:32:47.917+0000][279.359s][info][gc,metaspace   ] GC(82) Metaspace: 167437K(169216K)->167437K(169216K) NonClass: 140849K(141824K)->140849K(141824K) Class: 26587K(27392K)->26587K(27392K)
[2026-09-21T23:32:47.917+0000][279.359s][info][gc             ] GC(82) Pause Young (Allocation Failure) 7256M->4010M(7294M) 123.418ms
[2026-09-21T23:32:47.917+0000][279.359s][info][gc,cpu         ] GC(82) User=0.46s Sys=0.02s Real=0.12s
[2026-09-21T23:32:52.077+0000][283.519s][info][gc,start       ] GC(83) Pause Young (Allocation Failure)
[2026-09-21T23:32:52.191+0000][283.633s][info][gc,heap        ] GC(83) PSYoungGen: 3401473K(3418624K)->55536K(3418624K) Eden: 3345408K(3345408K)->0K(3349504K) From: 56065K(73216K)->55536K(69120K)
[2026-09-21T23:32:52.191+0000][283.633s][info][gc,heap        ] GC(83) ParOldGen: 4050314K(4050432K)->4072068K(4072448K)
[2026-09-21T23:32:52.191+0000][283.633s][info][gc,metaspace   ] GC(83) Metaspace: 167453K(169280K)->167453K(169280K) NonClass: 140864K(141888K)->140864K(141888K) Class: 26589K(27392K)->26589K(27392K)
[2026-09-21T23:32:52.191+0000][283.633s][info][gc             ] GC(83) Pause Young (Allocation Failure) 7277M->4030M(7315M) 113.878ms
[2026-09-21T23:32:52.191+0000][283.633s][info][gc,cpu         ] GC(83) User=0.44s Sys=0.02s Real=0.12s
[2026-09-21T23:32:56.465+0000][287.906s][info][gc,start       ] GC(84) Pause Young (Allocation Failure)
[2026-09-21T23:32:56.583+0000][288.024s][info][gc,heap        ] GC(84) PSYoungGen: 3405040K(3418624K)->54737K(3420672K) Eden: 3349504K(3349504K)->0K(3349504K) From: 55536K(69120K)->54737K(71168K)
[2026-09-21T23:32:56.583+0000][288.024s][info][gc,heap        ] GC(84) ParOldGen: 4072068K(4072448K)->4093056K(4093440K)
[2026-09-21T23:32:56.583+0000][288.024s][info][gc,metaspace   ] GC(84) Metaspace: 167465K(169280K)->167465K(169280K) NonClass: 140875K(141888K)->140875K(141888K) Class: 26590K(27392K)->26590K(27392K)
[2026-09-21T23:32:56.583+0000][288.024s][info][gc             ] GC(84) Pause Young (Allocation Failure) 7301M->4050M(7338M) 118.227ms
[2026-09-21T23:32:56.583+0000][288.024s][info][gc,cpu         ] GC(84) User=0.46s Sys=0.01s Real=0.12s
[2026-09-21T23:33:00.726+0000][292.168s][info][gc,start       ] GC(85) Pause Young (Allocation Failure)
[2026-09-21T23:33:00.841+0000][292.282s][info][gc,heap        ] GC(85) PSYoungGen: 3404241K(3420672K)->54849K(3421184K) Eden: 3349504K(3349504K)->0K(3353088K) From: 54737K(71168K)->54849K(68096K)
[2026-09-21T23:33:00.841+0000][292.282s][info][gc,heap        ] GC(85) ParOldGen: 4093056K(4093440K)->4113286K(4113408K)
[2026-09-21T23:33:00.841+0000][292.282s][info][gc,metaspace   ] GC(85) Metaspace: 167471K(169280K)->167471K(169280K) NonClass: 140881K(141888K)->140881K(141888K) Class: 26590K(27392K)->26590K(27392K)
[2026-09-21T23:33:00.841+0000][292.282s][info][gc             ] GC(85) Pause Young (Allocation Failure) 7321M->4070M(7358M) 114.535ms
[2026-09-21T23:33:00.841+0000][292.282s][info][gc,cpu         ] GC(85) User=0.45s Sys=0.00s Real=0.11s
[2026-09-21T23:33:05.160+0000][296.602s][info][gc,start       ] GC(86) Pause Young (Allocation Failure)
[2026-09-21T23:33:05.330+0000][296.772s][info][gc,heap        ] GC(86) PSYoungGen: 3407937K(3421184K)->56433K(3422720K) Eden: 3353088K(3353088K)->0K(3353088K) From: 54849K(68096K)->56433K(69632K)
[2026-09-21T23:33:05.330+0000][296.772s][info][gc,heap        ] GC(86) ParOldGen: 4113286K(4113408K)->4133401K(4133888K)
[2026-09-21T23:33:05.330+0000][296.772s][info][gc,metaspace   ] GC(86) Metaspace: 167480K(169280K)->167480K(169280K) NonClass: 140889K(141888K)->140889K(141888K) Class: 26590K(27392K)->26590K(27392K)
[2026-09-21T23:33:05.330+0000][296.772s][info][gc             ] GC(86) Pause Young (Allocation Failure) 7344M->4091M(7379M) 169.626ms
[2026-09-21T23:33:05.330+0000][296.772s][info][gc,cpu         ] GC(86) User=0.60s Sys=0.06s Real=0.17s
[2026-09-21T23:33:06.062+0000][297.504s][info][gc,start       ] GC(87) Pause Young (CodeCache GC Threshold)
[2026-09-21T23:33:06.159+0000][297.600s][info][gc,heap        ] GC(87) PSYoungGen: 606777K(3422720K)->25776K(3418112K) Eden: 550343K(3353088K)->0K(3349504K) From: 56433K(69632K)->25776K(68608K)
[2026-09-21T23:33:06.159+0000][297.600s][info][gc,heap        ] GC(87) ParOldGen: 4133401K(4133888K)->4167255K(4167680K)
[2026-09-21T23:33:06.159+0000][297.600s][info][gc,metaspace   ] GC(87) Metaspace: 167504K(169280K)->167504K(169280K) NonClass: 140913K(141888K)->140913K(141888K) Class: 26590K(27392K)->26590K(27392K)
[2026-09-21T23:33:06.159+0000][297.600s][info][gc             ] GC(87) Pause Young (CodeCache GC Threshold) 4629M->4094M(7408M) 96.658ms
[2026-09-21T23:33:06.159+0000][297.600s][info][gc,cpu         ] GC(87) User=0.35s Sys=0.03s Real=0.09s
[2026-09-21T23:33:06.159+0000][297.600s][info][gc,start       ] GC(88) Pause Full (CodeCache GC Threshold)
[2026-09-21T23:33:06.159+0000][297.600s][info][gc,phases,start] GC(88) Marking Phase
[2026-09-21T23:33:07.192+0000][298.634s][info][gc,phases      ] GC(88) Marking Phase 1033.630ms
[2026-09-21T23:33:07.192+0000][298.634s][info][gc,phases,start] GC(88) Summary Phase
[2026-09-21T23:33:07.192+0000][298.634s][info][gc,phases      ] GC(88) Summary Phase 0.108ms
[2026-09-21T23:33:07.192+0000][298.634s][info][gc,phases,start] GC(88) Adjust Roots
[2026-09-21T23:33:07.212+0000][298.653s][info][gc,phases      ] GC(88) Adjust Roots 19.087ms
[2026-09-21T23:33:07.212+0000][298.653s][info][gc,phases,start] GC(88) Compaction Phase
[2026-09-21T23:33:08.500+0000][299.941s][info][gc,phases      ] GC(88) Compaction Phase 1288.127ms
[2026-09-21T23:33:08.500+0000][299.941s][info][gc,phases,start] GC(88) Post Compact
[2026-09-21T23:33:08.505+0000][299.947s][info][gc,phases      ] GC(88) Post Compact 5.203ms
[2026-09-21T23:33:08.505+0000][299.947s][info][gc,heap        ] GC(88) PSYoungGen: 25776K(3418112K)->0K(3418112K) Eden: 0K(3349504K)->0K(3349504K) From: 25776K(68608K)->0K(68608K)
[2026-09-21T23:33:08.505+0000][299.947s][info][gc,heap        ] GC(88) ParOldGen: 4167255K(4167680K)->3529024K(4167680K)
[2026-09-21T23:33:08.505+0000][299.947s][info][gc,metaspace   ] GC(88) Metaspace: 167504K(169280K)->167504K(169280K) NonClass: 140913K(141888K)->140913K(141888K) Class: 26590K(27392K)->26590K(27392K)
[2026-09-21T23:33:08.505+0000][299.947s][info][gc             ] GC(88) Pause Full (CodeCache GC Threshold) 4094M->3446M(7408M) 2346.319ms
[2026-09-21T23:33:08.505+0000][299.947s][info][gc,cpu         ] GC(88) User=9.02s Sys=0.04s Real=2.35s
[2026-09-21T23:33:12.691+0000][304.132s][info][gc,start       ] GC(89) Pause Young (Allocation Failure)
[2026-09-21T23:33:12.791+0000][304.233s][info][gc,heap        ] GC(89) PSYoungGen: 3349504K(3418112K)->55584K(3422208K) Eden: 3349504K(3349504K)->0K(3349504K) From: 0K(68608K)->55584K(72704K)
[2026-09-21T23:33:12.791+0000][304.233s][info][gc,heap        ] GC(89) ParOldGen: 3529024K(4167680K)->3529024K(4167680K)
[2026-09-21T23:33:12.791+0000][304.233s][info][gc,metaspace   ] GC(89) Metaspace: 167536K(169280K)->167536K(169280K) NonClass: 140944K(141888K)->140944K(141888K) Class: 26592K(27392K)->26592K(27392K)
[2026-09-21T23:33:12.791+0000][304.233s][info][gc             ] GC(89) Pause Young (Allocation Failure) 6717M->3500M(7412M) 100.683ms
[2026-09-21T23:33:12.791+0000][304.233s][info][gc,cpu         ] GC(89) User=0.40s Sys=0.00s Real=0.10s
[2026-09-21T23:33:17.020+0000][308.462s][info][gc,start       ] GC(90) Pause Young (Allocation Failure)
[2026-09-21T23:33:17.133+0000][308.575s][info][gc,heap        ] GC(90) PSYoungGen: 3405088K(3422208K)->51696K(3418112K) Eden: 3349504K(3349504K)->0K(3350528K) From: 55584K(72704K)->51696K(67584K)
[2026-09-21T23:33:17.133+0000][308.575s][info][gc,heap        ] GC(90) ParOldGen: 3529024K(4167680K)->3550072K(4167680K)
[2026-09-21T23:33:17.133+0000][308.575s][info][gc,metaspace   ] GC(90) Metaspace: 167545K(169344K)->167545K(169344K) NonClass: 140952K(141952K)->140952K(141952K) Class: 26592K(27392K)->26592K(27392K)
[2026-09-21T23:33:17.133+0000][308.575s][info][gc             ] GC(90) Pause Young (Allocation Failure) 6771M->3517M(7408M) 112.886ms
[2026-09-21T23:33:17.133+0000][308.575s][info][gc,cpu         ] GC(90) User=0.43s Sys=0.00s Real=0.12s
[2026-09-21T23:33:21.453+0000][312.895s][info][gc,start       ] GC(91) Pause Young (Allocation Failure)
[2026-09-21T23:33:21.561+0000][313.003s][info][gc,heap        ] GC(91) PSYoungGen: 3402224K(3418112K)->56417K(3420672K) Eden: 3350528K(3350528K)->0K(3350528K) From: 51696K(67584K)->56417K(70144K)
[2026-09-21T23:33:21.561+0000][313.003s][info][gc,heap        ] GC(91) ParOldGen: 3550072K(4167680K)->3567233K(4167680K)
[2026-09-21T23:33:21.561+0000][313.003s][info][gc,metaspace   ] GC(91) Metaspace: 167552K(169344K)->167552K(169344K) NonClass: 140960K(141952K)->140960K(141952K) Class: 26592K(27392K)->26592K(27392K)
[2026-09-21T23:33:21.561+0000][313.003s][info][gc             ] GC(91) Pause Young (Allocation Failure) 6789M->3538M(7410M) 107.625ms
[2026-09-21T23:33:21.561+0000][313.003s][info][gc,cpu         ] GC(91) User=0.43s Sys=0.00s Real=0.10s
[2026-09-21T23:33:25.839+0000][317.281s][info][gc,start       ] GC(92) Pause Young (Allocation Failure)
[2026-09-21T23:33:25.951+0000][317.393s][info][gc,heap        ] GC(92) PSYoungGen: 3406945K(3420672K)->60257K(3424256K) Eden: 3350528K(3350528K)->0K(3354624K) From: 56417K(70144K)->60257K(69632K)
[2026-09-21T23:33:25.951+0000][317.393s][info][gc,heap        ] GC(92) ParOldGen: 3567233K(4167680K)->3589338K(4167680K)
[2026-09-21T23:33:25.951+0000][317.393s][info][gc,metaspace   ] GC(92) Metaspace: 167558K(169344K)->167558K(169344K) NonClass: 140965K(141952K)->140965K(141952K) Class: 26592K(27392K)->26592K(27392K)
[2026-09-21T23:33:25.951+0000][317.393s][info][gc             ] GC(92) Pause Young (Allocation Failure) 6810M->3564M(7414M) 111.702ms
[2026-09-21T23:33:25.951+0000][317.393s][info][gc,cpu         ] GC(92) User=0.44s Sys=0.00s Real=0.11s
[2026-09-21T23:33:30.368+0000][321.809s][info][gc,start       ] GC(93) Pause Young (Allocation Failure)
[2026-09-21T23:33:30.481+0000][321.923s][info][gc,heap        ] GC(93) PSYoungGen: 3414881K(3424256K)->59489K(3414528K) Eden: 3354624K(3354624K)->0K(3354624K) From: 60257K(69632K)->59489K(59904K)
[2026-09-21T23:33:30.481+0000][321.923s][info][gc,heap        ] GC(93) ParOldGen: 3589338K(4167680K)->3614464K(4167680K)
[2026-09-21T23:33:30.481+0000][321.923s][info][gc,metaspace   ] GC(93) Metaspace: 167564K(169344K)->167564K(169344K) NonClass: 140971K(141952K)->140971K(141952K) Class: 26592K(27392K)->26592K(27392K)
[2026-09-21T23:33:30.481+0000][321.923s][info][gc             ] GC(93) Pause Young (Allocation Failure) 6840M->3587M(7404M) 113.456ms
[2026-09-21T23:33:30.481+0000][321.923s][info][gc,cpu         ] GC(93) User=0.44s Sys=0.00s Real=0.11s
[2026-09-21T23:33:35.006+0000][326.448s][info][gc,start       ] GC(94) Pause Young (Allocation Failure)
[2026-09-21T23:33:35.116+0000][326.558s][info][gc,heap        ] GC(94) PSYoungGen: 3414113K(3414528K)->54448K(3425792K) Eden: 3354624K(3354624K)->0K(3355136K) From: 59489K(59904K)->54448K(70656K)
[2026-09-21T23:33:35.116+0000][326.558s][info][gc,heap        ] GC(94) ParOldGen: 3614464K(4167680K)->3639794K(4167680K)
[2026-09-21T23:33:35.116+0000][326.558s][info][gc,metaspace   ] GC(94) Metaspace: 167576K(169408K)->167576K(169408K) NonClass: 140983K(142016K)->140983K(142016K) Class: 26592K(27392K)->26592K(27392K)
[2026-09-21T23:33:35.116+0000][326.558s][info][gc             ] GC(94) Pause Young (Allocation Failure) 6863M->3607M(7415M) 110.204ms
[2026-09-21T23:33:35.116+0000][326.558s][info][gc,cpu         ] GC(94) User=0.43s Sys=0.00s Real=0.11s
[2026-09-21T23:33:39.532+0000][330.973s][info][gc,start       ] GC(95) Pause Young (Allocation Failure)
[2026-09-21T23:33:39.641+0000][331.083s][info][gc,heap        ] GC(95) PSYoungGen: 3409584K(3425792K)->57329K(3412480K) Eden: 3355136K(3355136K)->0K(3355136K) From: 54448K(70656K)->57329K(57344K)
[2026-09-21T23:33:39.641+0000][331.083s][info][gc,heap        ] GC(95) ParOldGen: 3639794K(4167680K)->3659758K(4167680K)
[2026-09-21T23:33:39.641+0000][331.083s][info][gc,metaspace   ] GC(95) Metaspace: 167597K(169408K)->167597K(169408K) NonClass: 141004K(142016K)->141004K(142016K) Class: 26592K(27392K)->26592K(27392K)
[2026-09-21T23:33:39.642+0000][331.083s][info][gc             ] GC(95) Pause Young (Allocation Failure) 6884M->3629M(7402M) 109.776ms
[2026-09-21T23:33:39.642+0000][331.083s][info][gc,cpu         ] GC(95) User=0.43s Sys=0.00s Real=0.11s
[2026-09-21T23:33:44.406+0000][335.848s][info][gc,start       ] GC(96) Pause Young (Allocation Failure)
[2026-09-21T23:33:44.515+0000][335.957s][info][gc,heap        ] GC(96) PSYoungGen: 3412465K(3412480K)->55057K(3425280K) Eden: 3355136K(3355136K)->0K(3356672K) From: 57329K(57344K)->55057K(68608K)
[2026-09-21T23:33:44.515+0000][335.957s][info][gc,heap        ] GC(96) ParOldGen: 3659758K(4167680K)->3682099K(4167680K)
[2026-09-21T23:33:44.515+0000][335.957s][info][gc,metaspace   ] GC(96) Metaspace: 167622K(169408K)->167622K(169408K) NonClass: 141029K(142016K)->141029K(142016K) Class: 26592K(27392K)->26592K(27392K)
[2026-09-21T23:33:44.515+0000][335.957s][info][gc             ] GC(96) Pause Young (Allocation Failure) 6906M->3649M(7415M) 109.317ms
[2026-09-21T23:33:44.516+0000][335.957s][info][gc,cpu         ] GC(96) User=0.43s Sys=0.00s Real=0.11s
[2026-09-21T23:33:49.182+0000][340.624s][info][gc,start       ] GC(97) Pause Young (Allocation Failure)
[2026-09-21T23:33:49.290+0000][340.732s][info][gc,heap        ] GC(97) PSYoungGen: 3411729K(3425280K)->54048K(3423744K) Eden: 3356672K(3356672K)->0K(3356672K) From: 55057K(68608K)->54048K(67072K)
[2026-09-21T23:33:49.290+0000][340.732s][info][gc,heap        ] GC(97) ParOldGen: 3682099K(4167680K)->3703269K(4167680K)
[2026-09-21T23:33:49.290+0000][340.732s][info][gc,metaspace   ] GC(97) Metaspace: 167627K(169408K)->167627K(169408K) NonClass: 141035K(142016K)->141035K(142016K) Class: 26592K(27392K)->26592K(27392K)
[2026-09-21T23:33:49.290+0000][340.732s][info][gc             ] GC(97) Pause Young (Allocation Failure) 6927M->3669M(7413M) 108.579ms
[2026-09-21T23:33:49.290+0000][340.732s][info][gc,cpu         ] GC(97) User=0.43s Sys=0.00s Real=0.10s
[2026-09-21T23:33:54.032+0000][345.474s][info][gc,start       ] GC(98) Pause Young (Allocation Failure)
[2026-09-21T23:33:54.141+0000][345.583s][info][gc,heap        ] GC(98) PSYoungGen: 3410720K(3423744K)->56129K(3426816K) Eden: 3356672K(3356672K)->0K(3360256K) From: 54048K(67072K)->56129K(66560K)
[2026-09-21T23:33:54.141+0000][345.583s][info][gc,heap        ] GC(98) ParOldGen: 3703269K(4167680K)->3722986K(4167680K)
[2026-09-21T23:33:54.141+0000][345.583s][info][gc,metaspace   ] GC(98) Metaspace: 167635K(169472K)->167635K(169472K) NonClass: 141042K(142080K)->141042K(142080K) Class: 26592K(27392K)->26592K(27392K)
[2026-09-21T23:33:54.141+0000][345.583s][info][gc             ] GC(98) Pause Young (Allocation Failure) 6947M->3690M(7416M) 108.669ms
[2026-09-21T23:33:54.141+0000][345.583s][info][gc,cpu         ] GC(98) User=0.43s Sys=0.00s Real=0.10s
[2026-09-21T23:33:58.832+0000][350.274s][info][gc,start       ] GC(99) Pause Young (Allocation Failure)
[2026-09-21T23:33:58.942+0000][350.384s][info][gc,heap        ] GC(99) PSYoungGen: 3416385K(3426816K)->55985K(3425792K) Eden: 3360256K(3360256K)->0K(3360256K) From: 56129K(66560K)->55985K(65536K)
[2026-09-21T23:33:58.942+0000][350.384s][info][gc,heap        ] GC(99) ParOldGen: 3722986K(4167680K)->3744841K(4167680K)
[2026-09-21T23:33:58.942+0000][350.384s][info][gc,metaspace   ] GC(99) Metaspace: 167639K(169472K)->167639K(169472K) NonClass: 141046K(142080K)->141046K(142080K) Class: 26592K(27392K)->26592K(27392K)
[2026-09-21T23:33:58.942+0000][350.384s][info][gc             ] GC(99) Pause Young (Allocation Failure) 6972M->3711M(7415M) 110.089ms
[2026-09-21T23:33:58.942+0000][350.384s][info][gc,cpu         ] GC(99) User=0.44s Sys=0.00s Real=0.11s
[2026-09-21T23:34:03.746+0000][355.188s][info][gc,start       ] GC(100) Pause Young (Allocation Failure)
[2026-09-21T23:34:03.855+0000][355.297s][info][gc,heap        ] GC(100) PSYoungGen: 3416241K(3425792K)->50193K(3427840K) Eden: 3360256K(3360256K)->0K(3362816K) From: 55985K(65536K)->50193K(65024K)
[2026-09-21T23:34:03.855+0000][355.297s][info][gc,heap        ] GC(100) ParOldGen: 3744841K(4167680K)->3765504K(4167680K)
[2026-09-21T23:34:03.855+0000][355.297s][info][gc,metaspace   ] GC(100) Metaspace: 167672K(169472K)->167672K(169472K) NonClass: 141071K(142080K)->141071K(142080K) Class: 26600K(27392K)->26600K(27392K)
[2026-09-21T23:34:03.855+0000][355.297s][info][gc             ] GC(100) Pause Young (Allocation Failure) 6993M->3726M(7417M) 109.068ms
[2026-09-21T23:34:03.855+0000][355.297s][info][gc,cpu         ] GC(100) User=0.43s Sys=0.00s Real=0.11s
[2026-09-21T23:34:08.740+0000][360.182s][info][gc,start       ] GC(101) Pause Young (Allocation Failure)
[2026-09-21T23:34:08.871+0000][360.313s][info][gc,heap        ] GC(101) PSYoungGen: 3413009K(3427840K)->53888K(3427840K) Eden: 3362816K(3362816K)->0K(3362816K) From: 50193K(65024K)->53888K(65024K)
[2026-09-21T23:34:08.871+0000][360.313s][info][gc,heap        ] GC(101) ParOldGen: 3765504K(4167680K)->3781950K(4167680K)
[2026-09-21T23:34:08.871+0000][360.313s][info][gc,metaspace   ] GC(101) Metaspace: 167692K(169472K)->167692K(169472K) NonClass: 141090K(142080K)->141090K(142080K) Class: 26601K(27392K)->26601K(27392K)
[2026-09-21T23:34:08.871+0000][360.313s][info][gc             ] GC(101) Pause Young (Allocation Failure) 7010M->3745M(7417M) 131.296ms
[2026-09-21T23:34:08.871+0000][360.313s][info][gc,cpu         ] GC(101) User=0.46s Sys=0.04s Real=0.14s
[2026-09-21T23:34:13.942+0000][365.384s][info][gc,start       ] GC(102) Pause Young (Allocation Failure)
[2026-09-21T23:34:14.052+0000][365.494s][info][gc,heap        ] GC(102) PSYoungGen: 3416704K(3427840K)->54944K(3428864K) Eden: 3362816K(3362816K)->0K(3365888K) From: 53888K(65024K)->54944K(62976K)
[2026-09-21T23:34:14.052+0000][365.494s][info][gc,heap        ] GC(102) ParOldGen: 3781950K(4167680K)->3801247K(4167680K)
[2026-09-21T23:34:14.052+0000][365.494s][info][gc,metaspace   ] GC(102) Metaspace: 167707K(169536K)->167707K(169536K) NonClass: 141105K(142144K)->141105K(142144K) Class: 26601K(27392K)->26601K(27392K)
[2026-09-21T23:34:14.052+0000][365.494s][info][gc             ] GC(102) Pause Young (Allocation Failure) 7029M->3765M(7418M) 109.651ms
[2026-09-21T23:34:14.052+0000][365.494s][info][gc,cpu         ] GC(102) User=0.44s Sys=0.00s Real=0.11s
[2026-09-21T23:34:19.111+0000][370.553s][info][gc,start       ] GC(103) Pause Young (Allocation Failure)
[2026-09-21T23:34:19.224+0000][370.666s][info][gc,heap        ] GC(103) PSYoungGen: 3420832K(3428864K)->56977K(3428864K) Eden: 3365888K(3365888K)->0K(3365888K) From: 54944K(62976K)->56977K(62976K)
[2026-09-21T23:34:19.224+0000][370.666s][info][gc,heap        ] GC(103) ParOldGen: 3801247K(4167680K)->3822217K(4167680K)
[2026-09-21T23:34:19.224+0000][370.666s][info][gc,metaspace   ] GC(103) Metaspace: 167720K(169536K)->167720K(169536K) NonClass: 141117K(142144K)->141117K(142144K) Class: 26602K(27392K)->26602K(27392K)
[2026-09-21T23:34:19.224+0000][370.666s][info][gc             ] GC(103) Pause Young (Allocation Failure) 7052M->3788M(7418M) 113.494ms
[2026-09-21T23:34:19.224+0000][370.666s][info][gc,cpu         ] GC(103) User=0.44s Sys=0.00s Real=0.12s
[2026-09-21T23:34:24.305+0000][375.746s][info][gc,start       ] GC(104) Pause Young (Allocation Failure)
[2026-09-21T23:34:24.415+0000][375.857s][info][gc,heap        ] GC(104) PSYoungGen: 3422865K(3428864K)->56801K(3431936K) Eden: 3365888K(3365888K)->0K(3368960K) From: 56977K(62976K)->56801K(62976K)
[2026-09-21T23:34:24.415+0000][375.857s][info][gc,heap        ] GC(104) ParOldGen: 3822217K(4167680K)->3845350K(4167680K)
[2026-09-21T23:34:24.415+0000][375.857s][info][gc,metaspace   ] GC(104) Metaspace: 167729K(169536K)->167729K(169536K) NonClass: 141126K(142144K)->141126K(142144K) Class: 26602K(27392K)->26602K(27392K)
[2026-09-21T23:34:24.415+0000][375.857s][info][gc             ] GC(104) Pause Young (Allocation Failure) 7075M->3810M(7421M) 110.128ms
[2026-09-21T23:34:24.415+0000][375.857s][info][gc,cpu         ] GC(104) User=0.44s Sys=0.00s Real=0.11s
[2026-09-21T23:34:29.658+0000][381.100s][info][gc,start       ] GC(105) Pause Young (Allocation Failure)
[2026-09-21T23:34:29.771+0000][381.213s][info][gc,heap        ] GC(105) PSYoungGen: 3425761K(3431936K)->57809K(3426816K) Eden: 3368960K(3368960K)->0K(3368960K) From: 56801K(62976K)->57809K(57856K)
[2026-09-21T23:34:29.771+0000][381.213s][info][gc,heap        ] GC(105) ParOldGen: 3845350K(4167680K)->3867064K(4167680K)
[2026-09-21T23:34:29.771+0000][381.213s][info][gc,metaspace   ] GC(105) Metaspace: 167746K(169536K)->167746K(169536K) NonClass: 141143K(142144K)->141143K(142144K) Class: 26602K(27392K)->26602K(27392K)
[2026-09-21T23:34:29.771+0000][381.213s][info][gc             ] GC(105) Pause Young (Allocation Failure) 7100M->3832M(7416M) 112.804ms
[2026-09-21T23:34:29.771+0000][381.213s][info][gc,cpu         ] GC(105) User=0.45s Sys=0.00s Real=0.11s
[2026-09-21T23:34:34.910+0000][386.352s][info][gc,start       ] GC(106) Pause Young (Allocation Failure)
[2026-09-21T23:34:35.019+0000][386.461s][info][gc,heap        ] GC(106) PSYoungGen: 3426769K(3426816K)->53825K(3431936K) Eden: 3368960K(3368960K)->0K(3368448K) From: 57809K(57856K)->53825K(63488K)
[2026-09-21T23:34:35.019+0000][386.461s][info][gc,heap        ] GC(106) ParOldGen: 3867064K(4167680K)->3889614K(4167680K)
[2026-09-21T23:34:35.019+0000][386.461s][info][gc,metaspace   ] GC(106) Metaspace: 167749K(169536K)->167749K(169536K) NonClass: 141146K(142144K)->141146K(142144K) Class: 26602K(27392K)->26602K(27392K)
[2026-09-21T23:34:35.019+0000][386.461s][info][gc             ] GC(106) Pause Young (Allocation Failure) 7122M->3851M(7421M) 109.028ms
[2026-09-21T23:34:35.019+0000][386.461s][info][gc,cpu         ] GC(106) User=0.43s Sys=0.00s Real=0.11s
[2026-09-21T23:34:40.137+0000][391.579s][info][gc,start       ] GC(107) Pause Young (Allocation Failure)
[2026-09-21T23:34:40.245+0000][391.687s][info][gc,heap        ] GC(107) PSYoungGen: 3422273K(3431936K)->53297K(3422208K) Eden: 3368448K(3368448K)->0K(3368448K) From: 53825K(63488K)->53297K(53760K)
[2026-09-21T23:34:40.245+0000][391.687s][info][gc,heap        ] GC(107) ParOldGen: 3889614K(4167680K)->3909736K(4167680K)
[2026-09-21T23:34:40.245+0000][391.687s][info][gc,metaspace   ] GC(107) Metaspace: 167756K(169536K)->167756K(169536K) NonClass: 141153K(142144K)->141153K(142144K) Class: 26602K(27392K)->26602K(27392K)
[2026-09-21T23:34:40.245+0000][391.687s][info][gc             ] GC(107) Pause Young (Allocation Failure) 7140M->3870M(7412M) 108.410ms
[2026-09-21T23:34:40.245+0000][391.687s][info][gc,cpu         ] GC(107) User=0.43s Sys=0.00s Real=0.11s
[2026-09-21T23:34:45.412+0000][396.854s][info][gc,start       ] GC(108) Pause Young (Allocation Failure)
[2026-09-21T23:34:45.521+0000][396.962s][info][gc,heap        ] GC(108) PSYoungGen: 3421745K(3422208K)->50193K(3430912K) Eden: 3368448K(3368448K)->0K(3368448K) From: 53297K(53760K)->50193K(62464K)
[2026-09-21T23:34:45.521+0000][396.962s][info][gc,heap        ] GC(108) ParOldGen: 3909736K(4167680K)->3928065K(4167680K)
[2026-09-21T23:34:45.521+0000][396.962s][info][gc,metaspace   ] GC(108) Metaspace: 167762K(169536K)->167762K(169536K) NonClass: 141159K(142144K)->141159K(142144K) Class: 26602K(27392K)->26602K(27392K)
[2026-09-21T23:34:45.521+0000][396.962s][info][gc             ] GC(108) Pause Young (Allocation Failure) 7159M->3885M(7420M) 108.365ms
[2026-09-21T23:34:45.521+0000][396.962s][info][gc,cpu         ] GC(108) User=0.43s Sys=0.00s Real=0.10s
[2026-09-21T23:34:50.911+0000][402.353s][info][gc,start       ] GC(109) Pause Young (Allocation Failure)
[2026-09-21T23:34:51.020+0000][402.461s][info][gc,heap        ] GC(109) PSYoungGen: 3418641K(3430912K)->50416K(3430912K) Eden: 3368448K(3368448K)->0K(3368448K) From: 50193K(62464K)->50416K(62464K)
[2026-09-21T23:34:51.020+0000][402.462s][info][gc,heap        ] GC(109) ParOldGen: 3928065K(4167680K)->3943070K(4167680K)
[2026-09-21T23:34:51.020+0000][402.462s][info][gc,metaspace   ] GC(109) Metaspace: 167780K(169600K)->167780K(169600K) NonClass: 141175K(142208K)->141175K(142208K) Class: 26605K(27392K)->26605K(27392K)
[2026-09-21T23:34:51.020+0000][402.462s][info][gc             ] GC(109) Pause Young (Allocation Failure) 7174M->3899M(7420M) 108.472ms
[2026-09-21T23:34:51.020+0000][402.462s][info][gc,cpu         ] GC(109) User=0.43s Sys=0.00s Real=0.10s
[2026-09-21T23:34:56.512+0000][407.954s][info][gc,start       ] GC(110) Pause Young (Allocation Failure)
[2026-09-21T23:34:56.619+0000][408.061s][info][gc,heap        ] GC(110) PSYoungGen: 3418864K(3430912K)->49680K(3432448K) Eden: 3368448K(3368448K)->0K(3369984K) From: 50416K(62464K)->49680K(62464K)
[2026-09-21T23:34:56.619+0000][408.061s][info][gc,heap        ] GC(110) ParOldGen: 3943070K(4167680K)->3959458K(4167680K)
[2026-09-21T23:34:56.619+0000][408.061s][info][gc,metaspace   ] GC(110) Metaspace: 167786K(169600K)->167786K(169600K) NonClass: 141180K(142208K)->141180K(142208K) Class: 26605K(27392K)->26605K(27392K)
[2026-09-21T23:34:56.619+0000][408.061s][info][gc             ] GC(110) Pause Young (Allocation Failure) 7189M->3915M(7422M) 106.920ms
[2026-09-21T23:34:56.619+0000][408.061s][info][gc,cpu         ] GC(110) User=0.42s Sys=0.01s Real=0.10s
[2026-09-21T23:35:01.901+0000][413.343s][info][gc,start       ] GC(111) Pause Young (Allocation Failure)
[2026-09-21T23:35:02.033+0000][413.475s][info][gc,heap        ] GC(111) PSYoungGen: 3419664K(3432448K)->54129K(3424256K) Eden: 3369984K(3369984K)->0K(3369984K) From: 49680K(62464K)->54129K(54272K)
[2026-09-21T23:35:02.033+0000][413.475s][info][gc,heap        ] GC(111) ParOldGen: 3959458K(4167680K)->3975231K(4167680K)
[2026-09-21T23:35:02.033+0000][413.475s][info][gc,metaspace   ] GC(111) Metaspace: 167793K(169600K)->167793K(169600K) NonClass: 141187K(142208K)->141187K(142208K) Class: 26605K(27392K)->26605K(27392K)
[2026-09-21T23:35:02.033+0000][413.475s][info][gc             ] GC(111) Pause Young (Allocation Failure) 7206M->3934M(7414M) 131.921ms
[2026-09-21T23:35:02.033+0000][413.475s][info][gc,cpu         ] GC(111) User=0.46s Sys=0.03s Real=0.13s
[2026-09-21T23:35:07.673+0000][419.115s][info][gc,start       ] GC(112) Pause Young (Allocation Failure)
[2026-09-21T23:35:07.789+0000][419.231s][info][gc,heap        ] GC(112) PSYoungGen: 3424113K(3424256K)->61941K(3410432K) Eden: 3369984K(3369984K)->0K(3348480K) From: 54129K(54272K)->61941K(61952K)
[2026-09-21T23:35:07.789+0000][419.231s][info][gc,heap        ] GC(112) ParOldGen: 3975231K(4167680K)->4000172K(4167680K)
[2026-09-21T23:35:07.789+0000][419.231s][info][gc,metaspace   ] GC(112) Metaspace: 168781K(170496K)->168781K(170496K) NonClass: 142070K(143040K)->142070K(143040K) Class: 26710K(27456K)->26710K(27456K)
[2026-09-21T23:35:07.789+0000][419.231s][info][gc             ] GC(112) Pause Young (Allocation Failure) 7225M->3966M(7400M) 115.835ms
[2026-09-21T23:35:07.789+0000][419.231s][info][gc,cpu         ] GC(112) User=0.47s Sys=0.00s Real=0.11s
[2026-09-21T23:35:13.386+0000][424.828s][info][gc,start       ] GC(113) Pause Young (Allocation Failure)
[2026-09-21T23:35:13.501+0000][424.943s][info][gc,heap        ] GC(113) PSYoungGen: 3410421K(3410432K)->49696K(3421696K) Eden: 3348480K(3348480K)->0K(3348480K) From: 61941K(61952K)->49696K(73216K)
[2026-09-21T23:35:13.501+0000][424.943s][info][gc,heap        ] GC(113) ParOldGen: 4000172K(4167680K)->4022345K(4167680K)
[2026-09-21T23:35:13.501+0000][424.943s][info][gc,metaspace   ] GC(113) Metaspace: 170272K(171968K)->170272K(171968K) NonClass: 143425K(144384K)->143425K(144384K) Class: 26846K(27584K)->26846K(27584K)
[2026-09-21T23:35:13.501+0000][424.943s][info][gc             ] GC(113) Pause Young (Allocation Failure) 7236M->3976M(7411M) 115.328ms
[2026-09-21T23:35:13.502+0000][424.943s][info][gc,cpu         ] GC(113) User=0.44s Sys=0.01s Real=0.12s
[2026-09-21T23:35:18.663+0000][430.104s][info][gc,start       ] GC(114) Pause Young (Allocation Failure)
[2026-09-21T23:35:18.776+0000][430.217s][info][gc,heap        ] GC(114) PSYoungGen: 3398176K(3421696K)->51025K(3420160K) Eden: 3348480K(3348480K)->0K(3348992K) From: 49696K(73216K)->51025K(71168K)
[2026-09-21T23:35:18.776+0000][430.217s][info][gc,heap        ] GC(114) ParOldGen: 4022345K(4167680K)->4038162K(4167680K)
[2026-09-21T23:35:18.776+0000][430.217s][info][gc,metaspace   ] GC(114) Metaspace: 170286K(172032K)->170286K(172032K) NonClass: 143439K(144448K)->143439K(144448K) Class: 26846K(27584K)->26846K(27584K)
[2026-09-21T23:35:18.776+0000][430.217s][info][gc             ] GC(114) Pause Young (Allocation Failure) 7246M->3993M(7410M) 113.004ms
[2026-09-21T23:35:18.776+0000][430.217s][info][gc,cpu         ] GC(114) User=0.45s Sys=0.00s Real=0.11s
[2026-09-21T23:35:23.886+0000][435.328s][info][gc,start       ] GC(115) Pause Young (Allocation Failure)
[2026-09-21T23:35:23.994+0000][435.436s][info][gc,heap        ] GC(115) PSYoungGen: 3400017K(3420160K)->50976K(3421184K) Eden: 3348992K(3348992K)->0K(3348992K) From: 51025K(71168K)->50976K(72192K)
[2026-09-21T23:35:23.994+0000][435.436s][info][gc,heap        ] GC(115) ParOldGen: 4038162K(4167680K)->4053703K(4167680K)
[2026-09-21T23:35:23.994+0000][435.436s][info][gc,metaspace   ] GC(115) Metaspace: 170292K(172032K)->170292K(172032K) NonClass: 143445K(144448K)->143445K(144448K) Class: 26847K(27584K)->26847K(27584K)
[2026-09-21T23:35:23.994+0000][435.436s][info][gc             ] GC(115) Pause Young (Allocation Failure) 7263M->4008M(7411M) 107.930ms
[2026-09-21T23:35:23.994+0000][435.436s][info][gc,cpu         ] GC(115) User=0.43s Sys=0.00s Real=0.11s
[2026-09-21T23:35:29.118+0000][440.560s][info][gc,start       ] GC(116) Pause Young (Allocation Failure)
[2026-09-21T23:35:29.223+0000][440.665s][info][gc,heap        ] GC(116) PSYoungGen: 3399968K(3421184K)->51169K(3421696K) Eden: 3348992K(3348992K)->0K(3351552K) From: 50976K(72192K)->51169K(70144K)
[2026-09-21T23:35:29.223+0000][440.665s][info][gc,heap        ] GC(116) ParOldGen: 4053703K(4167680K)->4070464K(4167680K)
[2026-09-21T23:35:29.223+0000][440.665s][info][gc,metaspace   ] GC(116) Metaspace: 170301K(172032K)->170301K(172032K) NonClass: 143454K(144448K)->143454K(144448K) Class: 26847K(27584K)->26847K(27584K)
[2026-09-21T23:35:29.223+0000][440.665s][info][gc             ] GC(116) Pause Young (Allocation Failure) 7278M->4025M(7411M) 105.170ms
[2026-09-21T23:35:29.223+0000][440.665s][info][gc,cpu         ] GC(116) User=0.42s Sys=0.00s Real=0.11s
[2026-09-21T23:35:34.377+0000][445.818s][info][gc,start       ] GC(117) Pause Young (Allocation Failure)
[2026-09-21T23:35:34.484+0000][445.926s][info][gc,heap        ] GC(117) PSYoungGen: 3402721K(3421696K)->48560K(3422208K) Eden: 3351552K(3351552K)->0K(3351552K) From: 51169K(70144K)->48560K(70656K)
[2026-09-21T23:35:34.484+0000][445.926s][info][gc,heap        ] GC(117) ParOldGen: 4070464K(4167680K)->4087113K(4167680K)
[2026-09-21T23:35:34.484+0000][445.926s][info][gc,metaspace   ] GC(117) Metaspace: 170301K(172032K)->170301K(172032K) NonClass: 143454K(144448K)->143454K(144448K) Class: 26847K(27584K)->26847K(27584K)
[2026-09-21T23:35:34.484+0000][445.926s][info][gc             ] GC(117) Pause Young (Allocation Failure) 7298M->4038M(7412M) 107.752ms
[2026-09-21T23:35:34.484+0000][445.926s][info][gc,cpu         ] GC(117) User=0.42s Sys=0.01s Real=0.11s
[2026-09-21T23:35:39.912+0000][451.353s][info][gc,start       ] GC(118) Pause Young (Allocation Failure)
[2026-09-21T23:35:40.020+0000][451.462s][info][gc,heap        ] GC(118) PSYoungGen: 3400112K(3422208K)->52129K(3422208K) Eden: 3351552K(3351552K)->0K(3354112K) From: 48560K(70656K)->52129K(68096K)
[2026-09-21T23:35:40.020+0000][451.462s][info][gc,heap        ] GC(118) ParOldGen: 4087113K(4167680K)->4100121K(4167680K)
[2026-09-21T23:35:40.020+0000][451.462s][info][gc,metaspace   ] GC(118) Metaspace: 170306K(172096K)->170306K(172096K) NonClass: 143459K(144512K)->143459K(144512K) Class: 26847K(27584K)->26847K(27584K)
[2026-09-21T23:35:40.020+0000][451.462s][info][gc             ] GC(118) Pause Young (Allocation Failure) 7311M->4054M(7412M) 108.706ms
[2026-09-21T23:35:40.020+0000][451.462s][info][gc,cpu         ] GC(118) User=0.43s Sys=0.00s Real=0.10s
[2026-09-21T23:35:46.083+0000][457.525s][info][gc,start       ] GC(119) Pause Young (Allocation Failure)
[2026-09-21T23:35:46.196+0000][457.638s][info][gc,heap        ] GC(119) PSYoungGen: 3406241K(3422208K)->46346K(3423232K) Eden: 3354112K(3354112K)->0K(3354112K) From: 52129K(68096K)->46346K(69120K)
[2026-09-21T23:35:46.196+0000][457.638s][info][gc,heap        ] GC(119) ParOldGen: 4100121K(4167680K)->4121165K(4167680K)
[2026-09-21T23:35:46.196+0000][457.638s][info][gc,metaspace   ] GC(119) Metaspace: 171482K(173184K)->171482K(173184K) NonClass: 144492K(145472K)->144492K(145472K) Class: 26989K(27712K)->26989K(27712K)
[2026-09-21T23:35:46.197+0000][457.638s][info][gc             ] GC(119) Pause Young (Allocation Failure) 7330M->4069M(7413M) 113.383ms
[2026-09-21T23:35:46.197+0000][457.638s][info][gc,cpu         ] GC(119) User=0.43s Sys=0.01s Real=0.11s
[2026-09-21T23:35:51.983+0000][463.425s][info][gc,start       ] GC(120) Pause Young (Allocation Failure)
[2026-09-21T23:35:52.059+0000][463.500s][info][gc,heap        ] GC(120) PSYoungGen: 3400458K(3423232K)->12544K(3415040K) Eden: 3354112K(3354112K)->0K(3346432K) From: 46346K(69120K)->12544K(68608K)
[2026-09-21T23:35:52.059+0000][463.500s][info][gc,heap        ] GC(120) ParOldGen: 4121165K(4167680K)->4158073K(4167680K)
[2026-09-21T23:35:52.059+0000][463.500s][info][gc,metaspace   ] GC(120) Metaspace: 171547K(173248K)->171547K(173248K) NonClass: 144557K(145536K)->144557K(145536K) Class: 26989K(27712K)->26989K(27712K)
[2026-09-21T23:35:52.059+0000][463.500s][info][gc             ] GC(120) Pause Young (Allocation Failure) 7345M->4072M(7405M) 75.225ms
[2026-09-21T23:35:52.059+0000][463.500s][info][gc,cpu         ] GC(120) User=0.30s Sys=0.00s Real=0.07s
[2026-09-21T23:35:57.740+0000][469.182s][info][gc,start       ] GC(121) Pause Young (Allocation Failure)
[2026-09-21T23:35:57.780+0000][469.221s][info][gc,heap        ] GC(121) PSYoungGen: 3358976K(3415040K)->10928K(3357696K) Eden: 3346432K(3346432K)->0K(3346432K) From: 12544K(68608K)->10928K(11264K)
[2026-09-21T23:35:57.780+0000][469.221s][info][gc,heap        ] GC(121) ParOldGen: 4158073K(4167680K)->4161393K(4167680K)
[2026-09-21T23:35:57.780+0000][469.221s][info][gc,metaspace   ] GC(121) Metaspace: 171615K(173376K)->171615K(173376K) NonClass: 144614K(145600K)->144614K(145600K) Class: 27001K(27776K)->27001K(27776K)
[2026-09-21T23:35:57.780+0000][469.221s][info][gc             ] GC(121) Pause Young (Allocation Failure) 7340M->4074M(7349M) 39.336ms
[2026-09-21T23:35:57.780+0000][469.221s][info][gc,cpu         ] GC(121) User=0.15s Sys=0.00s Real=0.04s
[2026-09-21T23:36:03.430+0000][474.871s][info][gc,start       ] GC(122) Pause Young (Allocation Failure)
[2026-09-21T23:36:03.471+0000][474.913s][info][gc,heap        ] GC(122) PSYoungGen: 3357360K(3357696K)->14368K(3412480K) Eden: 3346432K(3346432K)->0K(3334144K) From: 10928K(11264K)->14368K(78336K)
[2026-09-21T23:36:03.471+0000][474.913s][info][gc,heap        ] GC(122) ParOldGen: 4161393K(4167680K)->4164721K(4167680K)
[2026-09-21T23:36:03.471+0000][474.913s][info][gc,metaspace   ] GC(122) Metaspace: 171644K(173440K)->171644K(173440K) NonClass: 144642K(145664K)->144642K(145664K) Class: 27001K(27776K)->27001K(27776K)
[2026-09-21T23:36:03.471+0000][474.913s][info][gc             ] GC(122) Pause Young (Allocation Failure) 7342M->4081M(7402M) 41.421ms
[2026-09-21T23:36:03.471+0000][474.913s][info][gc,cpu         ] GC(122) User=0.16s Sys=0.00s Real=0.04s
[2026-09-21T23:36:05.982+0000][477.424s][info][gc,heap,exit   ] Heap
[2026-09-21T23:36:05.982+0000][477.424s][info][gc,heap,exit   ]  PSYoungGen      total 3412480K, used 1411898K [0x000000072ab00000, 0x0000000800000000, 0x0000000800000000)
[2026-09-21T23:36:05.982+0000][477.424s][info][gc,heap,exit   ]   eden space 3334144K, 41% used [0x000000072ab00000,0x000000077ffc6b28,0x00000007f6300000)
[2026-09-21T23:36:05.982+0000][477.424s][info][gc,heap,exit   ]   from space 78336K, 18% used [0x00000007fb380000,0x00000007fc188000,0x0000000800000000)
[2026-09-21T23:36:05.982+0000][477.424s][info][gc,heap,exit   ]   to   space 80384K, 0% used [0x00000007f6300000,0x00000007f6300000,0x00000007fb180000)
[2026-09-21T23:36:05.982+0000][477.424s][info][gc,heap,exit   ]  ParOldGen       total 4167680K, used 4164721K [0x0000000580000000, 0x000000067e600000, 0x000000072ab00000)
[2026-09-21T23:36:05.982+0000][477.424s][info][gc,heap,exit   ]   object space 4167680K, 99% used [0x0000000580000000,0x000000067e31c4d0,0x000000067e600000)
[2026-09-21T23:36:05.982+0000][477.424s][info][gc,heap,exit   ]  Metaspace       used 171751K, committed 173568K, reserved 1245184K
[2026-09-21T23:36:05.982+0000][477.424s][info][gc,heap,exit   ]   class space    used 27016K, committed 27776K, reserved 1048576K
