[2026-09-24T04:54:53.381+0000][0.011s][info][gc,init] CardTable entry size: 512
[2026-09-24T04:54:53.381+0000][0.011s][info][gc     ] Using Parallel
[2026-09-24T04:54:53.390+0000][0.020s][info][gc,init] Version: 21.0.12.1+1-LTS (release)
[2026-09-24T04:54:53.390+0000][0.020s][info][gc,init] CPUs: 4 total, 4 available
[2026-09-24T04:54:53.390+0000][0.020s][info][gc,init] Memory: 15989M
[2026-09-24T04:54:53.390+0000][0.020s][info][gc,init] Large Page Support: Disabled
[2026-09-24T04:54:53.390+0000][0.020s][info][gc,init] NUMA Support: Disabled
[2026-09-24T04:54:53.390+0000][0.020s][info][gc,init] Compressed Oops: Enabled (Zero based)
[2026-09-24T04:54:53.390+0000][0.020s][info][gc,init] Alignments: Space 512K, Generation 512K, Heap 2M
[2026-09-24T04:54:53.390+0000][0.020s][info][gc,init] Heap Min Capacity: 4G
[2026-09-24T04:54:53.390+0000][0.020s][info][gc,init] Heap Initial Capacity: 4G
[2026-09-24T04:54:53.390+0000][0.020s][info][gc,init] Heap Max Capacity: 10G
[2026-09-24T04:54:53.390+0000][0.020s][info][gc,init] Pre-touch: Disabled
[2026-09-24T04:54:53.390+0000][0.020s][info][gc,init] Parallel Workers: 4
[2026-09-24T04:54:53.398+0000][0.028s][info][gc,metaspace] CDS archive(s) mapped at: [0x00007f3d80000000-0x00007f3d80c9c000-0x00007f3d80c9c000), size 13221888, SharedBaseAddress: 0x00007f3d80000000, ArchiveRelocationMode: 1.
[2026-09-24T04:54:53.398+0000][0.028s][info][gc,metaspace] Compressed class space mapped at: 0x00007f3d81000000-0x00007f3dc1000000, reserved size: 1073741824
[2026-09-24T04:54:53.398+0000][0.028s][info][gc,metaspace] Narrow klass base: 0x00007f3d80000000, Narrow klass shift: 0, Narrow klass range: 0x100000000
[2026-09-24T04:54:55.903+0000][2.534s][info][gc,start    ] GC(0) Pause Young (Metadata GC Threshold)
[2026-09-24T04:54:55.910+0000][2.540s][info][gc,heap     ] GC(0) PSYoungGen: 919414K(1223168K)->12669K(1223168K) Eden: 919414K(1048576K)->0K(1048576K) From: 0K(174592K)->12669K(174592K)
[2026-09-24T04:54:55.910+0000][2.540s][info][gc,heap     ] GC(0) ParOldGen: 1073K(2796544K)->1145K(2796544K)
[2026-09-24T04:54:55.910+0000][2.540s][info][gc,metaspace] GC(0) Metaspace: 21080K(21504K)->21080K(21504K) NonClass: 18706K(18944K)->18706K(18944K) Class: 2374K(2560K)->2374K(2560K)
[2026-09-24T04:54:55.910+0000][2.540s][info][gc          ] GC(0) Pause Young (Metadata GC Threshold) 898M->13M(3925M) 6.352ms
[2026-09-24T04:54:55.910+0000][2.540s][info][gc,cpu      ] GC(0) User=0.02s Sys=0.01s Real=0.01s
[2026-09-24T04:54:55.910+0000][2.540s][info][gc,start    ] GC(1) Pause Full (Metadata GC Threshold)
[2026-09-24T04:54:55.910+0000][2.540s][info][gc,phases,start] GC(1) Marking Phase
[2026-09-24T04:54:55.917+0000][2.548s][info][gc,phases      ] GC(1) Marking Phase 7.504ms
[2026-09-24T04:54:55.917+0000][2.548s][info][gc,phases,start] GC(1) Summary Phase
[2026-09-24T04:54:55.917+0000][2.548s][info][gc,phases      ] GC(1) Summary Phase 0.008ms
[2026-09-24T04:54:55.917+0000][2.548s][info][gc,phases,start] GC(1) Adjust Roots
[2026-09-24T04:54:55.920+0000][2.550s][info][gc,phases      ] GC(1) Adjust Roots 2.769ms
[2026-09-24T04:54:55.920+0000][2.550s][info][gc,phases,start] GC(1) Compaction Phase
[2026-09-24T04:54:55.927+0000][2.557s][info][gc,phases      ] GC(1) Compaction Phase 6.653ms
[2026-09-24T04:54:55.927+0000][2.557s][info][gc,phases,start] GC(1) Post Compact
[2026-09-24T04:54:55.928+0000][2.558s][info][gc,phases      ] GC(1) Post Compact 1.269ms
[2026-09-24T04:54:55.928+0000][2.558s][info][gc,heap        ] GC(1) PSYoungGen: 12669K(1223168K)->0K(1223168K) Eden: 0K(1048576K)->0K(1048576K) From: 12669K(174592K)->0K(174592K)
[2026-09-24T04:54:55.928+0000][2.558s][info][gc,heap        ] GC(1) ParOldGen: 1145K(2796544K)->13573K(2796544K)
[2026-09-24T04:54:55.928+0000][2.558s][info][gc,metaspace   ] GC(1) Metaspace: 21080K(21504K)->21080K(21504K) NonClass: 18706K(18944K)->18706K(18944K) Class: 2374K(2560K)->2374K(2560K)
[2026-09-24T04:54:55.928+0000][2.558s][info][gc             ] GC(1) Pause Full (Metadata GC Threshold) 13M->13M(3925M) 18.335ms
[2026-09-24T04:54:55.928+0000][2.558s][info][gc,cpu         ] GC(1) User=0.05s Sys=0.00s Real=0.02s
[2026-09-24T04:54:57.146+0000][3.776s][info][gc,start       ] GC(2) Pause Young (Metadata GC Threshold)
[2026-09-24T04:54:57.168+0000][3.798s][info][gc,heap        ] GC(2) PSYoungGen: 433727K(1223168K)->51055K(1223168K) Eden: 433727K(1048576K)->0K(1048576K) From: 0K(174592K)->51055K(174592K)
[2026-09-24T04:54:57.168+0000][3.798s][info][gc,heap        ] GC(2) ParOldGen: 13573K(2796544K)->13581K(2796544K)
[2026-09-24T04:54:57.168+0000][3.798s][info][gc,metaspace   ] GC(2) Metaspace: 35377K(35840K)->35377K(35840K) NonClass: 31283K(31552K)->31283K(31552K) Class: 4093K(4288K)->4093K(4288K)
[2026-09-24T04:54:57.168+0000][3.798s][info][gc             ] GC(2) Pause Young (Metadata GC Threshold) 436M->63M(3925M) 22.335ms
[2026-09-24T04:54:57.168+0000][3.798s][info][gc,cpu         ] GC(2) User=0.09s Sys=0.00s Real=0.03s
[2026-09-24T04:54:57.168+0000][3.798s][info][gc,start       ] GC(3) Pause Full (Metadata GC Threshold)
[2026-09-24T04:54:57.168+0000][3.798s][info][gc,phases,start] GC(3) Marking Phase
[2026-09-24T04:54:57.192+0000][3.822s][info][gc,phases      ] GC(3) Marking Phase 23.507ms
[2026-09-24T04:54:57.192+0000][3.822s][info][gc,phases,start] GC(3) Summary Phase
[2026-09-24T04:54:57.192+0000][3.822s][info][gc,phases      ] GC(3) Summary Phase 0.020ms
[2026-09-24T04:54:57.192+0000][3.822s][info][gc,phases,start] GC(3) Adjust Roots
[2026-09-24T04:54:57.195+0000][3.825s][info][gc,phases      ] GC(3) Adjust Roots 3.430ms
[2026-09-24T04:54:57.195+0000][3.825s][info][gc,phases,start] GC(3) Compaction Phase
[2026-09-24T04:54:57.233+0000][3.864s][info][gc,phases      ] GC(3) Compaction Phase 38.486ms
[2026-09-24T04:54:57.234+0000][3.864s][info][gc,phases,start] GC(3) Post Compact
[2026-09-24T04:54:57.234+0000][3.865s][info][gc,phases      ] GC(3) Post Compact 0.916ms
[2026-09-24T04:54:57.234+0000][3.865s][info][gc,heap        ] GC(3) PSYoungGen: 51055K(1223168K)->0K(1223168K) Eden: 0K(1048576K)->0K(1048576K) From: 51055K(174592K)->0K(174592K)
[2026-09-24T04:54:57.234+0000][3.865s][info][gc,heap        ] GC(3) ParOldGen: 13581K(2796544K)->64278K(2796544K)
[2026-09-24T04:54:57.234+0000][3.865s][info][gc,metaspace   ] GC(3) Metaspace: 35377K(35840K)->35367K(35840K) NonClass: 31283K(31552K)->31276K(31552K) Class: 4093K(4288K)->4090K(4288K)
[2026-09-24T04:54:57.234+0000][3.865s][info][gc             ] GC(3) Pause Full (Metadata GC Threshold) 63M->62M(3925M) 66.499ms
[2026-09-24T04:54:57.234+0000][3.865s][info][gc,cpu         ] GC(3) User=0.22s Sys=0.01s Real=0.06s
[2026-09-24T04:54:59.182+0000][5.812s][info][gc,start       ] GC(4) Pause Young (Metadata GC Threshold)
[2026-09-24T04:54:59.219+0000][5.849s][info][gc,heap        ] GC(4) PSYoungGen: 362789K(1223168K)->42977K(1223168K) Eden: 362789K(1048576K)->0K(1048576K) From: 0K(174592K)->42977K(174592K)
[2026-09-24T04:54:59.219+0000][5.849s][info][gc,heap        ] GC(4) ParOldGen: 64278K(2796544K)->64286K(2796544K)
[2026-09-24T04:54:59.219+0000][5.849s][info][gc,metaspace   ] GC(4) Metaspace: 59163K(59776K)->59163K(59776K) NonClass: 50574K(50880K)->50574K(50880K) Class: 8588K(8896K)->8588K(8896K)
[2026-09-24T04:54:59.219+0000][5.849s][info][gc             ] GC(4) Pause Young (Metadata GC Threshold) 417M->104M(3925M) 37.262ms
[2026-09-24T04:54:59.219+0000][5.849s][info][gc,cpu         ] GC(4) User=0.14s Sys=0.01s Real=0.04s
[2026-09-24T04:54:59.219+0000][5.849s][info][gc,start       ] GC(5) Pause Full (Metadata GC Threshold)
[2026-09-24T04:54:59.219+0000][5.849s][info][gc,phases,start] GC(5) Marking Phase
[2026-09-24T04:54:59.275+0000][5.906s][info][gc,phases      ] GC(5) Marking Phase 56.374ms
[2026-09-24T04:54:59.275+0000][5.906s][info][gc,phases,start] GC(5) Summary Phase
[2026-09-24T04:54:59.275+0000][5.906s][info][gc,phases      ] GC(5) Summary Phase 0.008ms
[2026-09-24T04:54:59.275+0000][5.906s][info][gc,phases,start] GC(5) Adjust Roots
[2026-09-24T04:54:59.283+0000][5.913s][info][gc,phases      ] GC(5) Adjust Roots 7.285ms
[2026-09-24T04:54:59.283+0000][5.913s][info][gc,phases,start] GC(5) Compaction Phase
[2026-09-24T04:54:59.404+0000][6.034s][info][gc,phases      ] GC(5) Compaction Phase 121.332ms
[2026-09-24T04:54:59.404+0000][6.034s][info][gc,phases,start] GC(5) Post Compact
[2026-09-24T04:54:59.405+0000][6.035s][info][gc,phases      ] GC(5) Post Compact 1.121ms
[2026-09-24T04:54:59.405+0000][6.035s][info][gc,heap        ] GC(5) PSYoungGen: 42977K(1223168K)->0K(1223168K) Eden: 0K(1048576K)->0K(1048576K) From: 42977K(174592K)->0K(174592K)
[2026-09-24T04:54:59.405+0000][6.035s][info][gc,heap        ] GC(5) ParOldGen: 64286K(2796544K)->103028K(2796544K)
[2026-09-24T04:54:59.405+0000][6.035s][info][gc,metaspace   ] GC(5) Metaspace: 59163K(59776K)->59163K(59776K) NonClass: 50574K(50880K)->50574K(50880K) Class: 8588K(8896K)->8588K(8896K)
[2026-09-24T04:54:59.405+0000][6.035s][info][gc             ] GC(5) Pause Full (Metadata GC Threshold) 104M->100M(3925M) 186.291ms
[2026-09-24T04:54:59.405+0000][6.035s][info][gc,cpu         ] GC(5) User=0.72s Sys=0.01s Real=0.18s
[2026-09-24T04:55:02.545+0000][9.176s][info][gc,start       ] GC(6) Pause Young (Metadata GC Threshold)
[2026-09-24T04:55:02.642+0000][9.272s][info][gc,heap        ] GC(6) PSYoungGen: 754532K(1223168K)->174564K(1223168K) Eden: 754532K(1048576K)->0K(1048576K) From: 0K(174592K)->174564K(174592K)
[2026-09-24T04:55:02.642+0000][9.272s][info][gc,heap        ] GC(6) ParOldGen: 103028K(2796544K)->105452K(2796544K)
[2026-09-24T04:55:02.642+0000][9.272s][info][gc,metaspace   ] GC(6) Metaspace: 98773K(99648K)->98773K(99648K) NonClass: 84824K(85376K)->84824K(85376K) Class: 13948K(14272K)->13948K(14272K)
[2026-09-24T04:55:02.642+0000][9.272s][info][gc             ] GC(6) Pause Young (Metadata GC Threshold) 837M->273M(3925M) 96.217ms
[2026-09-24T04:55:02.642+0000][9.272s][info][gc,cpu         ] GC(6) User=0.36s Sys=0.02s Real=0.10s
[2026-09-24T04:55:02.642+0000][9.272s][info][gc,start       ] GC(7) Pause Full (Metadata GC Threshold)
[2026-09-24T04:55:02.642+0000][9.272s][info][gc,phases,start] GC(7) Marking Phase
[2026-09-24T04:55:02.750+0000][9.380s][info][gc,phases      ] GC(7) Marking Phase 108.330ms
[2026-09-24T04:55:02.750+0000][9.380s][info][gc,phases,start] GC(7) Summary Phase
[2026-09-24T04:55:02.750+0000][9.380s][info][gc,phases      ] GC(7) Summary Phase 0.025ms
[2026-09-24T04:55:02.750+0000][9.380s][info][gc,phases,start] GC(7) Adjust Roots
[2026-09-24T04:55:02.759+0000][9.389s][info][gc,phases      ] GC(7) Adjust Roots 8.811ms
[2026-09-24T04:55:02.759+0000][9.389s][info][gc,phases,start] GC(7) Compaction Phase
[2026-09-24T04:55:03.043+0000][9.673s][info][gc,phases      ] GC(7) Compaction Phase 283.783ms
[2026-09-24T04:55:03.043+0000][9.673s][info][gc,phases,start] GC(7) Post Compact
[2026-09-24T04:55:03.044+0000][9.675s][info][gc,phases      ] GC(7) Post Compact 1.626ms
[2026-09-24T04:55:03.044+0000][9.675s][info][gc,heap        ] GC(7) PSYoungGen: 174564K(1223168K)->0K(1223168K) Eden: 0K(1048576K)->0K(1048576K) From: 174564K(174592K)->0K(174592K)
[2026-09-24T04:55:03.044+0000][9.675s][info][gc,heap        ] GC(7) ParOldGen: 105452K(2796544K)->278444K(2796544K)
[2026-09-24T04:55:03.044+0000][9.675s][info][gc,metaspace   ] GC(7) Metaspace: 98773K(99648K)->98773K(99648K) NonClass: 84824K(85376K)->84824K(85376K) Class: 13948K(14272K)->13948K(14272K)
[2026-09-24T04:55:03.044+0000][9.675s][info][gc             ] GC(7) Pause Full (Metadata GC Threshold) 273M->271M(3925M) 402.715ms
[2026-09-24T04:55:03.044+0000][9.675s][info][gc,cpu         ] GC(7) User=1.47s Sys=0.01s Real=0.40s
[2026-09-24T04:55:06.547+0000][13.177s][info][gc,start       ] GC(8) Pause Young (Allocation Failure)
[2026-09-24T04:55:06.573+0000][13.204s][info][gc,heap        ] GC(8) PSYoungGen: 1048576K(1223168K)->45618K(1223168K) Eden: 1048576K(1048576K)->0K(1048576K) From: 0K(174592K)->45618K(174592K)
[2026-09-24T04:55:06.573+0000][13.204s][info][gc,heap        ] GC(8) ParOldGen: 278444K(2796544K)->278460K(2796544K)
[2026-09-24T04:55:06.573+0000][13.204s][info][gc,metaspace   ] GC(8) Metaspace: 119883K(121024K)->119883K(121024K) NonClass: 102645K(103296K)->102645K(103296K) Class: 17238K(17728K)->17238K(17728K)
[2026-09-24T04:55:06.573+0000][13.204s][info][gc             ] GC(8) Pause Young (Allocation Failure) 1295M->316M(3925M) 26.680ms
[2026-09-24T04:55:06.574+0000][13.204s][info][gc,cpu         ] GC(8) User=0.10s Sys=0.00s Real=0.03s
[2026-09-24T04:55:12.744+0000][19.375s][info][gc,start       ] GC(9) Pause Young (Allocation Failure)
[2026-09-24T04:55:12.802+0000][19.432s][info][gc,heap        ] GC(9) PSYoungGen: 1094194K(1223168K)->128410K(2233856K) Eden: 1048576K(1048576K)->0K(2076160K) From: 45618K(174592K)->128410K(157696K)
[2026-09-24T04:55:12.802+0000][19.432s][info][gc,heap        ] GC(9) ParOldGen: 278460K(2796544K)->278468K(2796544K)
[2026-09-24T04:55:12.802+0000][19.432s][info][gc,metaspace   ] GC(9) Metaspace: 149665K(150912K)->149665K(150912K) NonClass: 125286K(126016K)->125286K(126016K) Class: 24379K(24896K)->24379K(24896K)
[2026-09-24T04:55:12.802+0000][19.432s][info][gc             ] GC(9) Pause Young (Allocation Failure) 1340M->397M(4912M) 57.752ms
[2026-09-24T04:55:12.802+0000][19.432s][info][gc,cpu         ] GC(9) User=0.17s Sys=0.04s Real=0.06s
[2026-09-24T04:55:14.025+0000][20.655s][info][gc,start       ] GC(10) Pause Young (CodeCache GC Threshold)
[2026-09-24T04:55:14.081+0000][20.711s][info][gc,heap        ] GC(10) PSYoungGen: 416731K(2233856K)->150961K(2254848K) Eden: 288320K(2076160K)->0K(2076160K) From: 128410K(157696K)->150961K(178688K)
[2026-09-24T04:55:14.081+0000][20.711s][info][gc,heap        ] GC(10) ParOldGen: 278468K(2796544K)->278516K(2796544K)
[2026-09-24T04:55:14.081+0000][20.711s][info][gc,metaspace   ] GC(10) Metaspace: 150687K(151936K)->150687K(151936K) NonClass: 126186K(126912K)->126186K(126912K) Class: 24501K(25024K)->24501K(25024K)
[2026-09-24T04:55:14.081+0000][20.711s][info][gc             ] GC(10) Pause Young (CodeCache GC Threshold) 678M->419M(4933M) 56.222ms
[2026-09-24T04:55:14.081+0000][20.711s][info][gc,cpu         ] GC(10) User=0.18s Sys=0.04s Real=0.06s
[2026-09-24T04:55:14.081+0000][20.711s][info][gc,start       ] GC(11) Pause Full (CodeCache GC Threshold)
[2026-09-24T04:55:14.081+0000][20.711s][info][gc,phases,start] GC(11) Marking Phase
[2026-09-24T04:55:14.255+0000][20.885s][info][gc,phases      ] GC(11) Marking Phase 173.637ms
[2026-09-24T04:55:14.255+0000][20.885s][info][gc,phases,start] GC(11) Summary Phase
[2026-09-24T04:55:14.255+0000][20.885s][info][gc,phases      ] GC(11) Summary Phase 0.030ms
[2026-09-24T04:55:14.255+0000][20.885s][info][gc,phases,start] GC(11) Adjust Roots
[2026-09-24T04:55:14.276+0000][20.906s][info][gc,phases      ] GC(11) Adjust Roots 21.439ms
[2026-09-24T04:55:14.276+0000][20.906s][info][gc,phases,start] GC(11) Compaction Phase
[2026-09-24T04:55:14.606+0000][21.236s][info][gc,phases      ] GC(11) Compaction Phase 329.642ms
[2026-09-24T04:55:14.606+0000][21.236s][info][gc,phases,start] GC(11) Post Compact
[2026-09-24T04:55:14.611+0000][21.242s][info][gc,phases      ] GC(11) Post Compact 5.558ms
[2026-09-24T04:55:14.611+0000][21.242s][info][gc,heap        ] GC(11) PSYoungGen: 150961K(2254848K)->0K(2254848K) Eden: 0K(2076160K)->0K(2076160K) From: 150961K(178688K)->0K(178688K)
[2026-09-24T04:55:14.611+0000][21.242s][info][gc,heap        ] GC(11) ParOldGen: 278516K(2796544K)->389895K(2796544K)
[2026-09-24T04:55:14.611+0000][21.242s][info][gc,metaspace   ] GC(11) Metaspace: 150687K(151936K)->150623K(151936K) NonClass: 126186K(126912K)->126137K(126912K) Class: 24501K(25024K)->24485K(25024K)
[2026-09-24T04:55:14.611+0000][21.242s][info][gc             ] GC(11) Pause Full (CodeCache GC Threshold) 419M->380M(4933M) 530.487ms
[2026-09-24T04:55:14.611+0000][21.242s][info][gc,cpu         ] GC(11) User=1.91s Sys=0.01s Real=0.53s
[2026-09-24T04:55:19.015+0000][25.645s][info][gc,start       ] GC(12) Pause Young (Allocation Failure)
[2026-09-24T04:55:19.103+0000][25.733s][info][gc,heap        ] GC(12) PSYoungGen: 2076160K(2254848K)->201711K(2228736K) Eden: 2076160K(2076160K)->0K(2027008K) From: 0K(178688K)->201711K(201728K)
[2026-09-24T04:55:19.103+0000][25.733s][info][gc,heap        ] GC(12) ParOldGen: 389895K(2796544K)->466199K(2796544K)
[2026-09-24T04:55:19.103+0000][25.733s][info][gc,metaspace   ] GC(12) Metaspace: 152741K(154112K)->152741K(154112K) NonClass: 127936K(128704K)->127936K(128704K) Class: 24805K(25408K)->24805K(25408K)
[2026-09-24T04:55:19.103+0000][25.733s][info][gc             ] GC(12) Pause Young (Allocation Failure) 2408M->652M(4907M) 87.764ms
[2026-09-24T04:55:19.103+0000][25.733s][info][gc,cpu         ] GC(12) User=0.27s Sys=0.06s Real=0.09s
[2026-09-24T04:55:23.411+0000][30.041s][info][gc,start       ] GC(13) Pause Young (Allocation Failure)
[2026-09-24T04:55:23.490+0000][30.120s][info][gc,heap        ] GC(13) PSYoungGen: 2228719K(2228736K)->271847K(2298880K) Eden: 2027008K(2027008K)->0K(2027008K) From: 201711K(201728K)->271847K(271872K)
[2026-09-24T04:55:23.490+0000][30.120s][info][gc,heap        ] GC(13) ParOldGen: 466199K(2796544K)->548058K(2796544K)
[2026-09-24T04:55:23.490+0000][30.120s][info][gc,metaspace   ] GC(13) Metaspace: 153428K(154880K)->153428K(154880K) NonClass: 128514K(129344K)->128514K(129344K) Class: 24913K(25536K)->24913K(25536K)
[2026-09-24T04:55:23.490+0000][30.120s][info][gc             ] GC(13) Pause Young (Allocation Failure) 2631M->800M(4976M) 79.123ms
[2026-09-24T04:55:23.490+0000][30.120s][info][gc,cpu         ] GC(13) User=0.28s Sys=0.04s Real=0.08s
[2026-09-24T04:55:27.161+0000][33.792s][info][gc,start       ] GC(14) Pause Young (Allocation Failure)
[2026-09-24T04:55:27.262+0000][33.892s][info][gc,heap        ] GC(14) PSYoungGen: 2298855K(2298880K)->231280K(3115008K) Eden: 2027008K(2027008K)->0K(2762752K) From: 271847K(271872K)->231280K(352256K)
[2026-09-24T04:55:27.262+0000][33.892s][info][gc,heap        ] GC(14) ParOldGen: 548058K(2796544K)->729457K(2796544K)
[2026-09-24T04:55:27.262+0000][33.892s][info][gc,metaspace   ] GC(14) Metaspace: 154083K(155584K)->154083K(155584K) NonClass: 129092K(129920K)->129092K(129920K) Class: 24991K(25664K)->24991K(25664K)
[2026-09-24T04:55:27.262+0000][33.892s][info][gc             ] GC(14) Pause Young (Allocation Failure) 2780M->938M(5773M) 100.636ms
[2026-09-24T04:55:27.262+0000][33.892s][info][gc,cpu         ] GC(14) User=0.33s Sys=0.06s Real=0.10s
[2026-09-24T04:55:32.162+0000][38.792s][info][gc,start       ] GC(15) Pause Young (Allocation Failure)
[2026-09-24T04:55:32.266+0000][38.896s][info][gc,heap        ] GC(15) PSYoungGen: 2994032K(3115008K)->162333K(2925568K) Eden: 2762752K(2762752K)->0K(2762752K) From: 231280K(352256K)->162333K(162816K)
[2026-09-24T04:55:32.266+0000][38.896s][info][gc,heap        ] GC(15) ParOldGen: 729457K(2796544K)->974258K(2796544K)
[2026-09-24T04:55:32.266+0000][38.896s][info][gc,metaspace   ] GC(15) Metaspace: 154643K(156160K)->154643K(156160K) NonClass: 129594K(130432K)->129594K(130432K) Class: 25048K(25728K)->25048K(25728K)
[2026-09-24T04:55:32.266+0000][38.896s][info][gc             ] GC(15) Pause Young (Allocation Failure) 3636M->1109M(5588M) 103.796ms
[2026-09-24T04:55:32.266+0000][38.896s][info][gc,cpu         ] GC(15) User=0.30s Sys=0.11s Real=0.10s
[2026-09-24T04:55:37.300+0000][43.930s][info][gc,start       ] GC(16) Pause Young (Allocation Failure)
[2026-09-24T04:55:37.386+0000][44.016s][info][gc,heap        ] GC(16) PSYoungGen: 2925085K(2925568K)->192469K(3130368K) Eden: 2762752K(2762752K)->0K(2780160K) From: 162333K(162816K)->192469K(350208K)
[2026-09-24T04:55:37.386+0000][44.016s][info][gc,heap        ] GC(16) ParOldGen: 974258K(2796544K)->1146386K(2796544K)
[2026-09-24T04:55:37.386+0000][44.016s][info][gc,metaspace   ] GC(16) Metaspace: 154940K(156480K)->154940K(156480K) NonClass: 129870K(130752K)->129870K(130752K) Class: 25070K(25728K)->25070K(25728K)
[2026-09-24T04:55:37.386+0000][44.016s][info][gc             ] GC(16) Pause Young (Allocation Failure) 3807M->1307M(5788M) 86.198ms
[2026-09-24T04:55:37.386+0000][44.016s][info][gc,cpu         ] GC(16) User=0.30s Sys=0.03s Real=0.08s
[2026-09-24T04:55:43.211+0000][49.841s][info][gc,start       ] GC(17) Pause Young (CodeCache GC Threshold)
[2026-09-24T04:55:43.325+0000][49.955s][info][gc,heap        ] GC(17) PSYoungGen: 2799114K(3130368K)->256119K(3126784K) Eden: 2606644K(2780160K)->0K(2780160K) From: 192469K(350208K)->256119K(346624K)
[2026-09-24T04:55:43.325+0000][49.955s][info][gc,heap        ] GC(17) ParOldGen: 1146386K(2796544K)->1349767K(2796544K)
[2026-09-24T04:55:43.325+0000][49.955s][info][gc,metaspace   ] GC(17) Metaspace: 161410K(163008K)->161410K(163008K) NonClass: 135295K(136192K)->135295K(136192K) Class: 26114K(26816K)->26114K(26816K)
[2026-09-24T04:55:43.325+0000][49.955s][info][gc             ] GC(17) Pause Young (CodeCache GC Threshold) 3853M->1568M(5784M) 113.530ms
[2026-09-24T04:55:43.325+0000][49.955s][info][gc,cpu         ] GC(17) User=0.36s Sys=0.06s Real=0.11s
[2026-09-24T04:55:43.325+0000][49.955s][info][gc,start       ] GC(18) Pause Full (CodeCache GC Threshold)
[2026-09-24T04:55:43.325+0000][49.955s][info][gc,phases,start] GC(18) Marking Phase
[2026-09-24T04:55:43.698+0000][50.328s][info][gc,phases      ] GC(18) Marking Phase 373.422ms
[2026-09-24T04:55:43.698+0000][50.328s][info][gc,phases,start] GC(18) Summary Phase
[2026-09-24T04:55:43.698+0000][50.328s][info][gc,phases      ] GC(18) Summary Phase 0.048ms
[2026-09-24T04:55:43.698+0000][50.328s][info][gc,phases,start] GC(18) Adjust Roots
[2026-09-24T04:55:43.720+0000][50.350s][info][gc,phases      ] GC(18) Adjust Roots 22.174ms
[2026-09-24T04:55:43.720+0000][50.351s][info][gc,phases,start] GC(18) Compaction Phase
[2026-09-24T04:55:44.171+0000][50.801s][info][gc,phases      ] GC(18) Compaction Phase 450.588ms
[2026-09-24T04:55:44.171+0000][50.801s][info][gc,phases,start] GC(18) Post Compact
[2026-09-24T04:55:44.180+0000][50.810s][info][gc,phases      ] GC(18) Post Compact 8.827ms
[2026-09-24T04:55:44.180+0000][50.810s][info][gc,heap        ] GC(18) PSYoungGen: 256119K(3126784K)->0K(3126784K) Eden: 0K(2780160K)->0K(2780160K) From: 256119K(346624K)->0K(346624K)
[2026-09-24T04:55:44.180+0000][50.810s][info][gc,heap        ] GC(18) ParOldGen: 1349767K(2796544K)->1404116K(2796544K)
[2026-09-24T04:55:44.180+0000][50.810s][info][gc,metaspace   ] GC(18) Metaspace: 161410K(163008K)->161354K(163008K) NonClass: 135295K(136192K)->135254K(136192K) Class: 26114K(26816K)->26100K(26816K)
[2026-09-24T04:55:44.180+0000][50.810s][info][gc             ] GC(18) Pause Full (CodeCache GC Threshold) 1568M->1371M(5784M) 855.245ms
[2026-09-24T04:55:44.180+0000][50.810s][info][gc,cpu         ] GC(18) User=3.11s Sys=0.02s Real=0.86s
[2026-09-24T04:55:53.701+0000][60.332s][info][gc,start       ] GC(19) Pause Young (Allocation Failure)
[2026-09-24T04:55:53.843+0000][60.474s][info][gc,heap        ] GC(19) PSYoungGen: 2780160K(3126784K)->358878K(3023872K) Eden: 2780160K(2780160K)->0K(2658304K) From: 0K(346624K)->358878K(365568K)
[2026-09-24T04:55:53.843+0000][60.474s][info][gc,heap        ] GC(19) ParOldGen: 1404116K(2796544K)->1404124K(2796544K)
[2026-09-24T04:55:53.843+0000][60.474s][info][gc,metaspace   ] GC(19) Metaspace: 164685K(166336K)->164685K(166336K) NonClass: 138372K(139328K)->138372K(139328K) Class: 26313K(27008K)->26313K(27008K)
[2026-09-24T04:55:53.843+0000][60.474s][info][gc             ] GC(19) Pause Young (Allocation Failure) 4086M->1721M(5684M) 142.048ms
[2026-09-24T04:55:53.843+0000][60.474s][info][gc,cpu         ] GC(19) User=0.48s Sys=0.04s Real=0.14s
[2026-09-24T04:55:58.118+0000][64.748s][info][gc,start       ] GC(20) Pause Young (CodeCache GC Threshold)
[2026-09-24T04:55:58.333+0000][64.963s][info][gc,heap        ] GC(20) PSYoungGen: 2403590K(3023872K)->184450K(3076608K) Eden: 2044712K(2658304K)->0K(2658304K) From: 358878K(365568K)->184450K(418304K)
[2026-09-24T04:55:58.333+0000][64.963s][info][gc,heap        ] GC(20) ParOldGen: 1404124K(2796544K)->1748716K(2796544K)
[2026-09-24T04:55:58.333+0000][64.963s][info][gc,metaspace   ] GC(20) Metaspace: 165002K(166656K)->165002K(166656K) NonClass: 138669K(139584K)->138669K(139584K) Class: 26333K(27072K)->26333K(27072K)
[2026-09-24T04:55:58.333+0000][64.963s][info][gc             ] GC(20) Pause Young (CodeCache GC Threshold) 3718M->1887M(5735M) 214.411ms
[2026-09-24T04:55:58.333+0000][64.963s][info][gc,cpu         ] GC(20) User=0.66s Sys=0.15s Real=0.21s
[2026-09-24T04:55:58.333+0000][64.963s][info][gc,start       ] GC(21) Pause Full (CodeCache GC Threshold)
[2026-09-24T04:55:58.333+0000][64.963s][info][gc,phases,start] GC(21) Marking Phase
[2026-09-24T04:55:58.915+0000][65.545s][info][gc,phases      ] GC(21) Marking Phase 582.293ms
[2026-09-24T04:55:58.915+0000][65.545s][info][gc,phases,start] GC(21) Summary Phase
[2026-09-24T04:55:58.915+0000][65.545s][info][gc,phases      ] GC(21) Summary Phase 0.068ms
[2026-09-24T04:55:58.915+0000][65.545s][info][gc,phases,start] GC(21) Adjust Roots
[2026-09-24T04:55:58.940+0000][65.570s][info][gc,phases      ] GC(21) Adjust Roots 24.627ms
[2026-09-24T04:55:58.940+0000][65.570s][info][gc,phases,start] GC(21) Compaction Phase
[2026-09-24T04:55:59.680+0000][66.310s][info][gc,phases      ] GC(21) Compaction Phase 740.396ms
[2026-09-24T04:55:59.680+0000][66.310s][info][gc,phases,start] GC(21) Post Compact
[2026-09-24T04:55:59.689+0000][66.319s][info][gc,phases      ] GC(21) Post Compact 8.700ms
[2026-09-24T04:55:59.689+0000][66.319s][info][gc,heap        ] GC(21) PSYoungGen: 184450K(3076608K)->0K(3076608K) Eden: 0K(2658304K)->0K(2658304K) From: 184450K(418304K)->0K(418304K)
[2026-09-24T04:55:59.689+0000][66.319s][info][gc,heap        ] GC(21) ParOldGen: 1748716K(2796544K)->1915839K(2796544K)
[2026-09-24T04:55:59.689+0000][66.319s][info][gc,metaspace   ] GC(21) Metaspace: 165002K(166656K)->164962K(166656K) NonClass: 138669K(139584K)->138639K(139584K) Class: 26333K(27072K)->26322K(27072K)
[2026-09-24T04:55:59.689+0000][66.319s][info][gc             ] GC(21) Pause Full (CodeCache GC Threshold) 1887M->1870M(5735M) 1356.305ms
[2026-09-24T04:55:59.689+0000][66.319s][info][gc,cpu         ] GC(21) User=4.93s Sys=0.07s Real=1.36s
[2026-09-24T04:56:04.432+0000][71.062s][info][gc,start       ] GC(22) Pause Young (Allocation Failure)
[2026-09-24T04:56:04.533+0000][71.163s][info][gc,heap        ] GC(22) PSYoungGen: 2658304K(3076608K)->191458K(3017728K) Eden: 2658304K(2658304K)->0K(2681344K) From: 0K(418304K)->191458K(336384K)
[2026-09-24T04:56:04.533+0000][71.163s][info][gc,heap        ] GC(22) ParOldGen: 1915839K(2796544K)->1915847K(2796544K)
[2026-09-24T04:56:04.533+0000][71.163s][info][gc,metaspace   ] GC(22) Metaspace: 164983K(166656K)->164983K(166656K) NonClass: 138658K(139584K)->138658K(139584K) Class: 26324K(27072K)->26324K(27072K)
[2026-09-24T04:56:04.533+0000][71.163s][info][gc             ] GC(22) Pause Young (Allocation Failure) 4466M->2057M(5678M) 100.600ms
[2026-09-24T04:56:04.533+0000][71.163s][info][gc,cpu         ] GC(22) User=0.38s Sys=0.02s Real=0.10s
[2026-09-24T04:56:08.794+0000][75.424s][info][gc,start       ] GC(23) Pause Young (Allocation Failure)
[2026-09-24T04:56:08.964+0000][75.594s][info][gc,heap        ] GC(23) PSYoungGen: 2872802K(3017728K)->178307K(3058688K) Eden: 2681344K(2681344K)->0K(2681344K) From: 191458K(336384K)->178307K(377344K)
[2026-09-24T04:56:08.964+0000][75.594s][info][gc,heap        ] GC(23) ParOldGen: 1915847K(2796544K)->2086684K(2796544K)
[2026-09-24T04:56:08.964+0000][75.594s][info][gc,metaspace   ] GC(23) Metaspace: 165009K(166720K)->165009K(166720K) NonClass: 138669K(139648K)->138669K(139648K) Class: 26340K(27072K)->26340K(27072K)
[2026-09-24T04:56:08.964+0000][75.594s][info][gc             ] GC(23) Pause Young (Allocation Failure) 4676M->2211M(5718M) 169.672ms
[2026-09-24T04:56:08.964+0000][75.594s][info][gc,cpu         ] GC(23) User=0.56s Sys=0.09s Real=0.17s
[2026-09-24T04:56:13.045+0000][79.675s][info][gc,start       ] GC(24) Pause Young (Allocation Failure)
[2026-09-24T04:56:13.217+0000][79.847s][info][gc,heap        ] GC(24) PSYoungGen: 2859651K(3058688K)->170002K(3068416K) Eden: 2681344K(2681344K)->0K(2758656K) From: 178307K(377344K)->170002K(309760K)
[2026-09-24T04:56:13.217+0000][79.847s][info][gc,heap        ] GC(24) ParOldGen: 2086684K(2796544K)->2241338K(2796544K)
[2026-09-24T04:56:13.217+0000][79.847s][info][gc,metaspace   ] GC(24) Metaspace: 165077K(166720K)->165077K(166720K) NonClass: 138707K(139648K)->138707K(139648K) Class: 26369K(27072K)->26369K(27072K)
[2026-09-24T04:56:13.217+0000][79.847s][info][gc             ] GC(24) Pause Young (Allocation Failure) 4830M->2354M(5727M) 172.045ms
[2026-09-24T04:56:13.217+0000][79.847s][info][gc,cpu         ] GC(24) User=0.56s Sys=0.11s Real=0.18s
[2026-09-24T04:56:17.049+0000][83.679s][info][gc,start       ] GC(25) Pause Young (Allocation Failure)
[2026-09-24T04:56:17.228+0000][83.858s][info][gc,heap        ] GC(25) PSYoungGen: 2928658K(3068416K)->168083K(3102208K) Eden: 2758656K(2758656K)->0K(2758656K) From: 170002K(309760K)->168083K(343552K)
[2026-09-24T04:56:17.228+0000][83.858s][info][gc,heap        ] GC(25) ParOldGen: 2241338K(2796544K)->2385452K(2796544K)
[2026-09-24T04:56:17.228+0000][83.858s][info][gc,metaspace   ] GC(25) Metaspace: 165255K(166976K)->165255K(166976K) NonClass: 138871K(139840K)->138871K(139840K) Class: 26383K(27136K)->26383K(27136K)
[2026-09-24T04:56:17.228+0000][83.858s][info][gc             ] GC(25) Pause Young (Allocation Failure) 5048M->2493M(5760M) 178.769ms
[2026-09-24T04:56:17.228+0000][83.858s][info][gc,cpu         ] GC(25) User=0.63s Sys=0.07s Real=0.18s
[2026-09-24T04:56:21.233+0000][87.863s][info][gc,start       ] GC(26) Pause Young (Allocation Failure)
[2026-09-24T04:56:21.395+0000][88.025s][info][gc,heap        ] GC(26) PSYoungGen: 2926739K(3102208K)->157090K(3115008K) Eden: 2758656K(2758656K)->0K(2821632K) From: 168083K(343552K)->157090K(293376K)
[2026-09-24T04:56:21.395+0000][88.025s][info][gc,heap        ] GC(26) ParOldGen: 2385452K(2796544K)->2524805K(2796544K)
[2026-09-24T04:56:21.395+0000][88.025s][info][gc,metaspace   ] GC(26) Metaspace: 165442K(167104K)->165442K(167104K) NonClass: 139009K(139968K)->139009K(139968K) Class: 26433K(27136K)->26433K(27136K)
[2026-09-24T04:56:21.395+0000][88.025s][info][gc             ] GC(26) Pause Young (Allocation Failure) 5187M->2619M(5773M) 161.756ms
[2026-09-24T04:56:21.395+0000][88.025s][info][gc,cpu         ] GC(26) User=0.57s Sys=0.06s Real=0.16s
[2026-09-24T04:56:25.023+0000][91.653s][info][gc,start       ] GC(27) Pause Young (Allocation Failure)
[2026-09-24T04:56:25.180+0000][91.810s][info][gc,heap        ] GC(27) PSYoungGen: 2978722K(3115008K)->141058K(3140096K) Eden: 2821632K(2821632K)->0K(2821632K) From: 157090K(293376K)->141058K(318464K)
[2026-09-24T04:56:25.180+0000][91.810s][info][gc,heap        ] GC(27) ParOldGen: 2524805K(2796544K)->2651968K(2796544K)
[2026-09-24T04:56:25.180+0000][91.810s][info][gc,metaspace   ] GC(27) Metaspace: 165520K(167168K)->165520K(167168K) NonClass: 139082K(140032K)->139082K(140032K) Class: 26437K(27136K)->26437K(27136K)
[2026-09-24T04:56:25.180+0000][91.810s][info][gc             ] GC(27) Pause Young (Allocation Failure) 5374M->2727M(5797M) 156.914ms
[2026-09-24T04:56:25.180+0000][91.810s][info][gc,cpu         ] GC(27) User=0.57s Sys=0.04s Real=0.16s
[2026-09-24T04:56:28.608+0000][95.238s][info][gc,start       ] GC(28) Pause Young (Allocation Failure)
[2026-09-24T04:56:28.766+0000][95.396s][info][gc,heap        ] GC(28) PSYoungGen: 2962690K(3140096K)->146210K(3151360K) Eden: 2821632K(2821632K)->0K(2865664K) From: 141058K(318464K)->146210K(285696K)
[2026-09-24T04:56:28.766+0000][95.396s][info][gc,heap        ] GC(28) ParOldGen: 2651968K(2796544K)->2759981K(2796544K)
[2026-09-24T04:56:28.766+0000][95.396s][info][gc,metaspace   ] GC(28) Metaspace: 165541K(167168K)->165541K(167168K) NonClass: 139103K(140032K)->139103K(140032K) Class: 26438K(27136K)->26438K(27136K)
[2026-09-24T04:56:28.766+0000][95.396s][info][gc             ] GC(28) Pause Young (Allocation Failure) 5483M->2838M(5808M) 157.462ms
[2026-09-24T04:56:28.766+0000][95.396s][info][gc,cpu         ] GC(28) User=0.60s Sys=0.02s Real=0.15s
[2026-09-24T04:56:32.187+0000][98.817s][info][gc,start       ] GC(29) Pause Young (Allocation Failure)
[2026-09-24T04:56:32.361+0000][98.991s][info][gc,heap        ] GC(29) PSYoungGen: 3011874K(3151360K)->147041K(3167744K) Eden: 2865664K(2865664K)->0K(2865664K) From: 146210K(285696K)->147041K(302080K)
[2026-09-24T04:56:32.361+0000][98.991s][info][gc,heap        ] GC(29) ParOldGen: 2759981K(2796544K)->2871137K(2871296K)
[2026-09-24T04:56:32.361+0000][98.991s][info][gc,metaspace   ] GC(29) Metaspace: 165666K(167360K)->165666K(167360K) NonClass: 139215K(140160K)->139215K(140160K) Class: 26451K(27200K)->26451K(27200K)
[2026-09-24T04:56:32.361+0000][98.991s][info][gc             ] GC(29) Pause Young (Allocation Failure) 5636M->2947M(5897M) 173.911ms
[2026-09-24T04:56:32.361+0000][98.991s][info][gc,cpu         ] GC(29) User=0.59s Sys=0.08s Real=0.17s
[2026-09-24T04:56:35.678+0000][102.308s][info][gc,start       ] GC(30) Pause Young (Allocation Failure)
[2026-09-24T04:56:35.871+0000][102.501s][info][gc,heap        ] GC(30) PSYoungGen: 3012705K(3167744K)->134049K(3173376K) Eden: 2865664K(2865664K)->0K(2899968K) From: 147041K(302080K)->134049K(273408K)
[2026-09-24T04:56:35.871+0000][102.501s][info][gc,heap        ] GC(30) ParOldGen: 2871137K(2871296K)->2982187K(2982400K)
[2026-09-24T04:56:35.871+0000][102.501s][info][gc,metaspace   ] GC(30) Metaspace: 165694K(167424K)->165694K(167424K) NonClass: 139242K(140224K)->139242K(140224K) Class: 26451K(27200K)->26451K(27200K)
[2026-09-24T04:56:35.871+0000][102.501s][info][gc             ] GC(30) Pause Young (Allocation Failure) 5745M->3043M(6011M) 192.848ms
[2026-09-24T04:56:35.871+0000][102.501s][info][gc,cpu         ] GC(30) User=0.65s Sys=0.07s Real=0.19s
[2026-09-24T04:56:39.450+0000][106.080s][info][gc,start       ] GC(31) Pause Young (Allocation Failure)
[2026-09-24T04:56:39.623+0000][106.253s][info][gc,heap        ] GC(31) PSYoungGen: 3034017K(3173376K)->135346K(3186688K) Eden: 2899968K(2899968K)->0K(2899968K) From: 134049K(273408K)->135346K(286720K)
[2026-09-24T04:56:39.623+0000][106.253s][info][gc,heap        ] GC(31) ParOldGen: 2982187K(2982400K)->3077402K(3077632K)
[2026-09-24T04:56:39.623+0000][106.253s][info][gc,metaspace   ] GC(31) Metaspace: 165807K(167552K)->165807K(167552K) NonClass: 139341K(140352K)->139341K(140352K) Class: 26466K(27200K)->26466K(27200K)
[2026-09-24T04:56:39.623+0000][106.253s][info][gc             ] GC(31) Pause Young (Allocation Failure) 5875M->3137M(6117M) 172.413ms
[2026-09-24T04:56:39.623+0000][106.253s][info][gc,cpu         ] GC(31) User=0.61s Sys=0.07s Real=0.17s
[2026-09-24T04:56:43.070+0000][109.700s][info][gc,start       ] GC(32) Pause Young (Allocation Failure)
[2026-09-24T04:56:43.229+0000][109.859s][info][gc,heap        ] GC(32) PSYoungGen: 3035314K(3186688K)->62754K(3205120K) Eden: 2899968K(2899968K)->0K(2925568K) From: 135346K(286720K)->62754K(279552K)
[2026-09-24T04:56:43.229+0000][109.859s][info][gc,heap        ] GC(32) ParOldGen: 3077402K(3077632K)->3171570K(3171840K)
[2026-09-24T04:56:43.229+0000][109.859s][info][gc,metaspace   ] GC(32) Metaspace: 165864K(167616K)->165864K(167616K) NonClass: 139391K(140416K)->139391K(140416K) Class: 26472K(27200K)->26472K(27200K)
[2026-09-24T04:56:43.229+0000][109.859s][info][gc             ] GC(32) Pause Young (Allocation Failure) 5969M->3158M(6227M) 158.889ms
[2026-09-24T04:56:43.229+0000][109.859s][info][gc,cpu         ] GC(32) User=0.56s Sys=0.05s Real=0.16s
[2026-09-24T04:56:46.584+0000][113.214s][info][gc,start       ] GC(33) Pause Young (Allocation Failure)
[2026-09-24T04:56:46.706+0000][113.336s][info][gc,heap        ] GC(33) PSYoungGen: 2988322K(3205120K)->64402K(2990080K) Eden: 2925568K(2925568K)->0K(2925568K) From: 62754K(279552K)->64402K(64512K)
[2026-09-24T04:56:46.706+0000][113.336s][info][gc,heap        ] GC(33) ParOldGen: 3171570K(3171840K)->3194808K(3194880K)
[2026-09-24T04:56:46.706+0000][113.336s][info][gc,metaspace   ] GC(33) Metaspace: 165916K(167616K)->165916K(167616K) NonClass: 139444K(140416K)->139444K(140416K) Class: 26472K(27200K)->26472K(27200K)
[2026-09-24T04:56:46.706+0000][113.336s][info][gc             ] GC(33) Pause Young (Allocation Failure) 6015M->3182M(6040M) 121.995ms
[2026-09-24T04:56:46.706+0000][113.336s][info][gc,cpu         ] GC(33) User=0.48s Sys=0.02s Real=0.12s
[2026-09-24T04:56:48.535+0000][115.165s][info][gc,start       ] GC(34) Pause Young (CodeCache GC Threshold)
[2026-09-24T04:56:48.653+0000][115.283s][info][gc,heap        ] GC(34) PSYoungGen: 1685868K(2990080K)->50337K(3205120K) Eden: 1621466K(2925568K)->0K(2918400K) From: 64402K(64512K)->50337K(286720K)
[2026-09-24T04:56:48.653+0000][115.283s][info][gc,heap        ] GC(34) ParOldGen: 3194808K(3194880K)->3221563K(3222016K)
[2026-09-24T04:56:48.653+0000][115.283s][info][gc,metaspace   ] GC(34) Metaspace: 165927K(167680K)->165927K(167680K) NonClass: 139454K(140480K)->139454K(140480K) Class: 26472K(27200K)->26472K(27200K)
[2026-09-24T04:56:48.653+0000][115.283s][info][gc             ] GC(34) Pause Young (CodeCache GC Threshold) 4766M->3195M(6276M) 118.325ms
[2026-09-24T04:56:48.653+0000][115.283s][info][gc,cpu         ] GC(34) User=0.45s Sys=0.02s Real=0.12s
[2026-09-24T04:56:48.653+0000][115.283s][info][gc,start       ] GC(35) Pause Full (CodeCache GC Threshold)
[2026-09-24T04:56:48.653+0000][115.283s][info][gc,phases,start] GC(35) Marking Phase
[2026-09-24T04:56:49.690+0000][116.320s][info][gc,phases      ] GC(35) Marking Phase 1036.783ms
[2026-09-24T04:56:49.690+0000][116.320s][info][gc,phases,start] GC(35) Summary Phase
[2026-09-24T04:56:49.690+0000][116.320s][info][gc,phases      ] GC(35) Summary Phase 0.058ms
[2026-09-24T04:56:49.690+0000][116.320s][info][gc,phases,start] GC(35) Adjust Roots
[2026-09-24T04:56:49.710+0000][116.340s][info][gc,phases      ] GC(35) Adjust Roots 20.432ms
[2026-09-24T04:56:49.710+0000][116.340s][info][gc,phases,start] GC(35) Compaction Phase
[2026-09-24T04:56:50.938+0000][117.568s][info][gc,phases      ] GC(35) Compaction Phase 1227.894ms
[2026-09-24T04:56:50.938+0000][117.568s][info][gc,phases,start] GC(35) Post Compact
[2026-09-24T04:56:50.946+0000][117.577s][info][gc,phases      ] GC(35) Post Compact 8.196ms
[2026-09-24T04:56:50.946+0000][117.577s][info][gc,heap        ] GC(35) PSYoungGen: 50337K(3205120K)->0K(3205120K) Eden: 0K(2918400K)->0K(2918400K) From: 50337K(286720K)->0K(286720K)
[2026-09-24T04:56:50.946+0000][117.577s][info][gc,heap        ] GC(35) ParOldGen: 3221563K(3222016K)->3161579K(3222016K)
[2026-09-24T04:56:50.946+0000][117.577s][info][gc,metaspace   ] GC(35) Metaspace: 165927K(167680K)->165923K(167680K) NonClass: 139454K(140480K)->139452K(140480K) Class: 26472K(27200K)->26471K(27200K)
[2026-09-24T04:56:50.947+0000][117.577s][info][gc             ] GC(35) Pause Full (CodeCache GC Threshold) 3195M->3087M(6276M) 2293.570ms
[2026-09-24T04:56:50.947+0000][117.577s][info][gc,cpu         ] GC(35) User=8.52s Sys=0.04s Real=2.29s
[2026-09-24T04:56:54.262+0000][120.893s][info][gc,start       ] GC(36) Pause Young (Allocation Failure)
[2026-09-24T04:56:54.372+0000][121.003s][info][gc,heap        ] GC(36) PSYoungGen: 2918400K(3205120K)->59793K(2978304K) Eden: 2918400K(2918400K)->0K(2918400K) From: 0K(286720K)->59793K(59904K)
[2026-09-24T04:56:54.372+0000][121.003s][info][gc,heap        ] GC(36) ParOldGen: 3161579K(3222016K)->3161579K(3222016K)
[2026-09-24T04:56:54.372+0000][121.003s][info][gc,metaspace   ] GC(36) Metaspace: 165957K(167680K)->165957K(167680K) NonClass: 139476K(140480K)->139476K(140480K) Class: 26481K(27200K)->26481K(27200K)
[2026-09-24T04:56:54.372+0000][121.003s][info][gc             ] GC(36) Pause Young (Allocation Failure) 5937M->3145M(6055M) 109.993ms
[2026-09-24T04:56:54.372+0000][121.003s][info][gc,cpu         ] GC(36) User=0.43s Sys=0.00s Real=0.11s
[2026-09-24T04:56:57.720+0000][124.350s][info][gc,start       ] GC(37) Pause Young (Allocation Failure)
[2026-09-24T04:56:57.836+0000][124.467s][info][gc,heap        ] GC(37) PSYoungGen: 2978193K(2978304K)->60706K(3209216K) Eden: 2918400K(2918400K)->0K(2924032K) From: 59793K(59904K)->60706K(285184K)
[2026-09-24T04:56:57.836+0000][124.467s][info][gc,heap        ] GC(37) ParOldGen: 3161579K(3222016K)->3181575K(3222016K)
[2026-09-24T04:56:57.836+0000][124.467s][info][gc,metaspace   ] GC(37) Metaspace: 165971K(167680K)->165971K(167680K) NonClass: 139489K(140480K)->139489K(140480K) Class: 26482K(27200K)->26482K(27200K)
[2026-09-24T04:56:57.836+0000][124.467s][info][gc             ] GC(37) Pause Young (Allocation Failure) 5995M->3166M(6280M) 116.141ms
[2026-09-24T04:56:57.836+0000][124.467s][info][gc,cpu         ] GC(37) User=0.45s Sys=0.00s Real=0.11s
[2026-09-24T04:57:01.520+0000][128.150s][info][gc,start       ] GC(38) Pause Young (Allocation Failure)
[2026-09-24T04:57:01.634+0000][128.264s][info][gc,heap        ] GC(38) PSYoungGen: 2984738K(3209216K)->56929K(2981376K) Eden: 2924032K(2924032K)->0K(2924032K) From: 60706K(285184K)->56929K(57344K)
[2026-09-24T04:57:01.634+0000][128.264s][info][gc,heap        ] GC(38) ParOldGen: 3181575K(3222016K)->3201859K(3222016K)
[2026-09-24T04:57:01.634+0000][128.264s][info][gc,metaspace   ] GC(38) Metaspace: 166053K(167744K)->166053K(167744K) NonClass: 139570K(140544K)->139570K(140544K) Class: 26482K(27200K)->26482K(27200K)
[2026-09-24T04:57:01.634+0000][128.264s][info][gc             ] GC(38) Pause Young (Allocation Failure) 6021M->3182M(6058M) 113.857ms
[2026-09-24T04:57:01.634+0000][128.264s][info][gc,cpu         ] GC(38) User=0.45s Sys=0.00s Real=0.11s
[2026-09-24T04:57:04.944+0000][131.574s][info][gc,start       ] GC(39) Pause Young (Allocation Failure)
[2026-09-24T04:57:05.061+0000][131.691s][info][gc,heap        ] GC(39) PSYoungGen: 2980961K(2981376K)->59266K(3210752K) Eden: 2924032K(2924032K)->0K(2935296K) From: 56929K(57344K)->59266K(275456K)
[2026-09-24T04:57:05.061+0000][131.691s][info][gc,heap        ] GC(39) ParOldGen: 3201859K(3222016K)->3220225K(3222016K)
[2026-09-24T04:57:05.061+0000][131.691s][info][gc,metaspace   ] GC(39) Metaspace: 166081K(167808K)->166081K(167808K) NonClass: 139597K(140608K)->139597K(140608K) Class: 26483K(27200K)->26483K(27200K)
[2026-09-24T04:57:05.061+0000][131.691s][info][gc             ] GC(39) Pause Young (Allocation Failure) 6037M->3202M(6282M) 116.410ms
[2026-09-24T04:57:05.061+0000][131.691s][info][gc,cpu         ] GC(39) User=0.46s Sys=0.00s Real=0.12s
[2026-09-24T04:57:08.592+0000][135.222s][info][gc,start       ] GC(40) Pause Young (Allocation Failure)
[2026-09-24T04:57:08.712+0000][135.342s][info][gc,heap        ] GC(40) PSYoungGen: 2994562K(3210752K)->58722K(3204096K) Eden: 2935296K(2935296K)->0K(2935296K) From: 59266K(275456K)->58722K(268800K)
[2026-09-24T04:57:08.712+0000][135.342s][info][gc,heap        ] GC(40) ParOldGen: 3220225K(3222016K)->3239750K(3239936K)
[2026-09-24T04:57:08.712+0000][135.342s][info][gc,metaspace   ] GC(40) Metaspace: 166095K(167808K)->166095K(167808K) NonClass: 139610K(140608K)->139610K(140608K) Class: 26484K(27200K)->26484K(27200K)
[2026-09-24T04:57:08.712+0000][135.342s][info][gc             ] GC(40) Pause Young (Allocation Failure) 6069M->3221M(6293M) 119.764ms
[2026-09-24T04:57:08.712+0000][135.342s][info][gc,cpu         ] GC(40) User=0.46s Sys=0.01s Real=0.12s
[2026-09-24T04:57:12.060+0000][138.690s][info][gc,start       ] GC(41) Pause Young (Allocation Failure)
[2026-09-24T04:57:12.177+0000][138.807s][info][gc,heap        ] GC(41) PSYoungGen: 2994018K(3204096K)->58817K(3217920K) Eden: 2935296K(2935296K)->0K(2958848K) From: 58722K(268800K)->58817K(259072K)
[2026-09-24T04:57:12.177+0000][138.808s][info][gc,heap        ] GC(41) ParOldGen: 3239750K(3239936K)->3260606K(3260928K)
[2026-09-24T04:57:12.177+0000][138.808s][info][gc,metaspace   ] GC(41) Metaspace: 166127K(167808K)->166127K(167808K) NonClass: 139642K(140608K)->139642K(140608K) Class: 26484K(27200K)->26484K(27200K)
[2026-09-24T04:57:12.177+0000][138.808s][info][gc             ] GC(41) Pause Young (Allocation Failure) 6087M->3241M(6327M) 117.464ms
[2026-09-24T04:57:12.177+0000][138.808s][info][gc,cpu         ] GC(41) User=0.45s Sys=0.01s Real=0.12s
[2026-09-24T04:57:15.626+0000][142.256s][info][gc,start       ] GC(42) Pause Young (Allocation Failure)
[2026-09-24T04:57:15.744+0000][142.374s][info][gc,heap        ] GC(42) PSYoungGen: 3017665K(3217920K)->57681K(3211776K) Eden: 2958848K(2958848K)->0K(2958848K) From: 58817K(259072K)->57681K(252928K)
[2026-09-24T04:57:15.744+0000][142.374s][info][gc,heap        ] GC(42) ParOldGen: 3260606K(3260928K)->3280326K(3280384K)
[2026-09-24T04:57:15.744+0000][142.374s][info][gc,metaspace   ] GC(42) Metaspace: 166140K(167808K)->166140K(167808K) NonClass: 139655K(140608K)->139655K(140608K) Class: 26484K(27200K)->26484K(27200K)
[2026-09-24T04:57:15.744+0000][142.374s][info][gc             ] GC(42) Pause Young (Allocation Failure) 6131M->3259M(6340M) 118.357ms
[2026-09-24T04:57:15.744+0000][142.374s][info][gc,cpu         ] GC(42) User=0.46s Sys=0.01s Real=0.12s
[2026-09-24T04:57:19.148+0000][145.778s][info][gc,start       ] GC(43) Pause Young (Allocation Failure)
[2026-09-24T04:57:19.277+0000][145.907s][info][gc,heap        ] GC(43) PSYoungGen: 3016529K(3211776K)->59154K(3233280K) Eden: 2958848K(2958848K)->0K(2991616K) From: 57681K(252928K)->59154K(241664K)
[2026-09-24T04:57:19.277+0000][145.907s][info][gc,heap        ] GC(43) ParOldGen: 3280326K(3280384K)->3300590K(3300864K)
[2026-09-24T04:57:19.277+0000][145.907s][info][gc,metaspace   ] GC(43) Metaspace: 166176K(167872K)->166176K(167872K) NonClass: 139690K(140672K)->139690K(140672K) Class: 26485K(27200K)->26485K(27200K)
[2026-09-24T04:57:19.277+0000][145.907s][info][gc             ] GC(43) Pause Young (Allocation Failure) 6149M->3281M(6381M) 128.364ms
[2026-09-24T04:57:19.277+0000][145.907s][info][gc,cpu         ] GC(43) User=0.48s Sys=0.01s Real=0.12s
[2026-09-24T04:57:22.772+0000][149.403s][info][gc,start       ] GC(44) Pause Young (Allocation Failure)
[2026-09-24T04:57:22.899+0000][149.529s][info][gc,heap        ] GC(44) PSYoungGen: 3050770K(3233280K)->55729K(3227648K) Eden: 2991616K(2991616K)->0K(2991616K) From: 59154K(241664K)->55729K(236032K)
[2026-09-24T04:57:22.899+0000][149.529s][info][gc,heap        ] GC(44) ParOldGen: 3300590K(3300864K)->3321159K(3321344K)
[2026-09-24T04:57:22.899+0000][149.529s][info][gc,metaspace   ] GC(44) Metaspace: 166201K(167872K)->166201K(167872K) NonClass: 139715K(140672K)->139715K(140672K) Class: 26485K(27200K)->26485K(27200K)
[2026-09-24T04:57:22.899+0000][149.529s][info][gc             ] GC(44) Pause Young (Allocation Failure) 6202M->3297M(6395M) 126.242ms
[2026-09-24T04:57:22.899+0000][149.529s][info][gc,cpu         ] GC(44) User=0.46s Sys=0.04s Real=0.13s
[2026-09-24T04:57:26.192+0000][152.822s][info][gc,start       ] GC(45) Pause Young (Allocation Failure)
[2026-09-24T04:57:26.308+0000][152.938s][info][gc,heap        ] GC(45) PSYoungGen: 3047345K(3227648K)->57553K(3250176K) Eden: 2991616K(2991616K)->0K(3025920K) From: 55729K(236032K)->57553K(224256K)
[2026-09-24T04:57:26.308+0000][152.938s][info][gc,heap        ] GC(45) ParOldGen: 3321159K(3321344K)->3339436K(3339776K)
[2026-09-24T04:57:26.308+0000][152.938s][info][gc,metaspace   ] GC(45) Metaspace: 166207K(167872K)->166207K(167872K) NonClass: 139721K(140672K)->139721K(140672K) Class: 26485K(27200K)->26485K(27200K)
[2026-09-24T04:57:26.308+0000][152.938s][info][gc             ] GC(45) Pause Young (Allocation Failure) 6219M->3317M(6435M) 115.737ms
[2026-09-24T04:57:26.308+0000][152.938s][info][gc,cpu         ] GC(45) User=0.45s Sys=0.01s Real=0.12s
[2026-09-24T04:57:29.818+0000][156.448s][info][gc,start       ] GC(46) Pause Young (Allocation Failure)
[2026-09-24T04:57:29.941+0000][156.572s][info][gc,heap        ] GC(46) PSYoungGen: 3083473K(3250176K)->54945K(3244544K) Eden: 3025920K(3025920K)->0K(3025920K) From: 57553K(224256K)->54945K(218624K)
[2026-09-24T04:57:29.941+0000][156.572s][info][gc,heap        ] GC(46) ParOldGen: 3339436K(3339776K)->3358661K(3358720K)
[2026-09-24T04:57:29.941+0000][156.572s][info][gc,metaspace   ] GC(46) Metaspace: 166233K(167936K)->166233K(167936K) NonClass: 139747K(140736K)->139747K(140736K) Class: 26486K(27200K)->26486K(27200K)
[2026-09-24T04:57:29.942+0000][156.572s][info][gc             ] GC(46) Pause Young (Allocation Failure) 6272M->3333M(6448M) 123.722ms
[2026-09-24T04:57:29.942+0000][156.572s][info][gc,cpu         ] GC(46) User=0.46s Sys=0.02s Real=0.12s
[2026-09-24T04:57:33.336+0000][159.966s][info][gc,start       ] GC(47) Pause Young (Allocation Failure)
[2026-09-24T04:57:33.452+0000][160.082s][info][gc,heap        ] GC(47) PSYoungGen: 3080865K(3244544K)->56273K(3267584K) Eden: 3025920K(3025920K)->0K(3060736K) From: 54945K(218624K)->56273K(206848K)
[2026-09-24T04:57:33.452+0000][160.082s][info][gc,heap        ] GC(47) ParOldGen: 3358661K(3358720K)->3376278K(3376640K)
[2026-09-24T04:57:33.452+0000][160.082s][info][gc,metaspace   ] GC(47) Metaspace: 166238K(167936K)->166238K(167936K) NonClass: 139751K(140736K)->139751K(140736K) Class: 26486K(27200K)->26486K(27200K)
[2026-09-24T04:57:33.452+0000][160.082s][info][gc             ] GC(47) Pause Young (Allocation Failure) 6288M->3352M(6488M) 116.316ms
[2026-09-24T04:57:33.452+0000][160.082s][info][gc,cpu         ] GC(47) User=0.45s Sys=0.01s Real=0.12s
[2026-09-24T04:57:36.973+0000][163.603s][info][gc,start       ] GC(48) Pause Young (Allocation Failure)
[2026-09-24T04:57:37.093+0000][163.723s][info][gc,heap        ] GC(48) PSYoungGen: 3117009K(3267584K)->56337K(3262464K) Eden: 3060736K(3060736K)->0K(3060736K) From: 56273K(206848K)->56337K(201728K)
[2026-09-24T04:57:37.093+0000][163.723s][info][gc,heap        ] GC(48) ParOldGen: 3376278K(3376640K)->3393730K(3394048K)
[2026-09-24T04:57:37.093+0000][163.723s][info][gc,metaspace   ] GC(48) Metaspace: 166247K(167936K)->166247K(167936K) NonClass: 139760K(140736K)->139760K(140736K) Class: 26486K(27200K)->26486K(27200K)
[2026-09-24T04:57:37.093+0000][163.723s][info][gc             ] GC(48) Pause Young (Allocation Failure) 6341M->3369M(6500M) 119.515ms
[2026-09-24T04:57:37.093+0000][163.723s][info][gc,cpu         ] GC(48) User=0.44s Sys=0.03s Real=0.12s
[2026-09-24T04:57:40.447+0000][167.077s][info][gc,start       ] GC(49) Pause Young (Allocation Failure)
[2026-09-24T04:57:40.562+0000][167.192s][info][gc,heap        ] GC(49) PSYoungGen: 3117073K(3262464K)->56097K(3284992K) Eden: 3060736K(3060736K)->0K(3094528K) From: 56337K(201728K)->56097K(190464K)
[2026-09-24T04:57:40.562+0000][167.192s][info][gc,heap        ] GC(49) ParOldGen: 3393730K(3394048K)->3412368K(3412480K)
[2026-09-24T04:57:40.562+0000][167.192s][info][gc,metaspace   ] GC(49) Metaspace: 166260K(167936K)->166260K(167936K) NonClass: 139772K(140736K)->139772K(140736K) Class: 26487K(27200K)->26487K(27200K)
[2026-09-24T04:57:40.562+0000][167.192s][info][gc             ] GC(49) Pause Young (Allocation Failure) 6358M->3387M(6540M) 114.926ms
[2026-09-24T04:57:40.562+0000][167.192s][info][gc,cpu         ] GC(49) User=0.44s Sys=0.01s Real=0.12s
[2026-09-24T04:57:44.074+0000][170.704s][info][gc,start       ] GC(50) Pause Young (Allocation Failure)
[2026-09-24T04:57:44.192+0000][170.822s][info][gc,heap        ] GC(50) PSYoungGen: 3150625K(3284992K)->56241K(3279872K) Eden: 3094528K(3094528K)->0K(3094528K) From: 56097K(190464K)->56241K(185344K)
[2026-09-24T04:57:44.192+0000][170.822s][info][gc,heap        ] GC(50) ParOldGen: 3412368K(3412480K)->3429010K(3429376K)
[2026-09-24T04:57:44.192+0000][170.822s][info][gc,metaspace   ] GC(50) Metaspace: 166292K(167936K)->166292K(167936K) NonClass: 139804K(140736K)->139804K(140736K) Class: 26488K(27200K)->26488K(27200K)
[2026-09-24T04:57:44.192+0000][170.822s][info][gc             ] GC(50) Pause Young (Allocation Failure) 6409M->3403M(6552M) 117.849ms
[2026-09-24T04:57:44.192+0000][170.822s][info][gc,cpu         ] GC(50) User=0.46s Sys=0.01s Real=0.12s
[2026-09-24T04:57:47.755+0000][174.386s][info][gc,start       ] GC(51) Pause Young (Allocation Failure)
[2026-09-24T04:57:47.920+0000][174.550s][info][gc,heap        ] GC(51) PSYoungGen: 3150769K(3279872K)->57009K(3301888K) Eden: 3094528K(3094528K)->0K(3126784K) From: 56241K(185344K)->57009K(175104K)
[2026-09-24T04:57:47.920+0000][174.550s][info][gc,heap        ] GC(51) ParOldGen: 3429010K(3429376K)->3446545K(3446784K)
[2026-09-24T04:57:47.920+0000][174.550s][info][gc,metaspace   ] GC(51) Metaspace: 166347K(168064K)->166347K(168064K) NonClass: 139848K(140800K)->139848K(140800K) Class: 26498K(27264K)->26498K(27264K)
[2026-09-24T04:57:47.920+0000][174.550s][info][gc             ] GC(51) Pause Young (Allocation Failure) 6425M->3421M(6590M) 164.923ms
[2026-09-24T04:57:47.920+0000][174.550s][info][gc,cpu         ] GC(51) User=0.48s Sys=0.03s Real=0.17s
[2026-09-24T04:57:51.287+0000][177.917s][info][gc,start       ] GC(52) Pause Young (Allocation Failure)
[2026-09-24T04:57:51.402+0000][178.032s][info][gc,heap        ] GC(52) PSYoungGen: 3183793K(3301888K)->54353K(3296768K) Eden: 3126784K(3126784K)->0K(3126784K) From: 57009K(175104K)->54353K(169984K)
[2026-09-24T04:57:51.402+0000][178.032s][info][gc,heap        ] GC(52) ParOldGen: 3446545K(3446784K)->3466560K(3466752K)
[2026-09-24T04:57:51.402+0000][178.032s][info][gc,metaspace   ] GC(52) Metaspace: 166357K(168064K)->166357K(168064K) NonClass: 139855K(140800K)->139855K(140800K) Class: 26501K(27264K)->26501K(27264K)
[2026-09-24T04:57:51.402+0000][178.032s][info][gc             ] GC(52) Pause Young (Allocation Failure) 6474M->3438M(6605M) 114.829ms
[2026-09-24T04:57:51.402+0000][178.032s][info][gc,cpu         ] GC(52) User=0.44s Sys=0.02s Real=0.12s
[2026-09-24T04:57:55.363+0000][181.993s][info][gc,start       ] GC(53) Pause Young (Allocation Failure)
[2026-09-24T04:57:55.482+0000][182.112s][info][gc,heap        ] GC(53) PSYoungGen: 3181137K(3296768K)->63682K(3316736K) Eden: 3126784K(3126784K)->0K(3158016K) From: 54353K(169984K)->63682K(158720K)
[2026-09-24T04:57:55.482+0000][182.112s][info][gc,heap        ] GC(53) ParOldGen: 3466560K(3466752K)->3483870K(3484160K)
[2026-09-24T04:57:55.482+0000][182.112s][info][gc,metaspace   ] GC(53) Metaspace: 166502K(168192K)->166502K(168192K) NonClass: 139985K(140928K)->139985K(140928K) Class: 26517K(27264K)->26517K(27264K)
[2026-09-24T04:57:55.482+0000][182.112s][info][gc             ] GC(53) Pause Young (Allocation Failure) 6491M->3464M(6641M) 118.656ms
[2026-09-24T04:57:55.482+0000][182.112s][info][gc,cpu         ] GC(53) User=0.45s Sys=0.01s Real=0.12s
[2026-09-24T04:57:59.033+0000][185.663s][info][gc,start       ] GC(54) Pause Young (Allocation Failure)
[2026-09-24T04:57:59.150+0000][185.780s][info][gc,heap        ] GC(54) PSYoungGen: 3221698K(3316736K)->54305K(3312640K) Eden: 3158016K(3158016K)->0K(3158016K) From: 63682K(158720K)->54305K(154624K)
[2026-09-24T04:57:59.150+0000][185.780s][info][gc,heap        ] GC(54) ParOldGen: 3483870K(3484160K)->3509966K(3510272K)
[2026-09-24T04:57:59.150+0000][185.780s][info][gc,metaspace   ] GC(54) Metaspace: 166687K(168448K)->166687K(168448K) NonClass: 140142K(141120K)->140142K(141120K) Class: 26544K(27328K)->26544K(27328K)
[2026-09-24T04:57:59.150+0000][185.780s][info][gc             ] GC(54) Pause Young (Allocation Failure) 6548M->3480M(6663M) 116.460ms
[2026-09-24T04:57:59.150+0000][185.780s][info][gc,cpu         ] GC(54) User=0.46s Sys=0.01s Real=0.12s
[2026-09-24T04:58:02.818+0000][189.448s][info][gc,start       ] GC(55) Pause Young (Allocation Failure)
[2026-09-24T04:58:02.929+0000][189.560s][info][gc,heap        ] GC(55) PSYoungGen: 3212321K(3312640K)->54369K(3334656K) Eden: 3158016K(3158016K)->0K(3187200K) From: 54305K(154624K)->54369K(147456K)
[2026-09-24T04:58:02.929+0000][189.560s][info][gc,heap        ] GC(55) ParOldGen: 3509966K(3510272K)->3527228K(3527680K)
[2026-09-24T04:58:02.929+0000][189.560s][info][gc,metaspace   ] GC(55) Metaspace: 166751K(168512K)->166751K(168512K) NonClass: 140194K(141184K)->140194K(141184K) Class: 26556K(27328K)->26556K(27328K)
[2026-09-24T04:58:02.929+0000][189.560s][info][gc             ] GC(55) Pause Young (Allocation Failure) 6564M->3497M(6701M) 111.707ms
[2026-09-24T04:58:02.929+0000][189.560s][info][gc,cpu         ] GC(55) User=0.44s Sys=0.01s Real=0.11s
[2026-09-24T04:58:06.722+0000][193.352s][info][gc,start       ] GC(56) Pause Young (Allocation Failure)
[2026-09-24T04:58:06.851+0000][193.481s][info][gc,heap        ] GC(56) PSYoungGen: 3241569K(3334656K)->58641K(3330048K) Eden: 3187200K(3187200K)->0K(3187200K) From: 54369K(147456K)->58641K(142848K)
[2026-09-24T04:58:06.851+0000][193.481s][info][gc,heap        ] GC(56) ParOldGen: 3527228K(3527680K)->3545308K(3545600K)
[2026-09-24T04:58:06.851+0000][193.481s][info][gc,metaspace   ] GC(56) Metaspace: 166792K(168512K)->166792K(168512K) NonClass: 140236K(141184K)->140236K(141184K) Class: 26556K(27328K)->26556K(27328K)
[2026-09-24T04:58:06.851+0000][193.481s][info][gc             ] GC(56) Pause Young (Allocation Failure) 6610M->3519M(6714M) 129.171ms
[2026-09-24T04:58:06.851+0000][193.481s][info][gc,cpu         ] GC(56) User=0.47s Sys=0.01s Real=0.13s
[2026-09-24T04:58:10.687+0000][197.317s][info][gc,start       ] GC(57) Pause Young (Allocation Failure)
[2026-09-24T04:58:10.870+0000][197.500s][info][gc,heap        ] GC(57) PSYoungGen: 3245841K(3330048K)->56433K(3345920K) Eden: 3187200K(3187200K)->0K(3209728K) From: 58641K(142848K)->56433K(136192K)
[2026-09-24T04:58:10.870+0000][197.500s][info][gc,heap        ] GC(57) ParOldGen: 3545308K(3545600K)->3567400K(3567616K)
[2026-09-24T04:58:10.870+0000][197.500s][info][gc,metaspace   ] GC(57) Metaspace: 166805K(168576K)->166805K(168576K) NonClass: 140248K(141248K)->140248K(141248K) Class: 26556K(27328K)->26556K(27328K)
[2026-09-24T04:58:10.870+0000][197.500s][info][gc             ] GC(57) Pause Young (Allocation Failure) 6631M->3538M(6751M) 183.408ms
[2026-09-24T04:58:10.870+0000][197.500s][info][gc,cpu         ] GC(57) User=0.68s Sys=0.04s Real=0.19s
[2026-09-24T04:58:14.687+0000][201.317s][info][gc,start       ] GC(58) Pause Young (Allocation Failure)
[2026-09-24T04:58:14.802+0000][201.432s][info][gc,heap        ] GC(58) PSYoungGen: 3266161K(3345920K)->56033K(3340800K) Eden: 3209728K(3209728K)->0K(3209728K) From: 56433K(136192K)->56033K(131072K)
[2026-09-24T04:58:14.802+0000][201.432s][info][gc,heap        ] GC(58) ParOldGen: 3567400K(3567616K)->3587593K(3588096K)
[2026-09-24T04:58:14.802+0000][201.432s][info][gc,metaspace   ] GC(58) Metaspace: 166810K(168576K)->166810K(168576K) NonClass: 140253K(141248K)->140253K(141248K) Class: 26556K(27328K)->26556K(27328K)
[2026-09-24T04:58:14.802+0000][201.432s][info][gc             ] GC(58) Pause Young (Allocation Failure) 6673M->3558M(6766M) 114.709ms
[2026-09-24T04:58:14.802+0000][201.432s][info][gc,cpu         ] GC(58) User=0.45s Sys=0.01s Real=0.11s
[2026-09-24T04:58:18.666+0000][205.296s][info][gc,start       ] GC(59) Pause Young (Allocation Failure)
[2026-09-24T04:58:18.782+0000][205.412s][info][gc,heap        ] GC(59) PSYoungGen: 3265761K(3340800K)->58770K(3358208K) Eden: 3209728K(3209728K)->0K(3233280K) From: 56033K(131072K)->58770K(124928K)
[2026-09-24T04:58:18.782+0000][205.412s][info][gc,heap        ] GC(59) ParOldGen: 3587593K(3588096K)->3607480K(3607552K)
[2026-09-24T04:58:18.782+0000][205.412s][info][gc,metaspace   ] GC(59) Metaspace: 166859K(168576K)->166859K(168576K) NonClass: 140302K(141248K)->140302K(141248K) Class: 26557K(27328K)->26557K(27328K)
[2026-09-24T04:58:18.782+0000][205.412s][info][gc             ] GC(59) Pause Young (Allocation Failure) 6692M->3580M(6802M) 116.200ms
[2026-09-24T04:58:18.782+0000][205.412s][info][gc,cpu         ] GC(59) User=0.45s Sys=0.01s Real=0.12s
[2026-09-24T04:58:22.680+0000][209.310s][info][gc,start       ] GC(60) Pause Young (Allocation Failure)
[2026-09-24T04:58:22.820+0000][209.450s][info][gc,heap        ] GC(60) PSYoungGen: 3292050K(3358208K)->54465K(3353600K) Eden: 3233280K(3233280K)->0K(3233280K) From: 58770K(124928K)->54465K(120320K)
[2026-09-24T04:58:22.820+0000][209.450s][info][gc,heap        ] GC(60) ParOldGen: 3607480K(3607552K)->3629144K(3629568K)
[2026-09-24T04:58:22.820+0000][209.450s][info][gc,metaspace   ] GC(60) Metaspace: 166910K(168640K)->166910K(168640K) NonClass: 140352K(141312K)->140352K(141312K) Class: 26558K(27328K)->26558K(27328K)
[2026-09-24T04:58:22.820+0000][209.450s][info][gc             ] GC(60) Pause Young (Allocation Failure) 6737M->3597M(6819M) 139.641ms
[2026-09-24T04:58:22.820+0000][209.450s][info][gc,cpu         ] GC(60) User=0.52s Sys=0.02s Real=0.14s
[2026-09-24T04:58:26.734+0000][213.364s][info][gc,start       ] GC(61) Pause Young (Allocation Failure)
[2026-09-24T04:58:26.845+0000][213.475s][info][gc,heap        ] GC(61) PSYoungGen: 3287745K(3353600K)->54209K(3369984K) Eden: 3233280K(3233280K)->0K(3253760K) From: 54465K(120320K)->54209K(116224K)
[2026-09-24T04:58:26.845+0000][213.475s][info][gc,heap        ] GC(61) ParOldGen: 3629144K(3629568K)->3648483K(3648512K)
[2026-09-24T04:58:26.845+0000][213.475s][info][gc,metaspace   ] GC(61) Metaspace: 166944K(168704K)->166944K(168704K) NonClass: 140386K(141376K)->140386K(141376K) Class: 26558K(27328K)->26558K(27328K)
[2026-09-24T04:58:26.845+0000][213.475s][info][gc             ] GC(61) Pause Young (Allocation Failure) 6754M->3615M(6854M) 111.287ms
[2026-09-24T04:58:26.845+0000][213.475s][info][gc,cpu         ] GC(61) User=0.43s Sys=0.01s Real=0.11s
[2026-09-24T04:58:30.847+0000][217.477s][info][gc,start       ] GC(62) Pause Young (Allocation Failure)
[2026-09-24T04:58:30.962+0000][217.593s][info][gc,heap        ] GC(62) PSYoungGen: 3307969K(3369984K)->57137K(3365888K) Eden: 3253760K(3253760K)->0K(3253760K) From: 54209K(116224K)->57137K(112128K)
[2026-09-24T04:58:30.962+0000][217.593s][info][gc,heap        ] GC(62) ParOldGen: 3648483K(3648512K)->3666890K(3666944K)
[2026-09-24T04:58:30.962+0000][217.593s][info][gc,metaspace   ] GC(62) Metaspace: 166954K(168704K)->166954K(168704K) NonClass: 140393K(141376K)->140393K(141376K) Class: 26560K(27328K)->26560K(27328K)
[2026-09-24T04:58:30.962+0000][217.593s][info][gc             ] GC(62) Pause Young (Allocation Failure) 6793M->3636M(6868M) 115.528ms
[2026-09-24T04:58:30.962+0000][217.593s][info][gc,cpu         ] GC(62) User=0.45s Sys=0.01s Real=0.12s
[2026-09-24T04:58:34.786+0000][221.416s][info][gc,start       ] GC(63) Pause Young (Allocation Failure)
[2026-09-24T04:58:34.900+0000][221.531s][info][gc,heap        ] GC(63) PSYoungGen: 3310897K(3365888K)->56337K(3378688K) Eden: 3253760K(3253760K)->0K(3270656K) From: 57137K(112128K)->56337K(108032K)
[2026-09-24T04:58:34.901+0000][221.531s][info][gc,heap        ] GC(63) ParOldGen: 3666890K(3666944K)->3688509K(3688960K)
[2026-09-24T04:58:34.901+0000][221.531s][info][gc,metaspace   ] GC(63) Metaspace: 166967K(168704K)->166967K(168704K) NonClass: 140407K(141376K)->140407K(141376K) Class: 26560K(27328K)->26560K(27328K)
[2026-09-24T04:58:34.901+0000][221.531s][info][gc             ] GC(63) Pause Young (Allocation Failure) 6814M->3657M(6902M) 114.387ms
[2026-09-24T04:58:34.901+0000][221.531s][info][gc,cpu         ] GC(63) User=0.45s Sys=0.01s Real=0.12s
[2026-09-24T04:58:39.115+0000][225.745s][info][gc,start       ] GC(64) Pause Young (Allocation Failure)
[2026-09-24T04:58:39.234+0000][225.864s][info][gc,heap        ] GC(64) PSYoungGen: 3326993K(3378688K)->58178K(3374592K) Eden: 3270656K(3270656K)->0K(3270656K) From: 56337K(108032K)->58178K(103936K)
[2026-09-24T04:58:39.234+0000][225.864s][info][gc,heap        ] GC(64) ParOldGen: 3688509K(3688960K)->3709028K(3709440K)
[2026-09-24T04:58:39.234+0000][225.864s][info][gc,metaspace   ] GC(64) Metaspace: 166983K(168768K)->166983K(168768K) NonClass: 140422K(141440K)->140422K(141440K) Class: 26561K(27328K)->26561K(27328K)
[2026-09-24T04:58:39.234+0000][225.864s][info][gc             ] GC(64) Pause Young (Allocation Failure) 6851M->3678M(6918M) 118.364ms
[2026-09-24T04:58:39.234+0000][225.864s][info][gc,cpu         ] GC(64) User=0.45s Sys=0.02s Real=0.12s
[2026-09-24T04:58:43.052+0000][229.682s][info][gc,start       ] GC(65) Pause Young (Allocation Failure)
[2026-09-24T04:58:43.170+0000][229.800s][info][gc,heap        ] GC(65) PSYoungGen: 3328834K(3374592K)->54097K(3386368K) Eden: 3270656K(3270656K)->0K(3286016K) From: 58178K(103936K)->54097K(100352K)
[2026-09-24T04:58:43.170+0000][229.800s][info][gc,heap        ] GC(65) ParOldGen: 3709028K(3709440K)->3732164K(3732480K)
[2026-09-24T04:58:43.170+0000][229.800s][info][gc,metaspace   ] GC(65) Metaspace: 166995K(168768K)->166995K(168768K) NonClass: 140433K(141440K)->140433K(141440K) Class: 26561K(27328K)->26561K(27328K)
[2026-09-24T04:58:43.170+0000][229.800s][info][gc             ] GC(65) Pause Young (Allocation Failure) 6872M->3697M(6952M) 118.033ms
[2026-09-24T04:58:43.170+0000][229.800s][info][gc,cpu         ] GC(65) User=0.45s Sys=0.02s Real=0.12s
[2026-09-24T04:58:47.146+0000][233.776s][info][gc,start       ] GC(66) Pause Young (Allocation Failure)
[2026-09-24T04:58:47.264+0000][233.894s][info][gc,heap        ] GC(66) PSYoungGen: 3340113K(3386368K)->57569K(3383296K) Eden: 3286016K(3286016K)->0K(3286016K) From: 54097K(100352K)->57569K(97280K)
[2026-09-24T04:58:47.264+0000][233.894s][info][gc,heap        ] GC(66) ParOldGen: 3732164K(3732480K)->3751221K(3751424K)
[2026-09-24T04:58:47.264+0000][233.894s][info][gc,metaspace   ] GC(66) Metaspace: 167006K(168768K)->167006K(168768K) NonClass: 140445K(141440K)->140445K(141440K) Class: 26561K(27328K)->26561K(27328K)
[2026-09-24T04:58:47.264+0000][233.895s][info][gc             ] GC(66) Pause Young (Allocation Failure) 6906M->3719M(6967M) 118.767ms
[2026-09-24T04:58:47.264+0000][233.895s][info][gc,cpu         ] GC(66) User=0.44s Sys=0.02s Real=0.12s
[2026-09-24T04:58:51.208+0000][237.838s][info][gc,start       ] GC(67) Pause Young (Allocation Failure)
[2026-09-24T04:58:51.326+0000][237.956s][info][gc,heap        ] GC(67) PSYoungGen: 3343585K(3383296K)->55425K(3394560K) Eden: 3286016K(3286016K)->0K(3300352K) From: 57569K(97280K)->55425K(94208K)
[2026-09-24T04:58:51.326+0000][237.956s][info][gc,heap        ] GC(67) ParOldGen: 3751221K(3751424K)->3773762K(3773952K)
[2026-09-24T04:58:51.326+0000][237.956s][info][gc,metaspace   ] GC(67) Metaspace: 167024K(168832K)->167024K(168832K) NonClass: 140463K(141504K)->140463K(141504K) Class: 26561K(27328K)->26561K(27328K)
[2026-09-24T04:58:51.326+0000][237.956s][info][gc             ] GC(67) Pause Young (Allocation Failure) 6928M->3739M(7000M) 117.568ms
[2026-09-24T04:58:51.326+0000][237.956s][info][gc,cpu         ] GC(67) User=0.45s Sys=0.01s Real=0.11s
[2026-09-24T04:58:55.225+0000][241.855s][info][gc,start       ] GC(68) Pause Young (Allocation Failure)
[2026-09-24T04:58:55.340+0000][241.970s][info][gc,heap        ] GC(68) PSYoungGen: 3355777K(3394560K)->57873K(3391488K) Eden: 3300352K(3300352K)->0K(3300352K) From: 55425K(94208K)->57873K(91136K)
[2026-09-24T04:58:55.340+0000][241.970s][info][gc,heap        ] GC(68) ParOldGen: 3773762K(3773952K)->3793563K(3793920K)
[2026-09-24T04:58:55.340+0000][241.970s][info][gc,metaspace   ] GC(68) Metaspace: 167078K(168832K)->167078K(168832K) NonClass: 140517K(141504K)->140517K(141504K) Class: 26561K(27328K)->26561K(27328K)
[2026-09-24T04:58:55.340+0000][241.970s][info][gc             ] GC(68) Pause Young (Allocation Failure) 6962M->3761M(7017M) 115.362ms
[2026-09-24T04:58:55.340+0000][241.970s][info][gc,cpu         ] GC(68) User=0.45s Sys=0.02s Real=0.12s
[2026-09-24T04:58:59.430+0000][246.060s][info][gc,start       ] GC(69) Pause Young (Allocation Failure)
[2026-09-24T04:58:59.549+0000][246.179s][info][gc,heap        ] GC(69) PSYoungGen: 3358225K(3391488K)->59377K(3400192K) Eden: 3300352K(3300352K)->0K(3312128K) From: 57873K(91136K)->59377K(88064K)
[2026-09-24T04:58:59.549+0000][246.179s][info][gc,heap        ] GC(69) ParOldGen: 3793563K(3793920K)->3815940K(3816448K)
[2026-09-24T04:58:59.549+0000][246.179s][info][gc,metaspace   ] GC(69) Metaspace: 167089K(168896K)->167089K(168896K) NonClass: 140528K(141568K)->140528K(141568K) Class: 26561K(27328K)->26561K(27328K)
[2026-09-24T04:58:59.549+0000][246.179s][info][gc             ] GC(69) Pause Young (Allocation Failure) 6984M->3784M(7047M) 119.148ms
[2026-09-24T04:58:59.549+0000][246.179s][info][gc,cpu         ] GC(69) User=0.46s Sys=0.01s Real=0.12s
[2026-09-24T04:59:03.682+0000][250.312s][info][gc,start       ] GC(70) Pause Young (Allocation Failure)
[2026-09-24T04:59:03.803+0000][250.433s][info][gc,heap        ] GC(70) PSYoungGen: 3371505K(3400192K)->54661K(3397632K) Eden: 3312128K(3312128K)->0K(3312128K) From: 59377K(88064K)->54661K(85504K)
[2026-09-24T04:59:03.803+0000][250.433s][info][gc,heap        ] GC(70) ParOldGen: 3815940K(3816448K)->3839713K(3840000K)
[2026-09-24T04:59:03.803+0000][250.433s][info][gc,metaspace   ] GC(70) Metaspace: 167096K(168896K)->167096K(168896K) NonClass: 140535K(141568K)->140535K(141568K) Class: 26561K(27328K)->26561K(27328K)
[2026-09-24T04:59:03.803+0000][250.433s][info][gc             ] GC(70) Pause Young (Allocation Failure) 7018M->3803M(7068M) 120.876ms
[2026-09-24T04:59:03.803+0000][250.433s][info][gc,cpu         ] GC(70) User=0.44s Sys=0.02s Real=0.12s
[2026-09-24T04:59:07.977+0000][254.607s][info][gc,start       ] GC(71) Pause Young (Allocation Failure)
[2026-09-24T04:59:08.092+0000][254.722s][info][gc,heap        ] GC(71) PSYoungGen: 3366789K(3397632K)->57697K(3406848K) Eden: 3312128K(3312128K)->0K(3323392K) From: 54661K(85504K)->57697K(83456K)
[2026-09-24T04:59:08.092+0000][254.722s][info][gc,heap        ] GC(71) ParOldGen: 3839713K(3840000K)->3859110K(3859456K)
[2026-09-24T04:59:08.092+0000][254.722s][info][gc,metaspace   ] GC(71) Metaspace: 167105K(168896K)->167105K(168896K) NonClass: 140544K(141568K)->140544K(141568K) Class: 26561K(27328K)->26561K(27328K)
[2026-09-24T04:59:08.092+0000][254.722s][info][gc             ] GC(71) Pause Young (Allocation Failure) 7037M->3825M(7096M) 114.671ms
[2026-09-24T04:59:08.092+0000][254.722s][info][gc,cpu         ] GC(71) User=0.44s Sys=0.01s Real=0.12s
[2026-09-24T04:59:12.186+0000][258.816s][info][gc,start       ] GC(72) Pause Young (Allocation Failure)
[2026-09-24T04:59:12.306+0000][258.936s][info][gc,heap        ] GC(72) PSYoungGen: 3381089K(3406848K)->60497K(3404800K) Eden: 3323392K(3323392K)->0K(3323392K) From: 57697K(83456K)->60497K(81408K)
[2026-09-24T04:59:12.306+0000][258.936s][info][gc,heap        ] GC(72) ParOldGen: 3859110K(3859456K)->3882156K(3882496K)
[2026-09-24T04:59:12.306+0000][258.936s][info][gc,metaspace   ] GC(72) Metaspace: 167115K(168896K)->167115K(168896K) NonClass: 140554K(141568K)->140554K(141568K) Class: 26561K(27328K)->26561K(27328K)
[2026-09-24T04:59:12.306+0000][258.936s][info][gc             ] GC(72) Pause Young (Allocation Failure) 7070M->3850M(7116M) 119.818ms
[2026-09-24T04:59:12.306+0000][258.936s][info][gc,cpu         ] GC(72) User=0.46s Sys=0.02s Real=0.12s
[2026-09-24T04:59:16.402+0000][263.032s][info][gc,start       ] GC(73) Pause Young (Allocation Failure)
[2026-09-24T04:59:16.526+0000][263.156s][info][gc,heap        ] GC(73) PSYoungGen: 3383889K(3404800K)->59233K(3411456K) Eden: 3323392K(3323392K)->0K(3332096K) From: 60497K(81408K)->59233K(79360K)
[2026-09-24T04:59:16.526+0000][263.156s][info][gc,heap        ] GC(73) ParOldGen: 3882156K(3882496K)->3907383K(3907584K)
[2026-09-24T04:59:16.526+0000][263.156s][info][gc,metaspace   ] GC(73) Metaspace: 167143K(168896K)->167143K(168896K) NonClass: 140582K(141568K)->140582K(141568K) Class: 26561K(27328K)->26561K(27328K)
[2026-09-24T04:59:16.526+0000][263.156s][info][gc             ] GC(73) Pause Young (Allocation Failure) 7095M->3873M(7147M) 124.060ms
[2026-09-24T04:59:16.526+0000][263.156s][info][gc,cpu         ] GC(73) User=0.47s Sys=0.02s Real=0.12s
[2026-09-24T04:59:20.894+0000][267.524s][info][gc,start       ] GC(74) Pause Young (Allocation Failure)
[2026-09-24T04:59:21.021+0000][267.651s][info][gc,heap        ] GC(74) PSYoungGen: 3391329K(3411456K)->62081K(3409920K) Eden: 3332096K(3332096K)->0K(3332096K) From: 59233K(79360K)->62081K(77824K)
[2026-09-24T04:59:21.021+0000][267.651s][info][gc,heap        ] GC(74) ParOldGen: 3907383K(3907584K)->3931714K(3932160K)
[2026-09-24T04:59:21.021+0000][267.651s][info][gc,metaspace   ] GC(74) Metaspace: 167151K(168896K)->167151K(168896K) NonClass: 140589K(141568K)->140589K(141568K) Class: 26561K(27328K)->26561K(27328K)
[2026-09-24T04:59:21.021+0000][267.651s][info][gc             ] GC(74) Pause Young (Allocation Failure) 7127M->3900M(7170M) 127.045ms
[2026-09-24T04:59:21.021+0000][267.651s][info][gc,cpu         ] GC(74) User=0.48s Sys=0.02s Real=0.13s
[2026-09-24T04:59:25.247+0000][271.877s][info][gc,start       ] GC(75) Pause Young (Allocation Failure)
[2026-09-24T04:59:25.367+0000][271.997s][info][gc,heap        ] GC(75) PSYoungGen: 3394177K(3409920K)->52401K(3415552K) Eden: 3332096K(3332096K)->0K(3338240K) From: 62081K(77824K)->52401K(77312K)
[2026-09-24T04:59:25.367+0000][271.997s][info][gc,heap        ] GC(75) ParOldGen: 3931714K(3932160K)->3958866K(3959296K)
[2026-09-24T04:59:25.367+0000][271.997s][info][gc,metaspace   ] GC(75) Metaspace: 167203K(168960K)->167203K(168960K) NonClass: 140640K(141632K)->140640K(141632K) Class: 26563K(27328K)->26563K(27328K)
[2026-09-24T04:59:25.367+0000][271.997s][info][gc             ] GC(75) Pause Young (Allocation Failure) 7154M->3917M(7202M) 119.814ms
[2026-09-24T04:59:25.367+0000][271.997s][info][gc,cpu         ] GC(75) User=0.46s Sys=0.01s Real=0.12s
[2026-09-24T04:59:29.787+0000][276.417s][info][gc,start       ] GC(76) Pause Young (Allocation Failure)
[2026-09-24T04:59:29.905+0000][276.535s][info][gc,heap        ] GC(76) PSYoungGen: 3390641K(3415552K)->61122K(3415040K) Eden: 3338240K(3338240K)->0K(3338240K) From: 52401K(77312K)->61122K(76800K)
[2026-09-24T04:59:29.905+0000][276.535s][info][gc,heap        ] GC(76) ParOldGen: 3958866K(3959296K)->3976695K(3976704K)
[2026-09-24T04:59:29.905+0000][276.535s][info][gc,metaspace   ] GC(76) Metaspace: 167281K(169024K)->167281K(169024K) NonClass: 140706K(141696K)->140706K(141696K) Class: 26574K(27328K)->26574K(27328K)
[2026-09-24T04:59:29.905+0000][276.535s][info][gc             ] GC(76) Pause Young (Allocation Failure) 7177M->3943M(7218M) 117.748ms
[2026-09-24T04:59:29.905+0000][276.535s][info][gc,cpu         ] GC(76) User=0.46s Sys=0.01s Real=0.11s
[2026-09-24T04:59:34.445+0000][281.075s][info][gc,start       ] GC(77) Pause Young (Allocation Failure)
[2026-09-24T04:59:34.564+0000][281.194s][info][gc,heap        ] GC(77) PSYoungGen: 3399362K(3415040K)->53840K(3417088K) Eden: 3338240K(3338240K)->0K(3341824K) From: 61122K(76800K)->53840K(75264K)
[2026-09-24T04:59:34.564+0000][281.194s][info][gc,heap        ] GC(77) ParOldGen: 3976695K(3976704K)->4003103K(4003328K)
[2026-09-24T04:59:34.564+0000][281.194s][info][gc,metaspace   ] GC(77) Metaspace: 167296K(169024K)->167296K(169024K) NonClass: 140720K(141696K)->140720K(141696K) Class: 26575K(27328K)->26575K(27328K)
[2026-09-24T04:59:34.564+0000][281.194s][info][gc             ] GC(77) Pause Young (Allocation Failure) 7203M->3961M(7246M) 118.563ms
[2026-09-24T04:59:34.564+0000][281.194s][info][gc,cpu         ] GC(77) User=0.46s Sys=0.02s Real=0.12s
[2026-09-24T04:59:38.935+0000][285.565s][info][gc,start       ] GC(78) Pause Young (Allocation Failure)
[2026-09-24T04:59:39.054+0000][285.684s][info][gc,heap        ] GC(78) PSYoungGen: 3395664K(3417088K)->57313K(3416576K) Eden: 3341824K(3341824K)->0K(3341824K) From: 53840K(75264K)->57313K(74752K)
[2026-09-24T04:59:39.054+0000][285.684s][info][gc,heap        ] GC(78) ParOldGen: 4003103K(4003328K)->4022384K(4022784K)
[2026-09-24T04:59:39.054+0000][285.684s][info][gc,metaspace   ] GC(78) Metaspace: 167299K(169024K)->167299K(169024K) NonClass: 140723K(141696K)->140723K(141696K) Class: 26575K(27328K)->26575K(27328K)
[2026-09-24T04:59:39.054+0000][285.684s][info][gc             ] GC(78) Pause Young (Allocation Failure) 7225M->3984M(7265M) 118.741ms
[2026-09-24T04:59:39.054+0000][285.684s][info][gc,cpu         ] GC(78) User=0.46s Sys=0.01s Real=0.12s
[2026-09-24T04:59:42.308+0000][288.938s][info][gc,start       ] GC(79) Pause Young (CodeCache GC Threshold)
[2026-09-24T04:59:42.426+0000][289.056s][info][gc,heap        ] GC(79) PSYoungGen: 2067123K(3416576K)->47152K(3417600K) Eden: 2009809K(3341824K)->0K(3344384K) From: 57313K(74752K)->47152K(73216K)
[2026-09-24T04:59:42.426+0000][289.056s][info][gc,heap        ] GC(79) ParOldGen: 4022384K(4022784K)->4046146K(4046336K)
[2026-09-24T04:59:42.426+0000][289.056s][info][gc,metaspace   ] GC(79) Metaspace: 167304K(169024K)->167304K(169024K) NonClass: 140729K(141696K)->140729K(141696K) Class: 26575K(27328K)->26575K(27328K)
[2026-09-24T04:59:42.426+0000][289.056s][info][gc             ] GC(79) Pause Young (CodeCache GC Threshold) 5946M->3997M(7289M) 117.694ms
[2026-09-24T04:59:42.426+0000][289.056s][info][gc,cpu         ] GC(79) User=0.44s Sys=0.02s Real=0.11s
[2026-09-24T04:59:42.426+0000][289.056s][info][gc,start       ] GC(80) Pause Full (CodeCache GC Threshold)
[2026-09-24T04:59:42.426+0000][289.056s][info][gc,phases,start] GC(80) Marking Phase
[2026-09-24T04:59:43.467+0000][290.097s][info][gc,phases      ] GC(80) Marking Phase 1041.254ms
[2026-09-24T04:59:43.467+0000][290.097s][info][gc,phases,start] GC(80) Summary Phase
[2026-09-24T04:59:43.467+0000][290.097s][info][gc,phases      ] GC(80) Summary Phase 0.078ms
[2026-09-24T04:59:43.467+0000][290.097s][info][gc,phases,start] GC(80) Adjust Roots
[2026-09-24T04:59:43.487+0000][290.117s][info][gc,phases      ] GC(80) Adjust Roots 19.576ms
[2026-09-24T04:59:43.487+0000][290.117s][info][gc,phases,start] GC(80) Compaction Phase
[2026-09-24T04:59:44.861+0000][291.491s][info][gc,phases      ] GC(80) Compaction Phase 1374.280ms
[2026-09-24T04:59:44.861+0000][291.491s][info][gc,phases,start] GC(80) Post Compact
[2026-09-24T04:59:44.867+0000][291.497s][info][gc,phases      ] GC(80) Post Compact 5.724ms
[2026-09-24T04:59:44.867+0000][291.497s][info][gc,heap        ] GC(80) PSYoungGen: 47152K(3417600K)->0K(3417600K) Eden: 0K(3344384K)->0K(3344384K) From: 47152K(73216K)->0K(73216K)
[2026-09-24T04:59:44.867+0000][291.497s][info][gc,heap        ] GC(80) ParOldGen: 4046146K(4046336K)->3534239K(4046336K)
[2026-09-24T04:59:44.867+0000][291.497s][info][gc,metaspace   ] GC(80) Metaspace: 167304K(169024K)->167304K(169024K) NonClass: 140729K(141696K)->140729K(141696K) Class: 26575K(27328K)->26575K(27328K)
[2026-09-24T04:59:44.867+0000][291.497s][info][gc             ] GC(80) Pause Full (CodeCache GC Threshold) 3997M->3451M(7289M) 2441.088ms
[2026-09-24T04:59:44.867+0000][291.497s][info][gc,cpu         ] GC(80) User=9.15s Sys=0.04s Real=2.44s
[2026-09-24T04:59:49.406+0000][296.037s][info][gc,start       ] GC(81) Pause Young (Allocation Failure)
[2026-09-24T04:59:49.509+0000][296.139s][info][gc,heap        ] GC(81) PSYoungGen: 3344384K(3417600K)->54257K(3418112K) Eden: 3344384K(3344384K)->0K(3344384K) From: 0K(73216K)->54257K(73728K)
[2026-09-24T04:59:49.509+0000][296.139s][info][gc,heap        ] GC(81) ParOldGen: 3534239K(4046336K)->3534239K(4046336K)
[2026-09-24T04:59:49.509+0000][296.139s][info][gc,metaspace   ] GC(81) Metaspace: 167335K(169088K)->167335K(169088K) NonClass: 140759K(141760K)->140759K(141760K) Class: 26575K(27328K)->26575K(27328K)
[2026-09-24T04:59:49.509+0000][296.139s][info][gc             ] GC(81) Pause Young (Allocation Failure) 6717M->3504M(7289M) 102.341ms
[2026-09-24T04:59:49.509+0000][296.139s][info][gc,cpu         ] GC(81) User=0.40s Sys=0.00s Real=0.11s
[2026-09-24T04:59:54.204+0000][300.834s][info][gc,start       ] GC(82) Pause Young (Allocation Failure)
[2026-09-24T04:59:54.347+0000][300.977s][info][gc,heap        ] GC(82) PSYoungGen: 3398641K(3418112K)->58705K(3419648K) Eden: 3344384K(3344384K)->0K(3348480K) From: 54257K(73728K)->58705K(71168K)
[2026-09-24T04:59:54.347+0000][300.977s][info][gc,heap        ] GC(82) ParOldGen: 3534239K(4046336K)->3554247K(4046336K)
[2026-09-24T04:59:54.347+0000][300.977s][info][gc,metaspace   ] GC(82) Metaspace: 167362K(169088K)->167362K(169088K) NonClass: 140785K(141760K)->140785K(141760K) Class: 26576K(27328K)->26576K(27328K)
[2026-09-24T04:59:54.347+0000][300.977s][info][gc             ] GC(82) Pause Young (Allocation Failure) 6770M->3528M(7291M) 142.806ms
[2026-09-24T04:59:54.347+0000][300.977s][info][gc,cpu         ] GC(82) User=0.50s Sys=0.04s Real=0.14s
[2026-09-24T04:59:59.083+0000][305.713s][info][gc,start       ] GC(83) Pause Young (Allocation Failure)
[2026-09-24T04:59:59.201+0000][305.831s][info][gc,heap        ] GC(83) PSYoungGen: 3407185K(3419648K)->53313K(3420160K) Eden: 3348480K(3348480K)->0K(3348480K) From: 58705K(71168K)->53313K(71680K)
[2026-09-24T04:59:59.201+0000][305.831s][info][gc,heap        ] GC(83) ParOldGen: 3554247K(4046336K)->3578941K(4046336K)
[2026-09-24T04:59:59.201+0000][305.831s][info][gc,metaspace   ] GC(83) Metaspace: 167491K(169216K)->167491K(169216K) NonClass: 140896K(141888K)->140896K(141888K) Class: 26594K(27328K)->26594K(27328K)
[2026-09-24T04:59:59.201+0000][305.831s][info][gc             ] GC(83) Pause Young (Allocation Failure) 6798M->3547M(7291M) 118.415ms
[2026-09-24T04:59:59.201+0000][305.831s][info][gc,cpu         ] GC(83) User=0.45s Sys=0.00s Real=0.12s
[2026-09-24T05:00:03.900+0000][310.530s][info][gc,start       ] GC(84) Pause Young (Allocation Failure)
[2026-09-24T05:00:04.016+0000][310.646s][info][gc,heap        ] GC(84) PSYoungGen: 3401793K(3420160K)->55425K(3420160K) Eden: 3348480K(3348480K)->0K(3352064K) From: 53313K(71680K)->55425K(68096K)
[2026-09-24T05:00:04.016+0000][310.646s][info][gc,heap        ] GC(84) ParOldGen: 3578941K(4046336K)->3597986K(4046336K)
[2026-09-24T05:00:04.016+0000][310.646s][info][gc,metaspace   ] GC(84) Metaspace: 167512K(169216K)->167512K(169216K) NonClass: 140915K(141888K)->140915K(141888K) Class: 26597K(27328K)->26597K(27328K)
[2026-09-24T05:00:04.016+0000][310.646s][info][gc             ] GC(84) Pause Young (Allocation Failure) 6817M->3567M(7291M) 115.412ms
[2026-09-24T05:00:04.016+0000][310.646s][info][gc,cpu         ] GC(84) User=0.45s Sys=0.00s Real=0.11s
[2026-09-24T05:00:08.589+0000][315.219s][info][gc,start       ] GC(85) Pause Young (Allocation Failure)
[2026-09-24T05:00:08.722+0000][315.352s][info][gc,heap        ] GC(85) PSYoungGen: 3407489K(3420160K)->60017K(3421696K) Eden: 3352064K(3352064K)->0K(3352064K) From: 55425K(68096K)->60017K(69632K)
[2026-09-24T05:00:08.722+0000][315.352s][info][gc,heap        ] GC(85) ParOldGen: 3597986K(4046336K)->3618936K(4046336K)
[2026-09-24T05:00:08.722+0000][315.352s][info][gc,metaspace   ] GC(85) Metaspace: 167520K(169216K)->167520K(169216K) NonClass: 140922K(141888K)->140922K(141888K) Class: 26597K(27328K)->26597K(27328K)
[2026-09-24T05:00:08.722+0000][315.352s][info][gc             ] GC(85) Pause Young (Allocation Failure) 6841M->3592M(7293M) 132.555ms
[2026-09-24T05:00:08.722+0000][315.352s][info][gc,cpu         ] GC(85) User=0.47s Sys=0.04s Real=0.13s
[2026-09-24T05:00:13.197+0000][319.827s][info][gc,start       ] GC(86) Pause Young (Allocation Failure)
[2026-09-24T05:00:13.313+0000][319.943s][info][gc,heap        ] GC(86) PSYoungGen: 3412081K(3421696K)->61041K(3424256K) Eden: 3352064K(3352064K)->0K(3354624K) From: 60017K(69632K)->61041K(69632K)
[2026-09-24T05:00:13.313+0000][319.943s][info][gc,heap        ] GC(86) ParOldGen: 3618936K(4046336K)->3645202K(4046336K)
[2026-09-24T05:00:13.313+0000][319.943s][info][gc,metaspace   ] GC(86) Metaspace: 167544K(169216K)->167544K(169216K) NonClass: 140942K(141888K)->140942K(141888K) Class: 26602K(27328K)->26602K(27328K)
[2026-09-24T05:00:13.313+0000][319.943s][info][gc             ] GC(86) Pause Young (Allocation Failure) 6866M->3619M(7295M) 116.650ms
[2026-09-24T05:00:13.313+0000][319.943s][info][gc,cpu         ] GC(86) User=0.45s Sys=0.00s Real=0.12s
[2026-09-24T05:00:17.977+0000][324.608s][info][gc,start       ] GC(87) Pause Young (Allocation Failure)
[2026-09-24T05:00:18.095+0000][324.725s][info][gc,heap        ] GC(87) PSYoungGen: 3415665K(3424256K)->58577K(3413504K) Eden: 3354624K(3354624K)->0K(3354624K) From: 61041K(69632K)->58577K(58880K)
[2026-09-24T05:00:18.095+0000][324.725s][info][gc,heap        ] GC(87) ParOldGen: 3645202K(4046336K)->3671909K(4046336K)
[2026-09-24T05:00:18.095+0000][324.725s][info][gc,metaspace   ] GC(87) Metaspace: 167587K(169280K)->167587K(169280K) NonClass: 140984K(141952K)->140984K(141952K) Class: 26602K(27328K)->26602K(27328K)
[2026-09-24T05:00:18.095+0000][324.725s][info][gc             ] GC(87) Pause Young (Allocation Failure) 6895M->3643M(7285M) 117.353ms
[2026-09-24T05:00:18.095+0000][324.725s][info][gc,cpu         ] GC(87) User=0.46s Sys=0.00s Real=0.11s
[2026-09-24T05:00:22.840+0000][329.470s][info][gc,start       ] GC(88) Pause Young (Allocation Failure)
[2026-09-24T05:00:22.954+0000][329.584s][info][gc,heap        ] GC(88) PSYoungGen: 3413201K(3413504K)->55617K(3424768K) Eden: 3354624K(3354624K)->0K(3355648K) From: 58577K(58880K)->55617K(69120K)
[2026-09-24T05:00:22.954+0000][329.584s][info][gc,heap        ] GC(88) ParOldGen: 3671909K(4046336K)->3696048K(4046336K)
[2026-09-24T05:00:22.954+0000][329.584s][info][gc,metaspace   ] GC(88) Metaspace: 167603K(169280K)->167603K(169280K) NonClass: 141001K(141952K)->141001K(141952K) Class: 26602K(27328K)->26602K(27328K)
[2026-09-24T05:00:22.954+0000][329.585s][info][gc             ] GC(88) Pause Young (Allocation Failure) 6919M->3663M(7296M) 114.752ms
[2026-09-24T05:00:22.954+0000][329.585s][info][gc,cpu         ] GC(88) User=0.46s Sys=0.00s Real=0.11s
[2026-09-24T05:00:27.647+0000][334.277s][info][gc,start       ] GC(89) Pause Young (Allocation Failure)
[2026-09-24T05:00:27.759+0000][334.390s][info][gc,heap        ] GC(89) PSYoungGen: 3411265K(3424768K)->56368K(3424256K) Eden: 3355648K(3355648K)->0K(3355648K) From: 55617K(69120K)->56368K(68608K)
[2026-09-24T05:00:27.760+0000][334.390s][info][gc,heap        ] GC(89) ParOldGen: 3696048K(4046336K)->3716671K(4046336K)
[2026-09-24T05:00:27.760+0000][334.390s][info][gc,metaspace   ] GC(89) Metaspace: 167613K(169280K)->167613K(169280K) NonClass: 141008K(141952K)->141008K(141952K) Class: 26604K(27328K)->26604K(27328K)
[2026-09-24T05:00:27.760+0000][334.390s][info][gc             ] GC(89) Pause Young (Allocation Failure) 6940M->3684M(7295M) 112.674ms
[2026-09-24T05:00:27.760+0000][334.390s][info][gc,cpu         ] GC(89) User=0.45s Sys=0.00s Real=0.12s
[2026-09-24T05:00:32.520+0000][339.150s][info][gc,start       ] GC(90) Pause Young (Allocation Failure)
[2026-09-24T05:00:32.630+0000][339.261s][info][gc,heap        ] GC(90) PSYoungGen: 3412016K(3424256K)->54544K(3425280K) Eden: 3355648K(3355648K)->0K(3357696K) From: 56368K(68608K)->54544K(67584K)
[2026-09-24T05:00:32.631+0000][339.261s][info][gc,heap        ] GC(90) ParOldGen: 3716671K(4046336K)->3738684K(4046336K)
[2026-09-24T05:00:32.631+0000][339.261s][info][gc,metaspace   ] GC(90) Metaspace: 167639K(169344K)->167639K(169344K) NonClass: 141034K(142016K)->141034K(142016K) Class: 26605K(27328K)->26605K(27328K)
[2026-09-24T05:00:32.631+0000][339.261s][info][gc             ] GC(90) Pause Young (Allocation Failure) 6961M->3704M(7296M) 110.901ms
[2026-09-24T05:00:32.631+0000][339.261s][info][gc,cpu         ] GC(90) User=0.44s Sys=0.00s Real=0.11s
[2026-09-24T05:00:37.666+0000][344.296s][info][gc,start       ] GC(91) Pause Young (Allocation Failure)
[2026-09-24T05:00:37.777+0000][344.407s][info][gc,heap        ] GC(91) PSYoungGen: 3412240K(3425280K)->55249K(3424768K) Eden: 3357696K(3357696K)->0K(3357696K) From: 54544K(67584K)->55249K(67072K)
[2026-09-24T05:00:37.777+0000][344.407s][info][gc,heap        ] GC(91) ParOldGen: 3738684K(4046336K)->3759025K(4046336K)
[2026-09-24T05:00:37.777+0000][344.407s][info][gc,metaspace   ] GC(91) Metaspace: 167651K(169344K)->167651K(169344K) NonClass: 141046K(142016K)->141046K(142016K) Class: 26605K(27328K)->26605K(27328K)
[2026-09-24T05:00:37.777+0000][344.407s][info][gc             ] GC(91) Pause Young (Allocation Failure) 6983M->3724M(7296M) 111.214ms
[2026-09-24T05:00:37.777+0000][344.407s][info][gc,cpu         ] GC(91) User=0.44s Sys=0.01s Real=0.12s
[2026-09-24T05:00:42.858+0000][349.488s][info][gc,start       ] GC(92) Pause Young (Allocation Failure)
[2026-09-24T05:00:42.968+0000][349.598s][info][gc,heap        ] GC(92) PSYoungGen: 3412945K(3424768K)->54737K(3426816K) Eden: 3357696K(3357696K)->0K(3360768K) From: 55249K(67072K)->54737K(66048K)
[2026-09-24T05:00:42.968+0000][349.598s][info][gc,heap        ] GC(92) ParOldGen: 3759025K(4046336K)->3780086K(4046336K)
[2026-09-24T05:00:42.968+0000][349.598s][info][gc,metaspace   ] GC(92) Metaspace: 167663K(169344K)->167663K(169344K) NonClass: 141058K(142016K)->141058K(142016K) Class: 26605K(27328K)->26605K(27328K)
[2026-09-24T05:00:42.968+0000][349.598s][info][gc             ] GC(92) Pause Young (Allocation Failure) 7003M->3744M(7298M) 109.879ms
[2026-09-24T05:00:42.968+0000][349.598s][info][gc,cpu         ] GC(92) User=0.44s Sys=0.00s Real=0.11s
[2026-09-24T05:00:47.978+0000][354.608s][info][gc,start       ] GC(93) Pause Young (Allocation Failure)
[2026-09-24T05:00:48.092+0000][354.722s][info][gc,heap        ] GC(93) PSYoungGen: 3415505K(3426816K)->52081K(3426304K) Eden: 3360768K(3360768K)->0K(3360768K) From: 54737K(66048K)->52081K(65536K)
[2026-09-24T05:00:48.092+0000][354.722s][info][gc,heap        ] GC(93) ParOldGen: 3780086K(4046336K)->3801088K(4046336K)
[2026-09-24T05:00:48.092+0000][354.722s][info][gc,metaspace   ] GC(93) Metaspace: 167668K(169344K)->167668K(169344K) NonClass: 141063K(142016K)->141063K(142016K) Class: 26605K(27328K)->26605K(27328K)
[2026-09-24T05:00:48.092+0000][354.722s][info][gc             ] GC(93) Pause Young (Allocation Failure) 7026M->3762M(7297M) 114.119ms
[2026-09-24T05:00:48.092+0000][354.722s][info][gc,cpu         ] GC(93) User=0.45s Sys=0.00s Real=0.11s
[2026-09-24T05:00:53.173+0000][359.804s][info][gc,start       ] GC(94) Pause Young (Allocation Failure)
[2026-09-24T05:00:53.286+0000][359.916s][info][gc,heap        ] GC(94) PSYoungGen: 3412849K(3426304K)->53584K(3428864K) Eden: 3360768K(3360768K)->0K(3363840K) From: 52081K(65536K)->53584K(65024K)
[2026-09-24T05:00:53.286+0000][359.916s][info][gc,heap        ] GC(94) ParOldGen: 3801088K(4046336K)->3816970K(4046336K)
[2026-09-24T05:00:53.286+0000][359.916s][info][gc,metaspace   ] GC(94) Metaspace: 167713K(169472K)->167713K(169472K) NonClass: 141108K(142144K)->141108K(142144K) Class: 26605K(27328K)->26605K(27328K)
[2026-09-24T05:00:53.286+0000][359.916s][info][gc             ] GC(94) Pause Young (Allocation Failure) 7044M->3779M(7300M) 112.686ms
[2026-09-24T05:00:53.286+0000][359.916s][info][gc,cpu         ] GC(94) User=0.45s Sys=0.00s Real=0.11s
[2026-09-24T05:00:58.598+0000][365.229s][info][gc,start       ] GC(95) Pause Young (Allocation Failure)
[2026-09-24T05:00:58.710+0000][365.340s][info][gc,heap        ] GC(95) PSYoungGen: 3417424K(3428864K)->55873K(3428864K) Eden: 3363840K(3363840K)->0K(3363840K) From: 53584K(65024K)->55873K(65024K)
[2026-09-24T05:00:58.710+0000][365.340s][info][gc,heap        ] GC(95) ParOldGen: 3816970K(4046336K)->3836331K(4046336K)
[2026-09-24T05:00:58.710+0000][365.340s][info][gc,metaspace   ] GC(95) Metaspace: 167722K(169472K)->167722K(169472K) NonClass: 141115K(142144K)->141115K(142144K) Class: 26607K(27328K)->26607K(27328K)
[2026-09-24T05:00:58.710+0000][365.340s][info][gc             ] GC(95) Pause Young (Allocation Failure) 7064M->3800M(7300M) 111.218ms
[2026-09-24T05:00:58.710+0000][365.340s][info][gc,cpu         ] GC(95) User=0.44s Sys=0.00s Real=0.11s
[2026-09-24T05:01:04.166+0000][370.796s][info][gc,start       ] GC(96) Pause Young (Allocation Failure)
[2026-09-24T05:01:04.279+0000][370.910s][info][gc,heap        ] GC(96) PSYoungGen: 3419713K(3428864K)->56673K(3429376K) Eden: 3363840K(3363840K)->0K(3365376K) From: 55873K(65024K)->56673K(64000K)
[2026-09-24T05:01:04.279+0000][370.910s][info][gc,heap        ] GC(96) ParOldGen: 3836331K(4046336K)->3858406K(4046336K)
[2026-09-24T05:01:04.279+0000][370.910s][info][gc,metaspace   ] GC(96) Metaspace: 167735K(169472K)->167735K(169472K) NonClass: 141127K(142144K)->141127K(142144K) Class: 26607K(27328K)->26607K(27328K)
[2026-09-24T05:01:04.279+0000][370.910s][info][gc             ] GC(96) Pause Young (Allocation Failure) 7085M->3823M(7300M) 113.395ms
[2026-09-24T05:01:04.279+0000][370.910s][info][gc,cpu         ] GC(96) User=0.45s Sys=0.01s Real=0.12s
[2026-09-24T05:01:09.705+0000][376.335s][info][gc,start       ] GC(97) Pause Young (Allocation Failure)
[2026-09-24T05:01:09.819+0000][376.449s][info][gc,heap        ] GC(97) PSYoungGen: 3422049K(3429376K)->59281K(3428864K) Eden: 3365376K(3365376K)->0K(3365376K) From: 56673K(64000K)->59281K(63488K)
[2026-09-24T05:01:09.819+0000][376.449s][info][gc,heap        ] GC(97) ParOldGen: 3858406K(4046336K)->3878807K(4046336K)
[2026-09-24T05:01:09.819+0000][376.449s][info][gc,metaspace   ] GC(97) Metaspace: 167744K(169472K)->167744K(169472K) NonClass: 141136K(142144K)->141136K(142144K) Class: 26608K(27328K)->26608K(27328K)
[2026-09-24T05:01:09.819+0000][376.449s][info][gc             ] GC(97) Pause Young (Allocation Failure) 7109M->3845M(7300M) 114.466ms
[2026-09-24T05:01:09.819+0000][376.449s][info][gc,cpu         ] GC(97) User=0.46s Sys=0.00s Real=0.12s
[2026-09-24T05:01:15.307+0000][381.937s][info][gc,start       ] GC(98) Pause Young (Allocation Failure)
[2026-09-24T05:01:15.418+0000][382.049s][info][gc,heap        ] GC(98) PSYoungGen: 3424657K(3428864K)->55664K(3430912K) Eden: 3365376K(3365376K)->0K(3367424K) From: 59281K(63488K)->55664K(63488K)
[2026-09-24T05:01:15.418+0000][382.049s][info][gc,heap        ] GC(98) ParOldGen: 3878807K(4046336K)->3904091K(4046336K)
[2026-09-24T05:01:15.418+0000][382.049s][info][gc,metaspace   ] GC(98) Metaspace: 167752K(169472K)->167752K(169472K) NonClass: 141144K(142144K)->141144K(142144K) Class: 26608K(27328K)->26608K(27328K)
[2026-09-24T05:01:15.418+0000][382.049s][info][gc             ] GC(98) Pause Young (Allocation Failure) 7132M->3866M(7302M) 111.928ms
[2026-09-24T05:01:15.418+0000][382.049s][info][gc,cpu         ] GC(98) User=0.45s Sys=0.00s Real=0.12s
[2026-09-24T05:01:20.845+0000][387.475s][info][gc,start       ] GC(99) Pause Young (Allocation Failure)
[2026-09-24T05:01:20.961+0000][387.591s][info][gc,heap        ] GC(99) PSYoungGen: 3423088K(3430912K)->58225K(3430912K) Eden: 3367424K(3367424K)->0K(3367424K) From: 55664K(63488K)->58225K(63488K)
[2026-09-24T05:01:20.961+0000][387.591s][info][gc,heap        ] GC(99) ParOldGen: 3904091K(4046336K)->3925235K(4046336K)
[2026-09-24T05:01:20.961+0000][387.591s][info][gc,metaspace   ] GC(99) Metaspace: 167772K(169472K)->167772K(169472K) NonClass: 141163K(142144K)->141163K(142144K) Class: 26608K(27328K)->26608K(27328K)
[2026-09-24T05:01:20.961+0000][387.591s][info][gc             ] GC(99) Pause Young (Allocation Failure) 7155M->3890M(7302M) 115.865ms
[2026-09-24T05:01:20.961+0000][387.591s][info][gc,cpu         ] GC(99) User=0.45s Sys=0.00s Real=0.12s
[2026-09-24T05:01:26.459+0000][393.089s][info][gc,start       ] GC(100) Pause Young (Allocation Failure)
[2026-09-24T05:01:26.582+0000][393.212s][info][gc,heap        ] GC(100) PSYoungGen: 3425649K(3430912K)->55377K(3430400K) Eden: 3367424K(3367424K)->0K(3367936K) From: 58225K(63488K)->55377K(62464K)
[2026-09-24T05:01:26.582+0000][393.212s][info][gc,heap        ] GC(100) ParOldGen: 3925235K(4046336K)->3947297K(4046336K)
[2026-09-24T05:01:26.582+0000][393.212s][info][gc,metaspace   ] GC(100) Metaspace: 167776K(169472K)->167776K(169472K) NonClass: 141168K(142144K)->141168K(142144K) Class: 26608K(27328K)->26608K(27328K)
[2026-09-24T05:01:26.582+0000][393.212s][info][gc             ] GC(100) Pause Young (Allocation Failure) 7178M->3908M(7301M) 122.922ms
[2026-09-24T05:01:26.582+0000][393.212s][info][gc,cpu         ] GC(100) User=0.46s Sys=0.02s Real=0.12s
[2026-09-24T05:01:32.018+0000][398.649s][info][gc,start       ] GC(101) Pause Young (Allocation Failure)
[2026-09-24T05:01:32.131+0000][398.761s][info][gc,heap        ] GC(101) PSYoungGen: 3423313K(3430400K)->54385K(3430912K) Eden: 3367936K(3367936K)->0K(3367936K) From: 55377K(62464K)->54385K(62976K)
[2026-09-24T05:01:32.131+0000][398.761s][info][gc,heap        ] GC(101) ParOldGen: 3947297K(4046336K)->3966445K(4046336K)
[2026-09-24T05:01:32.131+0000][398.761s][info][gc,metaspace   ] GC(101) Metaspace: 167784K(169536K)->167784K(169536K) NonClass: 141176K(142208K)->141176K(142208K) Class: 26608K(27328K)->26608K(27328K)
[2026-09-24T05:01:32.131+0000][398.761s][info][gc             ] GC(101) Pause Young (Allocation Failure) 7197M->3926M(7302M) 112.225ms
[2026-09-24T05:01:32.131+0000][398.761s][info][gc,cpu         ] GC(101) User=0.45s Sys=0.00s Real=0.11s
[2026-09-24T05:01:37.547+0000][404.177s][info][gc,start       ] GC(102) Pause Young (Allocation Failure)
[2026-09-24T05:01:37.657+0000][404.287s][info][gc,heap        ] GC(102) PSYoungGen: 3422321K(3430912K)->50113K(3431424K) Eden: 3367936K(3367936K)->0K(3368960K) From: 54385K(62976K)->50113K(62464K)
[2026-09-24T05:01:37.657+0000][404.287s][info][gc,heap        ] GC(102) ParOldGen: 3966445K(4046336K)->3986483K(4046336K)
[2026-09-24T05:01:37.657+0000][404.287s][info][gc,metaspace   ] GC(102) Metaspace: 167794K(169536K)->167794K(169536K) NonClass: 141186K(142208K)->141186K(142208K) Class: 26608K(27328K)->26608K(27328K)
[2026-09-24T05:01:37.657+0000][404.287s][info][gc             ] GC(102) Pause Young (Allocation Failure) 7215M->3941M(7302M) 109.367ms
[2026-09-24T05:01:37.657+0000][404.287s][info][gc,cpu         ] GC(102) User=0.44s Sys=0.00s Real=0.10s
[2026-09-24T05:01:43.127+0000][409.757s][info][gc,start       ] GC(103) Pause Young (Allocation Failure)
[2026-09-24T05:01:43.237+0000][409.868s][info][gc,heap        ] GC(103) PSYoungGen: 3419073K(3431424K)->53101K(3431936K) Eden: 3368960K(3368960K)->0K(3368960K) From: 50113K(62464K)->53101K(62976K)
[2026-09-24T05:01:43.237+0000][409.868s][info][gc,heap        ] GC(103) ParOldGen: 3986483K(4046336K)->4002589K(4046336K)
[2026-09-24T05:01:43.237+0000][409.868s][info][gc,metaspace   ] GC(103) Metaspace: 167806K(169536K)->167806K(169536K) NonClass: 141196K(142208K)->141196K(142208K) Class: 26610K(27328K)->26610K(27328K)
[2026-09-24T05:01:43.237+0000][409.868s][info][gc             ] GC(103) Pause Young (Allocation Failure) 7231M->3960M(7303M) 110.562ms
[2026-09-24T05:01:43.238+0000][409.868s][info][gc,cpu         ] GC(103) User=0.44s Sys=0.00s Real=0.12s
[2026-09-24T05:01:48.840+0000][415.471s][info][gc,start       ] GC(104) Pause Young (Allocation Failure)
[2026-09-24T05:01:48.966+0000][415.596s][info][gc,heap        ] GC(104) PSYoungGen: 3422061K(3431936K)->53585K(3430912K) Eden: 3368960K(3368960K)->0K(3368960K) From: 53101K(62976K)->53585K(61952K)
[2026-09-24T05:01:48.966+0000][415.596s][info][gc,heap        ] GC(104) ParOldGen: 4002589K(4046336K)->4019677K(4046336K)
[2026-09-24T05:01:48.966+0000][415.596s][info][gc,metaspace   ] GC(104) Metaspace: 167812K(169536K)->167812K(169536K) NonClass: 141202K(142208K)->141202K(142208K) Class: 26610K(27328K)->26610K(27328K)
[2026-09-24T05:01:48.966+0000][415.596s][info][gc             ] GC(104) Pause Young (Allocation Failure) 7250M->3977M(7302M) 125.307ms
[2026-09-24T05:01:48.966+0000][415.596s][info][gc,cpu         ] GC(104) User=0.46s Sys=0.03s Real=0.12s
[2026-09-24T05:01:55.036+0000][421.666s][info][gc,start       ] GC(105) Pause Young (Allocation Failure)
[2026-09-24T05:01:55.166+0000][421.796s][info][gc,heap        ] GC(105) PSYoungGen: 3422545K(3430912K)->62461K(3431424K) Eden: 3368960K(3368960K)->0K(3368960K) From: 53585K(61952K)->62461K(62464K)
[2026-09-24T05:01:55.166+0000][421.796s][info][gc,heap        ] GC(105) ParOldGen: 4019677K(4046336K)->4042543K(4046336K)
[2026-09-24T05:01:55.166+0000][421.796s][info][gc,metaspace   ] GC(105) Metaspace: 170263K(171968K)->170263K(171968K) NonClass: 143417K(144384K)->143417K(144384K) Class: 26845K(27584K)->26845K(27584K)
[2026-09-24T05:01:55.166+0000][421.796s][info][gc             ] GC(105) Pause Young (Allocation Failure) 7267M->4008M(7302M) 130.018ms
[2026-09-24T05:01:55.166+0000][421.796s][info][gc,cpu         ] GC(105) User=0.49s Sys=0.02s Real=0.13s
[2026-09-24T05:02:00.865+0000][427.495s][info][gc,start       ] GC(106) Pause Young (Allocation Failure)
[2026-09-24T05:02:00.982+0000][427.612s][info][gc,heap        ] GC(106) PSYoungGen: 3431421K(3431424K)->52561K(3414016K) Eden: 3368960K(3368960K)->0K(3350528K) From: 62461K(62464K)->52561K(63488K)
[2026-09-24T05:02:00.982+0000][427.613s][info][gc,heap        ] GC(106) ParOldGen: 4042543K(4046336K)->4058690K(4059136K)
[2026-09-24T05:02:00.982+0000][427.613s][info][gc,metaspace   ] GC(106) Metaspace: 170314K(172032K)->170314K(172032K) NonClass: 143463K(144448K)->143463K(144448K) Class: 26851K(27584K)->26851K(27584K)
[2026-09-24T05:02:00.982+0000][427.613s][info][gc             ] GC(106) Pause Young (Allocation Failure) 7298M->4014M(7298M) 117.165ms
[2026-09-24T05:02:00.982+0000][427.613s][info][gc,cpu         ] GC(106) User=0.46s Sys=0.01s Real=0.12s
[2026-09-24T05:02:06.402+0000][433.032s][info][gc,start       ] GC(107) Pause Young (Allocation Failure)
[2026-09-24T05:02:06.515+0000][433.146s][info][gc,heap        ] GC(107) PSYoungGen: 3403089K(3414016K)->51073K(3422720K) Eden: 3350528K(3350528K)->0K(3350528K) From: 52561K(63488K)->51073K(72192K)
[2026-09-24T05:02:06.515+0000][433.146s][info][gc,heap        ] GC(107) ParOldGen: 4058690K(4059136K)->4075532K(4076032K)
[2026-09-24T05:02:06.516+0000][433.146s][info][gc,metaspace   ] GC(107) Metaspace: 170316K(172032K)->170316K(172032K) NonClass: 143464K(144448K)->143464K(144448K) Class: 26851K(27584K)->26851K(27584K)
[2026-09-24T05:02:06.516+0000][433.146s][info][gc             ] GC(107) Pause Young (Allocation Failure) 7286M->4029M(7323M) 113.912ms
[2026-09-24T05:02:06.516+0000][433.146s][info][gc,cpu         ] GC(107) User=0.45s Sys=0.00s Real=0.11s
[2026-09-24T05:02:11.930+0000][438.560s][info][gc,start       ] GC(108) Pause Young (Allocation Failure)
[2026-09-24T05:02:12.043+0000][438.673s][info][gc,heap        ] GC(108) PSYoungGen: 3401601K(3422720K)->50000K(3421696K) Eden: 3350528K(3350528K)->0K(3350528K) From: 51073K(72192K)->50000K(71168K)
[2026-09-24T05:02:12.043+0000][438.674s][info][gc,heap        ] GC(108) ParOldGen: 4075532K(4076032K)->4091116K(4091392K)
[2026-09-24T05:02:12.043+0000][438.674s][info][gc,metaspace   ] GC(108) Metaspace: 170321K(172032K)->170321K(172032K) NonClass: 143470K(144448K)->143470K(144448K) Class: 26851K(27584K)->26851K(27584K)
[2026-09-24T05:02:12.043+0000][438.674s][info][gc             ] GC(108) Pause Young (Allocation Failure) 7301M->4044M(7337M) 113.259ms
[2026-09-24T05:02:12.043+0000][438.674s][info][gc,cpu         ] GC(108) User=0.43s Sys=0.01s Real=0.11s
[2026-09-24T05:02:17.449+0000][444.079s][info][gc,start       ] GC(109) Pause Young (Allocation Failure)
[2026-09-24T05:02:17.561+0000][444.191s][info][gc,heap        ] GC(109) PSYoungGen: 3400528K(3421696K)->50481K(3422208K) Eden: 3350528K(3350528K)->0K(3350528K) From: 50000K(71168K)->50481K(71680K)
[2026-09-24T05:02:17.561+0000][444.191s][info][gc,heap        ] GC(109) ParOldGen: 4091116K(4091392K)->4107065K(4107264K)
[2026-09-24T05:02:17.561+0000][444.191s][info][gc,metaspace   ] GC(109) Metaspace: 170322K(172032K)->170322K(172032K) NonClass: 143471K(144448K)->143471K(144448K) Class: 26851K(27584K)->26851K(27584K)
[2026-09-24T05:02:17.561+0000][444.191s][info][gc             ] GC(109) Pause Young (Allocation Failure) 7316M->4060M(7353M) 112.348ms
[2026-09-24T05:02:17.561+0000][444.191s][info][gc,cpu         ] GC(109) User=0.44s Sys=0.00s Real=0.11s
[2026-09-24T05:02:23.101+0000][449.731s][info][gc,start       ] GC(110) Pause Young (Allocation Failure)
[2026-09-24T05:02:23.215+0000][449.845s][info][gc,heap        ] GC(110) PSYoungGen: 3401009K(3422208K)->50416K(3422208K) Eden: 3350528K(3350528K)->0K(3352064K) From: 50481K(71680K)->50416K(70144K)
[2026-09-24T05:02:23.215+0000][449.845s][info][gc,heap        ] GC(110) ParOldGen: 4107065K(4107264K)->4122641K(4123136K)
[2026-09-24T05:02:23.215+0000][449.845s][info][gc,metaspace   ] GC(110) Metaspace: 170334K(172032K)->170334K(172032K) NonClass: 143483K(144448K)->143483K(144448K) Class: 26851K(27584K)->26851K(27584K)
[2026-09-24T05:02:23.215+0000][449.845s][info][gc             ] GC(110) Pause Young (Allocation Failure) 7332M->4075M(7368M) 114.073ms
[2026-09-24T05:02:23.215+0000][449.845s][info][gc,cpu         ] GC(110) User=0.45s Sys=0.00s Real=0.11s
[2026-09-24T05:02:29.471+0000][456.101s][info][gc,start       ] GC(111) Pause Young (Allocation Failure)
[2026-09-24T05:02:29.589+0000][456.219s][info][gc,heap        ] GC(111) PSYoungGen: 3402480K(3422208K)->56507K(3422720K) Eden: 3352064K(3352064K)->0K(3352064K) From: 50416K(70144K)->56507K(70656K)
[2026-09-24T05:02:29.589+0000][456.219s][info][gc,heap        ] GC(111) ParOldGen: 4122641K(4123136K)->4138801K(4139008K)
[2026-09-24T05:02:29.589+0000][456.219s][info][gc,metaspace   ] GC(111) Metaspace: 171413K(173120K)->171413K(173120K) NonClass: 144426K(145408K)->144426K(145408K) Class: 26987K(27712K)->26987K(27712K)
[2026-09-24T05:02:29.589+0000][456.219s][info][gc             ] GC(111) Pause Young (Allocation Failure) 7348M->4096M(7384M) 118.308ms
[2026-09-24T05:02:29.589+0000][456.219s][info][gc,cpu         ] GC(111) User=0.46s Sys=0.01s Real=0.12s
[2026-09-24T05:02:32.131+0000][458.761s][info][gc,start       ] GC(112) Pause Young (GCLocker Initiated GC)
[2026-09-24T05:02:32.217+0000][458.847s][info][gc,heap        ] GC(112) PSYoungGen: 1501606K(3422720K)->13696K(3414016K) Eden: 1445099K(3352064K)->0K(3344384K) From: 56507K(70656K)->13696K(69632K)
[2026-09-24T05:02:32.217+0000][458.847s][info][gc,heap        ] GC(112) ParOldGen: 4138801K(4139008K)->4185446K(4185600K)
[2026-09-24T05:02:32.217+0000][458.847s][info][gc,metaspace   ] GC(112) Metaspace: 171506K(173248K)->171506K(173248K) NonClass: 144514K(145536K)->144514K(145536K) Class: 26991K(27712K)->26991K(27712K)
[2026-09-24T05:02:32.217+0000][458.847s][info][gc             ] GC(112) Pause Young (GCLocker Initiated GC) 5508M->4100M(7421M) 86.516ms
[2026-09-24T05:02:32.217+0000][458.847s][info][gc,cpu         ] GC(112) User=0.30s Sys=0.03s Real=0.09s
[2026-09-24T05:02:38.026+0000][464.656s][info][gc,start       ] GC(113) Pause Young (Allocation Failure)
[2026-09-24T05:02:38.055+0000][464.686s][info][gc,heap        ] GC(113) PSYoungGen: 3358080K(3414016K)->10848K(3355648K) Eden: 3344384K(3344384K)->0K(3344384K) From: 13696K(69632K)->10848K(11264K)
[2026-09-24T05:02:38.055+0000][464.686s][info][gc,heap        ] GC(113) ParOldGen: 4185446K(4185600K)->4186934K(4187136K)
[2026-09-24T05:02:38.055+0000][464.686s][info][gc,metaspace   ] GC(113) Metaspace: 171602K(173376K)->171602K(173376K) NonClass: 144602K(145600K)->144602K(145600K) Class: 27000K(27776K)->27000K(27776K)
[2026-09-24T05:02:38.056+0000][464.686s][info][gc             ] GC(113) Pause Young (Allocation Failure) 7366M->4099M(7366M) 29.566ms
[2026-09-24T05:02:38.056+0000][464.686s][info][gc,cpu         ] GC(113) User=0.12s Sys=0.00s Real=0.03s
[2026-09-24T05:02:43.855+0000][470.485s][info][gc,start       ] GC(114) Pause Young (Allocation Failure)
[2026-09-24T05:02:43.896+0000][470.526s][info][gc,heap        ] GC(114) PSYoungGen: 3355232K(3355648K)->9216K(3408384K) Eden: 3344384K(3344384K)->0K(3329024K) From: 10848K(11264K)->9216K(79360K)
[2026-09-24T05:02:43.896+0000][470.526s][info][gc,heap        ] GC(114) ParOldGen: 4186934K(4187136K)->4190206K(4190208K)
[2026-09-24T05:02:43.896+0000][470.527s][info][gc,metaspace   ] GC(114) Metaspace: 171638K(173440K)->171638K(173440K) NonClass: 144635K(145664K)->144635K(145664K) Class: 27003K(27776K)->27003K(27776K)
[2026-09-24T05:02:43.896+0000][470.527s][info][gc             ] GC(114) Pause Young (Allocation Failure) 7365M->4100M(7420M) 41.129ms
[2026-09-24T05:02:43.896+0000][470.527s][info][gc,cpu         ] GC(114) User=0.15s Sys=0.00s Real=0.04s
[2026-09-24T05:02:49.560+0000][476.190s][info][gc,start       ] GC(115) Pause Young (Allocation Failure)
[2026-09-24T05:02:49.603+0000][476.233s][info][gc,heap        ] GC(115) PSYoungGen: 3338240K(3408384K)->12144K(3341312K) Eden: 3329024K(3329024K)->0K(3329024K) From: 9216K(79360K)->12144K(12288K)
[2026-09-24T05:02:49.603+0000][476.233s][info][gc,heap        ] GC(115) ParOldGen: 4190206K(4190208K)->4193502K(4193792K)
[2026-09-24T05:02:49.603+0000][476.233s][info][gc,metaspace   ] GC(115) Metaspace: 171667K(173440K)->171667K(173440K) NonClass: 144664K(145664K)->144664K(145664K) Class: 27003K(27776K)->27003K(27776K)
[2026-09-24T05:02:49.603+0000][476.233s][info][gc             ] GC(115) Pause Young (Allocation Failure) 7351M->4107M(7358M) 43.170ms
[2026-09-24T05:02:49.603+0000][476.233s][info][gc,cpu         ] GC(115) User=0.16s Sys=0.00s Real=0.04s
[2026-09-24T05:02:52.316+0000][478.946s][info][gc,heap,exit   ] Heap
[2026-09-24T05:02:52.316+0000][478.946s][info][gc,heap,exit   ]  PSYoungGen      total 3341312K, used 1489591K [0x000000072ab00000, 0x0000000800000000, 0x0000000800000000)
[2026-09-24T05:02:52.316+0000][478.946s][info][gc,heap,exit   ]   eden space 3329024K, 44% used [0x000000072ab00000,0x0000000784dd1fc0,0x00000007f5e00000)
[2026-09-24T05:02:52.316+0000][478.946s][info][gc,heap,exit   ]   from space 12288K, 98% used [0x00000007f5e00000,0x00000007f69dc010,0x00000007f6a00000)
[2026-09-24T05:02:52.316+0000][478.946s][info][gc,heap,exit   ]   to   space 83968K, 0% used [0x00000007fae00000,0x00000007fae00000,0x0000000800000000)
[2026-09-24T05:02:52.316+0000][478.946s][info][gc,heap,exit   ]  ParOldGen       total 4193792K, used 4193502K [0x0000000580000000, 0x000000067ff80000, 0x000000072ab00000)
[2026-09-24T05:02:52.316+0000][478.946s][info][gc,heap,exit   ]   object space 4193792K, 99% used [0x0000000580000000,0x000000067ff37a98,0x000000067ff80000)
[2026-09-24T05:02:52.316+0000][478.946s][info][gc,heap,exit   ]  Metaspace       used 171747K, committed 173504K, reserved 1245184K
[2026-09-24T05:02:52.316+0000][478.946s][info][gc,heap,exit   ]   class space    used 27018K, committed 27776K, reserved 1048576K
