[2026-09-19T01:00:47.437+0000][0.006s][info][gc,init] CardTable entry size: 512
[2026-09-19T01:00:47.437+0000][0.006s][info][gc     ] Using G1
[2026-09-19T01:00:47.441+0000][0.010s][info][gc,init] Version: 21.0.12.1+1-LTS (release)
[2026-09-19T01:00:47.441+0000][0.010s][info][gc,init] CPUs: 4 total, 4 available
[2026-09-19T01:00:47.441+0000][0.010s][info][gc,init] Memory: 15989M
[2026-09-19T01:00:47.441+0000][0.010s][info][gc,init] Large Page Support: Disabled
[2026-09-19T01:00:47.441+0000][0.010s][info][gc,init] NUMA Support: Disabled
[2026-09-19T01:00:47.441+0000][0.010s][info][gc,init] Compressed Oops: Enabled (Zero based)
[2026-09-19T01:00:47.441+0000][0.010s][info][gc,init] Heap Region Size: 8M
[2026-09-19T01:00:47.441+0000][0.010s][info][gc,init] Heap Min Capacity: 4G
[2026-09-19T01:00:47.441+0000][0.010s][info][gc,init] Heap Initial Capacity: 4G
[2026-09-19T01:00:47.441+0000][0.010s][info][gc,init] Heap Max Capacity: 10G
[2026-09-19T01:00:47.441+0000][0.010s][info][gc,init] Pre-touch: Disabled
[2026-09-19T01:00:47.441+0000][0.010s][info][gc,init] Parallel Workers: 4
[2026-09-19T01:00:47.441+0000][0.010s][info][gc,init] Concurrent Workers: 1
[2026-09-19T01:00:47.441+0000][0.010s][info][gc,init] Concurrent Refinement Workers: 4
[2026-09-19T01:00:47.441+0000][0.010s][info][gc,init] Periodic GC: Disabled
[2026-09-19T01:00:47.448+0000][0.017s][info][gc,metaspace] CDS archive(s) mapped at: [0x00007fd423000000-0x00007fd423c9c000-0x00007fd423c9c000), size 13221888, SharedBaseAddress: 0x00007fd423000000, ArchiveRelocationMode: 1.
[2026-09-19T01:00:47.448+0000][0.017s][info][gc,metaspace] Compressed class space mapped at: 0x00007fd424000000-0x00007fd464000000, reserved size: 1073741824
[2026-09-19T01:00:47.448+0000][0.017s][info][gc,metaspace] Narrow klass base: 0x00007fd423000000, Narrow klass shift: 0, Narrow klass range: 0x100000000
[2026-09-19T01:00:48.370+0000][0.939s][info][gc,start    ] GC(0) Pause Young (Normal) (G1 Evacuation Pause)
[2026-09-19T01:00:48.370+0000][0.940s][info][gc,task     ] GC(0) Using 4 workers of 4 for evacuation
[2026-09-19T01:00:48.373+0000][0.942s][info][gc,phases   ] GC(0)   Pre Evacuate Collection Set: 0.14ms
[2026-09-19T01:00:48.373+0000][0.942s][info][gc,phases   ] GC(0)   Merge Heap Roots: 0.12ms
[2026-09-19T01:00:48.373+0000][0.942s][info][gc,phases   ] GC(0)   Evacuate Collection Set: 1.20ms
[2026-09-19T01:00:48.373+0000][0.942s][info][gc,phases   ] GC(0)   Post Evacuate Collection Set: 0.84ms
[2026-09-19T01:00:48.373+0000][0.942s][info][gc,phases   ] GC(0)   Other: 0.35ms
[2026-09-19T01:00:48.373+0000][0.942s][info][gc,heap     ] GC(0) Eden regions: 25->0(24)
[2026-09-19T01:00:48.373+0000][0.942s][info][gc,heap     ] GC(0) Survivor regions: 0->1(4)
[2026-09-19T01:00:48.373+0000][0.942s][info][gc,heap     ] GC(0) Old regions: 1->1
[2026-09-19T01:00:48.373+0000][0.942s][info][gc,heap     ] GC(0) Humongous regions: 68->0
[2026-09-19T01:00:48.373+0000][0.942s][info][gc,metaspace] GC(0) Metaspace: 2501K(2688K)->2501K(2688K) NonClass: 2272K(2368K)->2272K(2368K) Class: 228K(320K)->228K(320K)
[2026-09-19T01:00:48.373+0000][0.942s][info][gc          ] GC(0) Pause Young (Normal) (G1 Evacuation Pause) 745M->5M(4104M) 2.812ms
[2026-09-19T01:00:48.373+0000][0.942s][info][gc,cpu      ] GC(0) User=0.01s Sys=0.00s Real=0.00s
[2026-09-19T01:00:49.653+0000][2.222s][info][gc,start    ] GC(1) Pause Young (Concurrent Start) (Metadata GC Threshold)
[2026-09-19T01:00:49.653+0000][2.222s][info][gc,task     ] GC(1) Using 4 workers of 4 for evacuation
[2026-09-19T01:00:49.658+0000][2.227s][info][gc,phases   ] GC(1)   Pre Evacuate Collection Set: 0.14ms
[2026-09-19T01:00:49.658+0000][2.227s][info][gc,phases   ] GC(1)   Merge Heap Roots: 0.04ms
[2026-09-19T01:00:49.658+0000][2.227s][info][gc,phases   ] GC(1)   Evacuate Collection Set: 4.01ms
[2026-09-19T01:00:49.658+0000][2.227s][info][gc,phases   ] GC(1)   Post Evacuate Collection Set: 0.53ms
[2026-09-19T01:00:49.658+0000][2.227s][info][gc,phases   ] GC(1)   Other: 0.08ms
[2026-09-19T01:00:49.658+0000][2.227s][info][gc,heap     ] GC(1) Eden regions: 11->0(23)
[2026-09-19T01:00:49.658+0000][2.227s][info][gc,heap     ] GC(1) Survivor regions: 1->2(4)
[2026-09-19T01:00:49.658+0000][2.227s][info][gc,heap     ] GC(1) Old regions: 1->1
[2026-09-19T01:00:49.658+0000][2.227s][info][gc,heap     ] GC(1) Humongous regions: 0->0
[2026-09-19T01:00:49.658+0000][2.227s][info][gc,metaspace] GC(1) Metaspace: 21070K(21504K)->21070K(21504K) NonClass: 18696K(18944K)->18696K(18944K) Class: 2374K(2560K)->2374K(2560K)
[2026-09-19T01:00:49.658+0000][2.227s][info][gc          ] GC(1) Pause Young (Concurrent Start) (Metadata GC Threshold) 92M->13M(4104M) 4.939ms
[2026-09-19T01:00:49.658+0000][2.227s][info][gc,cpu      ] GC(1) User=0.02s Sys=0.00s Real=0.01s
[2026-09-19T01:00:49.658+0000][2.227s][info][gc          ] GC(2) Concurrent Mark Cycle
[2026-09-19T01:00:49.658+0000][2.227s][info][gc,marking  ] GC(2) Concurrent Scan Root Regions
[2026-09-19T01:00:49.661+0000][2.230s][info][gc,marking  ] GC(2) Concurrent Scan Root Regions 3.134ms
[2026-09-19T01:00:49.661+0000][2.230s][info][gc,marking  ] GC(2) Concurrent Mark
[2026-09-19T01:00:49.661+0000][2.230s][info][gc,marking  ] GC(2) Concurrent Mark From Roots
[2026-09-19T01:00:49.661+0000][2.230s][info][gc,task     ] GC(2) Using 1 workers of 1 for marking
[2026-09-19T01:00:49.662+0000][2.232s][info][gc,marking  ] GC(2) Concurrent Mark From Roots 1.291ms
[2026-09-19T01:00:49.662+0000][2.232s][info][gc,marking  ] GC(2) Concurrent Preclean
[2026-09-19T01:00:49.662+0000][2.232s][info][gc,marking  ] GC(2) Concurrent Preclean 0.010ms
[2026-09-19T01:00:49.663+0000][2.232s][info][gc,start    ] GC(2) Pause Remark
[2026-09-19T01:00:49.665+0000][2.234s][info][gc          ] GC(2) Pause Remark 18M->18M(4096M) 2.025ms
[2026-09-19T01:00:49.665+0000][2.234s][info][gc,cpu      ] GC(2) User=0.01s Sys=0.00s Real=0.01s
[2026-09-19T01:00:49.665+0000][2.234s][info][gc,marking  ] GC(2) Concurrent Mark 3.585ms
[2026-09-19T01:00:49.665+0000][2.234s][info][gc,marking  ] GC(2) Concurrent Rebuild Remembered Sets and Scrub Regions
[2026-09-19T01:00:49.665+0000][2.235s][info][gc,marking  ] GC(2) Concurrent Rebuild Remembered Sets and Scrub Regions 0.747ms
[2026-09-19T01:00:49.666+0000][2.235s][info][gc,start    ] GC(2) Pause Cleanup
[2026-09-19T01:00:49.666+0000][2.235s][info][gc          ] GC(2) Pause Cleanup 18M->18M(4096M) 0.096ms
[2026-09-19T01:00:49.666+0000][2.235s][info][gc,cpu      ] GC(2) User=0.00s Sys=0.00s Real=0.00s
[2026-09-19T01:00:49.666+0000][2.235s][info][gc,marking  ] GC(2) Concurrent Clear Claimed Marks
[2026-09-19T01:00:49.666+0000][2.235s][info][gc,marking  ] GC(2) Concurrent Clear Claimed Marks 0.013ms
[2026-09-19T01:00:49.666+0000][2.235s][info][gc,marking  ] GC(2) Concurrent Cleanup for Next Mark
[2026-09-19T01:00:49.672+0000][2.241s][info][gc,marking  ] GC(2) Concurrent Cleanup for Next Mark 5.960ms
[2026-09-19T01:00:49.672+0000][2.241s][info][gc          ] GC(2) Concurrent Mark Cycle 13.835ms
[2026-09-19T01:00:49.946+0000][2.515s][info][gc,start    ] GC(3) Pause Young (Prepare Mixed) (G1 Evacuation Pause)
[2026-09-19T01:00:49.946+0000][2.515s][info][gc,task     ] GC(3) Using 4 workers of 4 for evacuation
[2026-09-19T01:00:49.991+0000][2.560s][info][gc,phases   ] GC(3)   Pre Evacuate Collection Set: 0.12ms
[2026-09-19T01:00:49.991+0000][2.560s][info][gc,phases   ] GC(3)   Merge Heap Roots: 0.06ms
[2026-09-19T01:00:49.991+0000][2.560s][info][gc,phases   ] GC(3)   Evacuate Collection Set: 43.25ms
[2026-09-19T01:00:49.991+0000][2.560s][info][gc,phases   ] GC(3)   Post Evacuate Collection Set: 1.10ms
[2026-09-19T01:00:49.991+0000][2.560s][info][gc,phases   ] GC(3)   Other: 0.04ms
[2026-09-19T01:00:49.991+0000][2.560s][info][gc,heap     ] GC(3) Eden regions: 23->0(21)
[2026-09-19T01:00:49.991+0000][2.560s][info][gc,heap     ] GC(3) Survivor regions: 2->4(4)
[2026-09-19T01:00:49.991+0000][2.560s][info][gc,heap     ] GC(3) Old regions: 1->9
[2026-09-19T01:00:49.991+0000][2.560s][info][gc,heap     ] GC(3) Humongous regions: 0->0
[2026-09-19T01:00:49.991+0000][2.560s][info][gc,metaspace] GC(3) Metaspace: 23323K(23808K)->23323K(23808K) NonClass: 20682K(20928K)->20682K(20928K) Class: 2640K(2880K)->2640K(2880K)
[2026-09-19T01:00:49.991+0000][2.560s][info][gc          ] GC(3) Pause Young (Prepare Mixed) (G1 Evacuation Pause) 197M->97M(4096M) 44.718ms
[2026-09-19T01:00:49.991+0000][2.560s][info][gc,cpu      ] GC(3) User=0.17s Sys=0.00s Real=0.04s
[2026-09-19T01:00:50.859+0000][3.428s][info][gc,start    ] GC(4) Pause Young (Mixed) (G1 Evacuation Pause)
[2026-09-19T01:00:50.859+0000][3.428s][info][gc,task     ] GC(4) Using 4 workers of 4 for evacuation
[2026-09-19T01:00:50.911+0000][3.481s][info][gc,phases   ] GC(4)   Pre Evacuate Collection Set: 0.10ms
[2026-09-19T01:00:50.911+0000][3.481s][info][gc,phases   ] GC(4)   Merge Heap Roots: 0.68ms
[2026-09-19T01:00:50.911+0000][3.481s][info][gc,phases   ] GC(4)   Evacuate Collection Set: 50.53ms
[2026-09-19T01:00:50.911+0000][3.481s][info][gc,phases   ] GC(4)   Post Evacuate Collection Set: 1.01ms
[2026-09-19T01:00:50.911+0000][3.481s][info][gc,phases   ] GC(4)   Other: 0.05ms
[2026-09-19T01:00:50.911+0000][3.481s][info][gc,heap     ] GC(4) Eden regions: 21->0(21)
[2026-09-19T01:00:50.911+0000][3.481s][info][gc,heap     ] GC(4) Survivor regions: 4->4(4)
[2026-09-19T01:00:50.911+0000][3.481s][info][gc,heap     ] GC(4) Old regions: 9->15
[2026-09-19T01:00:50.911+0000][3.481s][info][gc,heap     ] GC(4) Humongous regions: 0->0
[2026-09-19T01:00:50.911+0000][3.481s][info][gc,metaspace] GC(4) Metaspace: 33452K(33984K)->33452K(33984K) NonClass: 29595K(29888K)->29595K(29888K) Class: 3857K(4096K)->3857K(4096K)
[2026-09-19T01:00:50.911+0000][3.481s][info][gc          ] GC(4) Pause Young (Mixed) (G1 Evacuation Pause) 265M->150M(4096M) 52.505ms
[2026-09-19T01:00:50.911+0000][3.481s][info][gc,cpu      ] GC(4) User=0.21s Sys=0.00s Real=0.05s
[2026-09-19T01:00:50.991+0000][3.560s][info][gc,start    ] GC(5) Pause Young (Concurrent Start) (Metadata GC Threshold)
[2026-09-19T01:00:50.991+0000][3.560s][info][gc,task     ] GC(5) Using 4 workers of 4 for evacuation
[2026-09-19T01:00:51.011+0000][3.581s][info][gc,phases   ] GC(5)   Pre Evacuate Collection Set: 0.17ms
[2026-09-19T01:00:51.011+0000][3.581s][info][gc,phases   ] GC(5)   Merge Heap Roots: 0.41ms
[2026-09-19T01:00:51.011+0000][3.581s][info][gc,phases   ] GC(5)   Evacuate Collection Set: 19.32ms
[2026-09-19T01:00:51.011+0000][3.581s][info][gc,phases   ] GC(5)   Post Evacuate Collection Set: 0.36ms
[2026-09-19T01:00:51.011+0000][3.581s][info][gc,phases   ] GC(5)   Other: 0.09ms
[2026-09-19T01:00:51.011+0000][3.581s][info][gc,heap     ] GC(5) Eden regions: 1->0(24)
[2026-09-19T01:00:51.011+0000][3.581s][info][gc,heap     ] GC(5) Survivor regions: 4->1(4)
[2026-09-19T01:00:51.011+0000][3.581s][info][gc,heap     ] GC(5) Old regions: 15->19
[2026-09-19T01:00:51.011+0000][3.581s][info][gc,heap     ] GC(5) Humongous regions: 0->0
[2026-09-19T01:00:51.011+0000][3.581s][info][gc,metaspace] GC(5) Metaspace: 35454K(35968K)->35454K(35968K) NonClass: 31348K(31680K)->31348K(31680K) Class: 4105K(4288K)->4105K(4288K)
[2026-09-19T01:00:51.011+0000][3.581s][info][gc          ] GC(5) Pause Young (Concurrent Start) (Metadata GC Threshold) 157M->157M(4096M) 20.504ms
[2026-09-19T01:00:51.011+0000][3.581s][info][gc,cpu      ] GC(5) User=0.08s Sys=0.00s Real=0.02s
[2026-09-19T01:00:51.011+0000][3.581s][info][gc          ] GC(6) Concurrent Mark Cycle
[2026-09-19T01:00:51.011+0000][3.581s][info][gc,marking  ] GC(6) Concurrent Scan Root Regions
[2026-09-19T01:00:51.035+0000][3.604s][info][gc,marking  ] GC(6) Concurrent Scan Root Regions 23.420ms
[2026-09-19T01:00:51.035+0000][3.604s][info][gc,marking  ] GC(6) Concurrent Mark
[2026-09-19T01:00:51.035+0000][3.604s][info][gc,marking  ] GC(6) Concurrent Mark From Roots
[2026-09-19T01:00:51.035+0000][3.604s][info][gc,task     ] GC(6) Using 1 workers of 1 for marking
[2026-09-19T01:00:51.184+0000][3.753s][info][gc,marking  ] GC(6) Concurrent Mark From Roots 149.263ms
[2026-09-19T01:00:51.184+0000][3.753s][info][gc,marking  ] GC(6) Concurrent Preclean
[2026-09-19T01:00:51.184+0000][3.754s][info][gc,marking  ] GC(6) Concurrent Preclean 0.044ms
[2026-09-19T01:00:51.184+0000][3.754s][info][gc,start    ] GC(6) Pause Remark
[2026-09-19T01:00:51.189+0000][3.758s][info][gc          ] GC(6) Pause Remark 168M->168M(4096M) 4.522ms
[2026-09-19T01:00:51.189+0000][3.758s][info][gc,cpu      ] GC(6) User=0.01s Sys=0.00s Real=0.01s
[2026-09-19T01:00:51.189+0000][3.758s][info][gc,marking  ] GC(6) Concurrent Mark 154.111ms
[2026-09-19T01:00:51.189+0000][3.758s][info][gc,marking  ] GC(6) Concurrent Rebuild Remembered Sets and Scrub Regions
[2026-09-19T01:00:51.255+0000][3.825s][info][gc,marking  ] GC(6) Concurrent Rebuild Remembered Sets and Scrub Regions 66.558ms
[2026-09-19T01:00:51.256+0000][3.825s][info][gc,start    ] GC(6) Pause Cleanup
[2026-09-19T01:00:51.256+0000][3.825s][info][gc          ] GC(6) Pause Cleanup 171M->171M(4096M) 0.101ms
[2026-09-19T01:00:51.256+0000][3.825s][info][gc,cpu      ] GC(6) User=0.00s Sys=0.00s Real=0.00s
[2026-09-19T01:00:51.256+0000][3.825s][info][gc,marking  ] GC(6) Concurrent Clear Claimed Marks
[2026-09-19T01:00:51.256+0000][3.825s][info][gc,marking  ] GC(6) Concurrent Clear Claimed Marks 0.050ms
[2026-09-19T01:00:51.256+0000][3.825s][info][gc,marking  ] GC(6) Concurrent Cleanup for Next Mark
[2026-09-19T01:00:51.259+0000][3.829s][info][gc,marking  ] GC(6) Concurrent Cleanup for Next Mark 3.202ms
[2026-09-19T01:00:51.259+0000][3.829s][info][gc          ] GC(6) Concurrent Mark Cycle 247.816ms
[2026-09-19T01:00:52.053+0000][4.622s][info][gc,start    ] GC(7) Pause Young (Prepare Mixed) (G1 Evacuation Pause)
[2026-09-19T01:00:52.053+0000][4.622s][info][gc,task     ] GC(7) Using 4 workers of 4 for evacuation
[2026-09-19T01:00:52.066+0000][4.635s][info][gc,phases   ] GC(7)   Pre Evacuate Collection Set: 0.08ms
[2026-09-19T01:00:52.066+0000][4.635s][info][gc,phases   ] GC(7)   Merge Heap Roots: 0.07ms
[2026-09-19T01:00:52.066+0000][4.635s][info][gc,phases   ] GC(7)   Evacuate Collection Set: 12.14ms
[2026-09-19T01:00:52.066+0000][4.635s][info][gc,phases   ] GC(7)   Post Evacuate Collection Set: 0.77ms
[2026-09-19T01:00:52.066+0000][4.635s][info][gc,phases   ] GC(7)   Other: 0.05ms
[2026-09-19T01:00:52.066+0000][4.635s][info][gc,heap     ] GC(7) Eden regions: 24->0(22)
[2026-09-19T01:00:52.066+0000][4.635s][info][gc,heap     ] GC(7) Survivor regions: 1->3(4)
[2026-09-19T01:00:52.066+0000][4.635s][info][gc,heap     ] GC(7) Old regions: 19->19
[2026-09-19T01:00:52.066+0000][4.635s][info][gc,heap     ] GC(7) Humongous regions: 0->0
[2026-09-19T01:00:52.066+0000][4.635s][info][gc,metaspace] GC(7) Metaspace: 45678K(46208K)->45678K(46208K) NonClass: 39761K(40064K)->39761K(40064K) Class: 5916K(6144K)->5916K(6144K)
[2026-09-19T01:00:52.066+0000][4.635s][info][gc          ] GC(7) Pause Young (Prepare Mixed) (G1 Evacuation Pause) 349M->173M(4096M) 13.249ms
[2026-09-19T01:00:52.066+0000][4.635s][info][gc,cpu      ] GC(7) User=0.04s Sys=0.00s Real=0.02s
[2026-09-19T01:00:53.455+0000][6.025s][info][gc,start    ] GC(8) Pause Young (Mixed) (G1 Evacuation Pause)
[2026-09-19T01:00:53.455+0000][6.025s][info][gc,task     ] GC(8) Using 4 workers of 4 for evacuation
[2026-09-19T01:00:53.484+0000][6.053s][info][gc,phases   ] GC(8)   Pre Evacuate Collection Set: 0.13ms
[2026-09-19T01:00:53.484+0000][6.053s][info][gc,phases   ] GC(8)   Merge Heap Roots: 0.11ms
[2026-09-19T01:00:53.484+0000][6.053s][info][gc,phases   ] GC(8)   Evacuate Collection Set: 27.09ms
[2026-09-19T01:00:53.484+0000][6.053s][info][gc,phases   ] GC(8)   Post Evacuate Collection Set: 0.93ms
[2026-09-19T01:00:53.484+0000][6.053s][info][gc,phases   ] GC(8)   Other: 0.04ms
[2026-09-19T01:00:53.484+0000][6.053s][info][gc,heap     ] GC(8) Eden regions: 22->0(21)
[2026-09-19T01:00:53.484+0000][6.053s][info][gc,heap     ] GC(8) Survivor regions: 3->4(4)
[2026-09-19T01:00:53.484+0000][6.053s][info][gc,heap     ] GC(8) Old regions: 19->22
[2026-09-19T01:00:53.484+0000][6.053s][info][gc,heap     ] GC(8) Humongous regions: 0->0
[2026-09-19T01:00:53.484+0000][6.053s][info][gc,metaspace] GC(8) Metaspace: 63757K(64448K)->63757K(64448K) NonClass: 54129K(54528K)->54129K(54528K) Class: 9627K(9920K)->9627K(9920K)
[2026-09-19T01:00:53.484+0000][6.053s][info][gc          ] GC(8) Pause Young (Mixed) (G1 Evacuation Pause) 349M->198M(4096M) 28.440ms
[2026-09-19T01:00:53.484+0000][6.053s][info][gc,cpu      ] GC(8) User=0.11s Sys=0.01s Real=0.02s
[2026-09-19T01:00:53.595+0000][6.164s][info][gc,start    ] GC(9) Pause Young (Normal) (G1 Evacuation Pause)
[2026-09-19T01:00:53.595+0000][6.164s][info][gc,task     ] GC(9) Using 4 workers of 4 for evacuation
[2026-09-19T01:00:53.634+0000][6.204s][info][gc,phases   ] GC(9)   Pre Evacuate Collection Set: 0.12ms
[2026-09-19T01:00:53.634+0000][6.204s][info][gc,phases   ] GC(9)   Merge Heap Roots: 0.15ms
[2026-09-19T01:00:53.634+0000][6.204s][info][gc,phases   ] GC(9)   Evacuate Collection Set: 38.64ms
[2026-09-19T01:00:53.634+0000][6.204s][info][gc,phases   ] GC(9)   Post Evacuate Collection Set: 0.60ms
[2026-09-19T01:00:53.634+0000][6.204s][info][gc,phases   ] GC(9)   Other: 0.05ms
[2026-09-19T01:00:53.634+0000][6.204s][info][gc,heap     ] GC(9) Eden regions: 21->0(21)
[2026-09-19T01:00:53.634+0000][6.204s][info][gc,heap     ] GC(9) Survivor regions: 4->4(4)
[2026-09-19T01:00:53.634+0000][6.204s][info][gc,heap     ] GC(9) Old regions: 22->28
[2026-09-19T01:00:53.634+0000][6.204s][info][gc,heap     ] GC(9) Humongous regions: 0->0
[2026-09-19T01:00:53.634+0000][6.204s][info][gc,metaspace] GC(9) Metaspace: 63775K(64448K)->63775K(64448K) NonClass: 54147K(54528K)->54147K(54528K) Class: 9627K(9920K)->9627K(9920K)
[2026-09-19T01:00:53.634+0000][6.204s][info][gc          ] GC(9) Pause Young (Normal) (G1 Evacuation Pause) 366M->256M(4096M) 39.706ms
[2026-09-19T01:00:53.634+0000][6.204s][info][gc,cpu      ] GC(9) User=0.15s Sys=0.00s Real=0.03s
[2026-09-19T01:00:53.681+0000][6.250s][info][gc,start    ] GC(10) Pause Young (Concurrent Start) (Metadata GC Threshold)
[2026-09-19T01:00:53.681+0000][6.250s][info][gc,task     ] GC(10) Using 4 workers of 4 for evacuation
[2026-09-19T01:00:53.701+0000][6.270s][info][gc,phases   ] GC(10)   Pre Evacuate Collection Set: 0.11ms
[2026-09-19T01:00:53.701+0000][6.270s][info][gc,phases   ] GC(10)   Merge Heap Roots: 0.08ms
[2026-09-19T01:00:53.701+0000][6.270s][info][gc,phases   ] GC(10)   Evacuate Collection Set: 19.14ms
[2026-09-19T01:00:53.701+0000][6.270s][info][gc,phases   ] GC(10)   Post Evacuate Collection Set: 0.40ms
[2026-09-19T01:00:53.701+0000][6.270s][info][gc,phases   ] GC(10)   Other: 0.06ms
[2026-09-19T01:00:53.701+0000][6.270s][info][gc,heap     ] GC(10) Eden regions: 5->0(23)
[2026-09-19T01:00:53.701+0000][6.270s][info][gc,heap     ] GC(10) Survivor regions: 4->2(4)
[2026-09-19T01:00:53.701+0000][6.270s][info][gc,heap     ] GC(10) Old regions: 28->33
[2026-09-19T01:00:53.701+0000][6.270s][info][gc,heap     ] GC(10) Humongous regions: 0->0
[2026-09-19T01:00:53.701+0000][6.270s][info][gc,metaspace] GC(10) Metaspace: 63784K(64448K)->63784K(64448K) NonClass: 54156K(54528K)->54156K(54528K) Class: 9628K(9920K)->9628K(9920K)
[2026-09-19T01:00:53.701+0000][6.270s][info][gc          ] GC(10) Pause Young (Concurrent Start) (Metadata GC Threshold) 293M->273M(4096M) 19.969ms
[2026-09-19T01:00:53.701+0000][6.270s][info][gc,cpu      ] GC(10) User=0.08s Sys=0.00s Real=0.02s
[2026-09-19T01:00:53.701+0000][6.270s][info][gc          ] GC(11) Concurrent Mark Cycle
[2026-09-19T01:00:53.701+0000][6.270s][info][gc,marking  ] GC(11) Concurrent Scan Root Regions
[2026-09-19T01:00:53.722+0000][6.291s][info][gc,marking  ] GC(11) Concurrent Scan Root Regions 20.787ms
[2026-09-19T01:00:53.722+0000][6.291s][info][gc,marking  ] GC(11) Concurrent Mark
[2026-09-19T01:00:53.722+0000][6.291s][info][gc,marking  ] GC(11) Concurrent Mark From Roots
[2026-09-19T01:00:53.722+0000][6.291s][info][gc,task     ] GC(11) Using 1 workers of 1 for marking
[2026-09-19T01:00:53.911+0000][6.481s][info][gc,marking  ] GC(11) Concurrent Mark From Roots 189.506ms
[2026-09-19T01:00:53.911+0000][6.481s][info][gc,marking  ] GC(11) Concurrent Preclean
[2026-09-19T01:00:53.912+0000][6.481s][info][gc,marking  ] GC(11) Concurrent Preclean 0.120ms
[2026-09-19T01:00:53.916+0000][6.485s][info][gc,start    ] GC(11) Pause Remark
[2026-09-19T01:00:53.922+0000][6.491s][info][gc          ] GC(11) Pause Remark 276M->276M(4096M) 5.957ms
[2026-09-19T01:00:53.922+0000][6.491s][info][gc,cpu      ] GC(11) User=0.02s Sys=0.00s Real=0.00s
[2026-09-19T01:00:53.922+0000][6.491s][info][gc,marking  ] GC(11) Concurrent Mark 200.145ms
[2026-09-19T01:00:53.922+0000][6.491s][info][gc,marking  ] GC(11) Concurrent Rebuild Remembered Sets and Scrub Regions
[2026-09-19T01:00:54.022+0000][6.592s][info][gc,marking  ] GC(11) Concurrent Rebuild Remembered Sets and Scrub Regions 100.363ms
[2026-09-19T01:00:54.026+0000][6.595s][info][gc,start    ] GC(11) Pause Cleanup
[2026-09-19T01:00:54.026+0000][6.595s][info][gc          ] GC(11) Pause Cleanup 276M->276M(4096M) 0.144ms
[2026-09-19T01:00:54.026+0000][6.595s][info][gc,cpu      ] GC(11) User=0.00s Sys=0.00s Real=0.00s
[2026-09-19T01:00:54.026+0000][6.595s][info][gc,marking  ] GC(11) Concurrent Clear Claimed Marks
[2026-09-19T01:00:54.026+0000][6.595s][info][gc,marking  ] GC(11) Concurrent Clear Claimed Marks 0.058ms
[2026-09-19T01:00:54.026+0000][6.595s][info][gc,marking  ] GC(11) Concurrent Cleanup for Next Mark
[2026-09-19T01:00:54.029+0000][6.599s][info][gc,marking  ] GC(11) Concurrent Cleanup for Next Mark 3.364ms
[2026-09-19T01:00:54.029+0000][6.599s][info][gc          ] GC(11) Concurrent Mark Cycle 328.276ms
[2026-09-19T01:00:55.993+0000][8.562s][info][gc,start    ] GC(12) Pause Young (Prepare Mixed) (G1 Evacuation Pause)
[2026-09-19T01:00:55.993+0000][8.563s][info][gc,task     ] GC(12) Using 4 workers of 4 for evacuation
[2026-09-19T01:00:56.019+0000][8.588s][info][gc,phases   ] GC(12)   Pre Evacuate Collection Set: 0.11ms
[2026-09-19T01:00:56.019+0000][8.588s][info][gc,phases   ] GC(12)   Merge Heap Roots: 0.12ms
[2026-09-19T01:00:56.019+0000][8.588s][info][gc,phases   ] GC(12)   Evacuate Collection Set: 24.56ms
[2026-09-19T01:00:56.019+0000][8.588s][info][gc,phases   ] GC(12)   Post Evacuate Collection Set: 0.71ms
[2026-09-19T01:00:56.019+0000][8.588s][info][gc,phases   ] GC(12)   Other: 0.05ms
[2026-09-19T01:00:56.019+0000][8.588s][info][gc,heap     ] GC(12) Eden regions: 23->0(21)
[2026-09-19T01:00:56.019+0000][8.588s][info][gc,heap     ] GC(12) Survivor regions: 2->4(4)
[2026-09-19T01:00:56.019+0000][8.588s][info][gc,heap     ] GC(12) Old regions: 33->34
[2026-09-19T01:00:56.019+0000][8.588s][info][gc,heap     ] GC(12) Humongous regions: 0->0
[2026-09-19T01:00:56.019+0000][8.588s][info][gc,metaspace] GC(12) Metaspace: 96267K(97088K)->96267K(97088K) NonClass: 82771K(83264K)->82771K(83264K) Class: 13496K(13824K)->13496K(13824K)
[2026-09-19T01:00:56.019+0000][8.588s][info][gc          ] GC(12) Pause Young (Prepare Mixed) (G1 Evacuation Pause) 457M->302M(4096M) 25.675ms
[2026-09-19T01:00:56.019+0000][8.588s][info][gc,cpu      ] GC(12) User=0.10s Sys=0.00s Real=0.03s
[2026-09-19T01:00:56.414+0000][8.983s][info][gc,start    ] GC(13) Pause Young (Mixed) (G1 Evacuation Pause)
[2026-09-19T01:00:56.414+0000][8.983s][info][gc,task     ] GC(13) Using 4 workers of 4 for evacuation
[2026-09-19T01:00:56.460+0000][9.029s][info][gc,phases   ] GC(13)   Pre Evacuate Collection Set: 0.14ms
[2026-09-19T01:00:56.460+0000][9.029s][info][gc,phases   ] GC(13)   Merge Heap Roots: 0.22ms
[2026-09-19T01:00:56.460+0000][9.029s][info][gc,phases   ] GC(13)   Evacuate Collection Set: 44.67ms
[2026-09-19T01:00:56.460+0000][9.029s][info][gc,phases   ] GC(13)   Post Evacuate Collection Set: 0.70ms
[2026-09-19T01:00:56.460+0000][9.029s][info][gc,phases   ] GC(13)   Other: 0.05ms
[2026-09-19T01:00:56.460+0000][9.029s][info][gc,heap     ] GC(13) Eden regions: 21->0(131)
[2026-09-19T01:00:56.460+0000][9.029s][info][gc,heap     ] GC(13) Survivor regions: 4->4(4)
[2026-09-19T01:00:56.460+0000][9.029s][info][gc,heap     ] GC(13) Old regions: 34->38
[2026-09-19T01:00:56.460+0000][9.029s][info][gc,heap     ] GC(13) Humongous regions: 0->0
[2026-09-19T01:00:56.460+0000][9.029s][info][gc,metaspace] GC(13) Metaspace: 97175K(98048K)->97175K(98048K) NonClass: 83571K(84032K)->83571K(84032K) Class: 13604K(14016K)->13604K(14016K)
[2026-09-19T01:00:56.460+0000][9.029s][info][gc          ] GC(13) Pause Young (Mixed) (G1 Evacuation Pause) 470M->334M(4096M) 45.926ms
[2026-09-19T01:00:56.460+0000][9.029s][info][gc,cpu      ] GC(13) User=0.18s Sys=0.00s Real=0.05s
[2026-09-19T01:00:59.209+0000][11.779s][info][gc,start    ] GC(14) Pause Young (Mixed) (Metadata GC Threshold)
[2026-09-19T01:00:59.209+0000][11.779s][info][gc,task     ] GC(14) Using 4 workers of 4 for evacuation
[2026-09-19T01:00:59.268+0000][11.837s][info][gc,phases   ] GC(14)   Pre Evacuate Collection Set: 0.13ms
[2026-09-19T01:00:59.268+0000][11.837s][info][gc,phases   ] GC(14)   Merge Heap Roots: 0.19ms
[2026-09-19T01:00:59.268+0000][11.837s][info][gc,phases   ] GC(14)   Evacuate Collection Set: 55.51ms
[2026-09-19T01:00:59.268+0000][11.837s][info][gc,phases   ] GC(14)   Post Evacuate Collection Set: 2.54ms
[2026-09-19T01:00:59.268+0000][11.837s][info][gc,phases   ] GC(14)   Other: 0.05ms
[2026-09-19T01:00:59.268+0000][11.837s][info][gc,heap     ] GC(14) Eden regions: 91->0(20)
[2026-09-19T01:00:59.268+0000][11.837s][info][gc,heap     ] GC(14) Survivor regions: 4->13(19)
[2026-09-19T01:00:59.268+0000][11.837s][info][gc,heap     ] GC(14) Old regions: 38->37
[2026-09-19T01:00:59.268+0000][11.837s][info][gc,heap     ] GC(14) Humongous regions: 0->0
[2026-09-19T01:00:59.268+0000][11.837s][info][gc,metaspace] GC(14) Metaspace: 113239K(114176K)->113239K(114176K) NonClass: 97012K(97536K)->97012K(97536K) Class: 16227K(16640K)->16227K(16640K)
[2026-09-19T01:00:59.268+0000][11.837s][info][gc          ] GC(14) Pause Young (Mixed) (Metadata GC Threshold) 1062M->391M(5328M) 58.548ms
[2026-09-19T01:00:59.268+0000][11.837s][info][gc,cpu      ] GC(14) User=0.22s Sys=0.00s Real=0.06s
[2026-09-19T01:00:59.294+0000][11.863s][info][gc,start    ] GC(15) Pause Young (Concurrent Start) (Metadata GC Threshold)
[2026-09-19T01:00:59.294+0000][11.863s][info][gc,task     ] GC(15) Using 4 workers of 4 for evacuation
[2026-09-19T01:00:59.340+0000][11.909s][info][gc,phases   ] GC(15)   Pre Evacuate Collection Set: 0.15ms
[2026-09-19T01:00:59.340+0000][11.909s][info][gc,phases   ] GC(15)   Merge Heap Roots: 0.16ms
[2026-09-19T01:00:59.340+0000][11.909s][info][gc,phases   ] GC(15)   Evacuate Collection Set: 44.74ms
[2026-09-19T01:00:59.340+0000][11.909s][info][gc,phases   ] GC(15)   Post Evacuate Collection Set: 0.66ms
[2026-09-19T01:00:59.340+0000][11.909s][info][gc,phases   ] GC(15)   Other: 0.07ms
[2026-09-19T01:00:59.340+0000][11.909s][info][gc,heap     ] GC(15) Eden regions: 1->0(43)
[2026-09-19T01:00:59.340+0000][11.909s][info][gc,heap     ] GC(15) Survivor regions: 13->2(5)
[2026-09-19T01:00:59.340+0000][11.909s][info][gc,heap     ] GC(15) Old regions: 37->49
[2026-09-19T01:00:59.340+0000][11.909s][info][gc,heap     ] GC(15) Humongous regions: 0->0
[2026-09-19T01:00:59.340+0000][11.909s][info][gc,metaspace] GC(15) Metaspace: 113563K(114496K)->113563K(114496K) NonClass: 97287K(97792K)->97287K(97792K) Class: 16276K(16704K)->16276K(16704K)
[2026-09-19T01:00:59.340+0000][11.909s][info][gc          ] GC(15) Pause Young (Concurrent Start) (Metadata GC Threshold) 398M->403M(5328M) 45.916ms
[2026-09-19T01:00:59.340+0000][11.909s][info][gc,cpu      ] GC(15) User=0.17s Sys=0.01s Real=0.05s
[2026-09-19T01:00:59.340+0000][11.909s][info][gc          ] GC(16) Concurrent Mark Cycle
[2026-09-19T01:00:59.340+0000][11.909s][info][gc,marking  ] GC(16) Concurrent Scan Root Regions
[2026-09-19T01:00:59.421+0000][11.990s][info][gc,marking  ] GC(16) Concurrent Scan Root Regions 80.642ms
[2026-09-19T01:00:59.421+0000][11.990s][info][gc,marking  ] GC(16) Concurrent Mark
[2026-09-19T01:00:59.421+0000][11.990s][info][gc,marking  ] GC(16) Concurrent Mark From Roots
[2026-09-19T01:00:59.421+0000][11.990s][info][gc,task     ] GC(16) Using 1 workers of 1 for marking
[2026-09-19T01:00:59.969+0000][12.538s][info][gc,marking  ] GC(16) Concurrent Mark From Roots 548.441ms
[2026-09-19T01:00:59.969+0000][12.538s][info][gc,marking  ] GC(16) Concurrent Preclean
[2026-09-19T01:00:59.969+0000][12.539s][info][gc,marking  ] GC(16) Concurrent Preclean 0.292ms
[2026-09-19T01:00:59.976+0000][12.545s][info][gc,start    ] GC(16) Pause Remark
[2026-09-19T01:00:59.991+0000][12.561s][info][gc          ] GC(16) Pause Remark 600M->600M(4096M) 15.519ms
[2026-09-19T01:00:59.991+0000][12.561s][info][gc,cpu      ] GC(16) User=0.06s Sys=0.00s Real=0.01s
[2026-09-19T01:00:59.991+0000][12.561s][info][gc,marking  ] GC(16) Concurrent Mark 570.791ms
[2026-09-19T01:00:59.991+0000][12.561s][info][gc,marking  ] GC(16) Concurrent Rebuild Remembered Sets and Scrub Regions
[2026-09-19T01:01:00.224+0000][12.794s][info][gc,marking  ] GC(16) Concurrent Rebuild Remembered Sets and Scrub Regions 232.822ms
[2026-09-19T01:01:00.224+0000][12.794s][info][gc,start    ] GC(16) Pause Cleanup
[2026-09-19T01:01:00.225+0000][12.794s][info][gc          ] GC(16) Pause Cleanup 645M->645M(4096M) 0.137ms
[2026-09-19T01:01:00.225+0000][12.794s][info][gc,cpu      ] GC(16) User=0.00s Sys=0.00s Real=0.01s
[2026-09-19T01:01:00.225+0000][12.794s][info][gc,marking  ] GC(16) Concurrent Clear Claimed Marks
[2026-09-19T01:01:00.225+0000][12.794s][info][gc,marking  ] GC(16) Concurrent Clear Claimed Marks 0.085ms
[2026-09-19T01:01:00.225+0000][12.794s][info][gc,marking  ] GC(16) Concurrent Cleanup for Next Mark
[2026-09-19T01:01:00.229+0000][12.798s][info][gc,marking  ] GC(16) Concurrent Cleanup for Next Mark 4.043ms
[2026-09-19T01:01:00.229+0000][12.798s][info][gc          ] GC(16) Concurrent Mark Cycle 888.931ms
[2026-09-19T01:01:01.174+0000][13.743s][info][gc,start    ] GC(17) Pause Young (Prepare Mixed) (G1 Evacuation Pause)
[2026-09-19T01:01:01.174+0000][13.743s][info][gc,task     ] GC(17) Using 4 workers of 4 for evacuation
[2026-09-19T01:01:01.188+0000][13.757s][info][gc,phases   ] GC(17)   Pre Evacuate Collection Set: 0.14ms
[2026-09-19T01:01:01.188+0000][13.757s][info][gc,phases   ] GC(17)   Merge Heap Roots: 0.15ms
[2026-09-19T01:01:01.188+0000][13.757s][info][gc,phases   ] GC(17)   Evacuate Collection Set: 12.89ms
[2026-09-19T01:01:01.188+0000][13.757s][info][gc,phases   ] GC(17)   Post Evacuate Collection Set: 0.74ms
[2026-09-19T01:01:01.188+0000][13.757s][info][gc,phases   ] GC(17)   Other: 0.08ms
[2026-09-19T01:01:01.188+0000][13.757s][info][gc,heap     ] GC(17) Eden regions: 62->0(202)
[2026-09-19T01:01:01.188+0000][13.757s][info][gc,heap     ] GC(17) Survivor regions: 2->3(8)
[2026-09-19T01:01:01.188+0000][13.757s][info][gc,heap     ] GC(17) Old regions: 49->49
[2026-09-19T01:01:01.188+0000][13.757s][info][gc,heap     ] GC(17) Humongous regions: 0->0
[2026-09-19T01:01:01.188+0000][13.757s][info][gc,metaspace] GC(17) Metaspace: 123151K(124288K)->123151K(124288K) NonClass: 105467K(106112K)->105467K(106112K) Class: 17683K(18176K)->17683K(18176K)
[2026-09-19T01:01:01.188+0000][13.758s][info][gc          ] GC(17) Pause Young (Prepare Mixed) (G1 Evacuation Pause) 899M->410M(4096M) 14.144ms
[2026-09-19T01:01:01.188+0000][13.758s][info][gc,cpu      ] GC(17) User=0.06s Sys=0.00s Real=0.02s
[2026-09-19T01:01:09.349+0000][21.919s][info][gc,start    ] GC(18) Pause Young (Mixed) (G1 Evacuation Pause)
[2026-09-19T01:01:09.349+0000][21.919s][info][gc,task     ] GC(18) Using 4 workers of 4 for evacuation
[2026-09-19T01:01:09.422+0000][21.991s][info][gc,phases   ] GC(18)   Pre Evacuate Collection Set: 0.15ms
[2026-09-19T01:01:09.422+0000][21.991s][info][gc,phases   ] GC(18)   Merge Heap Roots: 0.27ms
[2026-09-19T01:01:09.422+0000][21.991s][info][gc,phases   ] GC(18)   Evacuate Collection Set: 69.99ms
[2026-09-19T01:01:09.422+0000][21.991s][info][gc,phases   ] GC(18)   Post Evacuate Collection Set: 2.21ms
[2026-09-19T01:01:09.422+0000][21.991s][info][gc,phases   ] GC(18)   Other: 0.11ms
[2026-09-19T01:01:09.422+0000][21.991s][info][gc,heap     ] GC(18) Eden regions: 211->0(5)
[2026-09-19T01:01:09.422+0000][21.991s][info][gc,heap     ] GC(18) Survivor regions: 3->20(27)
[2026-09-19T01:01:09.422+0000][21.991s][info][gc,heap     ] GC(18) Old regions: 49->47
[2026-09-19T01:01:09.422+0000][21.991s][info][gc,heap     ] GC(18) Humongous regions: 0->0
[2026-09-19T01:01:09.422+0000][21.991s][info][gc,metaspace] GC(18) Metaspace: 150969K(152256K)->150969K(152256K) NonClass: 126433K(127168K)->126433K(127168K) Class: 24536K(25088K)->24536K(25088K)
[2026-09-19T01:01:09.422+0000][21.991s][info][gc          ] GC(18) Pause Young (Mixed) (G1 Evacuation Pause) 2098M->531M(4096M) 72.898ms
[2026-09-19T01:01:09.422+0000][21.991s][info][gc,cpu      ] GC(18) User=0.27s Sys=0.02s Real=0.07s
[2026-09-19T01:01:09.495+0000][22.064s][info][gc,start    ] GC(19) Pause Young (Normal) (G1 Evacuation Pause)
[2026-09-19T01:01:09.495+0000][22.065s][info][gc,task     ] GC(19) Using 4 workers of 4 for evacuation
[2026-09-19T01:01:09.548+0000][22.117s][info][gc,phases   ] GC(19)   Pre Evacuate Collection Set: 0.15ms
[2026-09-19T01:01:09.548+0000][22.118s][info][gc,phases   ] GC(19)   Merge Heap Roots: 0.17ms
[2026-09-19T01:01:09.548+0000][22.118s][info][gc,phases   ] GC(19)   Evacuate Collection Set: 51.68ms
[2026-09-19T01:01:09.548+0000][22.118s][info][gc,phases   ] GC(19)   Post Evacuate Collection Set: 0.87ms
[2026-09-19T01:01:09.548+0000][22.118s][info][gc,phases   ] GC(19)   Other: 0.05ms
[2026-09-19T01:01:09.548+0000][22.118s][info][gc,heap     ] GC(19) Eden regions: 5->0(94)
[2026-09-19T01:01:09.548+0000][22.118s][info][gc,heap     ] GC(19) Survivor regions: 20->2(4)
[2026-09-19T01:01:09.548+0000][22.118s][info][gc,heap     ] GC(19) Old regions: 47->67
[2026-09-19T01:01:09.548+0000][22.118s][info][gc,heap     ] GC(19) Humongous regions: 0->0
[2026-09-19T01:01:09.548+0000][22.118s][info][gc,metaspace] GC(19) Metaspace: 150969K(152256K)->150969K(152256K) NonClass: 126433K(127168K)->126433K(127168K) Class: 24536K(25088K)->24536K(25088K)
[2026-09-19T01:01:09.548+0000][22.118s][info][gc          ] GC(19) Pause Young (Normal) (G1 Evacuation Pause) 571M->552M(4096M) 53.080ms
[2026-09-19T01:01:09.548+0000][22.118s][info][gc,cpu      ] GC(19) User=0.21s Sys=0.00s Real=0.05s
[2026-09-19T01:01:11.629+0000][24.199s][info][gc,start    ] GC(20) Pause Young (Concurrent Start) (G1 Evacuation Pause)
[2026-09-19T01:01:11.629+0000][24.199s][info][gc,task     ] GC(20) Using 4 workers of 4 for evacuation
[2026-09-19T01:01:11.674+0000][24.243s][info][gc,phases   ] GC(20)   Pre Evacuate Collection Set: 0.16ms
[2026-09-19T01:01:11.674+0000][24.243s][info][gc,phases   ] GC(20)   Merge Heap Roots: 0.09ms
[2026-09-19T01:01:11.674+0000][24.243s][info][gc,phases   ] GC(20)   Evacuate Collection Set: 43.18ms
[2026-09-19T01:01:11.674+0000][24.243s][info][gc,phases   ] GC(20)   Post Evacuate Collection Set: 0.64ms
[2026-09-19T01:01:11.674+0000][24.243s][info][gc,phases   ] GC(20)   Other: 0.15ms
[2026-09-19T01:01:11.674+0000][24.243s][info][gc,heap     ] GC(20) Eden regions: 112->0(10)
[2026-09-19T01:01:11.674+0000][24.243s][info][gc,heap     ] GC(20) Survivor regions: 2->15(15)
[2026-09-19T01:01:11.674+0000][24.243s][info][gc,heap     ] GC(20) Old regions: 67->71
[2026-09-19T01:01:11.674+0000][24.243s][info][gc,heap     ] GC(20) Humongous regions: 0->0
[2026-09-19T01:01:11.674+0000][24.243s][info][gc,metaspace] GC(20) Metaspace: 152577K(153920K)->152577K(153920K) NonClass: 127787K(128576K)->127787K(128576K) Class: 24790K(25344K)->24790K(25344K)
[2026-09-19T01:01:11.674+0000][24.243s][info][gc          ] GC(20) Pause Young (Concurrent Start) (G1 Evacuation Pause) 1448M->688M(4096M) 44.371ms
[2026-09-19T01:01:11.674+0000][24.243s][info][gc,cpu      ] GC(20) User=0.17s Sys=0.00s Real=0.04s
[2026-09-19T01:01:11.674+0000][24.243s][info][gc          ] GC(21) Concurrent Mark Cycle
[2026-09-19T01:01:11.674+0000][24.243s][info][gc,marking  ] GC(21) Concurrent Scan Root Regions
[2026-09-19T01:01:11.745+0000][24.314s][info][gc,marking  ] GC(21) Concurrent Scan Root Regions 70.857ms
[2026-09-19T01:01:11.745+0000][24.314s][info][gc,marking  ] GC(21) Concurrent Mark
[2026-09-19T01:01:11.745+0000][24.314s][info][gc,marking  ] GC(21) Concurrent Mark From Roots
[2026-09-19T01:01:11.745+0000][24.314s][info][gc,task     ] GC(21) Using 1 workers of 1 for marking
[2026-09-19T01:01:12.048+0000][24.618s][info][gc,start    ] GC(22) Pause Young (Normal) (G1 Evacuation Pause)
[2026-09-19T01:01:12.048+0000][24.618s][info][gc,task     ] GC(22) Using 4 workers of 4 for evacuation
[2026-09-19T01:01:12.085+0000][24.654s][info][gc,phases   ] GC(22)   Pre Evacuate Collection Set: 0.11ms
[2026-09-19T01:01:12.085+0000][24.654s][info][gc,phases   ] GC(22)   Merge Heap Roots: 0.09ms
[2026-09-19T01:01:12.085+0000][24.654s][info][gc,phases   ] GC(22)   Evacuate Collection Set: 35.36ms
[2026-09-19T01:01:12.085+0000][24.654s][info][gc,phases   ] GC(22)   Post Evacuate Collection Set: 0.57ms
[2026-09-19T01:01:12.085+0000][24.654s][info][gc,phases   ] GC(22)   Other: 0.05ms
[2026-09-19T01:01:12.085+0000][24.654s][info][gc,heap     ] GC(22) Eden regions: 18->0(117)
[2026-09-19T01:01:12.085+0000][24.654s][info][gc,heap     ] GC(22) Survivor regions: 15->3(5)
[2026-09-19T01:01:12.085+0000][24.654s][info][gc,heap     ] GC(22) Old regions: 71->87
[2026-09-19T01:01:12.085+0000][24.654s][info][gc,heap     ] GC(22) Humongous regions: 0->0
[2026-09-19T01:01:12.085+0000][24.654s][info][gc,metaspace] GC(22) Metaspace: 152712K(154112K)->152712K(154112K) NonClass: 127901K(128704K)->127901K(128704K) Class: 24811K(25408K)->24811K(25408K)
[2026-09-19T01:01:12.085+0000][24.654s][info][gc          ] GC(22) Pause Young (Normal) (G1 Evacuation Pause) 832M->716M(4096M) 36.364ms
[2026-09-19T01:01:12.085+0000][24.654s][info][gc,cpu      ] GC(22) User=0.14s Sys=0.01s Real=0.04s
[2026-09-19T01:01:12.507+0000][25.077s][info][gc,marking  ] GC(21) Concurrent Mark From Roots 762.922ms
[2026-09-19T01:01:12.508+0000][25.077s][info][gc,marking  ] GC(21) Concurrent Preclean
[2026-09-19T01:01:12.508+0000][25.077s][info][gc,marking  ] GC(21) Concurrent Preclean 0.308ms
[2026-09-19T01:01:12.509+0000][25.078s][info][gc,start    ] GC(21) Pause Remark
[2026-09-19T01:01:12.533+0000][25.102s][info][gc          ] GC(21) Pause Remark 887M->855M(4096M) 24.262ms
[2026-09-19T01:01:12.533+0000][25.102s][info][gc,cpu      ] GC(21) User=0.09s Sys=0.00s Real=0.02s
[2026-09-19T01:01:12.537+0000][25.106s][info][gc,marking  ] GC(21) Concurrent Mark 791.986ms
[2026-09-19T01:01:12.537+0000][25.106s][info][gc,marking  ] GC(21) Concurrent Rebuild Remembered Sets and Scrub Regions
[2026-09-19T01:01:13.014+0000][25.583s][info][gc,marking  ] GC(21) Concurrent Rebuild Remembered Sets and Scrub Regions 477.367ms
[2026-09-19T01:01:13.014+0000][25.584s][info][gc,start    ] GC(21) Pause Cleanup
[2026-09-19T01:01:13.014+0000][25.584s][info][gc          ] GC(21) Pause Cleanup 1026M->1026M(4096M) 0.156ms
[2026-09-19T01:01:13.014+0000][25.584s][info][gc,cpu      ] GC(21) User=0.00s Sys=0.00s Real=0.00s
[2026-09-19T01:01:13.014+0000][25.584s][info][gc,marking  ] GC(21) Concurrent Clear Claimed Marks
[2026-09-19T01:01:13.015+0000][25.584s][info][gc,marking  ] GC(21) Concurrent Clear Claimed Marks 0.158ms
[2026-09-19T01:01:13.015+0000][25.584s][info][gc,marking  ] GC(21) Concurrent Cleanup for Next Mark
[2026-09-19T01:01:13.019+0000][25.589s][info][gc,marking  ] GC(21) Concurrent Cleanup for Next Mark 4.783ms
[2026-09-19T01:01:13.019+0000][25.589s][info][gc          ] GC(21) Concurrent Mark Cycle 1345.686ms
[2026-09-19T01:01:14.523+0000][27.092s][info][gc,start    ] GC(23) Pause Young (Prepare Mixed) (G1 Evacuation Pause)
[2026-09-19T01:01:14.523+0000][27.092s][info][gc,task     ] GC(23) Using 4 workers of 4 for evacuation
[2026-09-19T01:01:14.547+0000][27.116s][info][gc,phases   ] GC(23)   Pre Evacuate Collection Set: 0.13ms
[2026-09-19T01:01:14.547+0000][27.116s][info][gc,phases   ] GC(23)   Merge Heap Roots: 0.19ms
[2026-09-19T01:01:14.547+0000][27.116s][info][gc,phases   ] GC(23)   Evacuate Collection Set: 23.02ms
[2026-09-19T01:01:14.547+0000][27.116s][info][gc,phases   ] GC(23)   Post Evacuate Collection Set: 0.63ms
[2026-09-19T01:01:14.547+0000][27.116s][info][gc,phases   ] GC(23)   Other: 0.05ms
[2026-09-19T01:01:14.547+0000][27.116s][info][gc,heap     ] GC(23) Eden regions: 124->0(295)
[2026-09-19T01:01:14.547+0000][27.116s][info][gc,heap     ] GC(23) Survivor regions: 3->12(16)
[2026-09-19T01:01:14.547+0000][27.116s][info][gc,heap     ] GC(23) Old regions: 83->83
[2026-09-19T01:01:14.547+0000][27.116s][info][gc,heap     ] GC(23) Humongous regions: 0->0
[2026-09-19T01:01:14.547+0000][27.116s][info][gc,metaspace] GC(23) Metaspace: 152998K(154368K)->152998K(154368K) NonClass: 128150K(128960K)->128150K(128960K) Class: 24848K(25408K)->24848K(25408K)
[2026-09-19T01:01:14.547+0000][27.116s][info][gc          ] GC(23) Pause Young (Prepare Mixed) (G1 Evacuation Pause) 1676M->760M(4096M) 24.169ms
[2026-09-19T01:01:14.547+0000][27.116s][info][gc,cpu      ] GC(23) User=0.10s Sys=0.00s Real=0.03s
[2026-09-19T01:01:19.345+0000][31.914s][info][gc,start    ] GC(24) Pause Young (Mixed) (G1 Evacuation Pause)
[2026-09-19T01:01:19.345+0000][31.914s][info][gc,task     ] GC(24) Using 4 workers of 4 for evacuation
[2026-09-19T01:01:19.411+0000][31.980s][info][gc,phases   ] GC(24)   Pre Evacuate Collection Set: 0.16ms
[2026-09-19T01:01:19.411+0000][31.980s][info][gc,phases   ] GC(24)   Merge Heap Roots: 0.15ms
[2026-09-19T01:01:19.411+0000][31.980s][info][gc,phases   ] GC(24)   Evacuate Collection Set: 64.86ms
[2026-09-19T01:01:19.411+0000][31.980s][info][gc,phases   ] GC(24)   Post Evacuate Collection Set: 0.84ms
[2026-09-19T01:01:19.411+0000][31.980s][info][gc,phases   ] GC(24)   Other: 0.09ms
[2026-09-19T01:01:19.411+0000][31.980s][info][gc,heap     ] GC(24) Eden regions: 295->0(24)
[2026-09-19T01:01:19.411+0000][31.980s][info][gc,heap     ] GC(24) Survivor regions: 12->33(39)
[2026-09-19T01:01:19.411+0000][31.980s][info][gc,heap     ] GC(24) Old regions: 83->81
[2026-09-19T01:01:19.411+0000][31.980s][info][gc,heap     ] GC(24) Humongous regions: 0->0
[2026-09-19T01:01:19.411+0000][31.980s][info][gc,metaspace] GC(24) Metaspace: 153677K(155136K)->153677K(155136K) NonClass: 128733K(129600K)->128733K(129600K) Class: 24944K(25536K)->24944K(25536K)
[2026-09-19T01:01:19.411+0000][31.980s][info][gc          ] GC(24) Pause Young (Mixed) (G1 Evacuation Pause) 3120M->909M(4096M) 66.231ms
[2026-09-19T01:01:19.411+0000][31.980s][info][gc,cpu      ] GC(24) User=0.24s Sys=0.01s Real=0.06s
[2026-09-19T01:01:19.833+0000][32.402s][info][gc,start    ] GC(25) Pause Young (Concurrent Start) (G1 Evacuation Pause)
[2026-09-19T01:01:19.833+0000][32.402s][info][gc,task     ] GC(25) Using 4 workers of 4 for evacuation
[2026-09-19T01:01:19.899+0000][32.468s][info][gc,phases   ] GC(25)   Pre Evacuate Collection Set: 0.15ms
[2026-09-19T01:01:19.899+0000][32.468s][info][gc,phases   ] GC(25)   Merge Heap Roots: 0.17ms
[2026-09-19T01:01:19.899+0000][32.468s][info][gc,phases   ] GC(25)   Evacuate Collection Set: 65.04ms
[2026-09-19T01:01:19.899+0000][32.468s][info][gc,phases   ] GC(25)   Post Evacuate Collection Set: 0.61ms
[2026-09-19T01:01:19.899+0000][32.468s][info][gc,phases   ] GC(25)   Other: 0.08ms
[2026-09-19T01:01:19.899+0000][32.468s][info][gc,heap     ] GC(25) Eden regions: 30->0(215)
[2026-09-19T01:01:19.899+0000][32.468s][info][gc,heap     ] GC(25) Survivor regions: 33->3(8)
[2026-09-19T01:01:19.899+0000][32.468s][info][gc,heap     ] GC(25) Old regions: 81->113
[2026-09-19T01:01:19.899+0000][32.468s][info][gc,heap     ] GC(25) Humongous regions: 0->0
[2026-09-19T01:01:19.899+0000][32.468s][info][gc,metaspace] GC(25) Metaspace: 153698K(155200K)->153698K(155200K) NonClass: 128750K(129600K)->128750K(129600K) Class: 24948K(25600K)->24948K(25600K)
[2026-09-19T01:01:19.899+0000][32.468s][info][gc          ] GC(25) Pause Young (Concurrent Start) (G1 Evacuation Pause) 1149M->928M(4096M) 66.195ms
[2026-09-19T01:01:19.899+0000][32.468s][info][gc          ] GC(26) Concurrent Mark Cycle
[2026-09-19T01:01:19.899+0000][32.468s][info][gc,marking  ] GC(26) Concurrent Scan Root Regions
[2026-09-19T01:01:19.900+0000][32.469s][info][gc,cpu      ] GC(25) User=0.24s Sys=0.02s Real=0.07s
[2026-09-19T01:01:20.003+0000][32.573s][info][gc,marking  ] GC(26) Concurrent Scan Root Regions 104.400ms
[2026-09-19T01:01:20.003+0000][32.573s][info][gc,marking  ] GC(26) Concurrent Mark
[2026-09-19T01:01:20.003+0000][32.573s][info][gc,marking  ] GC(26) Concurrent Mark From Roots
[2026-09-19T01:01:20.003+0000][32.573s][info][gc,task     ] GC(26) Using 1 workers of 1 for marking
[2026-09-19T01:01:20.726+0000][33.296s][info][gc,marking  ] GC(26) Concurrent Mark From Roots 723.084ms
[2026-09-19T01:01:20.726+0000][33.296s][info][gc,marking  ] GC(26) Concurrent Preclean
[2026-09-19T01:01:20.727+0000][33.296s][info][gc,marking  ] GC(26) Concurrent Preclean 0.314ms
[2026-09-19T01:01:20.727+0000][33.296s][info][gc,start    ] GC(26) Pause Remark
[2026-09-19T01:01:20.744+0000][33.313s][info][gc          ] GC(26) Pause Remark 1308M->1244M(4096M) 17.002ms
[2026-09-19T01:01:20.744+0000][33.313s][info][gc,cpu      ] GC(26) User=0.05s Sys=0.00s Real=0.01s
[2026-09-19T01:01:20.744+0000][33.313s][info][gc,marking  ] GC(26) Concurrent Mark 740.680ms
[2026-09-19T01:01:20.744+0000][33.313s][info][gc,marking  ] GC(26) Concurrent Rebuild Remembered Sets and Scrub Regions
[2026-09-19T01:01:21.095+0000][33.664s][info][gc,marking  ] GC(26) Concurrent Rebuild Remembered Sets and Scrub Regions 350.730ms
[2026-09-19T01:01:21.095+0000][33.664s][info][gc,start    ] GC(26) Pause Cleanup
[2026-09-19T01:01:21.095+0000][33.665s][info][gc          ] GC(26) Pause Cleanup 1412M->1412M(4096M) 0.147ms
[2026-09-19T01:01:21.095+0000][33.665s][info][gc,cpu      ] GC(26) User=0.00s Sys=0.00s Real=0.00s
[2026-09-19T01:01:21.095+0000][33.665s][info][gc,marking  ] GC(26) Concurrent Clear Claimed Marks
[2026-09-19T01:01:21.095+0000][33.665s][info][gc,marking  ] GC(26) Concurrent Clear Claimed Marks 0.157ms
[2026-09-19T01:01:21.095+0000][33.665s][info][gc,marking  ] GC(26) Concurrent Cleanup for Next Mark
[2026-09-19T01:01:21.099+0000][33.668s][info][gc,marking  ] GC(26) Concurrent Cleanup for Next Mark 3.554ms
[2026-09-19T01:01:21.099+0000][33.668s][info][gc          ] GC(26) Concurrent Mark Cycle 1200.052ms
[2026-09-19T01:01:23.395+0000][35.965s][info][gc,start    ] GC(27) Pause Young (Prepare Mixed) (G1 Evacuation Pause)
[2026-09-19T01:01:23.395+0000][35.965s][info][gc,task     ] GC(27) Using 4 workers of 4 for evacuation
[2026-09-19T01:01:23.430+0000][35.999s][info][gc,phases   ] GC(27)   Pre Evacuate Collection Set: 0.12ms
[2026-09-19T01:01:23.430+0000][35.999s][info][gc,phases   ] GC(27)   Merge Heap Roots: 0.17ms
[2026-09-19T01:01:23.430+0000][35.999s][info][gc,phases   ] GC(27)   Evacuate Collection Set: 33.65ms
[2026-09-19T01:01:23.430+0000][35.999s][info][gc,phases   ] GC(27)   Post Evacuate Collection Set: 0.69ms
[2026-09-19T01:01:23.430+0000][35.999s][info][gc,phases   ] GC(27)   Other: 0.06ms
[2026-09-19T01:01:23.430+0000][35.999s][info][gc,heap     ] GC(27) Eden regions: 216->0(289)
[2026-09-19T01:01:23.430+0000][35.999s][info][gc,heap     ] GC(27) Survivor regions: 3->18(28)
[2026-09-19T01:01:23.430+0000][35.999s][info][gc,heap     ] GC(27) Old regions: 105->105
[2026-09-19T01:01:23.430+0000][35.999s][info][gc,heap     ] GC(27) Humongous regions: 0->0
[2026-09-19T01:01:23.430+0000][35.999s][info][gc,metaspace] GC(27) Metaspace: 154111K(155648K)->154111K(155648K) NonClass: 129086K(129984K)->129086K(129984K) Class: 25024K(25664K)->25024K(25664K)
[2026-09-19T01:01:23.430+0000][36.000s][info][gc          ] GC(27) Pause Young (Prepare Mixed) (G1 Evacuation Pause) 2592M->980M(4096M) 34.871ms
[2026-09-19T01:01:23.430+0000][36.000s][info][gc,cpu      ] GC(27) User=0.13s Sys=0.00s Real=0.03s
[2026-09-19T01:01:27.575+0000][40.145s][info][gc,start    ] GC(28) Pause Young (Mixed) (G1 Evacuation Pause)
[2026-09-19T01:01:27.575+0000][40.145s][info][gc,task     ] GC(28) Using 4 workers of 4 for evacuation
[2026-09-19T01:01:27.642+0000][40.211s][info][gc,phases   ] GC(28)   Pre Evacuate Collection Set: 0.16ms
[2026-09-19T01:01:27.642+0000][40.211s][info][gc,phases   ] GC(28)   Merge Heap Roots: 0.18ms
[2026-09-19T01:01:27.642+0000][40.211s][info][gc,phases   ] GC(28)   Evacuate Collection Set: 65.29ms
[2026-09-19T01:01:27.642+0000][40.211s][info][gc,phases   ] GC(28)   Post Evacuate Collection Set: 0.75ms
[2026-09-19T01:01:27.642+0000][40.211s][info][gc,phases   ] GC(28)   Other: 0.05ms
[2026-09-19T01:01:27.642+0000][40.211s][info][gc,heap     ] GC(28) Eden regions: 289->0(1)
[2026-09-19T01:01:27.642+0000][40.211s][info][gc,heap     ] GC(28) Survivor regions: 18->34(39)
[2026-09-19T01:01:27.642+0000][40.211s][info][gc,heap     ] GC(28) Old regions: 105->103
[2026-09-19T01:01:27.642+0000][40.211s][info][gc,heap     ] GC(28) Humongous regions: 0->0
[2026-09-19T01:01:27.642+0000][40.211s][info][gc,metaspace] GC(28) Metaspace: 154487K(155904K)->154487K(155904K) NonClass: 129432K(130240K)->129432K(130240K) Class: 25054K(25664K)->25054K(25664K)
[2026-09-19T01:01:27.642+0000][40.211s][info][gc          ] GC(28) Pause Young (Mixed) (G1 Evacuation Pause) 3292M->1092M(4096M) 66.567ms
[2026-09-19T01:01:27.642+0000][40.211s][info][gc,cpu      ] GC(28) User=0.26s Sys=0.00s Real=0.06s
[2026-09-19T01:01:27.646+0000][40.215s][info][gc,start    ] GC(29) Pause Young (Concurrent Start) (G1 Evacuation Pause)
[2026-09-19T01:01:27.646+0000][40.215s][info][gc,task     ] GC(29) Using 4 workers of 4 for evacuation
[2026-09-19T01:01:27.705+0000][40.275s][info][gc,phases   ] GC(29)   Pre Evacuate Collection Set: 0.14ms
[2026-09-19T01:01:27.705+0000][40.275s][info][gc,phases   ] GC(29)   Merge Heap Roots: 0.09ms
[2026-09-19T01:01:27.705+0000][40.275s][info][gc,phases   ] GC(29)   Evacuate Collection Set: 58.40ms
[2026-09-19T01:01:27.705+0000][40.275s][info][gc,phases   ] GC(29)   Post Evacuate Collection Set: 0.62ms
[2026-09-19T01:01:27.705+0000][40.275s][info][gc,phases   ] GC(29)   Other: 0.07ms
[2026-09-19T01:01:27.705+0000][40.275s][info][gc,heap     ] GC(29) Eden regions: 1->0(305)
[2026-09-19T01:01:27.705+0000][40.275s][info][gc,heap     ] GC(29) Survivor regions: 34->2(5)
[2026-09-19T01:01:27.705+0000][40.275s][info][gc,heap     ] GC(29) Old regions: 103->137
[2026-09-19T01:01:27.705+0000][40.275s][info][gc,heap     ] GC(29) Humongous regions: 0->0
[2026-09-19T01:01:27.705+0000][40.275s][info][gc,metaspace] GC(29) Metaspace: 154487K(155904K)->154487K(155904K) NonClass: 129432K(130240K)->129432K(130240K) Class: 25054K(25664K)->25054K(25664K)
[2026-09-19T01:01:27.705+0000][40.275s][info][gc          ] GC(29) Pause Young (Concurrent Start) (G1 Evacuation Pause) 1100M->1112M(4096M) 59.444ms
[2026-09-19T01:01:27.705+0000][40.275s][info][gc,cpu      ] GC(29) User=0.22s Sys=0.01s Real=0.06s
[2026-09-19T01:01:27.705+0000][40.275s][info][gc          ] GC(30) Concurrent Mark Cycle
[2026-09-19T01:01:27.705+0000][40.275s][info][gc,marking  ] GC(30) Concurrent Scan Root Regions
[2026-09-19T01:01:27.815+0000][40.385s][info][gc,marking  ] GC(30) Concurrent Scan Root Regions 109.854ms
[2026-09-19T01:01:27.815+0000][40.385s][info][gc,marking  ] GC(30) Concurrent Mark
[2026-09-19T01:01:27.815+0000][40.385s][info][gc,marking  ] GC(30) Concurrent Mark From Roots
[2026-09-19T01:01:27.815+0000][40.385s][info][gc,task     ] GC(30) Using 1 workers of 1 for marking
[2026-09-19T01:01:28.772+0000][41.342s][info][gc,marking  ] GC(30) Concurrent Mark From Roots 956.739ms
[2026-09-19T01:01:28.772+0000][41.342s][info][gc,marking  ] GC(30) Concurrent Preclean
[2026-09-19T01:01:28.772+0000][41.342s][info][gc,marking  ] GC(30) Concurrent Preclean 0.344ms
[2026-09-19T01:01:28.773+0000][41.342s][info][gc,start    ] GC(30) Pause Remark
[2026-09-19T01:01:28.786+0000][41.355s][info][gc          ] GC(30) Pause Remark 1618M->1618M(4096M) 13.284ms
[2026-09-19T01:01:28.786+0000][41.355s][info][gc,cpu      ] GC(30) User=0.04s Sys=0.00s Real=0.02s
[2026-09-19T01:01:28.786+0000][41.355s][info][gc,marking  ] GC(30) Concurrent Mark 970.667ms
[2026-09-19T01:01:28.786+0000][41.355s][info][gc,marking  ] GC(30) Concurrent Rebuild Remembered Sets and Scrub Regions
[2026-09-19T01:01:29.396+0000][41.966s][info][gc,marking  ] GC(30) Concurrent Rebuild Remembered Sets and Scrub Regions 610.408ms
[2026-09-19T01:01:29.398+0000][41.967s][info][gc,start    ] GC(30) Pause Cleanup
[2026-09-19T01:01:29.398+0000][41.967s][info][gc          ] GC(30) Pause Cleanup 1944M->1944M(4096M) 0.137ms
[2026-09-19T01:01:29.398+0000][41.967s][info][gc,cpu      ] GC(30) User=0.00s Sys=0.00s Real=0.00s
[2026-09-19T01:01:29.398+0000][41.967s][info][gc,marking  ] GC(30) Concurrent Clear Claimed Marks
[2026-09-19T01:01:29.398+0000][41.967s][info][gc,marking  ] GC(30) Concurrent Clear Claimed Marks 0.143ms
[2026-09-19T01:01:29.398+0000][41.967s][info][gc,marking  ] GC(30) Concurrent Cleanup for Next Mark
[2026-09-19T01:01:29.405+0000][41.974s][info][gc,marking  ] GC(30) Concurrent Cleanup for Next Mark 6.467ms
[2026-09-19T01:01:29.405+0000][41.974s][info][gc          ] GC(30) Concurrent Mark Cycle 1699.128ms
[2026-09-19T01:01:32.305+0000][44.875s][info][gc,start    ] GC(31) Pause Young (Prepare Mixed) (G1 Evacuation Pause)
[2026-09-19T01:01:32.305+0000][44.875s][info][gc,task     ] GC(31) Using 4 workers of 4 for evacuation
[2026-09-19T01:01:32.422+0000][44.992s][info][gc,phases   ] GC(31)   Pre Evacuate Collection Set: 0.15ms
[2026-09-19T01:01:32.422+0000][44.992s][info][gc,phases   ] GC(31)   Merge Heap Roots: 0.18ms
[2026-09-19T01:01:32.422+0000][44.992s][info][gc,phases   ] GC(31)   Evacuate Collection Set: 115.41ms
[2026-09-19T01:01:32.422+0000][44.992s][info][gc,phases   ] GC(31)   Post Evacuate Collection Set: 0.79ms
[2026-09-19T01:01:32.422+0000][44.992s][info][gc,phases   ] GC(31)   Other: 0.09ms
[2026-09-19T01:01:32.422+0000][44.992s][info][gc,heap     ] GC(31) Eden regions: 305->0(248)
[2026-09-19T01:01:32.422+0000][44.992s][info][gc,heap     ] GC(31) Survivor regions: 2->39(39)
[2026-09-19T01:01:32.422+0000][44.992s][info][gc,heap     ] GC(31) Old regions: 137->148
[2026-09-19T01:01:32.422+0000][44.992s][info][gc,heap     ] GC(31) Humongous regions: 0->0
[2026-09-19T01:01:32.422+0000][44.992s][info][gc,metaspace] GC(31) Metaspace: 154626K(156096K)->154626K(156096K) NonClass: 129566K(130432K)->129566K(130432K) Class: 25060K(25664K)->25060K(25664K)
[2026-09-19T01:01:32.422+0000][44.992s][info][gc          ] GC(31) Pause Young (Prepare Mixed) (G1 Evacuation Pause) 3552M->1496M(4096M) 116.763ms
[2026-09-19T01:01:32.422+0000][44.992s][info][gc,cpu      ] GC(31) User=0.46s Sys=0.00s Real=0.11s
[2026-09-19T01:01:37.854+0000][50.424s][info][gc,start    ] GC(32) Pause Young (Mixed) (G1 Evacuation Pause)
[2026-09-19T01:01:37.854+0000][50.424s][info][gc,task     ] GC(32) Using 4 workers of 4 for evacuation
[2026-09-19T01:01:38.030+0000][50.599s][info][gc,phases   ] GC(32)   Pre Evacuate Collection Set: 0.17ms
[2026-09-19T01:01:38.030+0000][50.599s][info][gc,phases   ] GC(32)   Merge Heap Roots: 0.48ms
[2026-09-19T01:01:38.030+0000][50.599s][info][gc,phases   ] GC(32)   Evacuate Collection Set: 173.79ms
[2026-09-19T01:01:38.030+0000][50.599s][info][gc,phases   ] GC(32)   Post Evacuate Collection Set: 1.02ms
[2026-09-19T01:01:38.030+0000][50.599s][info][gc,phases   ] GC(32)   Other: 0.07ms
[2026-09-19T01:01:38.030+0000][50.599s][info][gc,heap     ] GC(32) Eden regions: 239->0(198)
[2026-09-19T01:01:38.030+0000][50.599s][info][gc,heap     ] GC(32) Survivor regions: 39->35(35)
[2026-09-19T01:01:38.030+0000][50.599s][info][gc,heap     ] GC(32) Old regions: 148->190
[2026-09-19T01:01:38.030+0000][50.599s][info][gc,heap     ] GC(32) Humongous regions: 17->8
[2026-09-19T01:01:38.030+0000][50.599s][info][gc,metaspace] GC(32) Metaspace: 162048K(163648K)->162048K(163648K) NonClass: 135893K(136832K)->135893K(136832K) Class: 26155K(26816K)->26155K(26816K)
[2026-09-19T01:01:38.030+0000][50.599s][info][gc          ] GC(32) Pause Young (Mixed) (G1 Evacuation Pause) 3544M->1860M(4168M) 175.680ms
[2026-09-19T01:01:38.030+0000][50.599s][info][gc,cpu      ] GC(32) User=0.70s Sys=0.00s Real=0.18s
[2026-09-19T01:01:43.065+0000][55.634s][info][gc,start    ] GC(33) Pause Young (Concurrent Start) (CodeCache GC Threshold)
[2026-09-19T01:01:43.065+0000][55.634s][info][gc,task     ] GC(33) Using 4 workers of 4 for evacuation
[2026-09-19T01:01:43.206+0000][55.775s][info][gc,phases   ] GC(33)   Pre Evacuate Collection Set: 0.15ms
[2026-09-19T01:01:43.206+0000][55.775s][info][gc,phases   ] GC(33)   Merge Heap Roots: 0.75ms
[2026-09-19T01:01:43.206+0000][55.775s][info][gc,phases   ] GC(33)   Evacuate Collection Set: 138.79ms
[2026-09-19T01:01:43.206+0000][55.775s][info][gc,phases   ] GC(33)   Post Evacuate Collection Set: 0.94ms
[2026-09-19T01:01:43.206+0000][55.775s][info][gc,phases   ] GC(33)   Other: 0.09ms
[2026-09-19T01:01:43.206+0000][55.775s][info][gc,heap     ] GC(33) Eden regions: 116->0(91)
[2026-09-19T01:01:43.206+0000][55.775s][info][gc,heap     ] GC(33) Survivor regions: 35->21(27)
[2026-09-19T01:01:43.206+0000][55.775s][info][gc,heap     ] GC(33) Old regions: 190->225
[2026-09-19T01:01:43.206+0000][55.775s][info][gc,heap     ] GC(33) Humongous regions: 8->8
[2026-09-19T01:01:43.206+0000][55.775s][info][gc,metaspace] GC(33) Metaspace: 164091K(165760K)->164091K(165760K) NonClass: 137796K(138752K)->137796K(138752K) Class: 26294K(27008K)->26294K(27008K)
[2026-09-19T01:01:43.206+0000][55.775s][info][gc          ] GC(33) Pause Young (Concurrent Start) (CodeCache GC Threshold) 2784M->2032M(4168M) 140.863ms
[2026-09-19T01:01:43.206+0000][55.775s][info][gc,cpu      ] GC(33) User=0.56s Sys=0.01s Real=0.14s
[2026-09-19T01:01:43.206+0000][55.775s][info][gc          ] GC(34) Concurrent Mark Cycle
[2026-09-19T01:01:43.206+0000][55.775s][info][gc,marking  ] GC(34) Concurrent Scan Root Regions
[2026-09-19T01:01:43.579+0000][56.149s][info][gc,marking  ] GC(34) Concurrent Scan Root Regions 373.370ms
[2026-09-19T01:01:43.579+0000][56.149s][info][gc,marking  ] GC(34) Concurrent Mark
[2026-09-19T01:01:43.579+0000][56.149s][info][gc,marking  ] GC(34) Concurrent Mark From Roots
[2026-09-19T01:01:43.579+0000][56.149s][info][gc,task     ] GC(34) Using 1 workers of 1 for marking
[2026-09-19T01:01:45.394+0000][57.964s][info][gc,marking  ] GC(34) Concurrent Mark From Roots 1815.010ms
[2026-09-19T01:01:45.394+0000][57.964s][info][gc,marking  ] GC(34) Concurrent Preclean
[2026-09-19T01:01:45.395+0000][57.964s][info][gc,marking  ] GC(34) Concurrent Preclean 0.437ms
[2026-09-19T01:01:45.395+0000][57.964s][info][gc,start    ] GC(34) Pause Remark
[2026-09-19T01:01:45.417+0000][57.987s][info][gc          ] GC(34) Pause Remark 2620M->2444M(4168M) 22.158ms
[2026-09-19T01:01:45.417+0000][57.987s][info][gc,cpu      ] GC(34) User=0.06s Sys=0.00s Real=0.02s
[2026-09-19T01:01:45.417+0000][57.987s][info][gc,marking  ] GC(34) Concurrent Mark 1837.906ms
[2026-09-19T01:01:45.417+0000][57.987s][info][gc,marking  ] GC(34) Concurrent Rebuild Remembered Sets and Scrub Regions
[2026-09-19T01:01:45.621+0000][58.191s][info][gc,start    ] GC(35) Pause Young (Normal) (G1 Evacuation Pause)
[2026-09-19T01:01:45.622+0000][58.191s][info][gc,task     ] GC(35) Using 4 workers of 4 for evacuation
[2026-09-19T01:01:45.729+0000][58.299s][info][gc,phases   ] GC(35)   Pre Evacuate Collection Set: 0.16ms
[2026-09-19T01:01:45.729+0000][58.299s][info][gc,phases   ] GC(35)   Merge Heap Roots: 0.89ms
[2026-09-19T01:01:45.729+0000][58.299s][info][gc,phases   ] GC(35)   Evacuate Collection Set: 105.32ms
[2026-09-19T01:01:45.729+0000][58.299s][info][gc,phases   ] GC(35)   Post Evacuate Collection Set: 1.14ms
[2026-09-19T01:01:45.729+0000][58.299s][info][gc,phases   ] GC(35)   Other: 0.08ms
[2026-09-19T01:01:45.729+0000][58.299s][info][gc,heap     ] GC(35) Eden regions: 77->0(163)
[2026-09-19T01:01:45.729+0000][58.299s][info][gc,heap     ] GC(35) Survivor regions: 21->11(13)
[2026-09-19T01:01:45.729+0000][58.299s][info][gc,heap     ] GC(35) Old regions: 203->223
[2026-09-19T01:01:45.729+0000][58.299s][info][gc,heap     ] GC(35) Humongous regions: 8->8
[2026-09-19T01:01:45.729+0000][58.299s][info][gc,metaspace] GC(35) Metaspace: 164528K(166144K)->164528K(166144K) NonClass: 138182K(139136K)->138182K(139136K) Class: 26345K(27008K)->26345K(27008K)
[2026-09-19T01:01:45.729+0000][58.299s][info][gc          ] GC(35) Pause Young (Normal) (G1 Evacuation Pause) 2472M->1932M(4168M) 107.757ms
[2026-09-19T01:01:45.729+0000][58.299s][info][gc,cpu      ] GC(35) User=0.43s Sys=0.01s Real=0.11s
[2026-09-19T01:01:46.932+0000][59.502s][info][gc,marking  ] GC(34) Concurrent Rebuild Remembered Sets and Scrub Regions 1515.147ms
[2026-09-19T01:01:46.933+0000][59.502s][info][gc,start    ] GC(34) Pause Cleanup
[2026-09-19T01:01:46.933+0000][59.502s][info][gc          ] GC(34) Pause Cleanup 2296M->2296M(4168M) 0.219ms
[2026-09-19T01:01:46.933+0000][59.502s][info][gc,cpu      ] GC(34) User=0.00s Sys=0.00s Real=0.00s
[2026-09-19T01:01:46.933+0000][59.502s][info][gc,marking  ] GC(34) Concurrent Clear Claimed Marks
[2026-09-19T01:01:46.933+0000][59.503s][info][gc,marking  ] GC(34) Concurrent Clear Claimed Marks 0.173ms
[2026-09-19T01:01:46.933+0000][59.503s][info][gc,marking  ] GC(34) Concurrent Cleanup for Next Mark
[2026-09-19T01:01:46.940+0000][59.510s][info][gc,marking  ] GC(34) Concurrent Cleanup for Next Mark 7.207ms
[2026-09-19T01:01:46.940+0000][59.510s][info][gc          ] GC(34) Concurrent Mark Cycle 3734.545ms
[2026-09-19T01:01:48.726+0000][61.295s][info][gc,start    ] GC(36) Pause Young (Prepare Mixed) (G1 Evacuation Pause)
[2026-09-19T01:01:48.726+0000][61.295s][info][gc,task     ] GC(36) Using 4 workers of 4 for evacuation
[2026-09-19T01:01:48.809+0000][61.378s][info][gc,phases   ] GC(36)   Pre Evacuate Collection Set: 0.13ms
[2026-09-19T01:01:48.809+0000][61.378s][info][gc,phases   ] GC(36)   Merge Heap Roots: 1.04ms
[2026-09-19T01:01:48.809+0000][61.378s][info][gc,phases   ] GC(36)   Evacuate Collection Set: 80.79ms
[2026-09-19T01:01:48.809+0000][61.378s][info][gc,phases   ] GC(36)   Post Evacuate Collection Set: 0.89ms
[2026-09-19T01:01:48.809+0000][61.378s][info][gc,phases   ] GC(36)   Other: 0.06ms
[2026-09-19T01:01:48.809+0000][61.378s][info][gc,heap     ] GC(36) Eden regions: 130->0(197)
[2026-09-19T01:01:48.809+0000][61.378s][info][gc,heap     ] GC(36) Survivor regions: 11->15(18)
[2026-09-19T01:01:48.809+0000][61.378s][info][gc,heap     ] GC(36) Old regions: 223->233
[2026-09-19T01:01:48.809+0000][61.378s][info][gc,heap     ] GC(36) Humongous regions: 8->8
[2026-09-19T01:01:48.809+0000][61.378s][info][gc,metaspace] GC(36) Metaspace: 164794K(166464K)->164794K(166464K) NonClass: 138433K(139392K)->138433K(139392K) Class: 26361K(27072K)->26361K(27072K)
[2026-09-19T01:01:48.809+0000][61.378s][info][gc          ] GC(36) Pause Young (Prepare Mixed) (G1 Evacuation Pause) 2972M->2040M(4168M) 83.059ms
[2026-09-19T01:01:48.809+0000][61.378s][info][gc,cpu      ] GC(36) User=0.32s Sys=0.00s Real=0.08s
[2026-09-19T01:01:52.248+0000][64.817s][info][gc,start    ] GC(37) Pause Young (Mixed) (G1 Evacuation Pause)
[2026-09-19T01:01:52.248+0000][64.817s][info][gc,task     ] GC(37) Using 4 workers of 4 for evacuation
[2026-09-19T01:01:52.358+0000][64.928s][info][gc,phases   ] GC(37)   Pre Evacuate Collection Set: 0.14ms
[2026-09-19T01:01:52.358+0000][64.928s][info][gc,phases   ] GC(37)   Merge Heap Roots: 1.31ms
[2026-09-19T01:01:52.358+0000][64.928s][info][gc,phases   ] GC(37)   Evacuate Collection Set: 108.08ms
[2026-09-19T01:01:52.358+0000][64.928s][info][gc,phases   ] GC(37)   Post Evacuate Collection Set: 0.97ms
[2026-09-19T01:01:52.358+0000][64.928s][info][gc,phases   ] GC(37)   Other: 0.05ms
[2026-09-19T01:01:52.358+0000][64.928s][info][gc,heap     ] GC(37) Eden regions: 197->0(115)
[2026-09-19T01:01:52.358+0000][64.928s][info][gc,heap     ] GC(37) Survivor regions: 15->20(27)
[2026-09-19T01:01:52.358+0000][64.928s][info][gc,heap     ] GC(37) Old regions: 233->242
[2026-09-19T01:01:52.358+0000][64.928s][info][gc,heap     ] GC(37) Humongous regions: 8->8
[2026-09-19T01:01:52.358+0000][64.928s][info][gc,metaspace] GC(37) Metaspace: 165041K(166720K)->165041K(166720K) NonClass: 138666K(139648K)->138666K(139648K) Class: 26375K(27072K)->26375K(27072K)
[2026-09-19T01:01:52.358+0000][64.928s][info][gc          ] GC(37) Pause Young (Mixed) (G1 Evacuation Pause) 3616M->2152M(4168M) 110.718ms
[2026-09-19T01:01:52.358+0000][64.928s][info][gc,cpu      ] GC(37) User=0.44s Sys=0.00s Real=0.11s
[2026-09-19T01:01:53.583+0000][66.153s][info][gc,start    ] GC(38) Pause Young (Concurrent Start) (G1 Evacuation Pause)
[2026-09-19T01:01:53.583+0000][66.153s][info][gc,task     ] GC(38) Using 4 workers of 4 for evacuation
[2026-09-19T01:01:53.678+0000][66.247s][info][gc,phases   ] GC(38)   Pre Evacuate Collection Set: 0.14ms
[2026-09-19T01:01:53.678+0000][66.247s][info][gc,phases   ] GC(38)   Merge Heap Roots: 1.16ms
[2026-09-19T01:01:53.678+0000][66.247s][info][gc,phases   ] GC(38)   Evacuate Collection Set: 92.44ms
[2026-09-19T01:01:53.678+0000][66.247s][info][gc,phases   ] GC(38)   Post Evacuate Collection Set: 0.87ms
[2026-09-19T01:01:53.678+0000][66.247s][info][gc,phases   ] GC(38)   Other: 0.07ms
[2026-09-19T01:01:53.678+0000][66.247s][info][gc,heap     ] GC(38) Eden regions: 80->0(186)
[2026-09-19T01:01:53.678+0000][66.247s][info][gc,heap     ] GC(38) Survivor regions: 20->9(13)
[2026-09-19T01:01:53.678+0000][66.247s][info][gc,heap     ] GC(38) Old regions: 242->260
[2026-09-19T01:01:53.678+0000][66.247s][info][gc,heap     ] GC(38) Humongous regions: 8->8
[2026-09-19T01:01:53.678+0000][66.247s][info][gc,metaspace] GC(38) Metaspace: 165103K(166784K)->165103K(166784K) NonClass: 138725K(139712K)->138725K(139712K) Class: 26377K(27072K)->26377K(27072K)
[2026-09-19T01:01:53.678+0000][66.247s][info][gc          ] GC(38) Pause Young (Concurrent Start) (G1 Evacuation Pause) 2792M->2208M(4168M) 94.844ms
[2026-09-19T01:01:53.678+0000][66.247s][info][gc,cpu      ] GC(38) User=0.38s Sys=0.00s Real=0.10s
[2026-09-19T01:01:53.678+0000][66.247s][info][gc          ] GC(39) Concurrent Mark Cycle
[2026-09-19T01:01:53.678+0000][66.247s][info][gc,marking  ] GC(39) Concurrent Scan Root Regions
[2026-09-19T01:01:53.902+0000][66.471s][info][gc,marking  ] GC(39) Concurrent Scan Root Regions 223.679ms
[2026-09-19T01:01:53.902+0000][66.471s][info][gc,marking  ] GC(39) Concurrent Mark
[2026-09-19T01:01:53.902+0000][66.471s][info][gc,marking  ] GC(39) Concurrent Mark From Roots
[2026-09-19T01:01:53.902+0000][66.471s][info][gc,task     ] GC(39) Using 1 workers of 1 for marking
[2026-09-19T01:01:56.301+0000][68.871s][info][gc,marking  ] GC(39) Concurrent Mark From Roots 2399.412ms
[2026-09-19T01:01:56.301+0000][68.871s][info][gc,marking  ] GC(39) Concurrent Preclean
[2026-09-19T01:01:56.302+0000][68.871s][info][gc,marking  ] GC(39) Concurrent Preclean 0.504ms
[2026-09-19T01:01:56.302+0000][68.871s][info][gc,start    ] GC(39) Pause Remark
[2026-09-19T01:01:56.337+0000][68.906s][info][gc          ] GC(39) Pause Remark 3498M->3410M(4168M) 34.892ms
[2026-09-19T01:01:56.337+0000][68.906s][info][gc,cpu      ] GC(39) User=0.11s Sys=0.00s Real=0.04s
[2026-09-19T01:01:56.340+0000][68.909s][info][gc,marking  ] GC(39) Concurrent Mark 2437.804ms
[2026-09-19T01:01:56.340+0000][68.909s][info][gc,marking  ] GC(39) Concurrent Rebuild Remembered Sets and Scrub Regions
[2026-09-19T01:01:56.505+0000][69.074s][info][gc,start    ] GC(40) Pause Young (Normal) (G1 Evacuation Pause)
[2026-09-19T01:01:56.505+0000][69.074s][info][gc,task     ] GC(40) Using 4 workers of 4 for evacuation
[2026-09-19T01:01:56.597+0000][69.167s][info][gc,phases   ] GC(40)   Pre Evacuate Collection Set: 0.15ms
[2026-09-19T01:01:56.597+0000][69.167s][info][gc,phases   ] GC(40)   Merge Heap Roots: 1.45ms
[2026-09-19T01:01:56.597+0000][69.167s][info][gc,phases   ] GC(40)   Evacuate Collection Set: 89.28ms
[2026-09-19T01:01:56.597+0000][69.167s][info][gc,phases   ] GC(40)   Post Evacuate Collection Set: 1.40ms
[2026-09-19T01:01:56.597+0000][69.167s][info][gc,phases   ] GC(40)   Other: 0.05ms
[2026-09-19T01:01:56.597+0000][69.167s][info][gc,heap     ] GC(40) Eden regions: 177->0(125)
[2026-09-19T01:01:56.597+0000][69.167s][info][gc,heap     ] GC(40) Survivor regions: 9->21(24)
[2026-09-19T01:01:56.597+0000][69.167s][info][gc,heap     ] GC(40) Old regions: 249->249
[2026-09-19T01:01:56.597+0000][69.167s][info][gc,heap     ] GC(40) Humongous regions: 8->8
[2026-09-19T01:01:56.597+0000][69.167s][info][gc,metaspace] GC(40) Metaspace: 165315K(167104K)->165315K(167104K) NonClass: 138920K(139968K)->138920K(139968K) Class: 26395K(27136K)->26395K(27136K)
[2026-09-19T01:01:56.597+0000][69.167s][info][gc          ] GC(40) Pause Young (Normal) (G1 Evacuation Pause) 3536M->2212M(4168M) 92.458ms
[2026-09-19T01:01:56.597+0000][69.167s][info][gc,cpu      ] GC(40) User=0.37s Sys=0.00s Real=0.09s
[2026-09-19T01:01:57.832+0000][70.402s][info][gc,marking  ] GC(39) Concurrent Rebuild Remembered Sets and Scrub Regions 1492.611ms
[2026-09-19T01:01:57.832+0000][70.402s][info][gc,start    ] GC(39) Pause Cleanup
[2026-09-19T01:01:57.833+0000][70.402s][info][gc          ] GC(39) Pause Cleanup 2848M->2848M(4168M) 0.217ms
[2026-09-19T01:01:57.833+0000][70.402s][info][gc,cpu      ] GC(39) User=0.00s Sys=0.00s Real=0.00s
[2026-09-19T01:01:57.833+0000][70.402s][info][gc,marking  ] GC(39) Concurrent Clear Claimed Marks
[2026-09-19T01:01:57.833+0000][70.402s][info][gc,marking  ] GC(39) Concurrent Clear Claimed Marks 0.180ms
[2026-09-19T01:01:57.833+0000][70.402s][info][gc,marking  ] GC(39) Concurrent Cleanup for Next Mark
[2026-09-19T01:01:57.842+0000][70.411s][info][gc,marking  ] GC(39) Concurrent Cleanup for Next Mark 8.645ms
[2026-09-19T01:01:57.842+0000][70.411s][info][gc          ] GC(39) Concurrent Mark Cycle 4163.557ms
[2026-09-19T01:01:57.947+0000][70.516s][info][gc,start    ] GC(41) Pause Young (Prepare Mixed) (G1 Evacuation Pause)
[2026-09-19T01:01:57.947+0000][70.516s][info][gc,task     ] GC(41) Using 4 workers of 4 for evacuation
[2026-09-19T01:01:58.050+0000][70.620s][info][gc,phases   ] GC(41)   Pre Evacuate Collection Set: 0.18ms
[2026-09-19T01:01:58.051+0000][70.620s][info][gc,phases   ] GC(41)   Merge Heap Roots: 2.29ms
[2026-09-19T01:01:58.051+0000][70.620s][info][gc,phases   ] GC(41)   Evacuate Collection Set: 100.08ms
[2026-09-19T01:01:58.051+0000][70.620s][info][gc,phases   ] GC(41)   Post Evacuate Collection Set: 1.11ms
[2026-09-19T01:01:58.051+0000][70.620s][info][gc,phases   ] GC(41)   Other: 0.04ms
[2026-09-19T01:01:58.051+0000][70.620s][info][gc,heap     ] GC(41) Eden regions: 88->0(186)
[2026-09-19T01:01:58.051+0000][70.620s][info][gc,heap     ] GC(41) Survivor regions: 21->9(14)
[2026-09-19T01:01:58.051+0000][70.620s][info][gc,heap     ] GC(41) Old regions: 249->267
[2026-09-19T01:01:58.051+0000][70.620s][info][gc,heap     ] GC(41) Humongous regions: 8->8
[2026-09-19T01:01:58.051+0000][70.620s][info][gc,metaspace] GC(41) Metaspace: 165315K(167104K)->165315K(167104K) NonClass: 138920K(139968K)->138920K(139968K) Class: 26395K(27136K)->26395K(27136K)
[2026-09-19T01:01:58.051+0000][70.620s][info][gc          ] GC(41) Pause Young (Prepare Mixed) (G1 Evacuation Pause) 2916M->2271M(4168M) 103.854ms
[2026-09-19T01:01:58.051+0000][70.620s][info][gc,cpu      ] GC(41) User=0.40s Sys=0.00s Real=0.10s
[2026-09-19T01:02:00.117+0000][72.686s][info][gc,start    ] GC(42) Pause Young (Mixed) (G1 Evacuation Pause)
[2026-09-19T01:02:00.117+0000][72.686s][info][gc,task     ] GC(42) Using 4 workers of 4 for evacuation
[2026-09-19T01:02:00.217+0000][72.787s][info][gc,phases   ] GC(42)   Pre Evacuate Collection Set: 0.16ms
[2026-09-19T01:02:00.217+0000][72.787s][info][gc,phases   ] GC(42)   Merge Heap Roots: 1.87ms
[2026-09-19T01:02:00.217+0000][72.787s][info][gc,phases   ] GC(42)   Evacuate Collection Set: 97.21ms
[2026-09-19T01:02:00.217+0000][72.787s][info][gc,phases   ] GC(42)   Post Evacuate Collection Set: 1.04ms
[2026-09-19T01:02:00.217+0000][72.787s][info][gc,phases   ] GC(42)   Other: 0.05ms
[2026-09-19T01:02:00.217+0000][72.787s][info][gc,heap     ] GC(42) Eden regions: 186->0(170)
[2026-09-19T01:02:00.217+0000][72.787s][info][gc,heap     ] GC(42) Survivor regions: 9->20(25)
[2026-09-19T01:02:00.217+0000][72.787s][info][gc,heap     ] GC(42) Old regions: 267->264
[2026-09-19T01:02:00.217+0000][72.787s][info][gc,heap     ] GC(42) Humongous regions: 8->8
[2026-09-19T01:02:00.217+0000][72.787s][info][gc,metaspace] GC(42) Metaspace: 165324K(167168K)->165324K(167168K) NonClass: 138928K(140032K)->138928K(140032K) Class: 26395K(27136K)->26395K(27136K)
[2026-09-19T01:02:00.217+0000][72.787s][info][gc          ] GC(42) Pause Young (Mixed) (G1 Evacuation Pause) 3759M->2332M(4168M) 100.481ms
[2026-09-19T01:02:00.217+0000][72.787s][info][gc,cpu      ] GC(42) User=0.39s Sys=0.00s Real=0.10s
[2026-09-19T01:02:01.573+0000][74.142s][info][gc,start    ] GC(43) Pause Young (Concurrent Start) (G1 Evacuation Pause)
[2026-09-19T01:02:01.573+0000][74.142s][info][gc,task     ] GC(43) Using 4 workers of 4 for evacuation
[2026-09-19T01:02:01.688+0000][74.257s][info][gc,phases   ] GC(43)   Pre Evacuate Collection Set: 0.13ms
[2026-09-19T01:02:01.688+0000][74.257s][info][gc,phases   ] GC(43)   Merge Heap Roots: 2.24ms
[2026-09-19T01:02:01.688+0000][74.257s][info][gc,phases   ] GC(43)   Evacuate Collection Set: 111.16ms
[2026-09-19T01:02:01.688+0000][74.257s][info][gc,phases   ] GC(43)   Post Evacuate Collection Set: 1.13ms
[2026-09-19T01:02:01.688+0000][74.257s][info][gc,phases   ] GC(43)   Other: 0.09ms
[2026-09-19T01:02:01.688+0000][74.257s][info][gc,heap     ] GC(43) Eden regions: 127->0(175)
[2026-09-19T01:02:01.688+0000][74.257s][info][gc,heap     ] GC(43) Survivor regions: 20->11(19)
[2026-09-19T01:02:01.688+0000][74.257s][info][gc,heap     ] GC(43) Old regions: 264->281
[2026-09-19T01:02:01.688+0000][74.257s][info][gc,heap     ] GC(43) Humongous regions: 8->8
[2026-09-19T01:02:01.688+0000][74.257s][info][gc,metaspace] GC(43) Metaspace: 165335K(167168K)->165335K(167168K) NonClass: 138938K(140032K)->138938K(140032K) Class: 26396K(27136K)->26396K(27136K)
[2026-09-19T01:02:01.688+0000][74.257s][info][gc          ] GC(43) Pause Young (Concurrent Start) (G1 Evacuation Pause) 3348M->2396M(4168M) 114.910ms
[2026-09-19T01:02:01.688+0000][74.257s][info][gc,cpu      ] GC(43) User=0.45s Sys=0.00s Real=0.12s
[2026-09-19T01:02:01.688+0000][74.257s][info][gc          ] GC(44) Concurrent Mark Cycle
[2026-09-19T01:02:01.688+0000][74.257s][info][gc,marking  ] GC(44) Concurrent Scan Root Regions
[2026-09-19T01:02:01.893+0000][74.463s][info][gc,marking  ] GC(44) Concurrent Scan Root Regions 205.646ms
[2026-09-19T01:02:01.893+0000][74.463s][info][gc,marking  ] GC(44) Concurrent Mark
[2026-09-19T01:02:01.893+0000][74.463s][info][gc,marking  ] GC(44) Concurrent Mark From Roots
[2026-09-19T01:02:01.893+0000][74.463s][info][gc,task     ] GC(44) Using 1 workers of 1 for marking
[2026-09-19T01:02:03.998+0000][76.567s][info][gc,start    ] GC(45) Pause Young (Normal) (G1 Evacuation Pause)
[2026-09-19T01:02:03.998+0000][76.567s][info][gc,task     ] GC(45) Using 4 workers of 4 for evacuation
[2026-09-19T01:02:04.100+0000][76.670s][info][gc,phases   ] GC(45)   Pre Evacuate Collection Set: 0.14ms
[2026-09-19T01:02:04.100+0000][76.670s][info][gc,phases   ] GC(45)   Merge Heap Roots: 3.39ms
[2026-09-19T01:02:04.100+0000][76.670s][info][gc,phases   ] GC(45)   Evacuate Collection Set: 97.97ms
[2026-09-19T01:02:04.100+0000][76.670s][info][gc,phases   ] GC(45)   Post Evacuate Collection Set: 1.07ms
[2026-09-19T01:02:04.100+0000][76.670s][info][gc,phases   ] GC(45)   Other: 0.07ms
[2026-09-19T01:02:04.100+0000][76.670s][info][gc,heap     ] GC(45) Eden regions: 175->0(168)
[2026-09-19T01:02:04.100+0000][76.670s][info][gc,heap     ] GC(45) Survivor regions: 11->19(24)
[2026-09-19T01:02:04.100+0000][76.670s][info][gc,heap     ] GC(45) Old regions: 281->281
[2026-09-19T01:02:04.100+0000][76.670s][info][gc,heap     ] GC(45) Humongous regions: 8->8
[2026-09-19T01:02:04.100+0000][76.670s][info][gc,metaspace] GC(45) Metaspace: 165346K(167168K)->165346K(167168K) NonClass: 138949K(140032K)->138949K(140032K) Class: 26396K(27136K)->26396K(27136K)
[2026-09-19T01:02:04.100+0000][76.670s][info][gc          ] GC(45) Pause Young (Normal) (G1 Evacuation Pause) 3796M->2464M(4168M) 102.790ms
[2026-09-19T01:02:04.100+0000][76.670s][info][gc,cpu      ] GC(45) User=0.40s Sys=0.00s Real=0.10s
[2026-09-19T01:02:04.534+0000][77.103s][info][gc,marking  ] GC(44) Concurrent Mark From Roots 2640.119ms
[2026-09-19T01:02:04.534+0000][77.103s][info][gc,marking  ] GC(44) Concurrent Preclean
[2026-09-19T01:02:04.534+0000][77.104s][info][gc,marking  ] GC(44) Concurrent Preclean 0.520ms
[2026-09-19T01:02:04.536+0000][77.105s][info][gc,start    ] GC(44) Pause Remark
[2026-09-19T01:02:04.553+0000][77.123s][info][gc          ] GC(44) Pause Remark 2640M->2640M(4168M) 17.786ms
[2026-09-19T01:02:04.554+0000][77.123s][info][gc,cpu      ] GC(44) User=0.05s Sys=0.00s Real=0.01s
[2026-09-19T01:02:04.556+0000][77.125s][info][gc,marking  ] GC(44) Concurrent Mark 2662.248ms
[2026-09-19T01:02:04.556+0000][77.125s][info][gc,marking  ] GC(44) Concurrent Rebuild Remembered Sets and Scrub Regions
[2026-09-19T01:02:06.408+0000][78.977s][info][gc,marking  ] GC(44) Concurrent Rebuild Remembered Sets and Scrub Regions 1852.006ms
[2026-09-19T01:02:06.408+0000][78.977s][info][gc,start    ] GC(44) Pause Cleanup
[2026-09-19T01:02:06.408+0000][78.978s][info][gc          ] GC(44) Pause Cleanup 3776M->3776M(4168M) 0.197ms
[2026-09-19T01:02:06.408+0000][78.978s][info][gc,cpu      ] GC(44) User=0.00s Sys=0.00s Real=0.00s
[2026-09-19T01:02:06.410+0000][78.979s][info][gc,marking  ] GC(44) Concurrent Clear Claimed Marks
[2026-09-19T01:02:06.410+0000][78.979s][info][gc,marking  ] GC(44) Concurrent Clear Claimed Marks 0.192ms
[2026-09-19T01:02:06.410+0000][78.979s][info][gc,marking  ] GC(44) Concurrent Cleanup for Next Mark
[2026-09-19T01:02:06.414+0000][78.984s][info][gc,marking  ] GC(44) Concurrent Cleanup for Next Mark 4.367ms
[2026-09-19T01:02:06.414+0000][78.984s][info][gc          ] GC(44) Concurrent Mark Cycle 4726.434ms
[2026-09-19T01:02:06.417+0000][78.987s][info][gc,start    ] GC(46) Pause Young (Prepare Mixed) (G1 Evacuation Pause)
[2026-09-19T01:02:06.417+0000][78.987s][info][gc,task     ] GC(46) Using 4 workers of 4 for evacuation
[2026-09-19T01:02:06.541+0000][79.110s][info][gc,phases   ] GC(46)   Pre Evacuate Collection Set: 0.12ms
[2026-09-19T01:02:06.541+0000][79.110s][info][gc,phases   ] GC(46)   Merge Heap Roots: 2.23ms
[2026-09-19T01:02:06.541+0000][79.110s][info][gc,phases   ] GC(46)   Evacuate Collection Set: 119.90ms
[2026-09-19T01:02:06.541+0000][79.110s][info][gc,phases   ] GC(46)   Post Evacuate Collection Set: 1.26ms
[2026-09-19T01:02:06.541+0000][79.110s][info][gc,phases   ] GC(46)   Other: 0.04ms
[2026-09-19T01:02:06.541+0000][79.110s][info][gc,heap     ] GC(46) Eden regions: 164->0(158)
[2026-09-19T01:02:06.541+0000][79.110s][info][gc,heap     ] GC(46) Survivor regions: 19->22(23)
[2026-09-19T01:02:06.541+0000][79.110s][info][gc,heap     ] GC(46) Old regions: 281->289
[2026-09-19T01:02:06.541+0000][79.110s][info][gc,heap     ] GC(46) Humongous regions: 8->8
[2026-09-19T01:02:06.541+0000][79.110s][info][gc,metaspace] GC(46) Metaspace: 165374K(167168K)->165374K(167168K) NonClass: 138960K(140032K)->138960K(140032K) Class: 26414K(27136K)->26414K(27136K)
[2026-09-19T01:02:06.541+0000][79.110s][info][gc          ] GC(46) Pause Young (Prepare Mixed) (G1 Evacuation Pause) 3776M->2541M(4168M) 123.673ms
[2026-09-19T01:02:06.541+0000][79.110s][info][gc,cpu      ] GC(46) User=0.48s Sys=0.00s Real=0.12s
[2026-09-19T01:02:08.132+0000][80.701s][info][gc,start    ] GC(47) Pause Young (Mixed) (G1 Evacuation Pause)
[2026-09-19T01:02:08.132+0000][80.701s][info][gc,task     ] GC(47) Using 4 workers of 4 for evacuation
[2026-09-19T01:02:08.270+0000][80.840s][info][gc,phases   ] GC(47)   Pre Evacuate Collection Set: 0.12ms
[2026-09-19T01:02:08.270+0000][80.840s][info][gc,phases   ] GC(47)   Merge Heap Roots: 2.78ms
[2026-09-19T01:02:08.270+0000][80.840s][info][gc,phases   ] GC(47)   Evacuate Collection Set: 134.24ms
[2026-09-19T01:02:08.270+0000][80.840s][info][gc,phases   ] GC(47)   Post Evacuate Collection Set: 1.14ms
[2026-09-19T01:02:08.270+0000][80.840s][info][gc,phases   ] GC(47)   Other: 0.05ms
[2026-09-19T01:02:08.270+0000][80.840s][info][gc,heap     ] GC(47) Eden regions: 158->0(156)
[2026-09-19T01:02:08.270+0000][80.840s][info][gc,heap     ] GC(47) Survivor regions: 22->11(23)
[2026-09-19T01:02:08.270+0000][80.840s][info][gc,heap     ] GC(47) Old regions: 289->303
[2026-09-19T01:02:08.270+0000][80.840s][info][gc,heap     ] GC(47) Humongous regions: 8->8
[2026-09-19T01:02:08.270+0000][80.840s][info][gc,metaspace] GC(47) Metaspace: 165399K(167168K)->165399K(167168K) NonClass: 138972K(140032K)->138972K(140032K) Class: 26427K(27136K)->26427K(27136K)
[2026-09-19T01:02:08.270+0000][80.840s][info][gc          ] GC(47) Pause Young (Mixed) (G1 Evacuation Pause) 3805M->2572M(4168M) 138.460ms
[2026-09-19T01:02:08.270+0000][80.840s][info][gc,cpu      ] GC(47) User=0.55s Sys=0.00s Real=0.14s
[2026-09-19T01:02:09.960+0000][82.530s][info][gc,start    ] GC(48) Pause Young (Concurrent Start) (G1 Evacuation Pause)
[2026-09-19T01:02:09.960+0000][82.530s][info][gc,task     ] GC(48) Using 4 workers of 4 for evacuation
[2026-09-19T01:02:10.070+0000][82.639s][info][gc,phases   ] GC(48)   Pre Evacuate Collection Set: 0.18ms
[2026-09-19T01:02:10.070+0000][82.639s][info][gc,phases   ] GC(48)   Merge Heap Roots: 2.35ms
[2026-09-19T01:02:10.070+0000][82.639s][info][gc,phases   ] GC(48)   Evacuate Collection Set: 102.89ms
[2026-09-19T01:02:10.070+0000][82.639s][info][gc,phases   ] GC(48)   Post Evacuate Collection Set: 3.65ms
[2026-09-19T01:02:10.070+0000][82.639s][info][gc,phases   ] GC(48)   Other: 0.10ms
[2026-09-19T01:02:10.070+0000][82.639s][info][gc,heap     ] GC(48) Eden regions: 156->0(218)
[2026-09-19T01:02:10.070+0000][82.639s][info][gc,heap     ] GC(48) Survivor regions: 11->20(21)
[2026-09-19T01:02:10.070+0000][82.639s][info][gc,heap     ] GC(48) Old regions: 303->303
[2026-09-19T01:02:10.070+0000][82.639s][info][gc,heap     ] GC(48) Humongous regions: 8->8
[2026-09-19T01:02:10.070+0000][82.639s][info][gc,metaspace] GC(48) Metaspace: 165436K(167168K)->165436K(167168K) NonClass: 139005K(140032K)->139005K(140032K) Class: 26431K(27136K)->26431K(27136K)
[2026-09-19T01:02:10.070+0000][82.639s][info][gc          ] GC(48) Pause Young (Concurrent Start) (G1 Evacuation Pause) 3820M->2644M(6600M) 109.313ms
[2026-09-19T01:02:10.070+0000][82.639s][info][gc,cpu      ] GC(48) User=0.43s Sys=0.00s Real=0.11s
[2026-09-19T01:02:10.070+0000][82.639s][info][gc          ] GC(49) Concurrent Mark Cycle
[2026-09-19T01:02:10.070+0000][82.639s][info][gc,marking  ] GC(49) Concurrent Scan Root Regions
[2026-09-19T01:02:10.161+0000][82.730s][info][gc,marking  ] GC(49) Concurrent Scan Root Regions 90.842ms
[2026-09-19T01:02:10.161+0000][82.730s][info][gc,marking  ] GC(49) Concurrent Mark
[2026-09-19T01:02:10.161+0000][82.730s][info][gc,marking  ] GC(49) Concurrent Mark From Roots
[2026-09-19T01:02:10.161+0000][82.730s][info][gc,task     ] GC(49) Using 1 workers of 1 for marking
[2026-09-19T01:02:12.151+0000][84.720s][info][gc,start    ] GC(50) Pause Young (Normal) (G1 Evacuation Pause)
[2026-09-19T01:02:12.151+0000][84.720s][info][gc,task     ] GC(50) Using 4 workers of 4 for evacuation
[2026-09-19T01:02:12.286+0000][84.855s][info][gc,phases   ] GC(50)   Pre Evacuate Collection Set: 0.14ms
[2026-09-19T01:02:12.286+0000][84.855s][info][gc,phases   ] GC(50)   Merge Heap Roots: 3.39ms
[2026-09-19T01:02:12.286+0000][84.855s][info][gc,phases   ] GC(50)   Evacuate Collection Set: 129.98ms
[2026-09-19T01:02:12.286+0000][84.855s][info][gc,phases   ] GC(50)   Post Evacuate Collection Set: 1.27ms
[2026-09-19T01:02:12.286+0000][84.855s][info][gc,phases   ] GC(50)   Other: 0.14ms
[2026-09-19T01:02:12.286+0000][84.855s][info][gc,heap     ] GC(50) Eden regions: 155->0(323)
[2026-09-19T01:02:12.286+0000][84.855s][info][gc,heap     ] GC(50) Survivor regions: 20->12(22)
[2026-09-19T01:02:12.286+0000][84.855s][info][gc,heap     ] GC(50) Old regions: 303->319
[2026-09-19T01:02:12.286+0000][84.855s][info][gc,heap     ] GC(50) Humongous regions: 8->8
[2026-09-19T01:02:12.286+0000][84.855s][info][gc,metaspace] GC(50) Metaspace: 165518K(167168K)->165518K(167168K) NonClass: 139075K(140032K)->139075K(140032K) Class: 26442K(27136K)->26442K(27136K)
[2026-09-19T01:02:12.286+0000][84.855s][info][gc          ] GC(50) Pause Young (Normal) (G1 Evacuation Pause) 3884M->2708M(6600M) 135.065ms
[2026-09-19T01:02:12.286+0000][84.855s][info][gc,cpu      ] GC(50) User=0.52s Sys=0.01s Real=0.14s
[2026-09-19T01:02:12.935+0000][85.504s][info][gc,marking  ] GC(49) Concurrent Mark From Roots 2774.001ms
[2026-09-19T01:02:12.935+0000][85.504s][info][gc,marking  ] GC(49) Concurrent Preclean
[2026-09-19T01:02:12.935+0000][85.505s][info][gc,marking  ] GC(49) Concurrent Preclean 0.494ms
[2026-09-19T01:02:12.935+0000][85.505s][info][gc,start    ] GC(49) Pause Remark
[2026-09-19T01:02:12.947+0000][85.517s][info][gc          ] GC(49) Pause Remark 3112M->3112M(6600M) 11.795ms
[2026-09-19T01:02:12.947+0000][85.517s][info][gc,cpu      ] GC(49) User=0.05s Sys=0.00s Real=0.01s
[2026-09-19T01:02:12.947+0000][85.517s][info][gc,marking  ] GC(49) Concurrent Mark 2786.648ms
[2026-09-19T01:02:12.947+0000][85.517s][info][gc,marking  ] GC(49) Concurrent Rebuild Remembered Sets and Scrub Regions
[2026-09-19T01:02:14.972+0000][87.541s][info][gc,marking  ] GC(49) Concurrent Rebuild Remembered Sets and Scrub Regions 2024.288ms
[2026-09-19T01:02:14.972+0000][87.541s][info][gc,start    ] GC(49) Pause Cleanup
[2026-09-19T01:02:14.972+0000][87.541s][info][gc          ] GC(49) Pause Cleanup 4388M->4388M(6600M) 0.237ms
[2026-09-19T01:02:14.972+0000][87.541s][info][gc,cpu      ] GC(49) User=0.00s Sys=0.00s Real=0.00s
[2026-09-19T01:02:14.972+0000][87.542s][info][gc,marking  ] GC(49) Concurrent Clear Claimed Marks
[2026-09-19T01:02:14.972+0000][87.542s][info][gc,marking  ] GC(49) Concurrent Clear Claimed Marks 0.196ms
[2026-09-19T01:02:14.972+0000][87.542s][info][gc,marking  ] GC(49) Concurrent Cleanup for Next Mark
[2026-09-19T01:02:14.990+0000][87.560s][info][gc,marking  ] GC(49) Concurrent Cleanup for Next Mark 17.851ms
[2026-09-19T01:02:14.990+0000][87.560s][info][gc          ] GC(49) Concurrent Mark Cycle 4920.516ms
[2026-09-19T01:02:15.257+0000][87.827s][info][gc,start    ] GC(51) Pause Young (Prepare Mixed) (G1 Evacuation Pause)
[2026-09-19T01:02:15.257+0000][87.827s][info][gc,task     ] GC(51) Using 4 workers of 4 for evacuation
[2026-09-19T01:02:15.385+0000][87.954s][info][gc,phases   ] GC(51)   Pre Evacuate Collection Set: 0.19ms
[2026-09-19T01:02:15.385+0000][87.954s][info][gc,phases   ] GC(51)   Merge Heap Roots: 3.16ms
[2026-09-19T01:02:15.385+0000][87.954s][info][gc,phases   ] GC(51)   Evacuate Collection Set: 122.43ms
[2026-09-19T01:02:15.385+0000][87.954s][info][gc,phases   ] GC(51)   Post Evacuate Collection Set: 1.56ms
[2026-09-19T01:02:15.385+0000][87.954s][info][gc,phases   ] GC(51)   Other: 0.06ms
[2026-09-19T01:02:15.385+0000][87.954s][info][gc,heap     ] GC(51) Eden regions: 237->0(353)
[2026-09-19T01:02:15.385+0000][87.954s][info][gc,heap     ] GC(51) Survivor regions: 12->21(32)
[2026-09-19T01:02:15.385+0000][87.954s][info][gc,heap     ] GC(51) Old regions: 319->319
[2026-09-19T01:02:15.385+0000][87.954s][info][gc,heap     ] GC(51) Humongous regions: 8->8
[2026-09-19T01:02:15.385+0000][87.954s][info][gc,metaspace] GC(51) Metaspace: 165570K(167168K)->165570K(167168K) NonClass: 139121K(140032K)->139121K(140032K) Class: 26448K(27136K)->26448K(27136K)
[2026-09-19T01:02:15.385+0000][87.954s][info][gc          ] GC(51) Pause Young (Prepare Mixed) (G1 Evacuation Pause) 4604M->2784M(6600M) 127.550ms
[2026-09-19T01:02:15.385+0000][87.954s][info][gc,cpu      ] GC(51) User=0.47s Sys=0.02s Real=0.13s
[2026-09-19T01:02:16.984+0000][89.553s][info][gc,start    ] GC(52) Pause Young (Mixed) (G1 Evacuation Pause)
[2026-09-19T01:02:16.984+0000][89.553s][info][gc,task     ] GC(52) Using 4 workers of 4 for evacuation
[2026-09-19T01:02:17.128+0000][89.697s][info][gc,phases   ] GC(52)   Pre Evacuate Collection Set: 0.16ms
[2026-09-19T01:02:17.128+0000][89.697s][info][gc,phases   ] GC(52)   Merge Heap Roots: 3.10ms
[2026-09-19T01:02:17.128+0000][89.697s][info][gc,phases   ] GC(52)   Evacuate Collection Set: 139.25ms
[2026-09-19T01:02:17.128+0000][89.697s][info][gc,phases   ] GC(52)   Post Evacuate Collection Set: 1.21ms
[2026-09-19T01:02:17.128+0000][89.697s][info][gc,phases   ] GC(52)   Other: 0.06ms
[2026-09-19T01:02:17.128+0000][89.697s][info][gc,heap     ] GC(52) Eden regions: 160->0(341)
[2026-09-19T01:02:17.128+0000][89.697s][info][gc,heap     ] GC(52) Survivor regions: 21->11(23)
[2026-09-19T01:02:17.128+0000][89.697s][info][gc,heap     ] GC(52) Old regions: 319->333
[2026-09-19T01:02:17.128+0000][89.697s][info][gc,heap     ] GC(52) Humongous regions: 8->8
[2026-09-19T01:02:17.128+0000][89.697s][info][gc,metaspace] GC(52) Metaspace: 165615K(167232K)->165615K(167232K) NonClass: 139165K(140096K)->139165K(140096K) Class: 26450K(27136K)->26450K(27136K)
[2026-09-19T01:02:17.128+0000][89.697s][info][gc          ] GC(52) Pause Young (Mixed) (G1 Evacuation Pause) 4064M->2805M(6600M) 143.924ms
[2026-09-19T01:02:17.128+0000][89.697s][info][gc,cpu      ] GC(52) User=0.57s Sys=0.01s Real=0.15s
[2026-09-19T01:02:19.540+0000][92.110s][info][gc,start    ] GC(53) Pause Young (Concurrent Start) (G1 Evacuation Pause)
[2026-09-19T01:02:19.540+0000][92.110s][info][gc,task     ] GC(53) Using 4 workers of 4 for evacuation
[2026-09-19T01:02:19.667+0000][92.236s][info][gc,phases   ] GC(53)   Pre Evacuate Collection Set: 0.18ms
[2026-09-19T01:02:19.667+0000][92.236s][info][gc,phases   ] GC(53)   Merge Heap Roots: 3.48ms
[2026-09-19T01:02:19.667+0000][92.236s][info][gc,phases   ] GC(53)   Evacuate Collection Set: 121.00ms
[2026-09-19T01:02:19.667+0000][92.236s][info][gc,phases   ] GC(53)   Post Evacuate Collection Set: 1.58ms
[2026-09-19T01:02:19.667+0000][92.236s][info][gc,phases   ] GC(53)   Other: 0.10ms
[2026-09-19T01:02:19.667+0000][92.236s][info][gc,heap     ] GC(53) Eden regions: 233->0(190)
[2026-09-19T01:02:19.667+0000][92.236s][info][gc,heap     ] GC(53) Survivor regions: 11->20(31)
[2026-09-19T01:02:19.667+0000][92.236s][info][gc,heap     ] GC(53) Old regions: 333->333
[2026-09-19T01:02:19.667+0000][92.236s][info][gc,heap     ] GC(53) Humongous regions: 8->8
[2026-09-19T01:02:19.667+0000][92.236s][info][gc,metaspace] GC(53) Metaspace: 165651K(167296K)->165651K(167296K) NonClass: 139198K(140160K)->139198K(140160K) Class: 26452K(27136K)->26452K(27136K)
[2026-09-19T01:02:19.667+0000][92.236s][info][gc          ] GC(53) Pause Young (Concurrent Start) (G1 Evacuation Pause) 4669M->2881M(6600M) 126.482ms
[2026-09-19T01:02:19.667+0000][92.236s][info][gc          ] GC(54) Concurrent Mark Cycle
[2026-09-19T01:02:19.667+0000][92.236s][info][gc,marking  ] GC(54) Concurrent Scan Root Regions
[2026-09-19T01:02:19.667+0000][92.236s][info][gc,cpu      ] GC(53) User=0.50s Sys=0.00s Real=0.13s
[2026-09-19T01:02:19.848+0000][92.418s][info][gc,marking  ] GC(54) Concurrent Scan Root Regions 181.418ms
[2026-09-19T01:02:19.848+0000][92.418s][info][gc,marking  ] GC(54) Concurrent Mark
[2026-09-19T01:02:19.848+0000][92.418s][info][gc,marking  ] GC(54) Concurrent Mark From Roots
[2026-09-19T01:02:19.848+0000][92.418s][info][gc,task     ] GC(54) Using 1 workers of 1 for marking
[2026-09-19T01:02:22.311+0000][94.880s][info][gc,start    ] GC(55) Pause Young (Normal) (G1 Evacuation Pause)
[2026-09-19T01:02:22.311+0000][94.880s][info][gc,task     ] GC(55) Using 4 workers of 4 for evacuation
[2026-09-19T01:02:22.453+0000][95.023s][info][gc,phases   ] GC(55)   Pre Evacuate Collection Set: 0.18ms
[2026-09-19T01:02:22.453+0000][95.023s][info][gc,phases   ] GC(55)   Merge Heap Roots: 3.70ms
[2026-09-19T01:02:22.453+0000][95.023s][info][gc,phases   ] GC(55)   Evacuate Collection Set: 137.27ms
[2026-09-19T01:02:22.453+0000][95.023s][info][gc,phases   ] GC(55)   Post Evacuate Collection Set: 1.39ms
[2026-09-19T01:02:22.453+0000][95.023s][info][gc,phases   ] GC(55)   Other: 0.10ms
[2026-09-19T01:02:22.453+0000][95.023s][info][gc,heap     ] GC(55) Eden regions: 202->0(174)
[2026-09-19T01:02:22.453+0000][95.023s][info][gc,heap     ] GC(55) Survivor regions: 20->22(28)
[2026-09-19T01:02:22.453+0000][95.023s][info][gc,heap     ] GC(55) Old regions: 333->339
[2026-09-19T01:02:22.453+0000][95.023s][info][gc,heap     ] GC(55) Humongous regions: 8->8
[2026-09-19T01:02:22.453+0000][95.023s][info][gc,metaspace] GC(55) Metaspace: 165685K(167360K)->165685K(167360K) NonClass: 139227K(140224K)->139227K(140224K) Class: 26458K(27136K)->26458K(27136K)
[2026-09-19T01:02:22.453+0000][95.023s][info][gc          ] GC(55) Pause Young (Normal) (G1 Evacuation Pause) 4497M->2944M(6600M) 142.783ms
[2026-09-19T01:02:22.453+0000][95.023s][info][gc,cpu      ] GC(55) User=0.57s Sys=0.00s Real=0.14s
[2026-09-19T01:02:23.339+0000][95.908s][info][gc,marking  ] GC(54) Concurrent Mark From Roots 3490.203ms
[2026-09-19T01:02:23.339+0000][95.908s][info][gc,marking  ] GC(54) Concurrent Preclean
[2026-09-19T01:02:23.339+0000][95.908s][info][gc,marking  ] GC(54) Concurrent Preclean 0.455ms
[2026-09-19T01:02:23.339+0000][95.909s][info][gc,start    ] GC(54) Pause Remark
[2026-09-19T01:02:23.353+0000][95.922s][info][gc          ] GC(54) Pause Remark 3456M->3456M(6600M) 13.281ms
[2026-09-19T01:02:23.353+0000][95.922s][info][gc,cpu      ] GC(54) User=0.05s Sys=0.01s Real=0.01s
[2026-09-19T01:02:23.353+0000][95.922s][info][gc,marking  ] GC(54) Concurrent Mark 3504.349ms
[2026-09-19T01:02:23.353+0000][95.922s][info][gc,marking  ] GC(54) Concurrent Rebuild Remembered Sets and Scrub Regions
[2026-09-19T01:02:24.705+0000][97.274s][info][gc,start    ] GC(56) Pause Young (Normal) (G1 Evacuation Pause)
[2026-09-19T01:02:24.705+0000][97.274s][info][gc,task     ] GC(56) Using 4 workers of 4 for evacuation
[2026-09-19T01:02:24.857+0000][97.427s][info][gc,phases   ] GC(56)   Pre Evacuate Collection Set: 0.14ms
[2026-09-19T01:02:24.858+0000][97.427s][info][gc,phases   ] GC(56)   Merge Heap Roots: 3.63ms
[2026-09-19T01:02:24.858+0000][97.427s][info][gc,phases   ] GC(56)   Evacuate Collection Set: 146.98ms
[2026-09-19T01:02:24.858+0000][97.427s][info][gc,phases   ] GC(56)   Post Evacuate Collection Set: 1.90ms
[2026-09-19T01:02:24.858+0000][97.427s][info][gc,phases   ] GC(56)   Other: 0.05ms
[2026-09-19T01:02:24.858+0000][97.427s][info][gc,heap     ] GC(56) Eden regions: 174->0(219)
[2026-09-19T01:02:24.858+0000][97.427s][info][gc,heap     ] GC(56) Survivor regions: 22->19(25)
[2026-09-19T01:02:24.858+0000][97.427s][info][gc,heap     ] GC(56) Old regions: 339->348
[2026-09-19T01:02:24.858+0000][97.427s][info][gc,heap     ] GC(56) Humongous regions: 8->8
[2026-09-19T01:02:24.858+0000][97.427s][info][gc,metaspace] GC(56) Metaspace: 165697K(167360K)->165697K(167360K) NonClass: 139238K(140224K)->139238K(140224K) Class: 26458K(27136K)->26458K(27136K)
[2026-09-19T01:02:24.858+0000][97.427s][info][gc          ] GC(56) Pause Young (Normal) (G1 Evacuation Pause) 4336M->2998M(6600M) 152.859ms
[2026-09-19T01:02:24.858+0000][97.427s][info][gc,cpu      ] GC(56) User=0.61s Sys=0.00s Real=0.15s
[2026-09-19T01:02:26.053+0000][98.623s][info][gc,marking  ] GC(54) Concurrent Rebuild Remembered Sets and Scrub Regions 2700.798ms
[2026-09-19T01:02:26.054+0000][98.623s][info][gc,start    ] GC(54) Pause Cleanup
[2026-09-19T01:02:26.054+0000][98.623s][info][gc          ] GC(54) Pause Cleanup 3626M->3626M(6600M) 0.233ms
[2026-09-19T01:02:26.054+0000][98.623s][info][gc,cpu      ] GC(54) User=0.00s Sys=0.00s Real=0.00s
[2026-09-19T01:02:26.054+0000][98.623s][info][gc,marking  ] GC(54) Concurrent Clear Claimed Marks
[2026-09-19T01:02:26.054+0000][98.624s][info][gc,marking  ] GC(54) Concurrent Clear Claimed Marks 0.191ms
[2026-09-19T01:02:26.054+0000][98.624s][info][gc,marking  ] GC(54) Concurrent Cleanup for Next Mark
[2026-09-19T01:02:26.060+0000][98.629s][info][gc,marking  ] GC(54) Concurrent Cleanup for Next Mark 5.750ms
[2026-09-19T01:02:26.060+0000][98.629s][info][gc          ] GC(54) Concurrent Mark Cycle 6393.118ms
[2026-09-19T01:02:27.047+0000][99.617s][info][gc,start    ] GC(57) Pause Young (Prepare Mixed) (G1 Evacuation Pause)
[2026-09-19T01:02:27.047+0000][99.617s][info][gc,task     ] GC(57) Using 4 workers of 4 for evacuation
[2026-09-19T01:02:27.193+0000][99.763s][info][gc,phases   ] GC(57)   Pre Evacuate Collection Set: 0.14ms
[2026-09-19T01:02:27.193+0000][99.763s][info][gc,phases   ] GC(57)   Merge Heap Roots: 3.56ms
[2026-09-19T01:02:27.193+0000][99.763s][info][gc,phases   ] GC(57)   Evacuate Collection Set: 139.93ms
[2026-09-19T01:02:27.193+0000][99.763s][info][gc,phases   ] GC(57)   Post Evacuate Collection Set: 2.27ms
[2026-09-19T01:02:27.193+0000][99.763s][info][gc,phases   ] GC(57)   Other: 0.05ms
[2026-09-19T01:02:27.194+0000][99.763s][info][gc,heap     ] GC(57) Eden regions: 175->0(381)
[2026-09-19T01:02:27.194+0000][99.763s][info][gc,heap     ] GC(57) Survivor regions: 19->18(25)
[2026-09-19T01:02:27.194+0000][99.763s][info][gc,heap     ] GC(57) Old regions: 348->357
[2026-09-19T01:02:27.194+0000][99.763s][info][gc,heap     ] GC(57) Humongous regions: 8->8
[2026-09-19T01:02:27.194+0000][99.763s][info][gc,metaspace] GC(57) Metaspace: 165760K(167424K)->165760K(167424K) NonClass: 139299K(140288K)->139299K(140288K) Class: 26460K(27136K)->26460K(27136K)
[2026-09-19T01:02:27.194+0000][99.763s][info][gc          ] GC(57) Pause Young (Prepare Mixed) (G1 Evacuation Pause) 4398M->3056M(6600M) 146.140ms
[2026-09-19T01:02:27.194+0000][99.763s][info][gc,cpu      ] GC(57) User=0.58s Sys=0.00s Real=0.14s
[2026-09-19T01:02:28.989+0000][101.558s][info][gc,start    ] GC(58) Pause Young (Mixed) (G1 Evacuation Pause)
[2026-09-19T01:02:28.989+0000][101.558s][info][gc,task     ] GC(58) Using 4 workers of 4 for evacuation
[2026-09-19T01:02:29.138+0000][101.708s][info][gc,phases   ] GC(58)   Pre Evacuate Collection Set: 0.18ms
[2026-09-19T01:02:29.138+0000][101.708s][info][gc,phases   ] GC(58)   Merge Heap Roots: 3.66ms
[2026-09-19T01:02:29.138+0000][101.708s][info][gc,phases   ] GC(58)   Evacuate Collection Set: 144.29ms
[2026-09-19T01:02:29.138+0000][101.708s][info][gc,phases   ] GC(58)   Post Evacuate Collection Set: 1.51ms
[2026-09-19T01:02:29.138+0000][101.708s][info][gc,phases   ] GC(58)   Other: 0.08ms
[2026-09-19T01:02:29.138+0000][101.708s][info][gc,heap     ] GC(58) Eden regions: 164->0(251)
[2026-09-19T01:02:29.138+0000][101.708s][info][gc,heap     ] GC(58) Survivor regions: 18->19(23)
[2026-09-19T01:02:29.138+0000][101.708s][info][gc,heap     ] GC(58) Old regions: 357->359
[2026-09-19T01:02:29.138+0000][101.708s][info][gc,heap     ] GC(58) Humongous regions: 8->8
[2026-09-19T01:02:29.138+0000][101.708s][info][gc,metaspace] GC(58) Metaspace: 165796K(167488K)->165796K(167488K) NonClass: 139331K(140352K)->139331K(140352K) Class: 26464K(27136K)->26464K(27136K)
[2026-09-19T01:02:29.138+0000][101.708s][info][gc          ] GC(58) Pause Young (Mixed) (G1 Evacuation Pause) 4368M->3086M(6600M) 149.860ms
[2026-09-19T01:02:29.138+0000][101.708s][info][gc,cpu      ] GC(58) User=0.60s Sys=0.00s Real=0.15s
[2026-09-19T01:02:31.201+0000][103.771s][info][gc,start    ] GC(59) Pause Young (Concurrent Start) (G1 Evacuation Pause)
[2026-09-19T01:02:31.201+0000][103.771s][info][gc,task     ] GC(59) Using 4 workers of 4 for evacuation
[2026-09-19T01:02:31.354+0000][103.923s][info][gc,phases   ] GC(59)   Pre Evacuate Collection Set: 0.14ms
[2026-09-19T01:02:31.354+0000][103.923s][info][gc,phases   ] GC(59)   Merge Heap Roots: 4.91ms
[2026-09-19T01:02:31.354+0000][103.923s][info][gc,phases   ] GC(59)   Evacuate Collection Set: 144.76ms
[2026-09-19T01:02:31.354+0000][103.923s][info][gc,phases   ] GC(59)   Post Evacuate Collection Set: 2.34ms
[2026-09-19T01:02:31.354+0000][103.923s][info][gc,phases   ] GC(59)   Other: 0.10ms
[2026-09-19T01:02:31.354+0000][103.923s][info][gc,heap     ] GC(59) Eden regions: 204->0(277)
[2026-09-19T01:02:31.354+0000][103.923s][info][gc,heap     ] GC(59) Survivor regions: 19->19(28)
[2026-09-19T01:02:31.354+0000][103.923s][info][gc,heap     ] GC(59) Old regions: 359->367
[2026-09-19T01:02:31.354+0000][103.923s][info][gc,heap     ] GC(59) Humongous regions: 8->8
[2026-09-19T01:02:31.354+0000][103.923s][info][gc,metaspace] GC(59) Metaspace: 165812K(167552K)->165812K(167552K) NonClass: 139345K(140352K)->139345K(140352K) Class: 26466K(27200K)->26466K(27200K)
[2026-09-19T01:02:31.354+0000][103.923s][info][gc          ] GC(59) Pause Young (Concurrent Start) (G1 Evacuation Pause) 4718M->3147M(7288M) 152.408ms
[2026-09-19T01:02:31.354+0000][103.923s][info][gc,cpu      ] GC(59) User=0.59s Sys=0.00s Real=0.15s
[2026-09-19T01:02:31.354+0000][103.923s][info][gc          ] GC(60) Concurrent Mark Cycle
[2026-09-19T01:02:31.354+0000][103.923s][info][gc,marking  ] GC(60) Concurrent Scan Root Regions
[2026-09-19T01:02:31.526+0000][104.095s][info][gc,marking  ] GC(60) Concurrent Scan Root Regions 172.038ms
[2026-09-19T01:02:31.526+0000][104.095s][info][gc,marking  ] GC(60) Concurrent Mark
[2026-09-19T01:02:31.526+0000][104.095s][info][gc,marking  ] GC(60) Concurrent Mark From Roots
[2026-09-19T01:02:31.526+0000][104.095s][info][gc,task     ] GC(60) Using 1 workers of 1 for marking
[2026-09-19T01:02:34.581+0000][107.150s][info][gc,start    ] GC(61) Pause Young (Normal) (G1 Evacuation Pause)
[2026-09-19T01:02:34.581+0000][107.150s][info][gc,task     ] GC(61) Using 4 workers of 4 for evacuation
[2026-09-19T01:02:34.734+0000][107.303s][info][gc,phases   ] GC(61)   Pre Evacuate Collection Set: 0.16ms
[2026-09-19T01:02:34.734+0000][107.303s][info][gc,phases   ] GC(61)   Merge Heap Roots: 4.57ms
[2026-09-19T01:02:34.734+0000][107.303s][info][gc,phases   ] GC(61)   Evacuate Collection Set: 146.84ms
[2026-09-19T01:02:34.734+0000][107.303s][info][gc,phases   ] GC(61)   Post Evacuate Collection Set: 1.44ms
[2026-09-19T01:02:34.734+0000][107.303s][info][gc,phases   ] GC(61)   Other: 0.06ms
[2026-09-19T01:02:34.734+0000][107.303s][info][gc,heap     ] GC(61) Eden regions: 260->0(246)
[2026-09-19T01:02:34.734+0000][107.303s][info][gc,heap     ] GC(61) Survivor regions: 19->20(35)
[2026-09-19T01:02:34.734+0000][107.303s][info][gc,heap     ] GC(61) Old regions: 367->375
[2026-09-19T01:02:34.734+0000][107.303s][info][gc,heap     ] GC(61) Humongous regions: 8->8
[2026-09-19T01:02:34.734+0000][107.303s][info][gc,metaspace] GC(61) Metaspace: 165824K(167552K)->165824K(167552K) NonClass: 139357K(140352K)->139357K(140352K) Class: 26466K(27200K)->26466K(27200K)
[2026-09-19T01:02:34.734+0000][107.303s][info][gc          ] GC(61) Pause Young (Normal) (G1 Evacuation Pause) 5227M->3218M(7288M) 153.218ms
[2026-09-19T01:02:34.734+0000][107.303s][info][gc,cpu      ] GC(61) User=0.61s Sys=0.00s Real=0.15s
[2026-09-19T01:02:35.625+0000][108.195s][info][gc,marking  ] GC(60) Concurrent Mark From Roots 4099.516ms
[2026-09-19T01:02:35.625+0000][108.195s][info][gc,marking  ] GC(60) Concurrent Preclean
[2026-09-19T01:02:35.626+0000][108.195s][info][gc,marking  ] GC(60) Concurrent Preclean 0.462ms
[2026-09-19T01:02:35.626+0000][108.195s][info][gc,start    ] GC(60) Pause Remark
[2026-09-19T01:02:35.641+0000][108.210s][info][gc          ] GC(60) Pause Remark 3790M->3790M(7288M) 14.559ms
[2026-09-19T01:02:35.641+0000][108.210s][info][gc,cpu      ] GC(60) User=0.04s Sys=0.01s Real=0.01s
[2026-09-19T01:02:35.641+0000][108.210s][info][gc,marking  ] GC(60) Concurrent Mark 4114.853ms
[2026-09-19T01:02:35.641+0000][108.210s][info][gc,marking  ] GC(60) Concurrent Rebuild Remembered Sets and Scrub Regions
[2026-09-19T01:02:38.030+0000][110.599s][info][gc,start    ] GC(62) Pause Young (Normal) (G1 Evacuation Pause)
[2026-09-19T01:02:38.030+0000][110.599s][info][gc,task     ] GC(62) Using 4 workers of 4 for evacuation
[2026-09-19T01:02:38.196+0000][110.765s][info][gc,phases   ] GC(62)   Pre Evacuate Collection Set: 0.15ms
[2026-09-19T01:02:38.196+0000][110.765s][info][gc,phases   ] GC(62)   Merge Heap Roots: 4.48ms
[2026-09-19T01:02:38.196+0000][110.765s][info][gc,phases   ] GC(62)   Evacuate Collection Set: 159.07ms
[2026-09-19T01:02:38.196+0000][110.765s][info][gc,phases   ] GC(62)   Post Evacuate Collection Set: 2.10ms
[2026-09-19T01:02:38.196+0000][110.765s][info][gc,phases   ] GC(62)   Other: 0.08ms
[2026-09-19T01:02:38.196+0000][110.765s][info][gc,heap     ] GC(62) Eden regions: 246->0(202)
[2026-09-19T01:02:38.196+0000][110.765s][info][gc,heap     ] GC(62) Survivor regions: 20->22(34)
[2026-09-19T01:02:38.196+0000][110.765s][info][gc,heap     ] GC(62) Old regions: 375->382
[2026-09-19T01:02:38.196+0000][110.765s][info][gc,heap     ] GC(62) Humongous regions: 8->8
[2026-09-19T01:02:38.196+0000][110.765s][info][gc,metaspace] GC(62) Metaspace: 165874K(167616K)->165874K(167616K) NonClass: 139401K(140416K)->139401K(140416K) Class: 26472K(27200K)->26472K(27200K)
[2026-09-19T01:02:38.196+0000][110.765s][info][gc          ] GC(62) Pause Young (Normal) (G1 Evacuation Pause) 5186M->3293M(7288M) 166.028ms
[2026-09-19T01:02:38.196+0000][110.765s][info][gc,cpu      ] GC(62) User=0.67s Sys=0.00s Real=0.17s
[2026-09-19T01:02:38.452+0000][111.021s][info][gc,marking  ] GC(60) Concurrent Rebuild Remembered Sets and Scrub Regions 2811.112ms
[2026-09-19T01:02:38.453+0000][111.022s][info][gc,start    ] GC(60) Pause Cleanup
[2026-09-19T01:02:38.453+0000][111.022s][info][gc          ] GC(60) Pause Cleanup 3473M->3473M(7288M) 0.219ms
[2026-09-19T01:02:38.453+0000][111.022s][info][gc,cpu      ] GC(60) User=0.00s Sys=0.00s Real=0.00s
[2026-09-19T01:02:38.456+0000][111.025s][info][gc,marking  ] GC(60) Concurrent Clear Claimed Marks
[2026-09-19T01:02:38.456+0000][111.025s][info][gc,marking  ] GC(60) Concurrent Clear Claimed Marks 0.197ms
[2026-09-19T01:02:38.456+0000][111.025s][info][gc,marking  ] GC(60) Concurrent Cleanup for Next Mark
[2026-09-19T01:02:38.469+0000][111.039s][info][gc,marking  ] GC(60) Concurrent Cleanup for Next Mark 13.484ms
[2026-09-19T01:02:38.469+0000][111.039s][info][gc          ] GC(60) Concurrent Mark Cycle 7115.526ms
[2026-09-19T01:02:40.468+0000][113.037s][info][gc,start    ] GC(63) Pause Young (Prepare Mixed) (G1 Evacuation Pause)
[2026-09-19T01:02:40.468+0000][113.037s][info][gc,task     ] GC(63) Using 4 workers of 4 for evacuation
[2026-09-19T01:02:40.623+0000][113.193s][info][gc,phases   ] GC(63)   Pre Evacuate Collection Set: 0.17ms
[2026-09-19T01:02:40.623+0000][113.193s][info][gc,phases   ] GC(63)   Merge Heap Roots: 4.30ms
[2026-09-19T01:02:40.623+0000][113.193s][info][gc,phases   ] GC(63)   Evacuate Collection Set: 149.82ms
[2026-09-19T01:02:40.623+0000][113.193s][info][gc,phases   ] GC(63)   Post Evacuate Collection Set: 1.42ms
[2026-09-19T01:02:40.623+0000][113.193s][info][gc,phases   ] GC(63)   Other: 0.05ms
[2026-09-19T01:02:40.623+0000][113.193s][info][gc,heap     ] GC(63) Eden regions: 206->0(439)
[2026-09-19T01:02:40.624+0000][113.193s][info][gc,heap     ] GC(63) Survivor regions: 22->18(29)
[2026-09-19T01:02:40.624+0000][113.193s][info][gc,heap     ] GC(63) Old regions: 382->390
[2026-09-19T01:02:40.624+0000][113.193s][info][gc,heap     ] GC(63) Humongous regions: 8->8
[2026-09-19T01:02:40.624+0000][113.193s][info][gc,metaspace] GC(63) Metaspace: 165935K(167616K)->165935K(167616K) NonClass: 139454K(140416K)->139454K(140416K) Class: 26481K(27200K)->26481K(27200K)
[2026-09-19T01:02:40.624+0000][113.193s][info][gc          ] GC(63) Pause Young (Prepare Mixed) (G1 Evacuation Pause) 4941M->3328M(7288M) 155.922ms
[2026-09-19T01:02:40.624+0000][113.193s][info][gc,cpu      ] GC(63) User=0.61s Sys=0.00s Real=0.15s
[2026-09-19T01:02:42.382+0000][114.951s][info][gc,start    ] GC(64) Pause Young (Mixed) (G1 Evacuation Pause)
[2026-09-19T01:02:42.382+0000][114.951s][info][gc,task     ] GC(64) Using 4 workers of 4 for evacuation
[2026-09-19T01:02:42.560+0000][115.129s][info][gc,phases   ] GC(64)   Pre Evacuate Collection Set: 0.17ms
[2026-09-19T01:02:42.560+0000][115.129s][info][gc,phases   ] GC(64)   Merge Heap Roots: 4.30ms
[2026-09-19T01:02:42.560+0000][115.129s][info][gc,phases   ] GC(64)   Evacuate Collection Set: 169.49ms
[2026-09-19T01:02:42.560+0000][115.129s][info][gc,phases   ] GC(64)   Merge Optional Heap Roots: 0.12ms
[2026-09-19T01:02:42.560+0000][115.129s][info][gc,phases   ] GC(64)   Evacuate Optional Collection Set: 2.03ms
[2026-09-19T01:02:42.560+0000][115.129s][info][gc,phases   ] GC(64)   Post Evacuate Collection Set: 1.79ms
[2026-09-19T01:02:42.560+0000][115.129s][info][gc,phases   ] GC(64)   Other: 0.06ms
[2026-09-19T01:02:42.560+0000][115.129s][info][gc,heap     ] GC(64) Eden regions: 178->0(430)
[2026-09-19T01:02:42.560+0000][115.129s][info][gc,heap     ] GC(64) Survivor regions: 18->11(25)
[2026-09-19T01:02:42.560+0000][115.129s][info][gc,heap     ] GC(64) Old regions: 390->397
[2026-09-19T01:02:42.560+0000][115.129s][info][gc,heap     ] GC(64) Humongous regions: 8->8
[2026-09-19T01:02:42.560+0000][115.129s][info][gc,metaspace] GC(64) Metaspace: 165951K(167680K)->165951K(167680K) NonClass: 139469K(140480K)->139469K(140480K) Class: 26481K(27200K)->26481K(27200K)
[2026-09-19T01:02:42.560+0000][115.129s][info][gc          ] GC(64) Pause Young (Mixed) (G1 Evacuation Pause) 4752M->3326M(7288M) 178.113ms
[2026-09-19T01:02:42.560+0000][115.129s][info][gc,cpu      ] GC(64) User=0.70s Sys=0.00s Real=0.18s
[2026-09-19T01:02:44.773+0000][117.342s][info][gc,start    ] GC(65) Pause Young (Mixed) (G1 Evacuation Pause)
[2026-09-19T01:02:44.773+0000][117.342s][info][gc,task     ] GC(65) Using 4 workers of 4 for evacuation
[2026-09-19T01:02:44.899+0000][117.469s][info][gc,phases   ] GC(65)   Pre Evacuate Collection Set: 0.16ms
[2026-09-19T01:02:44.899+0000][117.469s][info][gc,phases   ] GC(65)   Merge Heap Roots: 4.75ms
[2026-09-19T01:02:44.899+0000][117.469s][info][gc,phases   ] GC(65)   Evacuate Collection Set: 119.99ms
[2026-09-19T01:02:44.899+0000][117.469s][info][gc,phases   ] GC(65)   Post Evacuate Collection Set: 1.45ms
[2026-09-19T01:02:44.899+0000][117.469s][info][gc,phases   ] GC(65)   Other: 0.06ms
[2026-09-19T01:02:44.899+0000][117.469s][info][gc,heap     ] GC(65) Eden regions: 229->0(444)
[2026-09-19T01:02:44.899+0000][117.469s][info][gc,heap     ] GC(65) Survivor regions: 11->13(30)
[2026-09-19T01:02:44.899+0000][117.469s][info][gc,heap     ] GC(65) Old regions: 397->398
[2026-09-19T01:02:44.899+0000][117.469s][info][gc,heap     ] GC(65) Humongous regions: 8->8
[2026-09-19T01:02:44.899+0000][117.469s][info][gc,metaspace] GC(65) Metaspace: 165975K(167680K)->165975K(167680K) NonClass: 139493K(140480K)->139493K(140480K) Class: 26481K(27200K)->26481K(27200K)
[2026-09-19T01:02:44.899+0000][117.469s][info][gc          ] GC(65) Pause Young (Mixed) (G1 Evacuation Pause) 5158M->3344M(7288M) 126.575ms
[2026-09-19T01:02:44.899+0000][117.469s][info][gc,cpu      ] GC(65) User=0.50s Sys=0.00s Real=0.13s
[2026-09-19T01:02:48.216+0000][120.785s][info][gc,start    ] GC(66) Pause Young (Concurrent Start) (G1 Evacuation Pause)
[2026-09-19T01:02:48.216+0000][120.785s][info][gc,task     ] GC(66) Using 4 workers of 4 for evacuation
[2026-09-19T01:02:48.349+0000][120.918s][info][gc,phases   ] GC(66)   Pre Evacuate Collection Set: 0.21ms
[2026-09-19T01:02:48.349+0000][120.918s][info][gc,phases   ] GC(66)   Merge Heap Roots: 5.79ms
[2026-09-19T01:02:48.349+0000][120.918s][info][gc,phases   ] GC(66)   Evacuate Collection Set: 125.26ms
[2026-09-19T01:02:48.349+0000][120.918s][info][gc,phases   ] GC(66)   Post Evacuate Collection Set: 1.93ms
[2026-09-19T01:02:48.349+0000][120.918s][info][gc,phases   ] GC(66)   Other: 0.10ms
[2026-09-19T01:02:48.349+0000][120.918s][info][gc,heap     ] GC(66) Eden regions: 324->0(443)
[2026-09-19T01:02:48.349+0000][120.918s][info][gc,heap     ] GC(66) Survivor regions: 13->15(43)
[2026-09-19T01:02:48.349+0000][120.918s][info][gc,heap     ] GC(66) Old regions: 398->398
[2026-09-19T01:02:48.349+0000][120.918s][info][gc,heap     ] GC(66) Humongous regions: 8->8
[2026-09-19T01:02:48.349+0000][120.918s][info][gc,metaspace] GC(66) Metaspace: 166041K(167744K)->166041K(167744K) NonClass: 139548K(140544K)->139548K(140544K) Class: 26493K(27200K)->26493K(27200K)
[2026-09-19T01:02:48.349+0000][120.918s][info][gc          ] GC(66) Pause Young (Concurrent Start) (G1 Evacuation Pause) 5936M->3364M(7288M) 133.432ms
[2026-09-19T01:02:48.349+0000][120.918s][info][gc,cpu      ] GC(66) User=0.53s Sys=0.00s Real=0.13s
[2026-09-19T01:02:48.349+0000][120.918s][info][gc          ] GC(67) Concurrent Mark Cycle
[2026-09-19T01:02:48.349+0000][120.918s][info][gc,marking  ] GC(67) Concurrent Scan Root Regions
[2026-09-19T01:02:48.470+0000][121.040s][info][gc,marking  ] GC(67) Concurrent Scan Root Regions 121.134ms
[2026-09-19T01:02:48.470+0000][121.040s][info][gc,marking  ] GC(67) Concurrent Mark
[2026-09-19T01:02:48.470+0000][121.040s][info][gc,marking  ] GC(67) Concurrent Mark From Roots
[2026-09-19T01:02:48.470+0000][121.040s][info][gc,task     ] GC(67) Using 1 workers of 1 for marking
[2026-09-19T01:02:52.547+0000][125.116s][info][gc,marking  ] GC(67) Concurrent Mark From Roots 4076.285ms
[2026-09-19T01:02:52.547+0000][125.116s][info][gc,marking  ] GC(67) Concurrent Preclean
[2026-09-19T01:02:52.547+0000][125.117s][info][gc,marking  ] GC(67) Concurrent Preclean 0.497ms
[2026-09-19T01:02:52.548+0000][125.117s][info][gc,start    ] GC(67) Pause Remark
[2026-09-19T01:02:52.558+0000][125.128s][info][gc          ] GC(67) Pause Remark 5976M->5976M(7288M) 10.706ms
[2026-09-19T01:02:52.558+0000][125.128s][info][gc,cpu      ] GC(67) User=0.03s Sys=0.00s Real=0.01s
[2026-09-19T01:02:52.561+0000][125.130s][info][gc,marking  ] GC(67) Concurrent Mark 4090.293ms
[2026-09-19T01:02:52.561+0000][125.130s][info][gc,marking  ] GC(67) Concurrent Rebuild Remembered Sets and Scrub Regions
[2026-09-19T01:02:52.795+0000][125.364s][info][gc,start    ] GC(68) Pause Young (Normal) (G1 Evacuation Pause)
[2026-09-19T01:02:52.795+0000][125.364s][info][gc,task     ] GC(68) Using 4 workers of 4 for evacuation
[2026-09-19T01:02:52.952+0000][125.522s][info][gc,phases   ] GC(68)   Pre Evacuate Collection Set: 0.16ms
[2026-09-19T01:02:52.952+0000][125.522s][info][gc,phases   ] GC(68)   Merge Heap Roots: 6.23ms
[2026-09-19T01:02:52.952+0000][125.522s][info][gc,phases   ] GC(68)   Evacuate Collection Set: 148.77ms
[2026-09-19T01:02:52.952+0000][125.522s][info][gc,phases   ] GC(68)   Post Evacuate Collection Set: 2.38ms
[2026-09-19T01:02:52.952+0000][125.522s][info][gc,phases   ] GC(68)   Other: 0.08ms
[2026-09-19T01:02:52.952+0000][125.522s][info][gc,heap     ] GC(68) Eden regions: 349->0(441)
[2026-09-19T01:02:52.952+0000][125.522s][info][gc,heap     ] GC(68) Survivor regions: 15->17(46)
[2026-09-19T01:02:52.952+0000][125.522s][info][gc,heap     ] GC(68) Old regions: 398->398
[2026-09-19T01:02:52.952+0000][125.522s][info][gc,heap     ] GC(68) Humongous regions: 8->8
[2026-09-19T01:02:52.952+0000][125.522s][info][gc,metaspace] GC(68) Metaspace: 166078K(167744K)->166078K(167744K) NonClass: 139584K(140544K)->139584K(140544K) Class: 26493K(27200K)->26493K(27200K)
[2026-09-19T01:02:52.952+0000][125.522s][info][gc          ] GC(68) Pause Young (Normal) (G1 Evacuation Pause) 6156M->3376M(7288M) 157.763ms
[2026-09-19T01:02:52.952+0000][125.522s][info][gc,cpu      ] GC(68) User=0.60s Sys=0.00s Real=0.15s
[2026-09-19T01:02:55.645+0000][128.215s][info][gc,marking  ] GC(67) Concurrent Rebuild Remembered Sets and Scrub Regions 3084.586ms
[2026-09-19T01:02:55.645+0000][128.215s][info][gc,start    ] GC(67) Pause Cleanup
[2026-09-19T01:02:55.646+0000][128.215s][info][gc          ] GC(67) Pause Cleanup 5132M->5132M(7288M) 0.262ms
[2026-09-19T01:02:55.646+0000][128.215s][info][gc,cpu      ] GC(67) User=0.00s Sys=0.00s Real=0.00s
[2026-09-19T01:02:55.649+0000][128.218s][info][gc,marking  ] GC(67) Concurrent Clear Claimed Marks
[2026-09-19T01:02:55.649+0000][128.218s][info][gc,marking  ] GC(67) Concurrent Clear Claimed Marks 0.200ms
[2026-09-19T01:02:55.649+0000][128.218s][info][gc,marking  ] GC(67) Concurrent Cleanup for Next Mark
[2026-09-19T01:02:55.658+0000][128.228s][info][gc,marking  ] GC(67) Concurrent Cleanup for Next Mark 9.744ms
[2026-09-19T01:02:55.659+0000][128.228s][info][gc          ] GC(67) Concurrent Mark Cycle 7309.488ms
[2026-09-19T01:02:56.526+0000][129.095s][info][gc,start    ] GC(69) Pause Young (Prepare Mixed) (G1 Evacuation Pause)
[2026-09-19T01:02:56.526+0000][129.095s][info][gc,task     ] GC(69) Using 4 workers of 4 for evacuation
[2026-09-19T01:02:56.673+0000][129.242s][info][gc,phases   ] GC(69)   Pre Evacuate Collection Set: 0.24ms
[2026-09-19T01:02:56.673+0000][129.242s][info][gc,phases   ] GC(69)   Merge Heap Roots: 5.60ms
[2026-09-19T01:02:56.673+0000][129.242s][info][gc,phases   ] GC(69)   Evacuate Collection Set: 139.34ms
[2026-09-19T01:02:56.673+0000][129.242s][info][gc,phases   ] GC(69)   Post Evacuate Collection Set: 1.64ms
[2026-09-19T01:02:56.673+0000][129.242s][info][gc,phases   ] GC(69)   Other: 0.07ms
[2026-09-19T01:02:56.673+0000][129.242s][info][gc,heap     ] GC(69) Eden regions: 305->0(439)
[2026-09-19T01:02:56.673+0000][129.242s][info][gc,heap     ] GC(69) Survivor regions: 17->19(41)
[2026-09-19T01:02:56.673+0000][129.242s][info][gc,heap     ] GC(69) Old regions: 398->398
[2026-09-19T01:02:56.673+0000][129.242s][info][gc,heap     ] GC(69) Humongous regions: 8->8
[2026-09-19T01:02:56.673+0000][129.242s][info][gc,metaspace] GC(69) Metaspace: 166110K(167808K)->166110K(167808K) NonClass: 139617K(140608K)->139617K(140608K) Class: 26493K(27200K)->26493K(27200K)
[2026-09-19T01:02:56.673+0000][129.242s][info][gc          ] GC(69) Pause Young (Prepare Mixed) (G1 Evacuation Pause) 5816M->3392M(7288M) 147.029ms
[2026-09-19T01:02:56.673+0000][129.242s][info][gc,cpu      ] GC(69) User=0.59s Sys=0.00s Real=0.14s
[2026-09-19T01:02:58.652+0000][131.221s][info][gc,start    ] GC(70) Pause Young (Mixed) (G1 Evacuation Pause)
[2026-09-19T01:02:58.652+0000][131.221s][info][gc,task     ] GC(70) Using 4 workers of 4 for evacuation
[2026-09-19T01:02:58.797+0000][131.366s][info][gc,phases   ] GC(70)   Pre Evacuate Collection Set: 0.18ms
[2026-09-19T01:02:58.797+0000][131.366s][info][gc,phases   ] GC(70)   Merge Heap Roots: 4.63ms
[2026-09-19T01:02:58.797+0000][131.366s][info][gc,phases   ] GC(70)   Evacuate Collection Set: 138.34ms
[2026-09-19T01:02:58.797+0000][131.366s][info][gc,phases   ] GC(70)   Post Evacuate Collection Set: 1.52ms
[2026-09-19T01:02:58.797+0000][131.366s][info][gc,phases   ] GC(70)   Other: 0.06ms
[2026-09-19T01:02:58.797+0000][131.366s][info][gc,heap     ] GC(70) Eden regions: 192->0(438)
[2026-09-19T01:02:58.797+0000][131.366s][info][gc,heap     ] GC(70) Survivor regions: 19->16(27)
[2026-09-19T01:02:58.797+0000][131.366s][info][gc,heap     ] GC(70) Old regions: 398->402
[2026-09-19T01:02:58.797+0000][131.366s][info][gc,heap     ] GC(70) Humongous regions: 8->8
[2026-09-19T01:02:58.797+0000][131.366s][info][gc,metaspace] GC(70) Metaspace: 166150K(167808K)->166150K(167808K) NonClass: 139656K(140608K)->139656K(140608K) Class: 26493K(27200K)->26493K(27200K)
[2026-09-19T01:02:58.797+0000][131.366s][info][gc          ] GC(70) Pause Young (Mixed) (G1 Evacuation Pause) 4928M->3398M(7288M) 144.941ms
[2026-09-19T01:02:58.797+0000][131.366s][info][gc,cpu      ] GC(70) User=0.57s Sys=0.00s Real=0.15s
[2026-09-19T01:03:01.484+0000][134.053s][info][gc,start    ] GC(71) Pause Young (Mixed) (G1 Evacuation Pause)
[2026-09-19T01:03:01.484+0000][134.053s][info][gc,task     ] GC(71) Using 4 workers of 4 for evacuation
[2026-09-19T01:03:01.625+0000][134.194s][info][gc,phases   ] GC(71)   Pre Evacuate Collection Set: 0.17ms
[2026-09-19T01:03:01.625+0000][134.195s][info][gc,phases   ] GC(71)   Merge Heap Roots: 5.36ms
[2026-09-19T01:03:01.625+0000][134.195s][info][gc,phases   ] GC(71)   Evacuate Collection Set: 133.88ms
[2026-09-19T01:03:01.625+0000][134.195s][info][gc,phases   ] GC(71)   Post Evacuate Collection Set: 1.58ms
[2026-09-19T01:03:01.625+0000][134.195s][info][gc,phases   ] GC(71)   Other: 0.05ms
[2026-09-19T01:03:01.625+0000][134.195s][info][gc,heap     ] GC(71) Eden regions: 264->0(441)
[2026-09-19T01:03:01.625+0000][134.195s][info][gc,heap     ] GC(71) Survivor regions: 16->17(35)
[2026-09-19T01:03:01.625+0000][134.195s][info][gc,heap     ] GC(71) Old regions: 402->398
[2026-09-19T01:03:01.625+0000][134.195s][info][gc,heap     ] GC(71) Humongous regions: 8->8
[2026-09-19T01:03:01.625+0000][134.195s][info][gc,metaspace] GC(71) Metaspace: 166180K(167872K)->166180K(167872K) NonClass: 139687K(140672K)->139687K(140672K) Class: 26493K(27200K)->26493K(27200K)
[2026-09-19T01:03:01.625+0000][134.195s][info][gc          ] GC(71) Pause Young (Mixed) (G1 Evacuation Pause) 5510M->3377M(7288M) 141.193ms
[2026-09-19T01:03:01.625+0000][134.195s][info][gc,cpu      ] GC(71) User=0.56s Sys=0.00s Real=0.15s
[2026-09-19T01:03:05.316+0000][137.886s][info][gc,start    ] GC(72) Pause Young (Concurrent Start) (G1 Evacuation Pause)
[2026-09-19T01:03:05.316+0000][137.886s][info][gc,task     ] GC(72) Using 4 workers of 4 for evacuation
[2026-09-19T01:03:05.468+0000][138.037s][info][gc,phases   ] GC(72)   Pre Evacuate Collection Set: 0.22ms
[2026-09-19T01:03:05.468+0000][138.037s][info][gc,phases   ] GC(72)   Merge Heap Roots: 6.53ms
[2026-09-19T01:03:05.468+0000][138.037s][info][gc,phases   ] GC(72)   Evacuate Collection Set: 142.70ms
[2026-09-19T01:03:05.468+0000][138.037s][info][gc,phases   ] GC(72)   Post Evacuate Collection Set: 1.84ms
[2026-09-19T01:03:05.468+0000][138.037s][info][gc,phases   ] GC(72)   Other: 0.09ms
[2026-09-19T01:03:05.468+0000][138.037s][info][gc,heap     ] GC(72) Eden regions: 363->0(439)
[2026-09-19T01:03:05.468+0000][138.037s][info][gc,heap     ] GC(72) Survivor regions: 17->19(48)
[2026-09-19T01:03:05.468+0000][138.037s][info][gc,heap     ] GC(72) Old regions: 398->398
[2026-09-19T01:03:05.468+0000][138.037s][info][gc,heap     ] GC(72) Humongous regions: 8->8
[2026-09-19T01:03:05.468+0000][138.037s][info][gc,metaspace] GC(72) Metaspace: 166225K(167872K)->166225K(167872K) NonClass: 139730K(140672K)->139730K(140672K) Class: 26494K(27200K)->26494K(27200K)
[2026-09-19T01:03:05.468+0000][138.037s][info][gc          ] GC(72) Pause Young (Concurrent Start) (G1 Evacuation Pause) 6281M->3393M(7288M) 151.519ms
[2026-09-19T01:03:05.468+0000][138.037s][info][gc          ] GC(73) Concurrent Mark Cycle
[2026-09-19T01:03:05.468+0000][138.037s][info][gc,marking  ] GC(73) Concurrent Scan Root Regions
[2026-09-19T01:03:05.468+0000][138.037s][info][gc,cpu      ] GC(72) User=0.57s Sys=0.02s Real=0.15s
[2026-09-19T01:03:05.585+0000][138.154s][info][gc,marking  ] GC(73) Concurrent Scan Root Regions 116.831ms
[2026-09-19T01:03:05.585+0000][138.154s][info][gc,marking  ] GC(73) Concurrent Mark
[2026-09-19T01:03:05.585+0000][138.154s][info][gc,marking  ] GC(73) Concurrent Mark From Roots
[2026-09-19T01:03:05.585+0000][138.154s][info][gc,task     ] GC(73) Using 1 workers of 1 for marking
[2026-09-19T01:03:09.709+0000][142.278s][info][gc,marking  ] GC(73) Concurrent Mark From Roots 4123.933ms
[2026-09-19T01:03:09.709+0000][142.278s][info][gc,marking  ] GC(73) Concurrent Preclean
[2026-09-19T01:03:09.709+0000][142.279s][info][gc,marking  ] GC(73) Concurrent Preclean 0.508ms
[2026-09-19T01:03:09.709+0000][142.279s][info][gc,start    ] GC(73) Pause Remark
[2026-09-19T01:03:09.721+0000][142.290s][info][gc          ] GC(73) Pause Remark 5961M->5961M(7288M) 11.280ms
[2026-09-19T01:03:09.721+0000][142.290s][info][gc,cpu      ] GC(73) User=0.04s Sys=0.00s Real=0.01s
[2026-09-19T01:03:09.722+0000][142.291s][info][gc,marking  ] GC(73) Concurrent Mark 4136.778ms
[2026-09-19T01:03:09.722+0000][142.291s][info][gc,marking  ] GC(73) Concurrent Rebuild Remembered Sets and Scrub Regions
[2026-09-19T01:03:10.171+0000][142.740s][info][gc,start    ] GC(74) Pause Young (Normal) (G1 Evacuation Pause)
[2026-09-19T01:03:10.171+0000][142.741s][info][gc,task     ] GC(74) Using 4 workers of 4 for evacuation
[2026-09-19T01:03:10.334+0000][142.904s][info][gc,phases   ] GC(74)   Pre Evacuate Collection Set: 0.27ms
[2026-09-19T01:03:10.334+0000][142.904s][info][gc,phases   ] GC(74)   Merge Heap Roots: 6.79ms
[2026-09-19T01:03:10.334+0000][142.904s][info][gc,phases   ] GC(74)   Evacuate Collection Set: 153.57ms
[2026-09-19T01:03:10.334+0000][142.904s][info][gc,phases   ] GC(74)   Post Evacuate Collection Set: 2.41ms
[2026-09-19T01:03:10.334+0000][142.904s][info][gc,phases   ] GC(74)   Other: 0.08ms
[2026-09-19T01:03:10.334+0000][142.904s][info][gc,heap     ] GC(74) Eden regions: 366->0(437)
[2026-09-19T01:03:10.334+0000][142.904s][info][gc,heap     ] GC(74) Survivor regions: 19->21(49)
[2026-09-19T01:03:10.334+0000][142.904s][info][gc,heap     ] GC(74) Old regions: 398->398
[2026-09-19T01:03:10.334+0000][142.904s][info][gc,heap     ] GC(74) Humongous regions: 8->8
[2026-09-19T01:03:10.334+0000][142.904s][info][gc,metaspace] GC(74) Metaspace: 166241K(167936K)->166241K(167936K) NonClass: 139745K(140736K)->139745K(140736K) Class: 26496K(27200K)->26496K(27200K)
[2026-09-19T01:03:10.334+0000][142.904s][info][gc          ] GC(74) Pause Young (Normal) (G1 Evacuation Pause) 6321M->3409M(7288M) 163.262ms
[2026-09-19T01:03:10.334+0000][142.904s][info][gc,cpu      ] GC(74) User=0.65s Sys=0.00s Real=0.16s
[2026-09-19T01:03:12.520+0000][145.090s][info][gc,marking  ] GC(73) Concurrent Rebuild Remembered Sets and Scrub Regions 2798.660ms
[2026-09-19T01:03:12.520+0000][145.090s][info][gc,start    ] GC(73) Pause Cleanup
[2026-09-19T01:03:12.521+0000][145.090s][info][gc          ] GC(73) Pause Cleanup 4621M->4621M(7288M) 0.264ms
[2026-09-19T01:03:12.521+0000][145.090s][info][gc,cpu      ] GC(73) User=0.00s Sys=0.00s Real=0.00s
[2026-09-19T01:03:12.521+0000][145.090s][info][gc,marking  ] GC(73) Concurrent Clear Claimed Marks
[2026-09-19T01:03:12.521+0000][145.090s][info][gc,marking  ] GC(73) Concurrent Clear Claimed Marks 0.190ms
[2026-09-19T01:03:12.521+0000][145.090s][info][gc,marking  ] GC(73) Concurrent Cleanup for Next Mark
[2026-09-19T01:03:12.527+0000][145.097s][info][gc,marking  ] GC(73) Concurrent Cleanup for Next Mark 6.350ms
[2026-09-19T01:03:12.527+0000][145.097s][info][gc          ] GC(73) Concurrent Mark Cycle 7059.484ms
[2026-09-19T01:03:15.680+0000][148.249s][info][gc,start    ] GC(75) Pause Young (Prepare Mixed) (G1 Evacuation Pause)
[2026-09-19T01:03:15.680+0000][148.249s][info][gc,task     ] GC(75) Using 4 workers of 4 for evacuation
[2026-09-19T01:03:15.822+0000][148.392s][info][gc,phases   ] GC(75)   Pre Evacuate Collection Set: 0.20ms
[2026-09-19T01:03:15.822+0000][148.392s][info][gc,phases   ] GC(75)   Merge Heap Roots: 7.43ms
[2026-09-19T01:03:15.822+0000][148.392s][info][gc,phases   ] GC(75)   Evacuate Collection Set: 133.00ms
[2026-09-19T01:03:15.822+0000][148.392s][info][gc,phases   ] GC(75)   Post Evacuate Collection Set: 1.85ms
[2026-09-19T01:03:15.822+0000][148.392s][info][gc,phases   ] GC(75)   Other: 0.12ms
[2026-09-19T01:03:15.822+0000][148.392s][info][gc,heap     ] GC(75) Eden regions: 437->0(427)
[2026-09-19T01:03:15.822+0000][148.392s][info][gc,heap     ] GC(75) Survivor regions: 21->23(58)
[2026-09-19T01:03:15.822+0000][148.392s][info][gc,heap     ] GC(75) Old regions: 398->398
[2026-09-19T01:03:15.822+0000][148.392s][info][gc,heap     ] GC(75) Humongous regions: 8->8
[2026-09-19T01:03:15.822+0000][148.392s][info][gc,metaspace] GC(75) Metaspace: 166294K(167936K)->166294K(167936K) NonClass: 139788K(140736K)->139788K(140736K) Class: 26506K(27200K)->26506K(27200K)
[2026-09-19T01:03:15.822+0000][148.392s][info][gc          ] GC(75) Pause Young (Prepare Mixed) (G1 Evacuation Pause) 6905M->3421M(7288M) 142.758ms
[2026-09-19T01:03:15.822+0000][148.392s][info][gc,cpu      ] GC(75) User=0.56s Sys=0.00s Real=0.14s
[2026-09-19T01:03:18.204+0000][150.773s][info][gc,start    ] GC(76) Pause Young (Mixed) (G1 Evacuation Pause)
[2026-09-19T01:03:18.204+0000][150.773s][info][gc,task     ] GC(76) Using 4 workers of 4 for evacuation
[2026-09-19T01:03:18.359+0000][150.928s][info][gc,phases   ] GC(76)   Pre Evacuate Collection Set: 0.16ms
[2026-09-19T01:03:18.359+0000][150.928s][info][gc,phases   ] GC(76)   Merge Heap Roots: 6.92ms
[2026-09-19T01:03:18.359+0000][150.928s][info][gc,phases   ] GC(76)   Evacuate Collection Set: 145.83ms
[2026-09-19T01:03:18.359+0000][150.928s][info][gc,phases   ] GC(76)   Post Evacuate Collection Set: 1.56ms
[2026-09-19T01:03:18.359+0000][150.928s][info][gc,phases   ] GC(76)   Other: 0.06ms
[2026-09-19T01:03:18.359+0000][150.928s][info][gc,heap     ] GC(76) Eden regions: 256->0(434)
[2026-09-19T01:03:18.359+0000][150.928s][info][gc,heap     ] GC(76) Survivor regions: 23->19(35)
[2026-09-19T01:03:18.359+0000][150.928s][info][gc,heap     ] GC(76) Old regions: 398->403
[2026-09-19T01:03:18.359+0000][150.928s][info][gc,heap     ] GC(76) Humongous regions: 8->8
[2026-09-19T01:03:18.359+0000][150.928s][info][gc,metaspace] GC(76) Metaspace: 166303K(167936K)->166303K(167936K) NonClass: 139796K(140736K)->139796K(140736K) Class: 26506K(27200K)->26506K(27200K)
[2026-09-19T01:03:18.359+0000][150.928s][info][gc          ] GC(76) Pause Young (Mixed) (G1 Evacuation Pause) 5469M->3435M(7288M) 154.666ms
[2026-09-19T01:03:18.359+0000][150.928s][info][gc,cpu      ] GC(76) User=0.62s Sys=0.00s Real=0.16s
[2026-09-19T01:03:21.992+0000][154.562s][info][gc,start    ] GC(77) Pause Young (Mixed) (G1 Evacuation Pause)
[2026-09-19T01:03:21.992+0000][154.562s][info][gc,task     ] GC(77) Using 4 workers of 4 for evacuation
[2026-09-19T01:03:22.155+0000][154.725s][info][gc,phases   ] GC(77)   Pre Evacuate Collection Set: 0.20ms
[2026-09-19T01:03:22.155+0000][154.725s][info][gc,phases   ] GC(77)   Merge Heap Roots: 6.50ms
[2026-09-19T01:03:22.155+0000][154.725s][info][gc,phases   ] GC(77)   Evacuate Collection Set: 154.48ms
[2026-09-19T01:03:22.155+0000][154.725s][info][gc,phases   ] GC(77)   Post Evacuate Collection Set: 1.80ms
[2026-09-19T01:03:22.155+0000][154.725s][info][gc,phases   ] GC(77)   Other: 0.07ms
[2026-09-19T01:03:22.156+0000][154.725s][info][gc,heap     ] GC(77) Eden regions: 373->0(435)
[2026-09-19T01:03:22.156+0000][154.725s][info][gc,heap     ] GC(77) Survivor regions: 19->21(49)
[2026-09-19T01:03:22.156+0000][154.725s][info][gc,heap     ] GC(77) Old regions: 403->400
[2026-09-19T01:03:22.156+0000][154.725s][info][gc,heap     ] GC(77) Humongous regions: 8->8
[2026-09-19T01:03:22.156+0000][154.725s][info][gc,metaspace] GC(77) Metaspace: 166323K(168000K)->166323K(168000K) NonClass: 139815K(140800K)->139815K(140800K) Class: 26507K(27200K)->26507K(27200K)
[2026-09-19T01:03:22.156+0000][154.725s][info][gc          ] GC(77) Pause Young (Mixed) (G1 Evacuation Pause) 6419M->3425M(7288M) 163.246ms
[2026-09-19T01:03:22.156+0000][154.725s][info][gc,cpu      ] GC(77) User=0.64s Sys=0.00s Real=0.17s
[2026-09-19T01:03:26.280+0000][158.850s][info][gc,start    ] GC(78) Pause Young (Concurrent Start) (G1 Evacuation Pause)
[2026-09-19T01:03:26.280+0000][158.850s][info][gc,task     ] GC(78) Using 4 workers of 4 for evacuation
[2026-09-19T01:03:26.425+0000][158.994s][info][gc,phases   ] GC(78)   Pre Evacuate Collection Set: 0.22ms
[2026-09-19T01:03:26.425+0000][158.994s][info][gc,phases   ] GC(78)   Merge Heap Roots: 6.97ms
[2026-09-19T01:03:26.425+0000][158.994s][info][gc,phases   ] GC(78)   Evacuate Collection Set: 135.24ms
[2026-09-19T01:03:26.425+0000][158.994s][info][gc,phases   ] GC(78)   Post Evacuate Collection Set: 1.79ms
[2026-09-19T01:03:26.425+0000][158.994s][info][gc,phases   ] GC(78)   Other: 0.09ms
[2026-09-19T01:03:26.425+0000][158.994s][info][gc,heap     ] GC(78) Eden regions: 435->0(434)
[2026-09-19T01:03:26.425+0000][158.994s][info][gc,heap     ] GC(78) Survivor regions: 21->22(57)
[2026-09-19T01:03:26.425+0000][158.994s][info][gc,heap     ] GC(78) Old regions: 400->400
[2026-09-19T01:03:26.425+0000][158.994s][info][gc,heap     ] GC(78) Humongous regions: 8->8
[2026-09-19T01:03:26.425+0000][158.994s][info][gc,metaspace] GC(78) Metaspace: 166338K(168000K)->166338K(168000K) NonClass: 139830K(140800K)->139830K(140800K) Class: 26507K(27200K)->26507K(27200K)
[2026-09-19T01:03:26.425+0000][158.994s][info][gc          ] GC(78) Pause Young (Concurrent Start) (G1 Evacuation Pause) 6905M->3437M(7288M) 144.459ms
[2026-09-19T01:03:26.425+0000][158.994s][info][gc,cpu      ] GC(78) User=0.57s Sys=0.00s Real=0.15s
[2026-09-19T01:03:26.425+0000][158.994s][info][gc          ] GC(79) Concurrent Mark Cycle
[2026-09-19T01:03:26.425+0000][158.994s][info][gc,marking  ] GC(79) Concurrent Scan Root Regions
[2026-09-19T01:03:26.558+0000][159.127s][info][gc,marking  ] GC(79) Concurrent Scan Root Regions 132.911ms
[2026-09-19T01:03:26.558+0000][159.127s][info][gc,marking  ] GC(79) Concurrent Mark
[2026-09-19T01:03:26.558+0000][159.127s][info][gc,marking  ] GC(79) Concurrent Mark From Roots
[2026-09-19T01:03:26.558+0000][159.127s][info][gc,task     ] GC(79) Using 1 workers of 1 for marking
[2026-09-19T01:03:30.601+0000][163.170s][info][gc,marking  ] GC(79) Concurrent Mark From Roots 4043.165ms
[2026-09-19T01:03:30.601+0000][163.170s][info][gc,marking  ] GC(79) Concurrent Preclean
[2026-09-19T01:03:30.601+0000][163.171s][info][gc,marking  ] GC(79) Concurrent Preclean 0.446ms
[2026-09-19T01:03:30.602+0000][163.171s][info][gc,start    ] GC(79) Pause Remark
[2026-09-19T01:03:30.610+0000][163.180s][info][gc          ] GC(79) Pause Remark 6165M->6165M(7288M) 8.705ms
[2026-09-19T01:03:30.610+0000][163.180s][info][gc,cpu      ] GC(79) User=0.03s Sys=0.00s Real=0.01s
[2026-09-19T01:03:30.610+0000][163.180s][info][gc,marking  ] GC(79) Concurrent Mark 4052.630ms
[2026-09-19T01:03:30.610+0000][163.180s][info][gc,marking  ] GC(79) Concurrent Rebuild Remembered Sets and Scrub Regions
[2026-09-19T01:03:31.267+0000][163.836s][info][gc,start    ] GC(80) Pause Young (Normal) (G1 Evacuation Pause)
[2026-09-19T01:03:31.267+0000][163.837s][info][gc,task     ] GC(80) Using 4 workers of 4 for evacuation
[2026-09-19T01:03:31.440+0000][164.009s][info][gc,phases   ] GC(80)   Pre Evacuate Collection Set: 0.18ms
[2026-09-19T01:03:31.440+0000][164.009s][info][gc,phases   ] GC(80)   Merge Heap Roots: 8.74ms
[2026-09-19T01:03:31.440+0000][164.009s][info][gc,phases   ] GC(80)   Evacuate Collection Set: 161.13ms
[2026-09-19T01:03:31.440+0000][164.009s][info][gc,phases   ] GC(80)   Post Evacuate Collection Set: 2.80ms
[2026-09-19T01:03:31.440+0000][164.009s][info][gc,phases   ] GC(80)   Other: 0.06ms
[2026-09-19T01:03:31.440+0000][164.009s][info][gc,heap     ] GC(80) Eden regions: 408->0(431)
[2026-09-19T01:03:31.440+0000][164.009s][info][gc,heap     ] GC(80) Survivor regions: 22->25(54)
[2026-09-19T01:03:31.440+0000][164.009s][info][gc,heap     ] GC(80) Old regions: 400->400
[2026-09-19T01:03:31.440+0000][164.009s][info][gc,heap     ] GC(80) Humongous regions: 8->8
[2026-09-19T01:03:31.440+0000][164.010s][info][gc,metaspace] GC(80) Metaspace: 166367K(168000K)->166367K(168000K) NonClass: 139860K(140800K)->139860K(140800K) Class: 26507K(27200K)->26507K(27200K)
[2026-09-19T01:03:31.440+0000][164.010s][info][gc          ] GC(80) Pause Young (Normal) (G1 Evacuation Pause) 6701M->3457M(7288M) 173.064ms
[2026-09-19T01:03:31.440+0000][164.010s][info][gc,cpu      ] GC(80) User=0.67s Sys=0.00s Real=0.17s
[2026-09-19T01:03:33.488+0000][166.058s][info][gc,marking  ] GC(79) Concurrent Rebuild Remembered Sets and Scrub Regions 2877.719ms
[2026-09-19T01:03:33.488+0000][166.058s][info][gc,start    ] GC(79) Pause Cleanup
[2026-09-19T01:03:33.489+0000][166.058s][info][gc          ] GC(79) Pause Cleanup 4737M->4737M(7288M) 0.216ms
[2026-09-19T01:03:33.489+0000][166.058s][info][gc,cpu      ] GC(79) User=0.00s Sys=0.00s Real=0.00s
[2026-09-19T01:03:33.489+0000][166.058s][info][gc,marking  ] GC(79) Concurrent Clear Claimed Marks
[2026-09-19T01:03:33.489+0000][166.058s][info][gc,marking  ] GC(79) Concurrent Clear Claimed Marks 0.195ms
[2026-09-19T01:03:33.489+0000][166.058s][info][gc,marking  ] GC(79) Concurrent Cleanup for Next Mark
[2026-09-19T01:03:33.496+0000][166.065s][info][gc,marking  ] GC(79) Concurrent Cleanup for Next Mark 6.676ms
[2026-09-19T01:03:33.496+0000][166.065s][info][gc          ] GC(79) Concurrent Mark Cycle 7070.714ms
[2026-09-19T01:03:36.022+0000][168.591s][info][gc,start    ] GC(81) Pause Young (Prepare Mixed) (G1 Evacuation Pause)
[2026-09-19T01:03:36.022+0000][168.591s][info][gc,task     ] GC(81) Using 4 workers of 4 for evacuation
[2026-09-19T01:03:36.176+0000][168.745s][info][gc,phases   ] GC(81)   Pre Evacuate Collection Set: 0.20ms
[2026-09-19T01:03:36.176+0000][168.745s][info][gc,phases   ] GC(81)   Merge Heap Roots: 6.85ms
[2026-09-19T01:03:36.176+0000][168.745s][info][gc,phases   ] GC(81)   Evacuate Collection Set: 144.36ms
[2026-09-19T01:03:36.176+0000][168.745s][info][gc,phases   ] GC(81)   Post Evacuate Collection Set: 2.00ms
[2026-09-19T01:03:36.176+0000][168.745s][info][gc,phases   ] GC(81)   Other: 0.09ms
[2026-09-19T01:03:36.176+0000][168.745s][info][gc,heap     ] GC(81) Eden regions: 431->0(257)
[2026-09-19T01:03:36.176+0000][168.745s][info][gc,heap     ] GC(81) Survivor regions: 25->26(57)
[2026-09-19T01:03:36.176+0000][168.745s][info][gc,heap     ] GC(81) Old regions: 400->400
[2026-09-19T01:03:36.176+0000][168.745s][info][gc,heap     ] GC(81) Humongous regions: 8->8
[2026-09-19T01:03:36.176+0000][168.745s][info][gc,metaspace] GC(81) Metaspace: 166417K(168064K)->166417K(168064K) NonClass: 139897K(140864K)->139897K(140864K) Class: 26519K(27200K)->26519K(27200K)
[2026-09-19T01:03:36.176+0000][168.745s][info][gc          ] GC(81) Pause Young (Prepare Mixed) (G1 Evacuation Pause) 6905M->3469M(7288M) 153.649ms
[2026-09-19T01:03:36.176+0000][168.745s][info][gc,cpu      ] GC(81) User=0.60s Sys=0.00s Real=0.16s
[2026-09-19T01:03:38.955+0000][171.525s][info][gc,start    ] GC(82) Pause Young (Mixed) (G1 Evacuation Pause)
[2026-09-19T01:03:38.955+0000][171.525s][info][gc,task     ] GC(82) Using 4 workers of 4 for evacuation
[2026-09-19T01:03:39.118+0000][171.687s][info][gc,phases   ] GC(82)   Pre Evacuate Collection Set: 0.17ms
[2026-09-19T01:03:39.118+0000][171.687s][info][gc,phases   ] GC(82)   Merge Heap Roots: 5.55ms
[2026-09-19T01:03:39.118+0000][171.687s][info][gc,phases   ] GC(82)   Evacuate Collection Set: 154.82ms
[2026-09-19T01:03:39.118+0000][171.687s][info][gc,phases   ] GC(82)   Post Evacuate Collection Set: 1.70ms
[2026-09-19T01:03:39.118+0000][171.687s][info][gc,phases   ] GC(82)   Other: 0.06ms
[2026-09-19T01:03:39.118+0000][171.687s][info][gc,heap     ] GC(82) Eden regions: 296->0(428)
[2026-09-19T01:03:39.118+0000][171.687s][info][gc,heap     ] GC(82) Survivor regions: 26->22(41)
[2026-09-19T01:03:39.118+0000][171.687s][info][gc,heap     ] GC(82) Old regions: 400->406
[2026-09-19T01:03:39.118+0000][171.687s][info][gc,heap     ] GC(82) Humongous regions: 8->8
[2026-09-19T01:03:39.118+0000][171.687s][info][gc,metaspace] GC(82) Metaspace: 166421K(168064K)->166421K(168064K) NonClass: 139901K(140864K)->139901K(140864K) Class: 26519K(27200K)->26519K(27200K)
[2026-09-19T01:03:39.118+0000][171.687s][info][gc          ] GC(82) Pause Young (Mixed) (G1 Evacuation Pause) 5837M->3483M(7288M) 162.478ms
[2026-09-19T01:03:39.118+0000][171.687s][info][gc,cpu      ] GC(82) User=0.64s Sys=0.00s Real=0.16s
[2026-09-19T01:03:43.217+0000][175.786s][info][gc,start    ] GC(83) Pause Young (Mixed) (G1 Evacuation Pause)
[2026-09-19T01:03:43.217+0000][175.786s][info][gc,task     ] GC(83) Using 4 workers of 4 for evacuation
[2026-09-19T01:03:43.382+0000][175.951s][info][gc,phases   ] GC(83)   Pre Evacuate Collection Set: 0.18ms
[2026-09-19T01:03:43.382+0000][175.951s][info][gc,phases   ] GC(83)   Merge Heap Roots: 7.05ms
[2026-09-19T01:03:43.382+0000][175.951s][info][gc,phases   ] GC(83)   Evacuate Collection Set: 155.74ms
[2026-09-19T01:03:43.382+0000][175.951s][info][gc,phases   ] GC(83)   Post Evacuate Collection Set: 1.78ms
[2026-09-19T01:03:43.382+0000][175.951s][info][gc,phases   ] GC(83)   Other: 0.07ms
[2026-09-19T01:03:43.382+0000][175.951s][info][gc,heap     ] GC(83) Eden regions: 428->0(427)
[2026-09-19T01:03:43.382+0000][175.951s][info][gc,heap     ] GC(83) Survivor regions: 22->24(57)
[2026-09-19T01:03:43.382+0000][175.951s][info][gc,heap     ] GC(83) Old regions: 406->405
[2026-09-19T01:03:43.382+0000][175.951s][info][gc,heap     ] GC(83) Humongous regions: 8->8
[2026-09-19T01:03:43.382+0000][175.951s][info][gc,metaspace] GC(83) Metaspace: 166434K(168128K)->166434K(168128K) NonClass: 139913K(140864K)->139913K(140864K) Class: 26521K(27264K)->26521K(27264K)
[2026-09-19T01:03:43.382+0000][175.951s][info][gc          ] GC(83) Pause Young (Mixed) (G1 Evacuation Pause) 6907M->3489M(7288M) 164.973ms
[2026-09-19T01:03:43.382+0000][175.951s][info][gc,cpu      ] GC(83) User=0.63s Sys=0.03s Real=0.16s
[2026-09-19T01:03:47.694+0000][180.263s][info][gc,start    ] GC(84) Pause Young (Concurrent Start) (G1 Evacuation Pause)
[2026-09-19T01:03:47.694+0000][180.263s][info][gc,task     ] GC(84) Using 4 workers of 4 for evacuation
[2026-09-19T01:03:47.842+0000][180.412s][info][gc,phases   ] GC(84)   Pre Evacuate Collection Set: 0.19ms
[2026-09-19T01:03:47.842+0000][180.412s][info][gc,phases   ] GC(84)   Merge Heap Roots: 6.82ms
[2026-09-19T01:03:47.842+0000][180.412s][info][gc,phases   ] GC(84)   Evacuate Collection Set: 139.30ms
[2026-09-19T01:03:47.842+0000][180.412s][info][gc,phases   ] GC(84)   Post Evacuate Collection Set: 1.77ms
[2026-09-19T01:03:47.842+0000][180.412s][info][gc,phases   ] GC(84)   Other: 0.10ms
[2026-09-19T01:03:47.842+0000][180.412s][info][gc,heap     ] GC(84) Eden regions: 427->0(425)
[2026-09-19T01:03:47.842+0000][180.412s][info][gc,heap     ] GC(84) Survivor regions: 24->26(57)
[2026-09-19T01:03:47.842+0000][180.412s][info][gc,heap     ] GC(84) Old regions: 405->405
[2026-09-19T01:03:47.842+0000][180.412s][info][gc,heap     ] GC(84) Humongous regions: 8->8
[2026-09-19T01:03:47.842+0000][180.412s][info][gc,metaspace] GC(84) Metaspace: 166538K(168192K)->166538K(168192K) NonClass: 140001K(140928K)->140001K(140928K) Class: 26536K(27264K)->26536K(27264K)
[2026-09-19T01:03:47.842+0000][180.412s][info][gc          ] GC(84) Pause Young (Concurrent Start) (G1 Evacuation Pause) 6905M->3505M(7288M) 148.331ms
[2026-09-19T01:03:47.842+0000][180.412s][info][gc,cpu      ] GC(84) User=0.59s Sys=0.00s Real=0.15s
[2026-09-19T01:03:47.842+0000][180.412s][info][gc          ] GC(85) Concurrent Mark Cycle
[2026-09-19T01:03:47.842+0000][180.412s][info][gc,marking  ] GC(85) Concurrent Scan Root Regions
[2026-09-19T01:03:48.036+0000][180.606s][info][gc,marking  ] GC(85) Concurrent Scan Root Regions 193.869ms
[2026-09-19T01:03:48.036+0000][180.606s][info][gc,marking  ] GC(85) Concurrent Mark
[2026-09-19T01:03:48.036+0000][180.606s][info][gc,marking  ] GC(85) Concurrent Mark From Roots
[2026-09-19T01:03:48.036+0000][180.606s][info][gc,task     ] GC(85) Using 1 workers of 1 for marking
[2026-09-19T01:03:52.363+0000][184.932s][info][gc,marking  ] GC(85) Concurrent Mark From Roots 4326.393ms
[2026-09-19T01:03:52.363+0000][184.932s][info][gc,marking  ] GC(85) Concurrent Preclean
[2026-09-19T01:03:52.363+0000][184.933s][info][gc,marking  ] GC(85) Concurrent Preclean 0.524ms
[2026-09-19T01:03:52.367+0000][184.936s][info][gc,start    ] GC(85) Pause Remark
[2026-09-19T01:03:52.376+0000][184.945s][info][gc          ] GC(85) Pause Remark 6505M->6505M(7288M) 8.978ms
[2026-09-19T01:03:52.376+0000][184.945s][info][gc,cpu      ] GC(85) User=0.03s Sys=0.00s Real=0.01s
[2026-09-19T01:03:52.376+0000][184.945s][info][gc,marking  ] GC(85) Concurrent Mark 4339.504ms
[2026-09-19T01:03:52.376+0000][184.945s][info][gc,marking  ] GC(85) Concurrent Rebuild Remembered Sets and Scrub Regions
[2026-09-19T01:03:52.882+0000][185.451s][info][gc,start    ] GC(86) Pause Young (Normal) (G1 Evacuation Pause)
[2026-09-19T01:03:52.882+0000][185.451s][info][gc,task     ] GC(86) Using 4 workers of 4 for evacuation
[2026-09-19T01:03:53.048+0000][185.618s][info][gc,phases   ] GC(86)   Pre Evacuate Collection Set: 0.21ms
[2026-09-19T01:03:53.048+0000][185.618s][info][gc,phases   ] GC(86)   Merge Heap Roots: 6.98ms
[2026-09-19T01:03:53.048+0000][185.618s][info][gc,phases   ] GC(86)   Evacuate Collection Set: 156.85ms
[2026-09-19T01:03:53.048+0000][185.618s][info][gc,phases   ] GC(86)   Post Evacuate Collection Set: 2.42ms
[2026-09-19T01:03:53.048+0000][185.618s][info][gc,phases   ] GC(86)   Other: 0.08ms
[2026-09-19T01:03:53.048+0000][185.618s][info][gc,heap     ] GC(86) Eden regions: 425->0(423)
[2026-09-19T01:03:53.048+0000][185.618s][info][gc,heap     ] GC(86) Survivor regions: 26->28(57)
[2026-09-19T01:03:53.048+0000][185.618s][info][gc,heap     ] GC(86) Old regions: 405->405
[2026-09-19T01:03:53.048+0000][185.618s][info][gc,heap     ] GC(86) Humongous regions: 8->8
[2026-09-19T01:03:53.048+0000][185.618s][info][gc,metaspace] GC(86) Metaspace: 166670K(168384K)->166670K(168384K) NonClass: 140120K(141056K)->140120K(141056K) Class: 26550K(27328K)->26550K(27328K)
[2026-09-19T01:03:53.048+0000][185.618s][info][gc          ] GC(86) Pause Young (Normal) (G1 Evacuation Pause) 6905M->3517M(7288M) 166.696ms
[2026-09-19T01:03:53.049+0000][185.618s][info][gc,cpu      ] GC(86) User=0.66s Sys=0.01s Real=0.17s
[2026-09-19T01:03:55.757+0000][188.326s][info][gc,marking  ] GC(85) Concurrent Rebuild Remembered Sets and Scrub Regions 3380.713ms
[2026-09-19T01:03:55.757+0000][188.326s][info][gc,start    ] GC(85) Pause Cleanup
[2026-09-19T01:03:55.757+0000][188.326s][info][gc          ] GC(85) Pause Cleanup 5357M->5357M(7288M) 0.230ms
[2026-09-19T01:03:55.757+0000][188.326s][info][gc,cpu      ] GC(85) User=0.00s Sys=0.00s Real=0.00s
[2026-09-19T01:03:55.758+0000][188.327s][info][gc,marking  ] GC(85) Concurrent Clear Claimed Marks
[2026-09-19T01:03:55.758+0000][188.327s][info][gc,marking  ] GC(85) Concurrent Clear Claimed Marks 0.201ms
[2026-09-19T01:03:55.758+0000][188.327s][info][gc,marking  ] GC(85) Concurrent Cleanup for Next Mark
[2026-09-19T01:03:55.764+0000][188.333s][info][gc,marking  ] GC(85) Concurrent Cleanup for Next Mark 5.857ms
[2026-09-19T01:03:55.764+0000][188.333s][info][gc          ] GC(85) Concurrent Mark Cycle 7921.570ms
[2026-09-19T01:03:57.711+0000][190.280s][info][gc,start    ] GC(87) Pause Young (Prepare Mixed) (G1 Evacuation Pause)
[2026-09-19T01:03:57.711+0000][190.280s][info][gc,task     ] GC(87) Using 4 workers of 4 for evacuation
[2026-09-19T01:03:57.873+0000][190.442s][info][gc,phases   ] GC(87)   Pre Evacuate Collection Set: 0.18ms
[2026-09-19T01:03:57.873+0000][190.442s][info][gc,phases   ] GC(87)   Merge Heap Roots: 6.73ms
[2026-09-19T01:03:57.873+0000][190.442s][info][gc,phases   ] GC(87)   Evacuate Collection Set: 153.17ms
[2026-09-19T01:03:57.873+0000][190.442s][info][gc,phases   ] GC(87)   Post Evacuate Collection Set: 1.81ms
[2026-09-19T01:03:57.873+0000][190.442s][info][gc,phases   ] GC(87)   Other: 0.08ms
[2026-09-19T01:03:57.873+0000][190.442s][info][gc,heap     ] GC(87) Eden regions: 423->0(61)
[2026-09-19T01:03:57.873+0000][190.442s][info][gc,heap     ] GC(87) Survivor regions: 28->29(57)
[2026-09-19T01:03:57.873+0000][190.442s][info][gc,heap     ] GC(87) Old regions: 405->405
[2026-09-19T01:03:57.873+0000][190.442s][info][gc,heap     ] GC(87) Humongous regions: 8->8
[2026-09-19T01:03:57.873+0000][190.442s][info][gc,metaspace] GC(87) Metaspace: 166705K(168448K)->166705K(168448K) NonClass: 140155K(141120K)->140155K(141120K) Class: 26550K(27328K)->26550K(27328K)
[2026-09-19T01:03:57.873+0000][190.442s][info][gc          ] GC(87) Pause Young (Prepare Mixed) (G1 Evacuation Pause) 6901M->3529M(7288M) 162.130ms
[2026-09-19T01:03:57.873+0000][190.442s][info][gc,cpu      ] GC(87) User=0.62s Sys=0.03s Real=0.16s
[2026-09-19T01:04:01.343+0000][193.912s][info][gc,start    ] GC(88) Pause Young (Mixed) (G1 Evacuation Pause)
[2026-09-19T01:04:01.343+0000][193.912s][info][gc,task     ] GC(88) Using 4 workers of 4 for evacuation
[2026-09-19T01:04:01.506+0000][194.075s][info][gc,phases   ] GC(88)   Pre Evacuate Collection Set: 0.15ms
[2026-09-19T01:04:01.506+0000][194.075s][info][gc,phases   ] GC(88)   Merge Heap Roots: 6.34ms
[2026-09-19T01:04:01.506+0000][194.075s][info][gc,phases   ] GC(88)   Evacuate Collection Set: 154.53ms
[2026-09-19T01:04:01.506+0000][194.075s][info][gc,phases   ] GC(88)   Post Evacuate Collection Set: 1.72ms
[2026-09-19T01:04:01.506+0000][194.075s][info][gc,phases   ] GC(88)   Other: 0.07ms
[2026-09-19T01:04:01.506+0000][194.075s][info][gc,heap     ] GC(88) Eden regions: 365->0(336)
[2026-09-19T01:04:01.506+0000][194.075s][info][gc,heap     ] GC(88) Survivor regions: 29->27(50)
[2026-09-19T01:04:01.506+0000][194.075s][info][gc,heap     ] GC(88) Old regions: 405->408
[2026-09-19T01:04:01.506+0000][194.075s][info][gc,heap     ] GC(88) Humongous regions: 8->8
[2026-09-19T01:04:01.506+0000][194.075s][info][gc,metaspace] GC(88) Metaspace: 166746K(168448K)->166746K(168448K) NonClass: 140185K(141120K)->140185K(141120K) Class: 26560K(27328K)->26560K(27328K)
[2026-09-19T01:04:01.506+0000][194.075s][info][gc          ] GC(88) Pause Young (Mixed) (G1 Evacuation Pause) 6449M->3537M(7288M) 162.947ms
[2026-09-19T01:04:01.506+0000][194.075s][info][gc,cpu      ] GC(88) User=0.65s Sys=0.00s Real=0.17s
[2026-09-19T01:04:05.494+0000][198.063s][info][gc,start    ] GC(89) Pause Young (Mixed) (G1 Evacuation Pause)
[2026-09-19T01:04:05.494+0000][198.063s][info][gc,task     ] GC(89) Using 4 workers of 4 for evacuation
[2026-09-19T01:04:05.665+0000][198.234s][info][gc,phases   ] GC(89)   Pre Evacuate Collection Set: 0.18ms
[2026-09-19T01:04:05.665+0000][198.234s][info][gc,phases   ] GC(89)   Merge Heap Roots: 7.06ms
[2026-09-19T01:04:05.665+0000][198.234s][info][gc,phases   ] GC(89)   Evacuate Collection Set: 161.52ms
[2026-09-19T01:04:05.665+0000][198.234s][info][gc,phases   ] GC(89)   Post Evacuate Collection Set: 2.38ms
[2026-09-19T01:04:05.665+0000][198.234s][info][gc,phases   ] GC(89)   Other: 0.06ms
[2026-09-19T01:04:05.665+0000][198.234s][info][gc,heap     ] GC(89) Eden regions: 421->0(421)
[2026-09-19T01:04:05.665+0000][198.234s][info][gc,heap     ] GC(89) Survivor regions: 27->29(56)
[2026-09-19T01:04:05.665+0000][198.234s][info][gc,heap     ] GC(89) Old regions: 408->406
[2026-09-19T01:04:05.665+0000][198.234s][info][gc,heap     ] GC(89) Humongous regions: 8->8
[2026-09-19T01:04:05.665+0000][198.235s][info][gc,metaspace] GC(89) Metaspace: 166753K(168512K)->166753K(168512K) NonClass: 140192K(141184K)->140192K(141184K) Class: 26560K(27328K)->26560K(27328K)
[2026-09-19T01:04:05.665+0000][198.235s][info][gc          ] GC(89) Pause Young (Mixed) (G1 Evacuation Pause) 6905M->3544M(7288M) 171.383ms
[2026-09-19T01:04:05.665+0000][198.235s][info][gc,cpu      ] GC(89) User=0.68s Sys=0.00s Real=0.18s
[2026-09-19T01:04:09.851+0000][202.420s][info][gc,start    ] GC(90) Pause Young (Concurrent Start) (G1 Evacuation Pause)
[2026-09-19T01:04:09.851+0000][202.420s][info][gc,task     ] GC(90) Using 4 workers of 4 for evacuation
[2026-09-19T01:04:10.022+0000][202.591s][info][gc,phases   ] GC(90)   Pre Evacuate Collection Set: 0.23ms
[2026-09-19T01:04:10.022+0000][202.591s][info][gc,phases   ] GC(90)   Merge Heap Roots: 8.75ms
[2026-09-19T01:04:10.022+0000][202.591s][info][gc,phases   ] GC(90)   Evacuate Collection Set: 159.85ms
[2026-09-19T01:04:10.022+0000][202.591s][info][gc,phases   ] GC(90)   Post Evacuate Collection Set: 2.13ms
[2026-09-19T01:04:10.022+0000][202.591s][info][gc,phases   ] GC(90)   Other: 0.13ms
[2026-09-19T01:04:10.022+0000][202.591s][info][gc,heap     ] GC(90) Eden regions: 421->0(420)
[2026-09-19T01:04:10.022+0000][202.591s][info][gc,heap     ] GC(90) Survivor regions: 29->30(57)
[2026-09-19T01:04:10.022+0000][202.591s][info][gc,heap     ] GC(90) Old regions: 406->406
[2026-09-19T01:04:10.022+0000][202.591s][info][gc,heap     ] GC(90) Humongous regions: 8->8
[2026-09-19T01:04:10.022+0000][202.591s][info][gc,metaspace] GC(90) Metaspace: 166778K(168512K)->166778K(168512K) NonClass: 140218K(141184K)->140218K(141184K) Class: 26560K(27328K)->26560K(27328K)
[2026-09-19T01:04:10.022+0000][202.591s][info][gc          ] GC(90) Pause Young (Concurrent Start) (G1 Evacuation Pause) 6912M->3552M(7288M) 171.263ms
[2026-09-19T01:04:10.022+0000][202.591s][info][gc,cpu      ] GC(90) User=0.63s Sys=0.01s Real=0.17s
[2026-09-19T01:04:10.022+0000][202.591s][info][gc          ] GC(91) Concurrent Mark Cycle
[2026-09-19T01:04:10.022+0000][202.591s][info][gc,marking  ] GC(91) Concurrent Scan Root Regions
[2026-09-19T01:04:10.200+0000][202.769s][info][gc,marking  ] GC(91) Concurrent Scan Root Regions 177.572ms
[2026-09-19T01:04:10.200+0000][202.769s][info][gc,marking  ] GC(91) Concurrent Mark
[2026-09-19T01:04:10.200+0000][202.769s][info][gc,marking  ] GC(91) Concurrent Mark From Roots
[2026-09-19T01:04:10.200+0000][202.769s][info][gc,task     ] GC(91) Using 1 workers of 1 for marking
[2026-09-19T01:04:14.011+0000][206.580s][info][gc,marking  ] GC(91) Concurrent Mark From Roots 3811.109ms
[2026-09-19T01:04:14.011+0000][206.580s][info][gc,marking  ] GC(91) Concurrent Preclean
[2026-09-19T01:04:14.011+0000][206.581s][info][gc,marking  ] GC(91) Concurrent Preclean 0.494ms
[2026-09-19T01:04:14.011+0000][206.581s][info][gc,start    ] GC(91) Pause Remark
[2026-09-19T01:04:14.022+0000][206.591s][info][gc          ] GC(91) Pause Remark 5932M->5932M(7288M) 10.084ms
[2026-09-19T01:04:14.022+0000][206.591s][info][gc,cpu      ] GC(91) User=0.03s Sys=0.00s Real=0.01s
[2026-09-19T01:04:14.022+0000][206.591s][info][gc,marking  ] GC(91) Concurrent Mark 3822.078ms
[2026-09-19T01:04:14.022+0000][206.591s][info][gc,marking  ] GC(91) Concurrent Rebuild Remembered Sets and Scrub Regions
[2026-09-19T01:04:15.363+0000][207.932s][info][gc,start    ] GC(92) Pause Young (Normal) (G1 Evacuation Pause)
[2026-09-19T01:04:15.363+0000][207.932s][info][gc,task     ] GC(92) Using 4 workers of 4 for evacuation
[2026-09-19T01:04:15.541+0000][208.110s][info][gc,phases   ] GC(92)   Pre Evacuate Collection Set: 0.24ms
[2026-09-19T01:04:15.541+0000][208.110s][info][gc,phases   ] GC(92)   Merge Heap Roots: 6.84ms
[2026-09-19T01:04:15.541+0000][208.110s][info][gc,phases   ] GC(92)   Evacuate Collection Set: 168.29ms
[2026-09-19T01:04:15.541+0000][208.110s][info][gc,phases   ] GC(92)   Post Evacuate Collection Set: 2.46ms
[2026-09-19T01:04:15.541+0000][208.110s][info][gc,phases   ] GC(92)   Other: 0.06ms
[2026-09-19T01:04:15.541+0000][208.110s][info][gc,heap     ] GC(92) Eden regions: 399->0(417)
[2026-09-19T01:04:15.541+0000][208.110s][info][gc,heap     ] GC(92) Survivor regions: 30->30(54)
[2026-09-19T01:04:15.541+0000][208.110s][info][gc,heap     ] GC(92) Old regions: 406->409
[2026-09-19T01:04:15.541+0000][208.110s][info][gc,heap     ] GC(92) Humongous regions: 8->8
[2026-09-19T01:04:15.541+0000][208.110s][info][gc,metaspace] GC(92) Metaspace: 166864K(168640K)->166864K(168640K) NonClass: 140289K(141248K)->140289K(141248K) Class: 26574K(27392K)->26574K(27392K)
[2026-09-19T01:04:15.541+0000][208.110s][info][gc          ] GC(92) Pause Young (Normal) (G1 Evacuation Pause) 6744M->3570M(7288M) 178.040ms
[2026-09-19T01:04:15.541+0000][208.110s][info][gc,cpu      ] GC(92) User=0.71s Sys=0.00s Real=0.18s
[2026-09-19T01:04:17.075+0000][209.644s][info][gc,marking  ] GC(91) Concurrent Rebuild Remembered Sets and Scrub Regions 3053.282ms
[2026-09-19T01:04:17.076+0000][209.645s][info][gc,start    ] GC(91) Pause Cleanup
[2026-09-19T01:04:17.076+0000][209.645s][info][gc          ] GC(91) Pause Cleanup 4506M->4506M(7288M) 0.239ms
[2026-09-19T01:04:17.076+0000][209.645s][info][gc,cpu      ] GC(91) User=0.00s Sys=0.00s Real=0.00s
[2026-09-19T01:04:17.079+0000][209.648s][info][gc,marking  ] GC(91) Concurrent Clear Claimed Marks
[2026-09-19T01:04:17.079+0000][209.648s][info][gc,marking  ] GC(91) Concurrent Clear Claimed Marks 0.212ms
[2026-09-19T01:04:17.079+0000][209.648s][info][gc,marking  ] GC(91) Concurrent Cleanup for Next Mark
[2026-09-19T01:04:17.090+0000][209.660s][info][gc,marking  ] GC(91) Concurrent Cleanup for Next Mark 11.594ms
[2026-09-19T01:04:17.090+0000][209.660s][info][gc          ] GC(91) Concurrent Mark Cycle 7068.477ms
[2026-09-19T01:04:20.143+0000][212.712s][info][gc,start    ] GC(93) Pause Young (Prepare Mixed) (G1 Evacuation Pause)
[2026-09-19T01:04:20.143+0000][212.712s][info][gc,task     ] GC(93) Using 4 workers of 4 for evacuation
[2026-09-19T01:04:20.308+0000][212.877s][info][gc,phases   ] GC(93)   Pre Evacuate Collection Set: 0.23ms
[2026-09-19T01:04:20.308+0000][212.878s][info][gc,phases   ] GC(93)   Merge Heap Roots: 6.91ms
[2026-09-19T01:04:20.308+0000][212.878s][info][gc,phases   ] GC(93)   Evacuate Collection Set: 156.36ms
[2026-09-19T01:04:20.308+0000][212.878s][info][gc,phases   ] GC(93)   Post Evacuate Collection Set: 1.81ms
[2026-09-19T01:04:20.308+0000][212.878s][info][gc,phases   ] GC(93)   Other: 0.08ms
[2026-09-19T01:04:20.308+0000][212.878s][info][gc,heap     ] GC(93) Eden regions: 417->0(273)
[2026-09-19T01:04:20.308+0000][212.878s][info][gc,heap     ] GC(93) Survivor regions: 30->29(56)
[2026-09-19T01:04:20.308+0000][212.878s][info][gc,heap     ] GC(93) Old regions: 409->411
[2026-09-19T01:04:20.308+0000][212.878s][info][gc,heap     ] GC(93) Humongous regions: 8->8
[2026-09-19T01:04:20.308+0000][212.878s][info][gc,metaspace] GC(93) Metaspace: 166884K(168640K)->166884K(168640K) NonClass: 140308K(141248K)->140308K(141248K) Class: 26575K(27392K)->26575K(27392K)
[2026-09-19T01:04:20.308+0000][212.878s][info][gc          ] GC(93) Pause Young (Prepare Mixed) (G1 Evacuation Pause) 6906M->3583M(7288M) 165.541ms
[2026-09-19T01:04:20.308+0000][212.878s][info][gc,cpu      ] GC(93) User=0.63s Sys=0.02s Real=0.17s
[2026-09-19T01:04:24.367+0000][216.937s][info][gc,start    ] GC(94) Pause Young (Mixed) (G1 Evacuation Pause)
[2026-09-19T01:04:24.367+0000][216.937s][info][gc,task     ] GC(94) Using 4 workers of 4 for evacuation
[2026-09-19T01:04:24.542+0000][217.111s][info][gc,phases   ] GC(94)   Pre Evacuate Collection Set: 0.16ms
[2026-09-19T01:04:24.542+0000][217.111s][info][gc,phases   ] GC(94)   Merge Heap Roots: 9.07ms
[2026-09-19T01:04:24.542+0000][217.111s][info][gc,phases   ] GC(94)   Evacuate Collection Set: 163.11ms
[2026-09-19T01:04:24.542+0000][217.111s][info][gc,phases   ] GC(94)   Post Evacuate Collection Set: 1.99ms
[2026-09-19T01:04:24.542+0000][217.111s][info][gc,phases   ] GC(94)   Other: 0.11ms
[2026-09-19T01:04:24.542+0000][217.111s][info][gc,heap     ] GC(94) Eden regions: 416->0(416)
[2026-09-19T01:04:24.542+0000][217.111s][info][gc,heap     ] GC(94) Survivor regions: 29->29(56)
[2026-09-19T01:04:24.542+0000][217.111s][info][gc,heap     ] GC(94) Old regions: 411->411
[2026-09-19T01:04:24.542+0000][217.111s][info][gc,heap     ] GC(94) Humongous regions: 8->8
[2026-09-19T01:04:24.542+0000][217.111s][info][gc,metaspace] GC(94) Metaspace: 166915K(168768K)->166915K(168768K) NonClass: 140339K(141376K)->140339K(141376K) Class: 26576K(27392K)->26576K(27392K)
[2026-09-19T01:04:24.542+0000][217.111s][info][gc          ] GC(94) Pause Young (Mixed) (G1 Evacuation Pause) 6911M->3582M(7288M) 174.617ms
[2026-09-19T01:04:24.542+0000][217.111s][info][gc,cpu      ] GC(94) User=0.68s Sys=0.01s Real=0.17s
[2026-09-19T01:04:28.533+0000][221.102s][info][gc,start    ] GC(95) Pause Young (Concurrent Start) (G1 Evacuation Pause)
[2026-09-19T01:04:28.533+0000][221.102s][info][gc,task     ] GC(95) Using 4 workers of 4 for evacuation
[2026-09-19T01:04:28.694+0000][221.263s][info][gc,phases   ] GC(95)   Pre Evacuate Collection Set: 0.21ms
[2026-09-19T01:04:28.694+0000][221.263s][info][gc,phases   ] GC(95)   Merge Heap Roots: 6.66ms
[2026-09-19T01:04:28.694+0000][221.263s][info][gc,phases   ] GC(95)   Evacuate Collection Set: 152.23ms
[2026-09-19T01:04:28.694+0000][221.263s][info][gc,phases   ] GC(95)   Post Evacuate Collection Set: 1.88ms
[2026-09-19T01:04:28.694+0000][221.263s][info][gc,phases   ] GC(95)   Other: 0.10ms
[2026-09-19T01:04:28.694+0000][221.263s][info][gc,heap     ] GC(95) Eden regions: 416->0(414)
[2026-09-19T01:04:28.694+0000][221.263s][info][gc,heap     ] GC(95) Survivor regions: 29->29(56)
[2026-09-19T01:04:28.694+0000][221.263s][info][gc,heap     ] GC(95) Old regions: 411->413
[2026-09-19T01:04:28.694+0000][221.263s][info][gc,heap     ] GC(95) Humongous regions: 8->8
[2026-09-19T01:04:28.694+0000][221.263s][info][gc,metaspace] GC(95) Metaspace: 166923K(168768K)->166923K(168768K) NonClass: 140345K(141376K)->140345K(141376K) Class: 26577K(27392K)->26577K(27392K)
[2026-09-19T01:04:28.694+0000][221.263s][info][gc          ] GC(95) Pause Young (Concurrent Start) (G1 Evacuation Pause) 6910M->3600M(7288M) 161.255ms
[2026-09-19T01:04:28.694+0000][221.263s][info][gc,cpu      ] GC(95) User=0.64s Sys=0.00s Real=0.16s
[2026-09-19T01:04:28.694+0000][221.263s][info][gc          ] GC(96) Concurrent Mark Cycle
[2026-09-19T01:04:28.694+0000][221.263s][info][gc,marking  ] GC(96) Concurrent Scan Root Regions
[2026-09-19T01:04:28.842+0000][221.412s][info][gc,marking  ] GC(96) Concurrent Scan Root Regions 148.481ms
[2026-09-19T01:04:28.842+0000][221.412s][info][gc,marking  ] GC(96) Concurrent Mark
[2026-09-19T01:04:28.842+0000][221.412s][info][gc,marking  ] GC(96) Concurrent Mark From Roots
[2026-09-19T01:04:28.842+0000][221.412s][info][gc,task     ] GC(96) Using 1 workers of 1 for marking
[2026-09-19T01:04:32.949+0000][225.518s][info][gc,marking  ] GC(96) Concurrent Mark From Roots 4106.547ms
[2026-09-19T01:04:32.949+0000][225.518s][info][gc,marking  ] GC(96) Concurrent Preclean
[2026-09-19T01:04:32.950+0000][225.519s][info][gc,marking  ] GC(96) Concurrent Preclean 0.655ms
[2026-09-19T01:04:32.950+0000][225.519s][info][gc,start    ] GC(96) Pause Remark
[2026-09-19T01:04:32.959+0000][225.528s][info][gc          ] GC(96) Pause Remark 6244M->6244M(7288M) 9.162ms
[2026-09-19T01:04:32.959+0000][225.528s][info][gc,cpu      ] GC(96) User=0.03s Sys=0.00s Real=0.01s
[2026-09-19T01:04:32.959+0000][225.529s][info][gc,marking  ] GC(96) Concurrent Mark 4116.698ms
[2026-09-19T01:04:32.959+0000][225.529s][info][gc,marking  ] GC(96) Concurrent Rebuild Remembered Sets and Scrub Regions
[2026-09-19T01:04:34.109+0000][226.678s][info][gc,start    ] GC(97) Pause Young (Normal) (G1 Evacuation Pause)
[2026-09-19T01:04:34.109+0000][226.678s][info][gc,task     ] GC(97) Using 4 workers of 4 for evacuation
[2026-09-19T01:04:34.281+0000][226.851s][info][gc,phases   ] GC(97)   Pre Evacuate Collection Set: 0.19ms
[2026-09-19T01:04:34.281+0000][226.851s][info][gc,phases   ] GC(97)   Merge Heap Roots: 6.97ms
[2026-09-19T01:04:34.281+0000][226.851s][info][gc,phases   ] GC(97)   Evacuate Collection Set: 161.56ms
[2026-09-19T01:04:34.281+0000][226.851s][info][gc,phases   ] GC(97)   Post Evacuate Collection Set: 3.34ms
[2026-09-19T01:04:34.281+0000][226.851s][info][gc,phases   ] GC(97)   Other: 0.09ms
[2026-09-19T01:04:34.281+0000][226.851s][info][gc,heap     ] GC(97) Eden regions: 414->0(412)
[2026-09-19T01:04:34.281+0000][226.851s][info][gc,heap     ] GC(97) Survivor regions: 29->31(56)
[2026-09-19T01:04:34.281+0000][226.851s][info][gc,heap     ] GC(97) Old regions: 413->413
[2026-09-19T01:04:34.281+0000][226.851s][info][gc,heap     ] GC(97) Humongous regions: 8->8
[2026-09-19T01:04:34.281+0000][226.851s][info][gc,metaspace] GC(97) Metaspace: 166934K(168768K)->166934K(168768K) NonClass: 140356K(141376K)->140356K(141376K) Class: 26578K(27392K)->26578K(27392K)
[2026-09-19T01:04:34.281+0000][226.851s][info][gc          ] GC(97) Pause Young (Normal) (G1 Evacuation Pause) 6912M->3612M(7288M) 172.315ms
[2026-09-19T01:04:34.281+0000][226.851s][info][gc,cpu      ] GC(97) User=0.68s Sys=0.00s Real=0.17s
[2026-09-19T01:04:36.180+0000][228.750s][info][gc,marking  ] GC(96) Concurrent Rebuild Remembered Sets and Scrub Regions 3221.006ms
[2026-09-19T01:04:36.180+0000][228.750s][info][gc,start    ] GC(96) Pause Cleanup
[2026-09-19T01:04:36.181+0000][228.750s][info][gc          ] GC(96) Pause Cleanup 4808M->4808M(7288M) 0.242ms
[2026-09-19T01:04:36.181+0000][228.750s][info][gc,cpu      ] GC(96) User=0.00s Sys=0.00s Real=0.00s
[2026-09-19T01:04:36.181+0000][228.750s][info][gc,marking  ] GC(96) Concurrent Clear Claimed Marks
[2026-09-19T01:04:36.181+0000][228.750s][info][gc,marking  ] GC(96) Concurrent Clear Claimed Marks 0.199ms
[2026-09-19T01:04:36.181+0000][228.750s][info][gc,marking  ] GC(96) Concurrent Cleanup for Next Mark
[2026-09-19T01:04:36.187+0000][228.756s][info][gc,marking  ] GC(96) Concurrent Cleanup for Next Mark 6.016ms
[2026-09-19T01:04:36.187+0000][228.756s][info][gc          ] GC(96) Concurrent Mark Cycle 7493.195ms
[2026-09-19T01:04:38.967+0000][231.536s][info][gc,start    ] GC(98) Pause Young (Prepare Mixed) (G1 Evacuation Pause)
[2026-09-19T01:04:38.967+0000][231.536s][info][gc,task     ] GC(98) Using 4 workers of 4 for evacuation
[2026-09-19T01:04:39.128+0000][231.698s][info][gc,phases   ] GC(98)   Pre Evacuate Collection Set: 0.18ms
[2026-09-19T01:04:39.129+0000][231.698s][info][gc,phases   ] GC(98)   Merge Heap Roots: 6.94ms
[2026-09-19T01:04:39.129+0000][231.698s][info][gc,phases   ] GC(98)   Evacuate Collection Set: 152.67ms
[2026-09-19T01:04:39.129+0000][231.698s][info][gc,phases   ] GC(98)   Post Evacuate Collection Set: 1.82ms
[2026-09-19T01:04:39.129+0000][231.698s][info][gc,phases   ] GC(98)   Other: 0.06ms
[2026-09-19T01:04:39.129+0000][231.698s][info][gc,heap     ] GC(98) Eden regions: 412->0(244)
[2026-09-19T01:04:39.129+0000][231.698s][info][gc,heap     ] GC(98) Survivor regions: 31->31(56)
[2026-09-19T01:04:39.129+0000][231.698s][info][gc,heap     ] GC(98) Old regions: 413->415
[2026-09-19T01:04:39.129+0000][231.698s][info][gc,heap     ] GC(98) Humongous regions: 8->8
[2026-09-19T01:04:39.129+0000][231.698s][info][gc,metaspace] GC(98) Metaspace: 166962K(168768K)->166962K(168768K) NonClass: 140384K(141376K)->140384K(141376K) Class: 26578K(27392K)->26578K(27392K)
[2026-09-19T01:04:39.129+0000][231.698s][info][gc          ] GC(98) Pause Young (Prepare Mixed) (G1 Evacuation Pause) 6908M->3624M(7288M) 161.845ms
[2026-09-19T01:04:39.129+0000][231.698s][info][gc,cpu      ] GC(98) User=0.65s Sys=0.00s Real=0.16s
[2026-09-19T01:04:43.122+0000][235.691s][info][gc,start    ] GC(99) Pause Young (Mixed) (G1 Evacuation Pause)
[2026-09-19T01:04:43.122+0000][235.691s][info][gc,task     ] GC(99) Using 4 workers of 4 for evacuation
[2026-09-19T01:04:43.305+0000][235.875s][info][gc,phases   ] GC(99)   Pre Evacuate Collection Set: 0.20ms
[2026-09-19T01:04:43.305+0000][235.875s][info][gc,phases   ] GC(99)   Merge Heap Roots: 6.84ms
[2026-09-19T01:04:43.305+0000][235.875s][info][gc,phases   ] GC(99)   Evacuate Collection Set: 167.10ms
[2026-09-19T01:04:43.305+0000][235.875s][info][gc,phases   ] GC(99)   Merge Optional Heap Roots: 0.19ms
[2026-09-19T01:04:43.305+0000][235.875s][info][gc,phases   ] GC(99)   Evacuate Optional Collection Set: 6.81ms
[2026-09-19T01:04:43.305+0000][235.875s][info][gc,phases   ] GC(99)   Post Evacuate Collection Set: 2.21ms
[2026-09-19T01:04:43.305+0000][235.875s][info][gc,phases   ] GC(99)   Other: 0.05ms
[2026-09-19T01:04:43.305+0000][235.875s][info][gc,heap     ] GC(99) Eden regions: 410->0(412)
[2026-09-19T01:04:43.305+0000][235.875s][info][gc,heap     ] GC(99) Survivor regions: 31->30(56)
[2026-09-19T01:04:43.305+0000][235.875s][info][gc,heap     ] GC(99) Old regions: 415->414
[2026-09-19T01:04:43.305+0000][235.875s][info][gc,heap     ] GC(99) Humongous regions: 8->8
[2026-09-19T01:04:43.305+0000][235.875s][info][gc,metaspace] GC(99) Metaspace: 167021K(168832K)->167021K(168832K) NonClass: 140440K(141440K)->140440K(141440K) Class: 26580K(27392K)->26580K(27392K)
[2026-09-19T01:04:43.306+0000][235.875s][info][gc          ] GC(99) Pause Young (Mixed) (G1 Evacuation Pause) 6904M->3615M(7288M) 183.604ms
[2026-09-19T01:04:43.306+0000][235.875s][info][gc,cpu      ] GC(99) User=0.73s Sys=0.00s Real=0.19s
[2026-09-19T01:04:47.513+0000][240.083s][info][gc,start    ] GC(100) Pause Young (Concurrent Start) (G1 Evacuation Pause)
[2026-09-19T01:04:47.513+0000][240.083s][info][gc,task     ] GC(100) Using 4 workers of 4 for evacuation
[2026-09-19T01:04:47.680+0000][240.249s][info][gc,phases   ] GC(100)   Pre Evacuate Collection Set: 0.23ms
[2026-09-19T01:04:47.680+0000][240.249s][info][gc,phases   ] GC(100)   Merge Heap Roots: 6.87ms
[2026-09-19T01:04:47.680+0000][240.249s][info][gc,phases   ] GC(100)   Evacuate Collection Set: 157.57ms
[2026-09-19T01:04:47.680+0000][240.249s][info][gc,phases   ] GC(100)   Post Evacuate Collection Set: 1.86ms
[2026-09-19T01:04:47.680+0000][240.250s][info][gc,phases   ] GC(100)   Other: 0.10ms
[2026-09-19T01:04:47.680+0000][240.250s][info][gc,heap     ] GC(100) Eden regions: 412->0(408)
[2026-09-19T01:04:47.680+0000][240.250s][info][gc,heap     ] GC(100) Survivor regions: 30->30(56)
[2026-09-19T01:04:47.680+0000][240.250s][info][gc,heap     ] GC(100) Old regions: 414->418
[2026-09-19T01:04:47.680+0000][240.250s][info][gc,heap     ] GC(100) Humongous regions: 8->8
[2026-09-19T01:04:47.680+0000][240.250s][info][gc,metaspace] GC(100) Metaspace: 167094K(168896K)->167094K(168896K) NonClass: 140507K(141504K)->140507K(141504K) Class: 26586K(27392K)->26586K(27392K)
[2026-09-19T01:04:47.680+0000][240.250s][info][gc          ] GC(100) Pause Young (Concurrent Start) (G1 Evacuation Pause) 6911M->3642M(7288M) 166.787ms
[2026-09-19T01:04:47.680+0000][240.250s][info][gc,cpu      ] GC(100) User=0.67s Sys=0.00s Real=0.17s
[2026-09-19T01:04:47.680+0000][240.250s][info][gc          ] GC(101) Concurrent Mark Cycle
[2026-09-19T01:04:47.680+0000][240.250s][info][gc,marking  ] GC(101) Concurrent Scan Root Regions
[2026-09-19T01:04:47.826+0000][240.396s][info][gc,marking  ] GC(101) Concurrent Scan Root Regions 146.180ms
[2026-09-19T01:04:47.826+0000][240.396s][info][gc,marking  ] GC(101) Concurrent Mark
[2026-09-19T01:04:47.826+0000][240.396s][info][gc,marking  ] GC(101) Concurrent Mark From Roots
[2026-09-19T01:04:47.826+0000][240.396s][info][gc,task     ] GC(101) Using 1 workers of 1 for marking
[2026-09-19T01:04:52.195+0000][244.765s][info][gc,marking  ] GC(101) Concurrent Mark From Roots 4368.665ms
[2026-09-19T01:04:52.195+0000][244.765s][info][gc,marking  ] GC(101) Concurrent Preclean
[2026-09-19T01:04:52.196+0000][244.765s][info][gc,marking  ] GC(101) Concurrent Preclean 0.670ms
[2026-09-19T01:04:52.196+0000][244.765s][info][gc,start    ] GC(101) Pause Remark
[2026-09-19T01:04:52.205+0000][244.774s][info][gc          ] GC(101) Pause Remark 6438M->6438M(7288M) 8.764ms
[2026-09-19T01:04:52.205+0000][244.774s][info][gc,cpu      ] GC(101) User=0.03s Sys=0.00s Real=0.01s
[2026-09-19T01:04:52.205+0000][244.774s][info][gc,marking  ] GC(101) Concurrent Mark 4378.456ms
[2026-09-19T01:04:52.205+0000][244.774s][info][gc,marking  ] GC(101) Concurrent Rebuild Remembered Sets and Scrub Regions
[2026-09-19T01:04:52.986+0000][245.555s][info][gc,start    ] GC(102) Pause Young (Normal) (G1 Evacuation Pause)
[2026-09-19T01:04:52.986+0000][245.556s][info][gc,task     ] GC(102) Using 4 workers of 4 for evacuation
[2026-09-19T01:04:53.172+0000][245.741s][info][gc,phases   ] GC(102)   Pre Evacuate Collection Set: 0.16ms
[2026-09-19T01:04:53.172+0000][245.741s][info][gc,phases   ] GC(102)   Merge Heap Roots: 7.02ms
[2026-09-19T01:04:53.172+0000][245.741s][info][gc,phases   ] GC(102)   Evacuate Collection Set: 175.80ms
[2026-09-19T01:04:53.172+0000][245.741s][info][gc,phases   ] GC(102)   Post Evacuate Collection Set: 2.53ms
[2026-09-19T01:04:53.172+0000][245.741s][info][gc,phases   ] GC(102)   Other: 0.06ms
[2026-09-19T01:04:53.172+0000][245.741s][info][gc,heap     ] GC(102) Eden regions: 408->0(406)
[2026-09-19T01:04:53.172+0000][245.741s][info][gc,heap     ] GC(102) Survivor regions: 30->30(55)
[2026-09-19T01:04:53.172+0000][245.741s][info][gc,heap     ] GC(102) Old regions: 418->420
[2026-09-19T01:04:53.172+0000][245.741s][info][gc,heap     ] GC(102) Humongous regions: 8->8
[2026-09-19T01:04:53.172+0000][245.741s][info][gc,metaspace] GC(102) Metaspace: 167104K(168896K)->167104K(168896K) NonClass: 140516K(141504K)->140516K(141504K) Class: 26587K(27392K)->26587K(27392K)
[2026-09-19T01:04:53.172+0000][245.741s][info][gc          ] GC(102) Pause Young (Normal) (G1 Evacuation Pause) 6906M->3653M(7288M) 185.719ms
[2026-09-19T01:04:53.172+0000][245.741s][info][gc,cpu      ] GC(102) User=0.70s Sys=0.03s Real=0.18s
[2026-09-19T01:04:53.368+0000][245.937s][info][gc,start    ] GC(103) Pause Young (Normal) (G1 Evacuation Pause)
[2026-09-19T01:04:53.368+0000][245.937s][info][gc,task     ] GC(103) Using 4 workers of 4 for evacuation
[2026-09-19T01:04:53.535+0000][246.105s][info][gc,phases   ] GC(103)   Pre Evacuate Collection Set: 0.16ms
[2026-09-19T01:04:53.535+0000][246.105s][info][gc,phases   ] GC(103)   Merge Heap Roots: 4.71ms
[2026-09-19T01:04:53.535+0000][246.105s][info][gc,phases   ] GC(103)   Evacuate Collection Set: 160.58ms
[2026-09-19T01:04:53.535+0000][246.105s][info][gc,phases   ] GC(103)   Post Evacuate Collection Set: 1.87ms
[2026-09-19T01:04:53.535+0000][246.105s][info][gc,phases   ] GC(103)   Other: 0.07ms
[2026-09-19T01:04:53.535+0000][246.105s][info][gc,heap     ] GC(103) Eden regions: 15->0(406)
[2026-09-19T01:04:53.535+0000][246.105s][info][gc,heap     ] GC(103) Survivor regions: 30->2(6)
[2026-09-19T01:04:53.535+0000][246.105s][info][gc,heap     ] GC(103) Old regions: 420->448
[2026-09-19T01:04:53.535+0000][246.105s][info][gc,heap     ] GC(103) Humongous regions: 8->8
[2026-09-19T01:04:53.535+0000][246.105s][info][gc,metaspace] GC(103) Metaspace: 167104K(168896K)->167104K(168896K) NonClass: 140516K(141504K)->140516K(141504K) Class: 26587K(27392K)->26587K(27392K)
[2026-09-19T01:04:53.535+0000][246.105s][info][gc          ] GC(103) Pause Young (Normal) (G1 Evacuation Pause) 3773M->3664M(7288M) 167.529ms
[2026-09-19T01:04:53.535+0000][246.105s][info][gc,cpu      ] GC(103) User=0.66s Sys=0.00s Real=0.17s
[2026-09-19T01:04:55.378+0000][247.948s][info][gc,marking  ] GC(101) Concurrent Rebuild Remembered Sets and Scrub Regions 3173.183ms
[2026-09-19T01:04:55.378+0000][247.948s][info][gc,start    ] GC(101) Pause Cleanup
[2026-09-19T01:04:55.379+0000][247.948s][info][gc          ] GC(101) Pause Cleanup 4710M->4710M(7288M) 0.246ms
[2026-09-19T01:04:55.379+0000][247.948s][info][gc,cpu      ] GC(101) User=0.00s Sys=0.00s Real=0.00s
[2026-09-19T01:04:55.380+0000][247.950s][info][gc,marking  ] GC(101) Concurrent Clear Claimed Marks
[2026-09-19T01:04:55.380+0000][247.950s][info][gc,marking  ] GC(101) Concurrent Clear Claimed Marks 0.204ms
[2026-09-19T01:04:55.380+0000][247.950s][info][gc,marking  ] GC(101) Concurrent Cleanup for Next Mark
[2026-09-19T01:04:55.394+0000][247.963s][info][gc,marking  ] GC(101) Concurrent Cleanup for Next Mark 13.261ms
[2026-09-19T01:04:55.394+0000][247.963s][info][gc          ] GC(101) Concurrent Mark Cycle 7713.458ms
[2026-09-19T01:04:58.074+0000][250.643s][info][gc,start    ] GC(104) Pause Young (Prepare Mixed) (G1 Evacuation Pause)
[2026-09-19T01:04:58.074+0000][250.643s][info][gc,task     ] GC(104) Using 4 workers of 4 for evacuation
[2026-09-19T01:04:58.175+0000][250.744s][info][gc,phases   ] GC(104)   Pre Evacuate Collection Set: 0.22ms
[2026-09-19T01:04:58.175+0000][250.744s][info][gc,phases   ] GC(104)   Merge Heap Roots: 5.83ms
[2026-09-19T01:04:58.175+0000][250.744s][info][gc,phases   ] GC(104)   Evacuate Collection Set: 92.77ms
[2026-09-19T01:04:58.175+0000][250.744s][info][gc,phases   ] GC(104)   Post Evacuate Collection Set: 2.47ms
[2026-09-19T01:04:58.175+0000][250.745s][info][gc,phases   ] GC(104)   Other: 0.05ms
[2026-09-19T01:04:58.175+0000][250.745s][info][gc,heap     ] GC(104) Eden regions: 406->0(400)
[2026-09-19T01:04:58.175+0000][250.745s][info][gc,heap     ] GC(104) Survivor regions: 2->8(51)
[2026-09-19T01:04:58.175+0000][250.745s][info][gc,heap     ] GC(104) Old regions: 448->448
[2026-09-19T01:04:58.175+0000][250.745s][info][gc,heap     ] GC(104) Humongous regions: 8->8
[2026-09-19T01:04:58.175+0000][250.745s][info][gc,metaspace] GC(104) Metaspace: 167107K(168896K)->167107K(168896K) NonClass: 140520K(141504K)->140520K(141504K) Class: 26587K(27392K)->26587K(27392K)
[2026-09-19T01:04:58.175+0000][250.745s][info][gc          ] GC(104) Pause Young (Prepare Mixed) (G1 Evacuation Pause) 6912M->3707M(7288M) 101.506ms
[2026-09-19T01:04:58.175+0000][250.745s][info][gc,cpu      ] GC(104) User=0.40s Sys=0.00s Real=0.11s
[2026-09-19T01:05:02.275+0000][254.845s][info][gc,start    ] GC(105) Pause Young (Mixed) (G1 Evacuation Pause)
[2026-09-19T01:05:02.275+0000][254.845s][info][gc,task     ] GC(105) Using 4 workers of 4 for evacuation
[2026-09-19T01:05:02.400+0000][254.970s][info][gc,phases   ] GC(105)   Pre Evacuate Collection Set: 0.19ms
[2026-09-19T01:05:02.400+0000][254.970s][info][gc,phases   ] GC(105)   Merge Heap Roots: 6.51ms
[2026-09-19T01:05:02.400+0000][254.970s][info][gc,phases   ] GC(105)   Evacuate Collection Set: 116.34ms
[2026-09-19T01:05:02.400+0000][254.970s][info][gc,phases   ] GC(105)   Post Evacuate Collection Set: 1.67ms
[2026-09-19T01:05:02.400+0000][254.970s][info][gc,phases   ] GC(105)   Other: 0.08ms
[2026-09-19T01:05:02.400+0000][254.970s][info][gc,heap     ] GC(105) Eden regions: 400->0(400)
[2026-09-19T01:05:02.400+0000][254.970s][info][gc,heap     ] GC(105) Survivor regions: 8->10(51)
[2026-09-19T01:05:02.400+0000][254.970s][info][gc,heap     ] GC(105) Old regions: 448->446
[2026-09-19T01:05:02.400+0000][254.970s][info][gc,heap     ] GC(105) Humongous regions: 8->8
[2026-09-19T01:05:02.400+0000][254.970s][info][gc,metaspace] GC(105) Metaspace: 167117K(168896K)->167117K(168896K) NonClass: 140529K(141504K)->140529K(141504K) Class: 26588K(27392K)->26588K(27392K)
[2026-09-19T01:05:02.400+0000][254.970s][info][gc          ] GC(105) Pause Young (Mixed) (G1 Evacuation Pause) 6907M->3706M(7288M) 124.923ms
[2026-09-19T01:05:02.400+0000][254.970s][info][gc,cpu      ] GC(105) User=0.49s Sys=0.00s Real=0.12s
[2026-09-19T01:05:06.447+0000][259.016s][info][gc,start    ] GC(106) Pause Young (Concurrent Start) (G1 Evacuation Pause)
[2026-09-19T01:05:06.447+0000][259.016s][info][gc,task     ] GC(106) Using 4 workers of 4 for evacuation
[2026-09-19T01:05:06.564+0000][259.134s][info][gc,phases   ] GC(106)   Pre Evacuate Collection Set: 0.28ms
[2026-09-19T01:05:06.564+0000][259.134s][info][gc,phases   ] GC(106)   Merge Heap Roots: 6.48ms
[2026-09-19T01:05:06.564+0000][259.134s][info][gc,phases   ] GC(106)   Evacuate Collection Set: 109.17ms
[2026-09-19T01:05:06.564+0000][259.134s][info][gc,phases   ] GC(106)   Post Evacuate Collection Set: 1.67ms
[2026-09-19T01:05:06.564+0000][259.134s][info][gc,phases   ] GC(106)   Other: 0.09ms
[2026-09-19T01:05:06.565+0000][259.134s][info][gc,heap     ] GC(106) Eden regions: 400->0(398)
[2026-09-19T01:05:06.565+0000][259.134s][info][gc,heap     ] GC(106) Survivor regions: 10->12(52)
[2026-09-19T01:05:06.565+0000][259.134s][info][gc,heap     ] GC(106) Old regions: 446->446
[2026-09-19T01:05:06.565+0000][259.134s][info][gc,heap     ] GC(106) Humongous regions: 8->8
[2026-09-19T01:05:06.565+0000][259.134s][info][gc,metaspace] GC(106) Metaspace: 167127K(168896K)->167127K(168896K) NonClass: 140539K(141504K)->140539K(141504K) Class: 26588K(27392K)->26588K(27392K)
[2026-09-19T01:05:06.565+0000][259.134s][info][gc          ] GC(106) Pause Young (Concurrent Start) (G1 Evacuation Pause) 6906M->3728M(7288M) 117.885ms
[2026-09-19T01:05:06.565+0000][259.134s][info][gc,cpu      ] GC(106) User=0.47s Sys=0.00s Real=0.12s
[2026-09-19T01:05:06.565+0000][259.134s][info][gc          ] GC(107) Concurrent Mark Cycle
[2026-09-19T01:05:06.565+0000][259.134s][info][gc,marking  ] GC(107) Concurrent Scan Root Regions
[2026-09-19T01:05:06.671+0000][259.240s][info][gc,marking  ] GC(107) Concurrent Scan Root Regions 106.331ms
[2026-09-19T01:05:06.671+0000][259.240s][info][gc,marking  ] GC(107) Concurrent Mark
[2026-09-19T01:05:06.671+0000][259.240s][info][gc,marking  ] GC(107) Concurrent Mark From Roots
[2026-09-19T01:05:06.671+0000][259.240s][info][gc,task     ] GC(107) Using 1 workers of 1 for marking
[2026-09-19T01:05:11.131+0000][263.700s][info][gc,marking  ] GC(107) Concurrent Mark From Roots 4459.852ms
[2026-09-19T01:05:11.131+0000][263.700s][info][gc,marking  ] GC(107) Concurrent Preclean
[2026-09-19T01:05:11.132+0000][263.701s][info][gc,marking  ] GC(107) Concurrent Preclean 0.665ms
[2026-09-19T01:05:11.132+0000][263.701s][info][gc,start    ] GC(107) Pause Remark
[2026-09-19T01:05:11.140+0000][263.710s][info][gc          ] GC(107) Pause Remark 6676M->6676M(7288M) 8.586ms
[2026-09-19T01:05:11.140+0000][263.710s][info][gc,cpu      ] GC(107) User=0.03s Sys=0.00s Real=0.01s
[2026-09-19T01:05:11.144+0000][263.713s][info][gc,marking  ] GC(107) Concurrent Mark 4472.512ms
[2026-09-19T01:05:11.144+0000][263.713s][info][gc,marking  ] GC(107) Concurrent Rebuild Remembered Sets and Scrub Regions
[2026-09-19T01:05:11.614+0000][264.183s][info][gc,start    ] GC(108) Pause Young (Normal) (G1 Evacuation Pause)
[2026-09-19T01:05:11.614+0000][264.183s][info][gc,task     ] GC(108) Using 4 workers of 4 for evacuation
[2026-09-19T01:05:11.746+0000][264.315s][info][gc,phases   ] GC(108)   Pre Evacuate Collection Set: 0.19ms
[2026-09-19T01:05:11.746+0000][264.315s][info][gc,phases   ] GC(108)   Merge Heap Roots: 7.12ms
[2026-09-19T01:05:11.746+0000][264.315s][info][gc,phases   ] GC(108)   Evacuate Collection Set: 121.94ms
[2026-09-19T01:05:11.746+0000][264.315s][info][gc,phases   ] GC(108)   Post Evacuate Collection Set: 2.22ms
[2026-09-19T01:05:11.746+0000][264.315s][info][gc,phases   ] GC(108)   Other: 0.08ms
[2026-09-19T01:05:11.746+0000][264.315s][info][gc,heap     ] GC(108) Eden regions: 398->0(396)
[2026-09-19T01:05:11.746+0000][264.315s][info][gc,heap     ] GC(108) Survivor regions: 12->14(52)
[2026-09-19T01:05:11.746+0000][264.315s][info][gc,heap     ] GC(108) Old regions: 446->446
[2026-09-19T01:05:11.746+0000][264.315s][info][gc,heap     ] GC(108) Humongous regions: 8->8
[2026-09-19T01:05:11.746+0000][264.315s][info][gc,metaspace] GC(108) Metaspace: 167134K(168960K)->167134K(168960K) NonClass: 140546K(141568K)->140546K(141568K) Class: 26588K(27392K)->26588K(27392K)
[2026-09-19T01:05:11.746+0000][264.315s][info][gc          ] GC(108) Pause Young (Normal) (G1 Evacuation Pause) 6912M->3740M(7288M) 131.688ms
[2026-09-19T01:05:11.746+0000][264.315s][info][gc,cpu      ] GC(108) User=0.52s Sys=0.00s Real=0.14s
[2026-09-19T01:05:14.172+0000][266.741s][info][gc,marking  ] GC(107) Concurrent Rebuild Remembered Sets and Scrub Regions 3028.268ms
[2026-09-19T01:05:14.172+0000][266.741s][info][gc,start    ] GC(107) Pause Cleanup
[2026-09-19T01:05:14.172+0000][266.742s][info][gc          ] GC(107) Pause Cleanup 5288M->5288M(7288M) 0.251ms
[2026-09-19T01:05:14.172+0000][266.742s][info][gc,cpu      ] GC(107) User=0.00s Sys=0.00s Real=0.00s
[2026-09-19T01:05:14.172+0000][266.742s][info][gc,marking  ] GC(107) Concurrent Clear Claimed Marks
[2026-09-19T01:05:14.173+0000][266.742s][info][gc,marking  ] GC(107) Concurrent Clear Claimed Marks 0.217ms
[2026-09-19T01:05:14.173+0000][266.742s][info][gc,marking  ] GC(107) Concurrent Cleanup for Next Mark
[2026-09-19T01:05:14.179+0000][266.748s][info][gc,marking  ] GC(107) Concurrent Cleanup for Next Mark 6.100ms
[2026-09-19T01:05:14.179+0000][266.748s][info][gc          ] GC(107) Concurrent Mark Cycle 7614.109ms
[2026-09-19T01:05:16.240+0000][268.809s][info][gc,start    ] GC(109) Pause Young (Prepare Mixed) (G1 Evacuation Pause)
[2026-09-19T01:05:16.240+0000][268.809s][info][gc,task     ] GC(109) Using 4 workers of 4 for evacuation
[2026-09-19T01:05:16.367+0000][268.937s][info][gc,phases   ] GC(109)   Pre Evacuate Collection Set: 0.23ms
[2026-09-19T01:05:16.367+0000][268.937s][info][gc,phases   ] GC(109)   Merge Heap Roots: 6.28ms
[2026-09-19T01:05:16.367+0000][268.937s][info][gc,phases   ] GC(109)   Evacuate Collection Set: 119.08ms
[2026-09-19T01:05:16.367+0000][268.937s][info][gc,phases   ] GC(109)   Post Evacuate Collection Set: 1.81ms
[2026-09-19T01:05:16.367+0000][268.937s][info][gc,phases   ] GC(109)   Other: 0.06ms
[2026-09-19T01:05:16.367+0000][268.937s][info][gc,heap     ] GC(109) Eden regions: 396->0(395)
[2026-09-19T01:05:16.367+0000][268.937s][info][gc,heap     ] GC(109) Survivor regions: 14->15(52)
[2026-09-19T01:05:16.367+0000][268.937s][info][gc,heap     ] GC(109) Old regions: 446->446
[2026-09-19T01:05:16.367+0000][268.937s][info][gc,heap     ] GC(109) Humongous regions: 8->8
[2026-09-19T01:05:16.367+0000][268.937s][info][gc,metaspace] GC(109) Metaspace: 167142K(168960K)->167142K(168960K) NonClass: 140554K(141568K)->140554K(141568K) Class: 26588K(27392K)->26588K(27392K)
[2026-09-19T01:05:16.367+0000][268.937s][info][gc          ] GC(109) Pause Young (Prepare Mixed) (G1 Evacuation Pause) 6908M->3752M(7288M) 127.620ms
[2026-09-19T01:05:16.367+0000][268.937s][info][gc,cpu      ] GC(109) User=0.51s Sys=0.00s Real=0.13s
[2026-09-19T01:05:20.308+0000][272.877s][info][gc,start    ] GC(110) Pause Young (Mixed) (G1 Evacuation Pause)
[2026-09-19T01:05:20.308+0000][272.877s][info][gc,task     ] GC(110) Using 4 workers of 4 for evacuation
[2026-09-19T01:05:20.457+0000][273.027s][info][gc,phases   ] GC(110)   Pre Evacuate Collection Set: 0.17ms
[2026-09-19T01:05:20.457+0000][273.027s][info][gc,phases   ] GC(110)   Merge Heap Roots: 6.40ms
[2026-09-19T01:05:20.457+0000][273.027s][info][gc,phases   ] GC(110)   Evacuate Collection Set: 141.18ms
[2026-09-19T01:05:20.457+0000][273.027s][info][gc,phases   ] GC(110)   Post Evacuate Collection Set: 1.74ms
[2026-09-19T01:05:20.457+0000][273.027s][info][gc,phases   ] GC(110)   Other: 0.06ms
[2026-09-19T01:05:20.457+0000][273.027s][info][gc,heap     ] GC(110) Eden regions: 395->0(397)
[2026-09-19T01:05:20.457+0000][273.027s][info][gc,heap     ] GC(110) Survivor regions: 15->17(52)
[2026-09-19T01:05:20.457+0000][273.027s][info][gc,heap     ] GC(110) Old regions: 446->442
[2026-09-19T01:05:20.457+0000][273.027s][info][gc,heap     ] GC(110) Humongous regions: 8->8
[2026-09-19T01:05:20.457+0000][273.027s][info][gc,metaspace] GC(110) Metaspace: 167184K(168960K)->167184K(168960K) NonClass: 140596K(141568K)->140596K(141568K) Class: 26588K(27392K)->26588K(27392K)
[2026-09-19T01:05:20.457+0000][273.027s][info][gc          ] GC(110) Pause Young (Mixed) (G1 Evacuation Pause) 6912M->3734M(7288M) 149.698ms
[2026-09-19T01:05:20.457+0000][273.027s][info][gc,cpu      ] GC(110) User=0.59s Sys=0.01s Real=0.15s
[2026-09-19T01:05:24.331+0000][276.901s][info][gc,start    ] GC(111) Pause Young (Concurrent Start) (G1 Evacuation Pause)
[2026-09-19T01:05:24.331+0000][276.901s][info][gc,task     ] GC(111) Using 4 workers of 4 for evacuation
[2026-09-19T01:05:24.465+0000][277.034s][info][gc,phases   ] GC(111)   Pre Evacuate Collection Set: 0.20ms
[2026-09-19T01:05:24.465+0000][277.034s][info][gc,phases   ] GC(111)   Merge Heap Roots: 6.61ms
[2026-09-19T01:05:24.465+0000][277.034s][info][gc,phases   ] GC(111)   Evacuate Collection Set: 125.23ms
[2026-09-19T01:05:24.465+0000][277.034s][info][gc,phases   ] GC(111)   Post Evacuate Collection Set: 1.75ms
[2026-09-19T01:05:24.465+0000][277.034s][info][gc,phases   ] GC(111)   Other: 0.09ms
[2026-09-19T01:05:24.465+0000][277.035s][info][gc,heap     ] GC(111) Eden regions: 397->0(395)
[2026-09-19T01:05:24.465+0000][277.035s][info][gc,heap     ] GC(111) Survivor regions: 17->19(52)
[2026-09-19T01:05:24.465+0000][277.035s][info][gc,heap     ] GC(111) Old regions: 442->442
[2026-09-19T01:05:24.465+0000][277.035s][info][gc,heap     ] GC(111) Humongous regions: 8->8
[2026-09-19T01:05:24.465+0000][277.035s][info][gc,metaspace] GC(111) Metaspace: 167204K(168960K)->167204K(168960K) NonClass: 140616K(141568K)->140616K(141568K) Class: 26588K(27392K)->26588K(27392K)
[2026-09-19T01:05:24.465+0000][277.035s][info][gc          ] GC(111) Pause Young (Concurrent Start) (G1 Evacuation Pause) 6910M->3746M(7288M) 134.028ms
[2026-09-19T01:05:24.465+0000][277.035s][info][gc,cpu      ] GC(111) User=0.53s Sys=0.00s Real=0.14s
[2026-09-19T01:05:24.465+0000][277.035s][info][gc          ] GC(112) Concurrent Mark Cycle
[2026-09-19T01:05:24.465+0000][277.035s][info][gc,marking  ] GC(112) Concurrent Scan Root Regions
[2026-09-19T01:05:24.536+0000][277.106s][info][gc,marking  ] GC(112) Concurrent Scan Root Regions 70.954ms
[2026-09-19T01:05:24.536+0000][277.106s][info][gc,marking  ] GC(112) Concurrent Mark
[2026-09-19T01:05:24.536+0000][277.106s][info][gc,marking  ] GC(112) Concurrent Mark From Roots
[2026-09-19T01:05:24.536+0000][277.106s][info][gc,task     ] GC(112) Using 1 workers of 1 for marking
[2026-09-19T01:05:28.862+0000][281.431s][info][gc,marking  ] GC(112) Concurrent Mark From Roots 4325.346ms
[2026-09-19T01:05:28.862+0000][281.431s][info][gc,marking  ] GC(112) Concurrent Preclean
[2026-09-19T01:05:28.862+0000][281.432s][info][gc,marking  ] GC(112) Concurrent Preclean 0.657ms
[2026-09-19T01:05:28.863+0000][281.432s][info][gc,start    ] GC(112) Pause Remark
[2026-09-19T01:05:28.871+0000][281.440s][info][gc          ] GC(112) Pause Remark 6366M->6366M(7288M) 8.330ms
[2026-09-19T01:05:28.871+0000][281.440s][info][gc,cpu      ] GC(112) User=0.03s Sys=0.00s Real=0.01s
[2026-09-19T01:05:28.871+0000][281.440s][info][gc,marking  ] GC(112) Concurrent Mark 4334.701ms
[2026-09-19T01:05:28.871+0000][281.440s][info][gc,marking  ] GC(112) Concurrent Rebuild Remembered Sets and Scrub Regions
[2026-09-19T01:05:30.051+0000][282.620s][info][gc,start    ] GC(113) Pause Young (Normal) (G1 Evacuation Pause)
[2026-09-19T01:05:30.051+0000][282.620s][info][gc,task     ] GC(113) Using 4 workers of 4 for evacuation
[2026-09-19T01:05:30.194+0000][282.764s][info][gc,phases   ] GC(113)   Pre Evacuate Collection Set: 0.17ms
[2026-09-19T01:05:30.194+0000][282.764s][info][gc,phases   ] GC(113)   Merge Heap Roots: 6.92ms
[2026-09-19T01:05:30.194+0000][282.764s][info][gc,phases   ] GC(113)   Evacuate Collection Set: 133.81ms
[2026-09-19T01:05:30.194+0000][282.764s][info][gc,phases   ] GC(113)   Post Evacuate Collection Set: 2.24ms
[2026-09-19T01:05:30.194+0000][282.764s][info][gc,phases   ] GC(113)   Other: 0.07ms
[2026-09-19T01:05:30.194+0000][282.764s][info][gc,heap     ] GC(113) Eden regions: 395->0(394)
[2026-09-19T01:05:30.194+0000][282.764s][info][gc,heap     ] GC(113) Survivor regions: 19->20(52)
[2026-09-19T01:05:30.194+0000][282.764s][info][gc,heap     ] GC(113) Old regions: 442->442
[2026-09-19T01:05:30.194+0000][282.764s][info][gc,heap     ] GC(113) Humongous regions: 8->8
[2026-09-19T01:05:30.194+0000][282.764s][info][gc,metaspace] GC(113) Metaspace: 167216K(168960K)->167216K(168960K) NonClass: 140628K(141568K)->140628K(141568K) Class: 26588K(27392K)->26588K(27392K)
[2026-09-19T01:05:30.194+0000][282.764s][info][gc          ] GC(113) Pause Young (Normal) (G1 Evacuation Pause) 6906M->3754M(7288M) 143.357ms
[2026-09-19T01:05:30.194+0000][282.764s][info][gc,cpu      ] GC(113) User=0.57s Sys=0.00s Real=0.14s
[2026-09-19T01:05:31.605+0000][284.175s][info][gc,marking  ] GC(112) Concurrent Rebuild Remembered Sets and Scrub Regions 2734.455ms
[2026-09-19T01:05:31.606+0000][284.175s][info][gc,start    ] GC(112) Pause Cleanup
[2026-09-19T01:05:31.606+0000][284.175s][info][gc          ] GC(112) Pause Cleanup 4586M->4586M(7288M) 0.276ms
[2026-09-19T01:05:31.606+0000][284.175s][info][gc,cpu      ] GC(112) User=0.00s Sys=0.00s Real=0.00s
[2026-09-19T01:05:31.606+0000][284.175s][info][gc,marking  ] GC(112) Concurrent Clear Claimed Marks
[2026-09-19T01:05:31.606+0000][284.176s][info][gc,marking  ] GC(112) Concurrent Clear Claimed Marks 0.197ms
[2026-09-19T01:05:31.606+0000][284.176s][info][gc,marking  ] GC(112) Concurrent Cleanup for Next Mark
[2026-09-19T01:05:31.612+0000][284.182s][info][gc,marking  ] GC(112) Concurrent Cleanup for Next Mark 6.216ms
[2026-09-19T01:05:31.612+0000][284.182s][info][gc          ] GC(112) Concurrent Mark Cycle 7147.105ms
[2026-09-19T01:05:34.570+0000][287.140s][info][gc,start    ] GC(114) Pause Young (Prepare Mixed) (G1 Evacuation Pause)
[2026-09-19T01:05:34.570+0000][287.140s][info][gc,task     ] GC(114) Using 4 workers of 4 for evacuation
[2026-09-19T01:05:34.711+0000][287.281s][info][gc,phases   ] GC(114)   Pre Evacuate Collection Set: 0.19ms
[2026-09-19T01:05:34.711+0000][287.281s][info][gc,phases   ] GC(114)   Merge Heap Roots: 6.28ms
[2026-09-19T01:05:34.711+0000][287.281s][info][gc,phases   ] GC(114)   Evacuate Collection Set: 132.01ms
[2026-09-19T01:05:34.711+0000][287.281s][info][gc,phases   ] GC(114)   Post Evacuate Collection Set: 2.41ms
[2026-09-19T01:05:34.711+0000][287.281s][info][gc,phases   ] GC(114)   Other: 0.06ms
[2026-09-19T01:05:34.711+0000][287.281s][info][gc,heap     ] GC(114) Eden regions: 394->0(392)
[2026-09-19T01:05:34.711+0000][287.281s][info][gc,heap     ] GC(114) Survivor regions: 20->22(52)
[2026-09-19T01:05:34.711+0000][287.281s][info][gc,heap     ] GC(114) Old regions: 442->442
[2026-09-19T01:05:34.711+0000][287.281s][info][gc,heap     ] GC(114) Humongous regions: 8->8
[2026-09-19T01:05:34.711+0000][287.281s][info][gc,metaspace] GC(114) Metaspace: 167226K(169024K)->167226K(169024K) NonClass: 140637K(141632K)->140637K(141632K) Class: 26588K(27392K)->26588K(27392K)
[2026-09-19T01:05:34.711+0000][287.281s][info][gc          ] GC(114) Pause Young (Prepare Mixed) (G1 Evacuation Pause) 6906M->3770M(7288M) 141.101ms
[2026-09-19T01:05:34.711+0000][287.281s][info][gc,cpu      ] GC(114) User=0.56s Sys=0.00s Real=0.14s
[2026-09-19T01:05:38.728+0000][291.297s][info][gc,start    ] GC(115) Pause Young (Mixed) (G1 Evacuation Pause)
[2026-09-19T01:05:38.728+0000][291.297s][info][gc,task     ] GC(115) Using 4 workers of 4 for evacuation
[2026-09-19T01:05:38.893+0000][291.462s][info][gc,phases   ] GC(115)   Pre Evacuate Collection Set: 0.18ms
[2026-09-19T01:05:38.893+0000][291.463s][info][gc,phases   ] GC(115)   Merge Heap Roots: 6.72ms
[2026-09-19T01:05:38.893+0000][291.463s][info][gc,phases   ] GC(115)   Evacuate Collection Set: 156.52ms
[2026-09-19T01:05:38.893+0000][291.463s][info][gc,phases   ] GC(115)   Post Evacuate Collection Set: 1.80ms
[2026-09-19T01:05:38.893+0000][291.463s][info][gc,phases   ] GC(115)   Other: 0.06ms
[2026-09-19T01:05:38.893+0000][291.463s][info][gc,heap     ] GC(115) Eden regions: 392->0(393)
[2026-09-19T01:05:38.893+0000][291.463s][info][gc,heap     ] GC(115) Survivor regions: 22->24(52)
[2026-09-19T01:05:38.893+0000][291.463s][info][gc,heap     ] GC(115) Old regions: 442->439
[2026-09-19T01:05:38.893+0000][291.463s][info][gc,heap     ] GC(115) Humongous regions: 8->8
[2026-09-19T01:05:38.893+0000][291.463s][info][gc,metaspace] GC(115) Metaspace: 167233K(169024K)->167233K(169024K) NonClass: 140644K(141632K)->140644K(141632K) Class: 26588K(27392K)->26588K(27392K)
[2026-09-19T01:05:38.893+0000][291.463s][info][gc          ] GC(115) Pause Young (Mixed) (G1 Evacuation Pause) 6906M->3760M(7288M) 165.429ms
[2026-09-19T01:05:38.893+0000][291.463s][info][gc,cpu      ] GC(115) User=0.66s Sys=0.00s Real=0.16s
[2026-09-19T01:05:43.337+0000][295.906s][info][gc,start    ] GC(116) Pause Young (Concurrent Start) (G1 Evacuation Pause)
[2026-09-19T01:05:43.337+0000][295.906s][info][gc,task     ] GC(116) Using 4 workers of 4 for evacuation
[2026-09-19T01:05:43.489+0000][296.059s][info][gc,phases   ] GC(116)   Pre Evacuate Collection Set: 0.20ms
[2026-09-19T01:05:43.489+0000][296.059s][info][gc,phases   ] GC(116)   Merge Heap Roots: 6.78ms
[2026-09-19T01:05:43.489+0000][296.059s][info][gc,phases   ] GC(116)   Evacuate Collection Set: 143.44ms
[2026-09-19T01:05:43.489+0000][296.059s][info][gc,phases   ] GC(116)   Post Evacuate Collection Set: 1.87ms
[2026-09-19T01:05:43.489+0000][296.059s][info][gc,phases   ] GC(116)   Other: 0.11ms
[2026-09-19T01:05:43.489+0000][296.059s][info][gc,heap     ] GC(116) Eden regions: 393->0(391)
[2026-09-19T01:05:43.489+0000][296.059s][info][gc,heap     ] GC(116) Survivor regions: 24->26(53)
[2026-09-19T01:05:43.489+0000][296.059s][info][gc,heap     ] GC(116) Old regions: 439->439
[2026-09-19T01:05:43.489+0000][296.059s][info][gc,heap     ] GC(116) Humongous regions: 8->8
[2026-09-19T01:05:43.489+0000][296.059s][info][gc,metaspace] GC(116) Metaspace: 167238K(169024K)->167238K(169024K) NonClass: 140649K(141632K)->140649K(141632K) Class: 26588K(27392K)->26588K(27392K)
[2026-09-19T01:05:43.489+0000][296.059s][info][gc          ] GC(116) Pause Young (Concurrent Start) (G1 Evacuation Pause) 6904M->3776M(7288M) 152.556ms
[2026-09-19T01:05:43.489+0000][296.059s][info][gc,cpu      ] GC(116) User=0.61s Sys=0.00s Real=0.15s
[2026-09-19T01:05:43.489+0000][296.059s][info][gc          ] GC(117) Concurrent Mark Cycle
[2026-09-19T01:05:43.489+0000][296.059s][info][gc,marking  ] GC(117) Concurrent Scan Root Regions
[2026-09-19T01:05:43.664+0000][296.234s][info][gc,marking  ] GC(117) Concurrent Scan Root Regions 175.091ms
[2026-09-19T01:05:43.664+0000][296.234s][info][gc,marking  ] GC(117) Concurrent Mark
[2026-09-19T01:05:43.664+0000][296.234s][info][gc,marking  ] GC(117) Concurrent Mark From Roots
[2026-09-19T01:05:43.664+0000][296.234s][info][gc,task     ] GC(117) Using 1 workers of 1 for marking
[2026-09-19T01:05:47.645+0000][300.214s][info][gc,marking  ] GC(117) Concurrent Mark From Roots 3980.509ms
[2026-09-19T01:05:47.645+0000][300.214s][info][gc,marking  ] GC(117) Concurrent Preclean
[2026-09-19T01:05:47.646+0000][300.215s][info][gc,marking  ] GC(117) Concurrent Preclean 0.688ms
[2026-09-19T01:05:47.650+0000][300.219s][info][gc,start    ] GC(117) Pause Remark
[2026-09-19T01:05:47.662+0000][300.231s][info][gc          ] GC(117) Pause Remark 6188M->6188M(7288M) 11.961ms
[2026-09-19T01:05:47.662+0000][300.231s][info][gc,cpu      ] GC(117) User=0.04s Sys=0.00s Real=0.01s
[2026-09-19T01:05:47.663+0000][300.232s][info][gc,marking  ] GC(117) Concurrent Mark 3998.093ms
[2026-09-19T01:05:47.663+0000][300.232s][info][gc,marking  ] GC(117) Concurrent Rebuild Remembered Sets and Scrub Regions
[2026-09-19T01:05:48.820+0000][301.389s][info][gc,start    ] GC(118) Pause Young (Normal) (G1 Evacuation Pause)
[2026-09-19T01:05:48.820+0000][301.389s][info][gc,task     ] GC(118) Using 4 workers of 4 for evacuation
[2026-09-19T01:05:48.985+0000][301.554s][info][gc,phases   ] GC(118)   Pre Evacuate Collection Set: 0.18ms
[2026-09-19T01:05:48.985+0000][301.554s][info][gc,phases   ] GC(118)   Merge Heap Roots: 6.71ms
[2026-09-19T01:05:48.985+0000][301.554s][info][gc,phases   ] GC(118)   Evacuate Collection Set: 155.58ms
[2026-09-19T01:05:48.985+0000][301.554s][info][gc,phases   ] GC(118)   Post Evacuate Collection Set: 2.36ms
[2026-09-19T01:05:48.985+0000][301.554s][info][gc,phases   ] GC(118)   Other: 0.06ms
[2026-09-19T01:05:48.985+0000][301.554s][info][gc,heap     ] GC(118) Eden regions: 391->0(389)
[2026-09-19T01:05:48.985+0000][301.554s][info][gc,heap     ] GC(118) Survivor regions: 26->28(53)
[2026-09-19T01:05:48.985+0000][301.554s][info][gc,heap     ] GC(118) Old regions: 439->439
[2026-09-19T01:05:48.985+0000][301.554s][info][gc,heap     ] GC(118) Humongous regions: 8->8
[2026-09-19T01:05:48.985+0000][301.554s][info][gc,metaspace] GC(118) Metaspace: 167282K(169024K)->167282K(169024K) NonClass: 140693K(141632K)->140693K(141632K) Class: 26588K(27392K)->26588K(27392K)
[2026-09-19T01:05:48.985+0000][301.554s][info][gc          ] GC(118) Pause Young (Normal) (G1 Evacuation Pause) 6904M->3796M(7288M) 165.064ms
[2026-09-19T01:05:48.985+0000][301.554s][info][gc,cpu      ] GC(118) User=0.66s Sys=0.00s Real=0.17s
[2026-09-19T01:05:50.763+0000][303.332s][info][gc,marking  ] GC(117) Concurrent Rebuild Remembered Sets and Scrub Regions 3100.161ms
[2026-09-19T01:05:50.763+0000][303.332s][info][gc,start    ] GC(117) Pause Cleanup
[2026-09-19T01:05:50.763+0000][303.333s][info][gc          ] GC(117) Pause Cleanup 4712M->4712M(7288M) 0.290ms
[2026-09-19T01:05:50.763+0000][303.333s][info][gc,cpu      ] GC(117) User=0.00s Sys=0.00s Real=0.00s
[2026-09-19T01:05:50.768+0000][303.337s][info][gc,marking  ] GC(117) Concurrent Clear Claimed Marks
[2026-09-19T01:05:50.768+0000][303.337s][info][gc,marking  ] GC(117) Concurrent Clear Claimed Marks 0.213ms
[2026-09-19T01:05:50.768+0000][303.337s][info][gc,marking  ] GC(117) Concurrent Cleanup for Next Mark
[2026-09-19T01:05:50.781+0000][303.350s][info][gc,marking  ] GC(117) Concurrent Cleanup for Next Mark 12.913ms
[2026-09-19T01:05:50.781+0000][303.350s][info][gc          ] GC(117) Concurrent Mark Cycle 7291.460ms
[2026-09-19T01:05:53.692+0000][306.262s][info][gc,start    ] GC(119) Pause Young (Prepare Mixed) (G1 Evacuation Pause)
[2026-09-19T01:05:53.692+0000][306.262s][info][gc,task     ] GC(119) Using 4 workers of 4 for evacuation
[2026-09-19T01:05:53.852+0000][306.421s][info][gc,phases   ] GC(119)   Pre Evacuate Collection Set: 0.18ms
[2026-09-19T01:05:53.852+0000][306.421s][info][gc,phases   ] GC(119)   Merge Heap Roots: 6.73ms
[2026-09-19T01:05:53.852+0000][306.421s][info][gc,phases   ] GC(119)   Evacuate Collection Set: 150.48ms
[2026-09-19T01:05:53.852+0000][306.421s][info][gc,phases   ] GC(119)   Post Evacuate Collection Set: 1.77ms
[2026-09-19T01:05:53.852+0000][306.421s][info][gc,phases   ] GC(119)   Other: 0.06ms
[2026-09-19T01:05:53.852+0000][306.421s][info][gc,heap     ] GC(119) Eden regions: 389->0(387)
[2026-09-19T01:05:53.852+0000][306.421s][info][gc,heap     ] GC(119) Survivor regions: 28->28(53)
[2026-09-19T01:05:53.852+0000][306.421s][info][gc,heap     ] GC(119) Old regions: 439->441
[2026-09-19T01:05:53.852+0000][306.421s][info][gc,heap     ] GC(119) Humongous regions: 8->8
[2026-09-19T01:05:53.852+0000][306.421s][info][gc,metaspace] GC(119) Metaspace: 167320K(169088K)->167320K(169088K) NonClass: 140732K(141696K)->140732K(141696K) Class: 26588K(27392K)->26588K(27392K)
[2026-09-19T01:05:53.852+0000][306.421s][info][gc          ] GC(119) Pause Young (Prepare Mixed) (G1 Evacuation Pause) 6908M->3808M(7288M) 159.361ms
[2026-09-19T01:05:53.852+0000][306.421s][info][gc,cpu      ] GC(119) User=0.63s Sys=0.00s Real=0.16s
[2026-09-19T01:05:58.214+0000][310.784s][info][gc,start    ] GC(120) Pause Young (Mixed) (G1 Evacuation Pause)
[2026-09-19T01:05:58.214+0000][310.784s][info][gc,task     ] GC(120) Using 4 workers of 4 for evacuation
[2026-09-19T01:05:58.391+0000][310.960s][info][gc,phases   ] GC(120)   Pre Evacuate Collection Set: 0.23ms
[2026-09-19T01:05:58.391+0000][310.960s][info][gc,phases   ] GC(120)   Merge Heap Roots: 7.02ms
[2026-09-19T01:05:58.391+0000][310.960s][info][gc,phases   ] GC(120)   Evacuate Collection Set: 166.01ms
[2026-09-19T01:05:58.391+0000][310.960s][info][gc,phases   ] GC(120)   Merge Optional Heap Roots: 0.11ms
[2026-09-19T01:05:58.391+0000][310.960s][info][gc,phases   ] GC(120)   Evacuate Optional Collection Set: 1.44ms
[2026-09-19T01:05:58.391+0000][310.960s][info][gc,phases   ] GC(120)   Post Evacuate Collection Set: 1.96ms
[2026-09-19T01:05:58.391+0000][310.960s][info][gc,phases   ] GC(120)   Other: 0.07ms
[2026-09-19T01:05:58.391+0000][310.960s][info][gc,heap     ] GC(120) Eden regions: 387->0(389)
[2026-09-19T01:05:58.391+0000][310.961s][info][gc,heap     ] GC(120) Survivor regions: 28->29(52)
[2026-09-19T01:05:58.391+0000][310.961s][info][gc,heap     ] GC(120) Old regions: 441->438
[2026-09-19T01:05:58.391+0000][310.961s][info][gc,heap     ] GC(120) Humongous regions: 8->8
[2026-09-19T01:05:58.391+0000][310.961s][info][gc,metaspace] GC(120) Metaspace: 167326K(169088K)->167326K(169088K) NonClass: 140737K(141696K)->140737K(141696K) Class: 26588K(27392K)->26588K(27392K)
[2026-09-19T01:05:58.391+0000][310.961s][info][gc          ] GC(120) Pause Young (Mixed) (G1 Evacuation Pause) 6904M->3800M(7288M) 177.004ms
[2026-09-19T01:05:58.391+0000][310.961s][info][gc,cpu      ] GC(120) User=0.70s Sys=0.00s Real=0.18s
[2026-09-19T01:06:02.794+0000][315.364s][info][gc,start    ] GC(121) Pause Young (Concurrent Start) (G1 Evacuation Pause)
[2026-09-19T01:06:02.794+0000][315.364s][info][gc,task     ] GC(121) Using 4 workers of 4 for evacuation
[2026-09-19T01:06:02.957+0000][315.526s][info][gc,phases   ] GC(121)   Pre Evacuate Collection Set: 0.24ms
[2026-09-19T01:06:02.957+0000][315.526s][info][gc,phases   ] GC(121)   Merge Heap Roots: 6.57ms
[2026-09-19T01:06:02.957+0000][315.526s][info][gc,phases   ] GC(121)   Evacuate Collection Set: 153.78ms
[2026-09-19T01:06:02.957+0000][315.526s][info][gc,phases   ] GC(121)   Post Evacuate Collection Set: 1.85ms
[2026-09-19T01:06:02.957+0000][315.526s][info][gc,phases   ] GC(121)   Other: 0.11ms
[2026-09-19T01:06:02.957+0000][315.526s][info][gc,heap     ] GC(121) Eden regions: 389->0(387)
[2026-09-19T01:06:02.957+0000][315.526s][info][gc,heap     ] GC(121) Survivor regions: 29->29(53)
[2026-09-19T01:06:02.957+0000][315.526s][info][gc,heap     ] GC(121) Old regions: 438->440
[2026-09-19T01:06:02.957+0000][315.526s][info][gc,heap     ] GC(121) Humongous regions: 8->8
[2026-09-19T01:06:02.957+0000][315.526s][info][gc,metaspace] GC(121) Metaspace: 167353K(169088K)->167353K(169088K) NonClass: 140763K(141696K)->140763K(141696K) Class: 26589K(27392K)->26589K(27392K)
[2026-09-19T01:06:02.957+0000][315.526s][info][gc          ] GC(121) Pause Young (Concurrent Start) (G1 Evacuation Pause) 6912M->3811M(7288M) 162.711ms
[2026-09-19T01:06:02.957+0000][315.526s][info][gc          ] GC(122) Concurrent Mark Cycle
[2026-09-19T01:06:02.957+0000][315.526s][info][gc,marking  ] GC(122) Concurrent Scan Root Regions
[2026-09-19T01:06:02.957+0000][315.526s][info][gc,cpu      ] GC(121) User=0.64s Sys=0.00s Real=0.17s
[2026-09-19T01:06:03.165+0000][315.735s][info][gc,marking  ] GC(122) Concurrent Scan Root Regions 208.347ms
[2026-09-19T01:06:03.165+0000][315.735s][info][gc,marking  ] GC(122) Concurrent Mark
[2026-09-19T01:06:03.165+0000][315.735s][info][gc,marking  ] GC(122) Concurrent Mark From Roots
[2026-09-19T01:06:03.165+0000][315.735s][info][gc,task     ] GC(122) Using 1 workers of 1 for marking
[2026-09-19T01:06:07.163+0000][319.732s][info][gc,marking  ] GC(122) Concurrent Mark From Roots 3997.332ms
[2026-09-19T01:06:07.163+0000][319.732s][info][gc,marking  ] GC(122) Concurrent Preclean
[2026-09-19T01:06:07.163+0000][319.733s][info][gc,marking  ] GC(122) Concurrent Preclean 0.665ms
[2026-09-19T01:06:07.163+0000][319.733s][info][gc,start    ] GC(122) Pause Remark
[2026-09-19T01:06:07.172+0000][319.741s][info][gc          ] GC(122) Pause Remark 6023M->6023M(7288M) 8.148ms
[2026-09-19T01:06:07.172+0000][319.741s][info][gc,cpu      ] GC(122) User=0.03s Sys=0.00s Real=0.01s
[2026-09-19T01:06:07.172+0000][319.741s][info][gc,marking  ] GC(122) Concurrent Mark 4006.484ms
[2026-09-19T01:06:07.172+0000][319.741s][info][gc,marking  ] GC(122) Concurrent Rebuild Remembered Sets and Scrub Regions
[2026-09-19T01:06:08.808+0000][321.377s][info][gc,start    ] GC(123) Pause Young (Normal) (G1 Evacuation Pause)
[2026-09-19T01:06:08.808+0000][321.377s][info][gc,task     ] GC(123) Using 4 workers of 4 for evacuation
[2026-09-19T01:06:08.986+0000][321.556s][info][gc,phases   ] GC(123)   Pre Evacuate Collection Set: 0.22ms
[2026-09-19T01:06:08.986+0000][321.556s][info][gc,phases   ] GC(123)   Merge Heap Roots: 7.59ms
[2026-09-19T01:06:08.986+0000][321.556s][info][gc,phases   ] GC(123)   Evacuate Collection Set: 168.04ms
[2026-09-19T01:06:08.986+0000][321.556s][info][gc,phases   ] GC(123)   Post Evacuate Collection Set: 2.59ms
[2026-09-19T01:06:08.987+0000][321.556s][info][gc,phases   ] GC(123)   Other: 0.06ms
[2026-09-19T01:06:08.987+0000][321.556s][info][gc,heap     ] GC(123) Eden regions: 387->0(384)
[2026-09-19T01:06:08.987+0000][321.556s][info][gc,heap     ] GC(123) Survivor regions: 29->28(52)
[2026-09-19T01:06:08.987+0000][321.556s][info][gc,heap     ] GC(123) Old regions: 440->444
[2026-09-19T01:06:08.987+0000][321.556s][info][gc,heap     ] GC(123) Humongous regions: 8->8
[2026-09-19T01:06:08.987+0000][321.556s][info][gc,metaspace] GC(123) Metaspace: 167361K(169088K)->167361K(169088K) NonClass: 140771K(141696K)->140771K(141696K) Class: 26589K(27392K)->26589K(27392K)
[2026-09-19T01:06:08.987+0000][321.556s][info][gc          ] GC(123) Pause Young (Normal) (G1 Evacuation Pause) 6907M->3829M(7288M) 178.665ms
[2026-09-19T01:06:08.987+0000][321.556s][info][gc,cpu      ] GC(123) User=0.68s Sys=0.03s Real=0.18s
[2026-09-19T01:06:10.412+0000][322.981s][info][gc,marking  ] GC(122) Concurrent Rebuild Remembered Sets and Scrub Regions 3239.797ms
[2026-09-19T01:06:10.412+0000][322.981s][info][gc,start    ] GC(122) Pause Cleanup
[2026-09-19T01:06:10.412+0000][322.981s][info][gc          ] GC(122) Pause Cleanup 4601M->4601M(7288M) 0.293ms
[2026-09-19T01:06:10.412+0000][322.982s][info][gc,cpu      ] GC(122) User=0.00s Sys=0.00s Real=0.00s
[2026-09-19T01:06:10.413+0000][322.982s][info][gc,marking  ] GC(122) Concurrent Clear Claimed Marks
[2026-09-19T01:06:10.413+0000][322.982s][info][gc,marking  ] GC(122) Concurrent Clear Claimed Marks 0.245ms
[2026-09-19T01:06:10.413+0000][322.982s][info][gc,marking  ] GC(122) Concurrent Cleanup for Next Mark
[2026-09-19T01:06:10.423+0000][322.993s][info][gc,marking  ] GC(122) Concurrent Cleanup for Next Mark 10.480ms
[2026-09-19T01:06:10.424+0000][322.993s][info][gc          ] GC(122) Concurrent Mark Cycle 7466.704ms
[2026-09-19T01:06:13.861+0000][326.430s][info][gc,start    ] GC(124) Pause Young (Prepare Mixed) (G1 Evacuation Pause)
[2026-09-19T01:06:13.861+0000][326.430s][info][gc,task     ] GC(124) Using 4 workers of 4 for evacuation
[2026-09-19T01:06:14.020+0000][326.589s][info][gc,phases   ] GC(124)   Pre Evacuate Collection Set: 0.13ms
[2026-09-19T01:06:14.020+0000][326.589s][info][gc,phases   ] GC(124)   Merge Heap Roots: 7.19ms
[2026-09-19T01:06:14.020+0000][326.589s][info][gc,phases   ] GC(124)   Evacuate Collection Set: 149.83ms
[2026-09-19T01:06:14.020+0000][326.589s][info][gc,phases   ] GC(124)   Post Evacuate Collection Set: 1.71ms
[2026-09-19T01:06:14.020+0000][326.589s][info][gc,phases   ] GC(124)   Other: 0.06ms
[2026-09-19T01:06:14.020+0000][326.589s][info][gc,heap     ] GC(124) Eden regions: 384->0(383)
[2026-09-19T01:06:14.020+0000][326.589s][info][gc,heap     ] GC(124) Survivor regions: 28->28(52)
[2026-09-19T01:06:14.020+0000][326.589s][info][gc,heap     ] GC(124) Old regions: 444->445
[2026-09-19T01:06:14.020+0000][326.589s][info][gc,heap     ] GC(124) Humongous regions: 8->8
[2026-09-19T01:06:14.020+0000][326.589s][info][gc,metaspace] GC(124) Metaspace: 167389K(169152K)->167389K(169152K) NonClass: 140799K(141760K)->140799K(141760K) Class: 26589K(27392K)->26589K(27392K)
[2026-09-19T01:06:14.020+0000][326.589s][info][gc          ] GC(124) Pause Young (Prepare Mixed) (G1 Evacuation Pause) 6901M->3846M(7288M) 159.094ms
[2026-09-19T01:06:14.020+0000][326.589s][info][gc,cpu      ] GC(124) User=0.63s Sys=0.00s Real=0.16s
[2026-09-19T01:06:18.306+0000][330.875s][info][gc,start    ] GC(125) Pause Young (Mixed) (G1 Evacuation Pause)
[2026-09-19T01:06:18.306+0000][330.875s][info][gc,task     ] GC(125) Using 4 workers of 4 for evacuation
[2026-09-19T01:06:18.479+0000][331.049s][info][gc,phases   ] GC(125)   Pre Evacuate Collection Set: 0.16ms
[2026-09-19T01:06:18.479+0000][331.049s][info][gc,phases   ] GC(125)   Merge Heap Roots: 6.93ms
[2026-09-19T01:06:18.479+0000][331.049s][info][gc,phases   ] GC(125)   Evacuate Collection Set: 164.43ms
[2026-09-19T01:06:18.479+0000][331.049s][info][gc,phases   ] GC(125)   Post Evacuate Collection Set: 1.72ms
[2026-09-19T01:06:18.479+0000][331.049s][info][gc,phases   ] GC(125)   Other: 0.07ms
[2026-09-19T01:06:18.479+0000][331.049s][info][gc,heap     ] GC(125) Eden regions: 383->0(385)
[2026-09-19T01:06:18.479+0000][331.049s][info][gc,heap     ] GC(125) Survivor regions: 28->28(52)
[2026-09-19T01:06:18.479+0000][331.049s][info][gc,heap     ] GC(125) Old regions: 445->443
[2026-09-19T01:06:18.479+0000][331.049s][info][gc,heap     ] GC(125) Humongous regions: 8->8
[2026-09-19T01:06:18.479+0000][331.049s][info][gc,metaspace] GC(125) Metaspace: 167400K(169216K)->167400K(169216K) NonClass: 140810K(141824K)->140810K(141824K) Class: 26589K(27392K)->26589K(27392K)
[2026-09-19T01:06:18.479+0000][331.049s][info][gc          ] GC(125) Pause Young (Mixed) (G1 Evacuation Pause) 6910M->3828M(7288M) 173.468ms
[2026-09-19T01:06:18.479+0000][331.049s][info][gc,cpu      ] GC(125) User=0.69s Sys=0.00s Real=0.17s
[2026-09-19T01:06:22.900+0000][335.469s][info][gc,start    ] GC(126) Pause Young (Concurrent Start) (G1 Evacuation Pause)
[2026-09-19T01:06:22.900+0000][335.469s][info][gc,task     ] GC(126) Using 4 workers of 4 for evacuation
[2026-09-19T01:06:23.062+0000][335.631s][info][gc,phases   ] GC(126)   Pre Evacuate Collection Set: 0.22ms
[2026-09-19T01:06:23.062+0000][335.631s][info][gc,phases   ] GC(126)   Merge Heap Roots: 7.20ms
[2026-09-19T01:06:23.062+0000][335.631s][info][gc,phases   ] GC(126)   Evacuate Collection Set: 152.60ms
[2026-09-19T01:06:23.062+0000][335.631s][info][gc,phases   ] GC(126)   Post Evacuate Collection Set: 1.79ms
[2026-09-19T01:06:23.062+0000][335.631s][info][gc,phases   ] GC(126)   Other: 0.11ms
[2026-09-19T01:06:23.062+0000][335.631s][info][gc,heap     ] GC(126) Eden regions: 385->0(382)
[2026-09-19T01:06:23.062+0000][335.631s][info][gc,heap     ] GC(126) Survivor regions: 28->28(52)
[2026-09-19T01:06:23.062+0000][335.631s][info][gc,heap     ] GC(126) Old regions: 443->446
[2026-09-19T01:06:23.062+0000][335.631s][info][gc,heap     ] GC(126) Humongous regions: 8->8
[2026-09-19T01:06:23.062+0000][335.631s][info][gc,metaspace] GC(126) Metaspace: 167414K(169216K)->167414K(169216K) NonClass: 140825K(141824K)->140825K(141824K) Class: 26589K(27392K)->26589K(27392K)
[2026-09-19T01:06:23.062+0000][335.631s][info][gc          ] GC(126) Pause Young (Concurrent Start) (G1 Evacuation Pause) 6908M->3849M(7288M) 162.098ms
[2026-09-19T01:06:23.062+0000][335.631s][info][gc,cpu      ] GC(126) User=0.64s Sys=0.00s Real=0.16s
[2026-09-19T01:06:23.062+0000][335.631s][info][gc          ] GC(127) Concurrent Mark Cycle
[2026-09-19T01:06:23.062+0000][335.631s][info][gc,marking  ] GC(127) Concurrent Scan Root Regions
[2026-09-19T01:06:23.167+0000][335.736s][info][gc,marking  ] GC(127) Concurrent Scan Root Regions 104.869ms
[2026-09-19T01:06:23.167+0000][335.736s][info][gc,marking  ] GC(127) Concurrent Mark
[2026-09-19T01:06:23.167+0000][335.736s][info][gc,marking  ] GC(127) Concurrent Mark From Roots
[2026-09-19T01:06:23.167+0000][335.736s][info][gc,task     ] GC(127) Using 1 workers of 1 for marking
[2026-09-19T01:06:27.641+0000][340.211s][info][gc,marking  ] GC(127) Concurrent Mark From Roots 4474.612ms
[2026-09-19T01:06:27.641+0000][340.211s][info][gc,marking  ] GC(127) Concurrent Preclean
[2026-09-19T01:06:27.642+0000][340.212s][info][gc,marking  ] GC(127) Concurrent Preclean 0.673ms
[2026-09-19T01:06:27.645+0000][340.214s][info][gc,start    ] GC(127) Pause Remark
[2026-09-19T01:06:27.653+0000][340.223s][info][gc          ] GC(127) Pause Remark 6445M->6445M(7288M) 8.357ms
[2026-09-19T01:06:27.653+0000][340.223s][info][gc,cpu      ] GC(127) User=0.03s Sys=0.00s Real=0.00s
[2026-09-19T01:06:27.662+0000][340.232s][info][gc,marking  ] GC(127) Concurrent Mark 4495.519ms
[2026-09-19T01:06:27.662+0000][340.232s][info][gc,marking  ] GC(127) Concurrent Rebuild Remembered Sets and Scrub Regions
[2026-09-19T01:06:28.531+0000][341.101s][info][gc,start    ] GC(128) Pause Young (Normal) (G1 Evacuation Pause)
[2026-09-19T01:06:28.531+0000][341.101s][info][gc,task     ] GC(128) Using 4 workers of 4 for evacuation
[2026-09-19T01:06:28.701+0000][341.271s][info][gc,phases   ] GC(128)   Pre Evacuate Collection Set: 0.36ms
[2026-09-19T01:06:28.701+0000][341.271s][info][gc,phases   ] GC(128)   Merge Heap Roots: 6.95ms
[2026-09-19T01:06:28.701+0000][341.271s][info][gc,phases   ] GC(128)   Evacuate Collection Set: 159.66ms
[2026-09-19T01:06:28.701+0000][341.271s][info][gc,phases   ] GC(128)   Post Evacuate Collection Set: 2.64ms
[2026-09-19T01:06:28.701+0000][341.271s][info][gc,phases   ] GC(128)   Other: 0.07ms
[2026-09-19T01:06:28.701+0000][341.271s][info][gc,heap     ] GC(128) Eden regions: 382->0(380)
[2026-09-19T01:06:28.701+0000][341.271s][info][gc,heap     ] GC(128) Survivor regions: 28->28(52)
[2026-09-19T01:06:28.701+0000][341.271s][info][gc,heap     ] GC(128) Old regions: 446->448
[2026-09-19T01:06:28.701+0000][341.271s][info][gc,heap     ] GC(128) Humongous regions: 8->8
[2026-09-19T01:06:28.701+0000][341.271s][info][gc,metaspace] GC(128) Metaspace: 167434K(169216K)->167434K(169216K) NonClass: 140845K(141824K)->140845K(141824K) Class: 26589K(27392K)->26589K(27392K)
[2026-09-19T01:06:28.701+0000][341.271s][info][gc          ] GC(128) Pause Young (Normal) (G1 Evacuation Pause) 6905M->3863M(7288M) 169.858ms
[2026-09-19T01:06:28.701+0000][341.271s][info][gc,cpu      ] GC(128) User=0.68s Sys=0.00s Real=0.17s
[2026-09-19T01:06:31.224+0000][343.793s][info][gc,marking  ] GC(127) Concurrent Rebuild Remembered Sets and Scrub Regions 3561.194ms
[2026-09-19T01:06:31.224+0000][343.794s][info][gc,start    ] GC(127) Pause Cleanup
[2026-09-19T01:06:31.225+0000][343.794s][info][gc          ] GC(127) Pause Cleanup 4887M->4887M(7288M) 0.305ms
[2026-09-19T01:06:31.225+0000][343.794s][info][gc,cpu      ] GC(127) User=0.00s Sys=0.00s Real=0.01s
[2026-09-19T01:06:31.226+0000][343.795s][info][gc,marking  ] GC(127) Concurrent Clear Claimed Marks
[2026-09-19T01:06:31.226+0000][343.795s][info][gc,marking  ] GC(127) Concurrent Clear Claimed Marks 0.204ms
[2026-09-19T01:06:31.226+0000][343.795s][info][gc,marking  ] GC(127) Concurrent Cleanup for Next Mark
[2026-09-19T01:06:31.233+0000][343.802s][info][gc,marking  ] GC(127) Concurrent Cleanup for Next Mark 7.030ms
[2026-09-19T01:06:31.233+0000][343.802s][info][gc          ] GC(127) Concurrent Mark Cycle 8171.035ms
[2026-09-19T01:06:34.754+0000][347.324s][info][gc,start    ] GC(129) Pause Young (Prepare Mixed) (G1 Evacuation Pause)
[2026-09-19T01:06:34.754+0000][347.324s][info][gc,task     ] GC(129) Using 4 workers of 4 for evacuation
[2026-09-19T01:06:34.927+0000][347.496s][info][gc,phases   ] GC(129)   Pre Evacuate Collection Set: 0.17ms
[2026-09-19T01:06:34.927+0000][347.496s][info][gc,phases   ] GC(129)   Merge Heap Roots: 9.04ms
[2026-09-19T01:06:34.927+0000][347.496s][info][gc,phases   ] GC(129)   Evacuate Collection Set: 161.51ms
[2026-09-19T01:06:34.927+0000][347.496s][info][gc,phases   ] GC(129)   Post Evacuate Collection Set: 1.80ms
[2026-09-19T01:06:34.927+0000][347.496s][info][gc,phases   ] GC(129)   Other: 0.08ms
[2026-09-19T01:06:34.927+0000][347.496s][info][gc,heap     ] GC(129) Eden regions: 380->0(379)
[2026-09-19T01:06:34.927+0000][347.496s][info][gc,heap     ] GC(129) Survivor regions: 28->27(51)
[2026-09-19T01:06:34.927+0000][347.496s][info][gc,heap     ] GC(129) Old regions: 448->450
[2026-09-19T01:06:34.927+0000][347.496s][info][gc,heap     ] GC(129) Humongous regions: 8->8
[2026-09-19T01:06:34.927+0000][347.496s][info][gc,metaspace] GC(129) Metaspace: 167446K(169216K)->167446K(169216K) NonClass: 140856K(141824K)->140856K(141824K) Class: 26589K(27392K)->26589K(27392K)
[2026-09-19T01:06:34.927+0000][347.496s][info][gc          ] GC(129) Pause Young (Prepare Mixed) (G1 Evacuation Pause) 6903M->3876M(7288M) 172.744ms
[2026-09-19T01:06:34.927+0000][347.496s][info][gc,cpu      ] GC(129) User=0.68s Sys=0.00s Real=0.18s
[2026-09-19T01:06:39.391+0000][351.960s][info][gc,start    ] GC(130) Pause Young (Mixed) (G1 Evacuation Pause)
[2026-09-19T01:06:39.391+0000][351.960s][info][gc,task     ] GC(130) Using 4 workers of 4 for evacuation
[2026-09-19T01:06:39.564+0000][352.134s][info][gc,phases   ] GC(130)   Pre Evacuate Collection Set: 0.18ms
[2026-09-19T01:06:39.564+0000][352.134s][info][gc,phases   ] GC(130)   Merge Heap Roots: 6.73ms
[2026-09-19T01:06:39.564+0000][352.134s][info][gc,phases   ] GC(130)   Evacuate Collection Set: 164.29ms
[2026-09-19T01:06:39.564+0000][352.134s][info][gc,phases   ] GC(130)   Post Evacuate Collection Set: 1.83ms
[2026-09-19T01:06:39.564+0000][352.134s][info][gc,phases   ] GC(130)   Other: 0.06ms
[2026-09-19T01:06:39.564+0000][352.134s][info][gc,heap     ] GC(130) Eden regions: 379->0(380)
[2026-09-19T01:06:39.564+0000][352.134s][info][gc,heap     ] GC(130) Survivor regions: 27->27(51)
[2026-09-19T01:06:39.564+0000][352.134s][info][gc,heap     ] GC(130) Old regions: 450->449
[2026-09-19T01:06:39.564+0000][352.134s][info][gc,heap     ] GC(130) Humongous regions: 8->8
[2026-09-19T01:06:39.564+0000][352.134s][info][gc,metaspace] GC(130) Metaspace: 167455K(169280K)->167455K(169280K) NonClass: 140865K(141888K)->140865K(141888K) Class: 26590K(27392K)->26590K(27392K)
[2026-09-19T01:06:39.564+0000][352.134s][info][gc          ] GC(130) Pause Young (Mixed) (G1 Evacuation Pause) 6908M->3867M(7288M) 173.245ms
[2026-09-19T01:06:39.564+0000][352.134s][info][gc,cpu      ] GC(130) User=0.69s Sys=0.00s Real=0.17s
[2026-09-19T01:06:44.220+0000][356.789s][info][gc,start    ] GC(131) Pause Young (Concurrent Start) (G1 Evacuation Pause)
[2026-09-19T01:06:44.220+0000][356.789s][info][gc,task     ] GC(131) Using 4 workers of 4 for evacuation
[2026-09-19T01:06:44.380+0000][356.950s][info][gc,phases   ] GC(131)   Pre Evacuate Collection Set: 0.18ms
[2026-09-19T01:06:44.380+0000][356.950s][info][gc,phases   ] GC(131)   Merge Heap Roots: 6.84ms
[2026-09-19T01:06:44.380+0000][356.950s][info][gc,phases   ] GC(131)   Evacuate Collection Set: 151.71ms
[2026-09-19T01:06:44.380+0000][356.950s][info][gc,phases   ] GC(131)   Post Evacuate Collection Set: 1.74ms
[2026-09-19T01:06:44.380+0000][356.950s][info][gc,phases   ] GC(131)   Other: 0.10ms
[2026-09-19T01:06:44.380+0000][356.950s][info][gc,heap     ] GC(131) Eden regions: 380->0(379)
[2026-09-19T01:06:44.380+0000][356.950s][info][gc,heap     ] GC(131) Survivor regions: 27->26(51)
[2026-09-19T01:06:44.380+0000][356.950s][info][gc,heap     ] GC(131) Old regions: 449->451
[2026-09-19T01:06:44.380+0000][356.950s][info][gc,heap     ] GC(131) Humongous regions: 8->8
[2026-09-19T01:06:44.380+0000][356.950s][info][gc,metaspace] GC(131) Metaspace: 167458K(169280K)->167458K(169280K) NonClass: 140868K(141888K)->140868K(141888K) Class: 26590K(27392K)->26590K(27392K)
[2026-09-19T01:06:44.380+0000][356.950s][info][gc          ] GC(131) Pause Young (Concurrent Start) (G1 Evacuation Pause) 6907M->3880M(7288M) 160.738ms
[2026-09-19T01:06:44.380+0000][356.950s][info][gc,cpu      ] GC(131) User=0.64s Sys=0.00s Real=0.16s
[2026-09-19T01:06:44.380+0000][356.950s][info][gc          ] GC(132) Concurrent Mark Cycle
[2026-09-19T01:06:44.380+0000][356.950s][info][gc,marking  ] GC(132) Concurrent Scan Root Regions
[2026-09-19T01:06:44.646+0000][357.215s][info][gc,marking  ] GC(132) Concurrent Scan Root Regions 265.538ms
[2026-09-19T01:06:44.646+0000][357.215s][info][gc,marking  ] GC(132) Concurrent Mark
[2026-09-19T01:06:44.646+0000][357.215s][info][gc,marking  ] GC(132) Concurrent Mark From Roots
[2026-09-19T01:06:44.646+0000][357.215s][info][gc,task     ] GC(132) Using 1 workers of 1 for marking
[2026-09-19T01:06:48.908+0000][361.477s][info][gc,marking  ] GC(132) Concurrent Mark From Roots 4261.663ms
[2026-09-19T01:06:48.908+0000][361.477s][info][gc,marking  ] GC(132) Concurrent Preclean
[2026-09-19T01:06:48.908+0000][361.478s][info][gc,marking  ] GC(132) Concurrent Preclean 0.620ms
[2026-09-19T01:06:48.908+0000][361.478s][info][gc,start    ] GC(132) Pause Remark
[2026-09-19T01:06:48.920+0000][361.490s][info][gc          ] GC(132) Pause Remark 6268M->6268M(7288M) 11.632ms
[2026-09-19T01:06:48.920+0000][361.490s][info][gc,cpu      ] GC(132) User=0.04s Sys=0.00s Real=0.01s
[2026-09-19T01:06:48.920+0000][361.490s][info][gc,marking  ] GC(132) Concurrent Mark 4274.288ms
[2026-09-19T01:06:48.920+0000][361.490s][info][gc,marking  ] GC(132) Concurrent Rebuild Remembered Sets and Scrub Regions
[2026-09-19T01:06:50.387+0000][362.956s][info][gc,start    ] GC(133) Pause Young (Normal) (G1 Evacuation Pause)
[2026-09-19T01:06:50.387+0000][362.956s][info][gc,task     ] GC(133) Using 4 workers of 4 for evacuation
[2026-09-19T01:06:50.555+0000][363.124s][info][gc,phases   ] GC(133)   Pre Evacuate Collection Set: 0.15ms
[2026-09-19T01:06:50.555+0000][363.124s][info][gc,phases   ] GC(133)   Merge Heap Roots: 6.70ms
[2026-09-19T01:06:50.555+0000][363.124s][info][gc,phases   ] GC(133)   Evacuate Collection Set: 158.34ms
[2026-09-19T01:06:50.555+0000][363.124s][info][gc,phases   ] GC(133)   Post Evacuate Collection Set: 2.35ms
[2026-09-19T01:06:50.555+0000][363.124s][info][gc,phases   ] GC(133)   Other: 0.06ms
[2026-09-19T01:06:50.555+0000][363.124s][info][gc,heap     ] GC(133) Eden regions: 379->0(376)
[2026-09-19T01:06:50.555+0000][363.124s][info][gc,heap     ] GC(133) Survivor regions: 26->27(51)
[2026-09-19T01:06:50.555+0000][363.124s][info][gc,heap     ] GC(133) Old regions: 451->453
[2026-09-19T01:06:50.555+0000][363.124s][info][gc,heap     ] GC(133) Humongous regions: 8->8
[2026-09-19T01:06:50.555+0000][363.124s][info][gc,metaspace] GC(133) Metaspace: 167514K(169280K)->167514K(169280K) NonClass: 140915K(141888K)->140915K(141888K) Class: 26598K(27392K)->26598K(27392K)
[2026-09-19T01:06:50.555+0000][363.124s][info][gc          ] GC(133) Pause Young (Normal) (G1 Evacuation Pause) 6912M->3904M(7288M) 167.782ms
[2026-09-19T01:06:50.555+0000][363.124s][info][gc,cpu      ] GC(133) User=0.67s Sys=0.00s Real=0.17s
[2026-09-19T01:06:52.148+0000][364.717s][info][gc,marking  ] GC(132) Concurrent Rebuild Remembered Sets and Scrub Regions 3227.360ms
[2026-09-19T01:06:52.150+0000][364.719s][info][gc,start    ] GC(132) Pause Cleanup
[2026-09-19T01:06:52.150+0000][364.719s][info][gc          ] GC(132) Pause Cleanup 4800M->4800M(7288M) 0.331ms
[2026-09-19T01:06:52.150+0000][364.719s][info][gc,cpu      ] GC(132) User=0.00s Sys=0.00s Real=0.00s
[2026-09-19T01:06:52.150+0000][364.720s][info][gc,marking  ] GC(132) Concurrent Clear Claimed Marks
[2026-09-19T01:06:52.150+0000][364.720s][info][gc,marking  ] GC(132) Concurrent Clear Claimed Marks 0.219ms
[2026-09-19T01:06:52.151+0000][364.720s][info][gc,marking  ] GC(132) Concurrent Cleanup for Next Mark
[2026-09-19T01:06:52.165+0000][364.735s][info][gc,marking  ] GC(132) Concurrent Cleanup for Next Mark 14.578ms
[2026-09-19T01:06:52.165+0000][364.735s][info][gc          ] GC(132) Concurrent Mark Cycle 7784.879ms
[2026-09-19T01:06:55.365+0000][367.935s][info][gc,start    ] GC(134) Pause Young (Prepare Mixed) (G1 Evacuation Pause)
[2026-09-19T01:06:55.365+0000][367.935s][info][gc,task     ] GC(134) Using 4 workers of 4 for evacuation
[2026-09-19T01:06:55.527+0000][368.097s][info][gc,phases   ] GC(134)   Pre Evacuate Collection Set: 0.17ms
[2026-09-19T01:06:55.528+0000][368.097s][info][gc,phases   ] GC(134)   Merge Heap Roots: 6.55ms
[2026-09-19T01:06:55.528+0000][368.097s][info][gc,phases   ] GC(134)   Evacuate Collection Set: 153.74ms
[2026-09-19T01:06:55.528+0000][368.097s][info][gc,phases   ] GC(134)   Post Evacuate Collection Set: 1.76ms
[2026-09-19T01:06:55.528+0000][368.097s][info][gc,phases   ] GC(134)   Other: 0.07ms
[2026-09-19T01:06:55.528+0000][368.097s][info][gc,heap     ] GC(134) Eden regions: 376->0(372)
[2026-09-19T01:06:55.528+0000][368.097s][info][gc,heap     ] GC(134) Survivor regions: 27->28(51)
[2026-09-19T01:06:55.528+0000][368.097s][info][gc,heap     ] GC(134) Old regions: 453->456
[2026-09-19T01:06:55.528+0000][368.097s][info][gc,heap     ] GC(134) Humongous regions: 8->8
[2026-09-19T01:06:55.528+0000][368.097s][info][gc,metaspace] GC(134) Metaspace: 167646K(169408K)->167646K(169408K) NonClass: 141031K(142016K)->141031K(142016K) Class: 26614K(27392K)->26614K(27392K)
[2026-09-19T01:06:55.528+0000][368.097s][info][gc          ] GC(134) Pause Young (Prepare Mixed) (G1 Evacuation Pause) 6912M->3924M(7288M) 162.506ms
[2026-09-19T01:06:55.528+0000][368.097s][info][gc,cpu      ] GC(134) User=0.65s Sys=0.00s Real=0.16s
[2026-09-19T01:07:00.135+0000][372.705s][info][gc,start    ] GC(135) Pause Young (Mixed) (G1 Evacuation Pause)
[2026-09-19T01:07:00.135+0000][372.705s][info][gc,task     ] GC(135) Using 4 workers of 4 for evacuation
[2026-09-19T01:07:00.319+0000][372.888s][info][gc,phases   ] GC(135)   Pre Evacuate Collection Set: 0.18ms
[2026-09-19T01:07:00.319+0000][372.888s][info][gc,phases   ] GC(135)   Merge Heap Roots: 6.73ms
[2026-09-19T01:07:00.319+0000][372.888s][info][gc,phases   ] GC(135)   Evacuate Collection Set: 175.05ms
[2026-09-19T01:07:00.319+0000][372.889s][info][gc,phases   ] GC(135)   Post Evacuate Collection Set: 1.80ms
[2026-09-19T01:07:00.319+0000][372.889s][info][gc,phases   ] GC(135)   Other: 0.06ms
[2026-09-19T01:07:00.319+0000][372.889s][info][gc,heap     ] GC(135) Eden regions: 372->0(375)
[2026-09-19T01:07:00.319+0000][372.889s][info][gc,heap     ] GC(135) Survivor regions: 28->28(50)
[2026-09-19T01:07:00.319+0000][372.889s][info][gc,heap     ] GC(135) Old regions: 456->453
[2026-09-19T01:07:00.319+0000][372.889s][info][gc,heap     ] GC(135) Humongous regions: 8->8
[2026-09-19T01:07:00.319+0000][372.889s][info][gc,metaspace] GC(135) Metaspace: 167650K(169408K)->167650K(169408K) NonClass: 141035K(142016K)->141035K(142016K) Class: 26614K(27392K)->26614K(27392K)
[2026-09-19T01:07:00.319+0000][372.889s][info][gc          ] GC(135) Pause Young (Mixed) (G1 Evacuation Pause) 6900M->3910M(7288M) 183.992ms
[2026-09-19T01:07:00.319+0000][372.889s][info][gc,cpu      ] GC(135) User=0.70s Sys=0.03s Real=0.18s
[2026-09-19T01:07:05.115+0000][377.684s][info][gc,start    ] GC(136) Pause Young (Concurrent Start) (G1 Evacuation Pause)
[2026-09-19T01:07:05.115+0000][377.684s][info][gc,task     ] GC(136) Using 4 workers of 4 for evacuation
[2026-09-19T01:07:05.281+0000][377.850s][info][gc,phases   ] GC(136)   Pre Evacuate Collection Set: 0.19ms
[2026-09-19T01:07:05.281+0000][377.850s][info][gc,phases   ] GC(136)   Merge Heap Roots: 6.70ms
[2026-09-19T01:07:05.281+0000][377.850s][info][gc,phases   ] GC(136)   Evacuate Collection Set: 156.98ms
[2026-09-19T01:07:05.281+0000][377.850s][info][gc,phases   ] GC(136)   Post Evacuate Collection Set: 1.81ms
[2026-09-19T01:07:05.281+0000][377.850s][info][gc,phases   ] GC(136)   Other: 0.10ms
[2026-09-19T01:07:05.281+0000][377.850s][info][gc,heap     ] GC(136) Eden regions: 375->0(371)
[2026-09-19T01:07:05.281+0000][377.850s][info][gc,heap     ] GC(136) Survivor regions: 28->29(51)
[2026-09-19T01:07:05.281+0000][377.850s][info][gc,heap     ] GC(136) Old regions: 453->456
[2026-09-19T01:07:05.281+0000][377.850s][info][gc,heap     ] GC(136) Humongous regions: 8->8
[2026-09-19T01:07:05.281+0000][377.850s][info][gc,metaspace] GC(136) Metaspace: 167673K(169472K)->167673K(169472K) NonClass: 141058K(142080K)->141058K(142080K) Class: 26615K(27392K)->26615K(27392K)
[2026-09-19T01:07:05.281+0000][377.850s][info][gc          ] GC(136) Pause Young (Concurrent Start) (G1 Evacuation Pause) 6910M->3934M(7288M) 165.920ms
[2026-09-19T01:07:05.281+0000][377.850s][info][gc,cpu      ] GC(136) User=0.66s Sys=0.00s Real=0.16s
[2026-09-19T01:07:05.281+0000][377.850s][info][gc          ] GC(137) Concurrent Mark Cycle
[2026-09-19T01:07:05.281+0000][377.850s][info][gc,marking  ] GC(137) Concurrent Scan Root Regions
[2026-09-19T01:07:05.409+0000][377.978s][info][gc,marking  ] GC(137) Concurrent Scan Root Regions 127.899ms
[2026-09-19T01:07:05.409+0000][377.978s][info][gc,marking  ] GC(137) Concurrent Mark
[2026-09-19T01:07:05.409+0000][377.978s][info][gc,marking  ] GC(137) Concurrent Mark From Roots
[2026-09-19T01:07:05.409+0000][377.978s][info][gc,task     ] GC(137) Using 1 workers of 1 for marking
[2026-09-19T01:07:09.429+0000][381.998s][info][gc,marking  ] GC(137) Concurrent Mark From Roots 4019.705ms
[2026-09-19T01:07:09.429+0000][381.998s][info][gc,marking  ] GC(137) Concurrent Preclean
[2026-09-19T01:07:09.429+0000][381.999s][info][gc,marking  ] GC(137) Concurrent Preclean 0.674ms
[2026-09-19T01:07:09.430+0000][381.999s][info][gc,start    ] GC(137) Pause Remark
[2026-09-19T01:07:09.440+0000][382.009s][info][gc          ] GC(137) Pause Remark 5930M->5930M(7288M) 10.309ms
[2026-09-19T01:07:09.440+0000][382.010s][info][gc,cpu      ] GC(137) User=0.03s Sys=0.00s Real=0.01s
[2026-09-19T01:07:09.440+0000][382.010s][info][gc,marking  ] GC(137) Concurrent Mark 4031.322ms
[2026-09-19T01:07:09.440+0000][382.010s][info][gc,marking  ] GC(137) Concurrent Rebuild Remembered Sets and Scrub Regions
[2026-09-19T01:07:11.734+0000][384.303s][info][gc,start    ] GC(138) Pause Young (Normal) (G1 Evacuation Pause)
[2026-09-19T01:07:11.734+0000][384.303s][info][gc,task     ] GC(138) Using 4 workers of 4 for evacuation
[2026-09-19T01:07:11.907+0000][384.477s][info][gc,phases   ] GC(138)   Pre Evacuate Collection Set: 0.19ms
[2026-09-19T01:07:11.907+0000][384.477s][info][gc,phases   ] GC(138)   Merge Heap Roots: 8.14ms
[2026-09-19T01:07:11.907+0000][384.477s][info][gc,phases   ] GC(138)   Evacuate Collection Set: 162.17ms
[2026-09-19T01:07:11.907+0000][384.477s][info][gc,phases   ] GC(138)   Post Evacuate Collection Set: 2.54ms
[2026-09-19T01:07:11.907+0000][384.477s][info][gc,phases   ] GC(138)   Other: 0.07ms
[2026-09-19T01:07:11.907+0000][384.477s][info][gc,heap     ] GC(138) Eden regions: 371->0(369)
[2026-09-19T01:07:11.907+0000][384.477s][info][gc,heap     ] GC(138) Survivor regions: 29->27(50)
[2026-09-19T01:07:11.907+0000][384.477s][info][gc,heap     ] GC(138) Old regions: 456->460
[2026-09-19T01:07:11.907+0000][384.477s][info][gc,heap     ] GC(138) Humongous regions: 8->8
[2026-09-19T01:07:11.907+0000][384.477s][info][gc,metaspace] GC(138) Metaspace: 167694K(169472K)->167694K(169472K) NonClass: 141078K(142080K)->141078K(142080K) Class: 26616K(27392K)->26616K(27392K)
[2026-09-19T01:07:11.907+0000][384.477s][info][gc          ] GC(138) Pause Young (Normal) (G1 Evacuation Pause) 6902M->3949M(7288M) 173.274ms
[2026-09-19T01:07:11.907+0000][384.477s][info][gc,cpu      ] GC(138) User=0.68s Sys=0.00s Real=0.18s
[2026-09-19T01:07:12.488+0000][385.057s][info][gc,marking  ] GC(137) Concurrent Rebuild Remembered Sets and Scrub Regions 3047.729ms
[2026-09-19T01:07:12.488+0000][385.058s][info][gc,start    ] GC(137) Pause Cleanup
[2026-09-19T01:07:12.488+0000][385.058s][info][gc          ] GC(137) Pause Cleanup 4265M->4265M(7288M) 0.281ms
[2026-09-19T01:07:12.488+0000][385.058s][info][gc,cpu      ] GC(137) User=0.01s Sys=0.00s Real=0.00s
[2026-09-19T01:07:12.488+0000][385.058s][info][gc,marking  ] GC(137) Concurrent Clear Claimed Marks
[2026-09-19T01:07:12.489+0000][385.058s][info][gc,marking  ] GC(137) Concurrent Clear Claimed Marks 0.221ms
[2026-09-19T01:07:12.489+0000][385.058s][info][gc,marking  ] GC(137) Concurrent Cleanup for Next Mark
[2026-09-19T01:07:12.495+0000][385.065s][info][gc,marking  ] GC(137) Concurrent Cleanup for Next Mark 6.396ms
[2026-09-19T01:07:12.495+0000][385.065s][info][gc          ] GC(137) Concurrent Mark Cycle 7214.294ms
[2026-09-19T01:07:16.487+0000][389.056s][info][gc,start    ] GC(139) Pause Young (Prepare Mixed) (G1 Evacuation Pause)
[2026-09-19T01:07:16.487+0000][389.056s][info][gc,task     ] GC(139) Using 4 workers of 4 for evacuation
[2026-09-19T01:07:16.651+0000][389.220s][info][gc,phases   ] GC(139)   Pre Evacuate Collection Set: 0.16ms
[2026-09-19T01:07:16.651+0000][389.220s][info][gc,phases   ] GC(139)   Merge Heap Roots: 6.18ms
[2026-09-19T01:07:16.651+0000][389.220s][info][gc,phases   ] GC(139)   Evacuate Collection Set: 155.82ms
[2026-09-19T01:07:16.651+0000][389.220s][info][gc,phases   ] GC(139)   Post Evacuate Collection Set: 1.95ms
[2026-09-19T01:07:16.651+0000][389.220s][info][gc,phases   ] GC(139)   Other: 0.06ms
[2026-09-19T01:07:16.651+0000][389.220s][info][gc,heap     ] GC(139) Eden regions: 369->0(367)
[2026-09-19T01:07:16.651+0000][389.220s][info][gc,heap     ] GC(139) Survivor regions: 27->27(50)
[2026-09-19T01:07:16.651+0000][389.220s][info][gc,heap     ] GC(139) Old regions: 460->462
[2026-09-19T01:07:16.651+0000][389.220s][info][gc,heap     ] GC(139) Humongous regions: 8->8
[2026-09-19T01:07:16.651+0000][389.220s][info][gc,metaspace] GC(139) Metaspace: 167703K(169472K)->167703K(169472K) NonClass: 141087K(142080K)->141087K(142080K) Class: 26616K(27392K)->26616K(27392K)
[2026-09-19T01:07:16.651+0000][389.220s][info][gc          ] GC(139) Pause Young (Prepare Mixed) (G1 Evacuation Pause) 6901M->3965M(7288M) 164.343ms
[2026-09-19T01:07:16.651+0000][389.220s][info][gc,cpu      ] GC(139) User=0.63s Sys=0.02s Real=0.16s
[2026-09-19T01:07:21.428+0000][393.997s][info][gc,start    ] GC(140) Pause Young (Mixed) (G1 Evacuation Pause)
[2026-09-19T01:07:21.428+0000][393.997s][info][gc,task     ] GC(140) Using 4 workers of 4 for evacuation
[2026-09-19T01:07:21.618+0000][394.188s][info][gc,phases   ] GC(140)   Pre Evacuate Collection Set: 0.19ms
[2026-09-19T01:07:21.618+0000][394.188s][info][gc,phases   ] GC(140)   Merge Heap Roots: 7.39ms
[2026-09-19T01:07:21.619+0000][394.188s][info][gc,phases   ] GC(140)   Evacuate Collection Set: 169.31ms
[2026-09-19T01:07:21.619+0000][394.188s][info][gc,phases   ] GC(140)   Merge Optional Heap Roots: 0.30ms
[2026-09-19T01:07:21.619+0000][394.188s][info][gc,phases   ] GC(140)   Evacuate Optional Collection Set: 11.46ms
[2026-09-19T01:07:21.619+0000][394.188s][info][gc,phases   ] GC(140)   Post Evacuate Collection Set: 2.08ms
[2026-09-19T01:07:21.619+0000][394.188s][info][gc,phases   ] GC(140)   Other: -0.02ms
[2026-09-19T01:07:21.619+0000][394.188s][info][gc,heap     ] GC(140) Eden regions: 367->0(369)
[2026-09-19T01:07:21.619+0000][394.188s][info][gc,heap     ] GC(140) Survivor regions: 27->28(50)
[2026-09-19T01:07:21.619+0000][394.188s][info][gc,heap     ] GC(140) Old regions: 462->459
[2026-09-19T01:07:21.619+0000][394.188s][info][gc,heap     ] GC(140) Humongous regions: 8->8
[2026-09-19T01:07:21.619+0000][394.188s][info][gc,metaspace] GC(140) Metaspace: 167707K(169472K)->167707K(169472K) NonClass: 141091K(142080K)->141091K(142080K) Class: 26616K(27392K)->26616K(27392K)
[2026-09-19T01:07:21.619+0000][394.188s][info][gc          ] GC(140) Pause Young (Mixed) (G1 Evacuation Pause) 6901M->3949M(7288M) 190.914ms
[2026-09-19T01:07:21.619+0000][394.188s][info][gc,cpu      ] GC(140) User=0.76s Sys=0.00s Real=0.19s
[2026-09-19T01:07:26.229+0000][398.798s][info][gc,start    ] GC(141) Pause Young (Concurrent Start) (G1 Evacuation Pause)
[2026-09-19T01:07:26.229+0000][398.798s][info][gc,task     ] GC(141) Using 4 workers of 4 for evacuation
[2026-09-19T01:07:26.390+0000][398.960s][info][gc,phases   ] GC(141)   Pre Evacuate Collection Set: 0.19ms
[2026-09-19T01:07:26.390+0000][398.960s][info][gc,phases   ] GC(141)   Merge Heap Roots: 6.67ms
[2026-09-19T01:07:26.390+0000][398.960s][info][gc,phases   ] GC(141)   Evacuate Collection Set: 153.03ms
[2026-09-19T01:07:26.390+0000][398.960s][info][gc,phases   ] GC(141)   Post Evacuate Collection Set: 1.75ms
[2026-09-19T01:07:26.390+0000][398.960s][info][gc,phases   ] GC(141)   Other: 0.09ms
[2026-09-19T01:07:26.390+0000][398.960s][info][gc,heap     ] GC(141) Eden regions: 369->0(367)
[2026-09-19T01:07:26.390+0000][398.960s][info][gc,heap     ] GC(141) Survivor regions: 28->28(50)
[2026-09-19T01:07:26.390+0000][398.960s][info][gc,heap     ] GC(141) Old regions: 459->461
[2026-09-19T01:07:26.390+0000][398.960s][info][gc,heap     ] GC(141) Humongous regions: 8->8
[2026-09-19T01:07:26.390+0000][398.960s][info][gc,metaspace] GC(141) Metaspace: 167714K(169472K)->167714K(169472K) NonClass: 141098K(142080K)->141098K(142080K) Class: 26616K(27392K)->26616K(27392K)
[2026-09-19T01:07:26.390+0000][398.960s][info][gc          ] GC(141) Pause Young (Concurrent Start) (G1 Evacuation Pause) 6901M->3972M(7288M) 161.886ms
[2026-09-19T01:07:26.390+0000][398.960s][info][gc,cpu      ] GC(141) User=0.64s Sys=0.00s Real=0.16s
[2026-09-19T01:07:26.390+0000][398.960s][info][gc          ] GC(142) Concurrent Mark Cycle
[2026-09-19T01:07:26.390+0000][398.960s][info][gc,marking  ] GC(142) Concurrent Scan Root Regions
[2026-09-19T01:07:26.591+0000][399.160s][info][gc,marking  ] GC(142) Concurrent Scan Root Regions 200.072ms
[2026-09-19T01:07:26.591+0000][399.160s][info][gc,marking  ] GC(142) Concurrent Mark
[2026-09-19T01:07:26.591+0000][399.160s][info][gc,marking  ] GC(142) Concurrent Mark From Roots
[2026-09-19T01:07:26.591+0000][399.160s][info][gc,task     ] GC(142) Using 1 workers of 1 for marking
[2026-09-19T01:07:30.884+0000][403.454s][info][gc,marking  ] GC(142) Concurrent Mark From Roots 4293.816ms
[2026-09-19T01:07:30.884+0000][403.454s][info][gc,marking  ] GC(142) Concurrent Preclean
[2026-09-19T01:07:30.885+0000][403.455s][info][gc,marking  ] GC(142) Concurrent Preclean 0.677ms
[2026-09-19T01:07:30.885+0000][403.455s][info][gc,start    ] GC(142) Pause Remark
[2026-09-19T01:07:30.894+0000][403.464s][info][gc          ] GC(142) Pause Remark 6208M->6208M(7288M) 8.771ms
[2026-09-19T01:07:30.894+0000][403.464s][info][gc,cpu      ] GC(142) User=0.03s Sys=0.00s Real=0.00s
[2026-09-19T01:07:30.894+0000][403.464s][info][gc,marking  ] GC(142) Concurrent Mark 4303.617ms
[2026-09-19T01:07:30.894+0000][403.464s][info][gc,marking  ] GC(142) Concurrent Rebuild Remembered Sets and Scrub Regions
[2026-09-19T01:07:32.257+0000][404.826s][info][gc,start    ] GC(143) Pause Young (Normal) (G1 Evacuation Pause)
[2026-09-19T01:07:32.257+0000][404.826s][info][gc,task     ] GC(143) Using 4 workers of 4 for evacuation
[2026-09-19T01:07:32.430+0000][405.000s][info][gc,phases   ] GC(143)   Pre Evacuate Collection Set: 0.15ms
[2026-09-19T01:07:32.431+0000][405.000s][info][gc,phases   ] GC(143)   Merge Heap Roots: 7.40ms
[2026-09-19T01:07:32.431+0000][405.000s][info][gc,phases   ] GC(143)   Evacuate Collection Set: 163.80ms
[2026-09-19T01:07:32.431+0000][405.000s][info][gc,phases   ] GC(143)   Post Evacuate Collection Set: 2.32ms
[2026-09-19T01:07:32.431+0000][405.000s][info][gc,phases   ] GC(143)   Other: 0.06ms
[2026-09-19T01:07:32.431+0000][405.000s][info][gc,heap     ] GC(143) Eden regions: 367->0(365)
[2026-09-19T01:07:32.431+0000][405.000s][info][gc,heap     ] GC(143) Survivor regions: 28->28(50)
[2026-09-19T01:07:32.431+0000][405.000s][info][gc,heap     ] GC(143) Old regions: 461->463
[2026-09-19T01:07:32.431+0000][405.000s][info][gc,heap     ] GC(143) Humongous regions: 8->8
[2026-09-19T01:07:32.431+0000][405.000s][info][gc,metaspace] GC(143) Metaspace: 167724K(169472K)->167724K(169472K) NonClass: 141107K(142080K)->141107K(142080K) Class: 26616K(27392K)->26616K(27392K)
[2026-09-19T01:07:32.431+0000][405.000s][info][gc          ] GC(143) Pause Young (Normal) (G1 Evacuation Pause) 6908M->3988M(7288M) 173.915ms
[2026-09-19T01:07:32.431+0000][405.000s][info][gc,cpu      ] GC(143) User=0.69s Sys=0.00s Real=0.17s
[2026-09-19T01:07:34.073+0000][406.642s][info][gc,marking  ] GC(142) Concurrent Rebuild Remembered Sets and Scrub Regions 3178.338ms
[2026-09-19T01:07:34.073+0000][406.642s][info][gc,start    ] GC(142) Pause Cleanup
[2026-09-19T01:07:34.073+0000][406.642s][info][gc          ] GC(142) Pause Cleanup 4708M->4708M(7288M) 0.314ms
[2026-09-19T01:07:34.073+0000][406.643s][info][gc,cpu      ] GC(142) User=0.00s Sys=0.00s Real=0.00s
[2026-09-19T01:07:34.076+0000][406.645s][info][gc,marking  ] GC(142) Concurrent Clear Claimed Marks
[2026-09-19T01:07:34.076+0000][406.645s][info][gc,marking  ] GC(142) Concurrent Clear Claimed Marks 0.212ms
[2026-09-19T01:07:34.076+0000][406.645s][info][gc,marking  ] GC(142) Concurrent Cleanup for Next Mark
[2026-09-19T01:07:34.091+0000][406.660s][info][gc,marking  ] GC(142) Concurrent Cleanup for Next Mark 15.162ms
[2026-09-19T01:07:34.091+0000][406.660s][info][gc          ] GC(142) Concurrent Mark Cycle 7700.554ms
[2026-09-19T01:07:37.565+0000][410.134s][info][gc,start    ] GC(144) Pause Young (Prepare Mixed) (G1 Evacuation Pause)
[2026-09-19T01:07:37.565+0000][410.134s][info][gc,task     ] GC(144) Using 4 workers of 4 for evacuation
[2026-09-19T01:07:37.727+0000][410.296s][info][gc,phases   ] GC(144)   Pre Evacuate Collection Set: 0.19ms
[2026-09-19T01:07:37.727+0000][410.296s][info][gc,phases   ] GC(144)   Merge Heap Roots: 6.99ms
[2026-09-19T01:07:37.727+0000][410.296s][info][gc,phases   ] GC(144)   Evacuate Collection Set: 153.04ms
[2026-09-19T01:07:37.727+0000][410.296s][info][gc,phases   ] GC(144)   Post Evacuate Collection Set: 1.89ms
[2026-09-19T01:07:37.727+0000][410.296s][info][gc,phases   ] GC(144)   Other: 0.08ms
[2026-09-19T01:07:37.727+0000][410.296s][info][gc,heap     ] GC(144) Eden regions: 365->0(362)
[2026-09-19T01:07:37.727+0000][410.296s][info][gc,heap     ] GC(144) Survivor regions: 28->28(50)
[2026-09-19T01:07:37.727+0000][410.296s][info][gc,heap     ] GC(144) Old regions: 463->466
[2026-09-19T01:07:37.727+0000][410.296s][info][gc,heap     ] GC(144) Humongous regions: 8->8
[2026-09-19T01:07:37.727+0000][410.296s][info][gc,metaspace] GC(144) Metaspace: 167728K(169472K)->167728K(169472K) NonClass: 141111K(142080K)->141111K(142080K) Class: 26616K(27392K)->26616K(27392K)
[2026-09-19T01:07:37.727+0000][410.296s][info][gc          ] GC(144) Pause Young (Prepare Mixed) (G1 Evacuation Pause) 6908M->4005M(7288M) 162.328ms
[2026-09-19T01:07:37.727+0000][410.296s][info][gc,cpu      ] GC(144) User=0.64s Sys=0.00s Real=0.16s
[2026-09-19T01:07:42.449+0000][415.018s][info][gc,start    ] GC(145) Pause Young (Mixed) (G1 Evacuation Pause)
[2026-09-19T01:07:42.449+0000][415.018s][info][gc,task     ] GC(145) Using 4 workers of 4 for evacuation
[2026-09-19T01:07:42.630+0000][415.200s][info][gc,phases   ] GC(145)   Pre Evacuate Collection Set: 0.18ms
[2026-09-19T01:07:42.630+0000][415.200s][info][gc,phases   ] GC(145)   Merge Heap Roots: 6.47ms
[2026-09-19T01:07:42.630+0000][415.200s][info][gc,phases   ] GC(145)   Evacuate Collection Set: 168.55ms
[2026-09-19T01:07:42.630+0000][415.200s][info][gc,phases   ] GC(145)   Merge Optional Heap Roots: 0.16ms
[2026-09-19T01:07:42.630+0000][415.200s][info][gc,phases   ] GC(145)   Evacuate Optional Collection Set: 3.75ms
[2026-09-19T01:07:42.630+0000][415.200s][info][gc,phases   ] GC(145)   Post Evacuate Collection Set: 2.06ms
[2026-09-19T01:07:42.630+0000][415.200s][info][gc,phases   ] GC(145)   Other: 0.07ms
[2026-09-19T01:07:42.630+0000][415.200s][info][gc,heap     ] GC(145) Eden regions: 362->0(365)
[2026-09-19T01:07:42.630+0000][415.200s][info][gc,heap     ] GC(145) Survivor regions: 28->27(49)
[2026-09-19T01:07:42.630+0000][415.200s][info][gc,heap     ] GC(145) Old regions: 466->464
[2026-09-19T01:07:42.630+0000][415.200s][info][gc,heap     ] GC(145) Humongous regions: 8->8
[2026-09-19T01:07:42.630+0000][415.200s][info][gc,metaspace] GC(145) Metaspace: 167734K(169472K)->167734K(169472K) NonClass: 141118K(142080K)->141118K(142080K) Class: 26616K(27392K)->26616K(27392K)
[2026-09-19T01:07:42.630+0000][415.200s][info][gc          ] GC(145) Pause Young (Mixed) (G1 Evacuation Pause) 6901M->3983M(7288M) 181.413ms
[2026-09-19T01:07:42.630+0000][415.200s][info][gc,cpu      ] GC(145) User=0.72s Sys=0.00s Real=0.18s
[2026-09-19T01:07:48.191+0000][420.760s][info][gc,start    ] GC(146) Pause Young (Mixed) (G1 Evacuation Pause)
[2026-09-19T01:07:48.191+0000][420.760s][info][gc,task     ] GC(146) Using 4 workers of 4 for evacuation
[2026-09-19T01:07:48.362+0000][420.932s][info][gc,phases   ] GC(146)   Pre Evacuate Collection Set: 0.19ms
[2026-09-19T01:07:48.362+0000][420.932s][info][gc,phases   ] GC(146)   Merge Heap Roots: 6.92ms
[2026-09-19T01:07:48.362+0000][420.932s][info][gc,phases   ] GC(146)   Evacuate Collection Set: 162.74ms
[2026-09-19T01:07:48.362+0000][420.932s][info][gc,phases   ] GC(146)   Post Evacuate Collection Set: 1.78ms
[2026-09-19T01:07:48.362+0000][420.932s][info][gc,phases   ] GC(146)   Other: 0.08ms
[2026-09-19T01:07:48.362+0000][420.932s][info][gc,heap     ] GC(146) Eden regions: 365->0(365)
[2026-09-19T01:07:48.362+0000][420.932s][info][gc,heap     ] GC(146) Survivor regions: 27->26(49)
[2026-09-19T01:07:48.362+0000][420.932s][info][gc,heap     ] GC(146) Old regions: 464->465
[2026-09-19T01:07:48.362+0000][420.932s][info][gc,heap     ] GC(146) Humongous regions: 17->8
[2026-09-19T01:07:48.362+0000][420.932s][info][gc,metaspace] GC(146) Metaspace: 169592K(171328K)->169592K(171328K) NonClass: 142769K(143744K)->142769K(143744K) Class: 26823K(27584K)->26823K(27584K)
[2026-09-19T01:07:48.362+0000][420.932s][info][gc          ] GC(146) Pause Young (Mixed) (G1 Evacuation Pause) 6975M->3992M(7288M) 171.865ms
[2026-09-19T01:07:48.363+0000][420.932s][info][gc,cpu      ] GC(146) User=0.68s Sys=0.00s Real=0.17s
[2026-09-19T01:07:53.501+0000][426.070s][info][gc,start    ] GC(147) Pause Young (Concurrent Start) (G1 Evacuation Pause)
[2026-09-19T01:07:53.501+0000][426.070s][info][gc,task     ] GC(147) Using 4 workers of 4 for evacuation
[2026-09-19T01:07:53.660+0000][426.229s][info][gc,phases   ] GC(147)   Pre Evacuate Collection Set: 0.25ms
[2026-09-19T01:07:53.660+0000][426.229s][info][gc,phases   ] GC(147)   Merge Heap Roots: 6.36ms
[2026-09-19T01:07:53.660+0000][426.229s][info][gc,phases   ] GC(147)   Evacuate Collection Set: 150.25ms
[2026-09-19T01:07:53.660+0000][426.229s][info][gc,phases   ] GC(147)   Post Evacuate Collection Set: 1.77ms
[2026-09-19T01:07:53.660+0000][426.229s][info][gc,phases   ] GC(147)   Other: 0.12ms
[2026-09-19T01:07:53.660+0000][426.229s][info][gc,heap     ] GC(147) Eden regions: 365->0(363)
[2026-09-19T01:07:53.660+0000][426.229s][info][gc,heap     ] GC(147) Survivor regions: 26->25(49)
[2026-09-19T01:07:53.660+0000][426.229s][info][gc,heap     ] GC(147) Old regions: 465->468
[2026-09-19T01:07:53.660+0000][426.229s][info][gc,heap     ] GC(147) Humongous regions: 8->8
[2026-09-19T01:07:53.660+0000][426.229s][info][gc,metaspace] GC(147) Metaspace: 170248K(171968K)->170248K(171968K) NonClass: 143389K(144320K)->143389K(144320K) Class: 26859K(27648K)->26859K(27648K)
[2026-09-19T01:07:53.660+0000][426.229s][info][gc          ] GC(147) Pause Young (Concurrent Start) (G1 Evacuation Pause) 6912M->4007M(7288M) 158.926ms
[2026-09-19T01:07:53.660+0000][426.229s][info][gc,cpu      ] GC(147) User=0.63s Sys=0.00s Real=0.16s
[2026-09-19T01:07:53.660+0000][426.229s][info][gc          ] GC(148) Concurrent Mark Cycle
[2026-09-19T01:07:53.660+0000][426.229s][info][gc,marking  ] GC(148) Concurrent Scan Root Regions
[2026-09-19T01:07:53.743+0000][426.313s][info][gc,marking  ] GC(148) Concurrent Scan Root Regions 83.191ms
[2026-09-19T01:07:53.743+0000][426.313s][info][gc,marking  ] GC(148) Concurrent Mark
[2026-09-19T01:07:53.743+0000][426.313s][info][gc,marking  ] GC(148) Concurrent Mark From Roots
[2026-09-19T01:07:53.743+0000][426.313s][info][gc,task     ] GC(148) Using 1 workers of 1 for marking
[2026-09-19T01:07:57.617+0000][430.186s][info][gc,marking  ] GC(148) Concurrent Mark From Roots 3873.482ms
[2026-09-19T01:07:57.617+0000][430.186s][info][gc,marking  ] GC(148) Concurrent Preclean
[2026-09-19T01:07:57.617+0000][430.187s][info][gc,marking  ] GC(148) Concurrent Preclean 0.530ms
[2026-09-19T01:07:57.617+0000][430.187s][info][gc,start    ] GC(148) Pause Remark
[2026-09-19T01:07:57.628+0000][430.197s][info][gc          ] GC(148) Pause Remark 5839M->5839M(7288M) 10.257ms
[2026-09-19T01:07:57.628+0000][430.197s][info][gc,cpu      ] GC(148) User=0.03s Sys=0.00s Real=0.01s
[2026-09-19T01:07:57.628+0000][430.197s][info][gc,marking  ] GC(148) Concurrent Mark 3884.651ms
[2026-09-19T01:07:57.628+0000][430.197s][info][gc,marking  ] GC(148) Concurrent Rebuild Remembered Sets and Scrub Regions
[2026-09-19T01:08:00.114+0000][432.683s][info][gc,start    ] GC(149) Pause Young (Normal) (G1 Evacuation Pause)
[2026-09-19T01:08:00.114+0000][432.683s][info][gc,task     ] GC(149) Using 4 workers of 4 for evacuation
[2026-09-19T01:08:00.278+0000][432.847s][info][gc,phases   ] GC(149)   Pre Evacuate Collection Set: 0.19ms
[2026-09-19T01:08:00.278+0000][432.847s][info][gc,phases   ] GC(149)   Merge Heap Roots: 6.75ms
[2026-09-19T01:08:00.278+0000][432.847s][info][gc,phases   ] GC(149)   Evacuate Collection Set: 154.40ms
[2026-09-19T01:08:00.278+0000][432.847s][info][gc,phases   ] GC(149)   Post Evacuate Collection Set: 2.41ms
[2026-09-19T01:08:00.278+0000][432.847s][info][gc,phases   ] GC(149)   Other: 0.09ms
[2026-09-19T01:08:00.278+0000][432.847s][info][gc,heap     ] GC(149) Eden regions: 363->0(361)
[2026-09-19T01:08:00.278+0000][432.847s][info][gc,heap     ] GC(149) Survivor regions: 25->27(49)
[2026-09-19T01:08:00.278+0000][432.847s][info][gc,heap     ] GC(149) Old regions: 468->468
[2026-09-19T01:08:00.278+0000][432.847s][info][gc,heap     ] GC(149) Humongous regions: 8->8
[2026-09-19T01:08:00.278+0000][432.847s][info][gc,metaspace] GC(149) Metaspace: 170256K(172032K)->170256K(172032K) NonClass: 143396K(144384K)->143396K(144384K) Class: 26860K(27648K)->26860K(27648K)
[2026-09-19T01:08:00.278+0000][432.847s][info][gc          ] GC(149) Pause Young (Normal) (G1 Evacuation Pause) 6911M->4019M(7288M) 163.993ms
[2026-09-19T01:08:00.278+0000][432.847s][info][gc,cpu      ] GC(149) User=0.64s Sys=0.00s Real=0.17s
[2026-09-19T01:08:00.740+0000][433.309s][info][gc,marking  ] GC(148) Concurrent Rebuild Remembered Sets and Scrub Regions 3111.871ms
[2026-09-19T01:08:00.740+0000][433.309s][info][gc,start    ] GC(148) Pause Cleanup
[2026-09-19T01:08:00.740+0000][433.310s][info][gc          ] GC(148) Pause Cleanup 4259M->4259M(7288M) 0.335ms
[2026-09-19T01:08:00.740+0000][433.310s][info][gc,cpu      ] GC(148) User=0.01s Sys=0.00s Real=0.00s
[2026-09-19T01:08:00.740+0000][433.310s][info][gc,marking  ] GC(148) Concurrent Clear Claimed Marks
[2026-09-19T01:08:00.741+0000][433.310s][info][gc,marking  ] GC(148) Concurrent Clear Claimed Marks 0.267ms
[2026-09-19T01:08:00.741+0000][433.310s][info][gc,marking  ] GC(148) Concurrent Cleanup for Next Mark
[2026-09-19T01:08:00.747+0000][433.316s][info][gc,marking  ] GC(148) Concurrent Cleanup for Next Mark 6.359ms
[2026-09-19T01:08:00.747+0000][433.317s][info][gc          ] GC(148) Concurrent Mark Cycle 7087.158ms
[2026-09-19T01:08:05.454+0000][438.023s][info][gc,start    ] GC(150) Pause Young (Prepare Mixed) (G1 Evacuation Pause)
[2026-09-19T01:08:05.454+0000][438.023s][info][gc,task     ] GC(150) Using 4 workers of 4 for evacuation
[2026-09-19T01:08:05.617+0000][438.186s][info][gc,phases   ] GC(150)   Pre Evacuate Collection Set: 0.22ms
[2026-09-19T01:08:05.617+0000][438.186s][info][gc,phases   ] GC(150)   Merge Heap Roots: 6.28ms
[2026-09-19T01:08:05.617+0000][438.186s][info][gc,phases   ] GC(150)   Evacuate Collection Set: 154.44ms
[2026-09-19T01:08:05.617+0000][438.186s][info][gc,phases   ] GC(150)   Post Evacuate Collection Set: 1.92ms
[2026-09-19T01:08:05.617+0000][438.186s][info][gc,phases   ] GC(150)   Other: 0.08ms
[2026-09-19T01:08:05.617+0000][438.186s][info][gc,heap     ] GC(150) Eden regions: 361->0(358)
[2026-09-19T01:08:05.617+0000][438.186s][info][gc,heap     ] GC(150) Survivor regions: 27->27(49)
[2026-09-19T01:08:05.617+0000][438.186s][info][gc,heap     ] GC(150) Old regions: 468->471
[2026-09-19T01:08:05.617+0000][438.186s][info][gc,heap     ] GC(150) Humongous regions: 8->8
[2026-09-19T01:08:05.617+0000][438.186s][info][gc,metaspace] GC(150) Metaspace: 170265K(172032K)->170265K(172032K) NonClass: 143404K(144384K)->143404K(144384K) Class: 26860K(27648K)->26860K(27648K)
[2026-09-19T01:08:05.617+0000][438.186s][info][gc          ] GC(150) Pause Young (Prepare Mixed) (G1 Evacuation Pause) 6907M->4037M(7288M) 163.120ms
[2026-09-19T01:08:05.617+0000][438.186s][info][gc,cpu      ] GC(150) User=0.65s Sys=0.00s Real=0.17s
[2026-09-19T01:08:10.677+0000][443.247s][info][gc,start    ] GC(151) Pause Young (Mixed) (G1 Evacuation Pause)
[2026-09-19T01:08:10.677+0000][443.247s][info][gc,task     ] GC(151) Using 4 workers of 4 for evacuation
[2026-09-19T01:08:10.860+0000][443.429s][info][gc,phases   ] GC(151)   Pre Evacuate Collection Set: 0.18ms
[2026-09-19T01:08:10.860+0000][443.429s][info][gc,phases   ] GC(151)   Merge Heap Roots: 6.33ms
[2026-09-19T01:08:10.860+0000][443.429s][info][gc,phases   ] GC(151)   Evacuate Collection Set: 168.40ms
[2026-09-19T01:08:10.860+0000][443.429s][info][gc,phases   ] GC(151)   Merge Optional Heap Roots: 0.17ms
[2026-09-19T01:08:10.860+0000][443.429s][info][gc,phases   ] GC(151)   Evacuate Optional Collection Set: 5.42ms
[2026-09-19T01:08:10.860+0000][443.429s][info][gc,phases   ] GC(151)   Post Evacuate Collection Set: 1.96ms
[2026-09-19T01:08:10.860+0000][443.429s][info][gc,phases   ] GC(151)   Other: 0.06ms
[2026-09-19T01:08:10.860+0000][443.429s][info][gc,heap     ] GC(151) Eden regions: 358->0(364)
[2026-09-19T01:08:10.860+0000][443.429s][info][gc,heap     ] GC(151) Survivor regions: 27->27(49)
[2026-09-19T01:08:10.860+0000][443.429s][info][gc,heap     ] GC(151) Old regions: 471->465
[2026-09-19T01:08:10.860+0000][443.429s][info][gc,heap     ] GC(151) Humongous regions: 8->8
[2026-09-19T01:08:10.860+0000][443.429s][info][gc,metaspace] GC(151) Metaspace: 170277K(172032K)->170277K(172032K) NonClass: 143416K(144384K)->143416K(144384K) Class: 26860K(27648K)->26860K(27648K)
[2026-09-19T01:08:10.860+0000][443.429s][info][gc          ] GC(151) Pause Young (Mixed) (G1 Evacuation Pause) 6901M->4000M(7288M) 182.707ms
[2026-09-19T01:08:10.860+0000][443.429s][info][gc,cpu      ] GC(151) User=0.73s Sys=0.00s Real=0.18s
[2026-09-19T01:08:15.728+0000][448.297s][info][gc,start    ] GC(152) Pause Young (Mixed) (G1 Evacuation Pause)
[2026-09-19T01:08:15.728+0000][448.297s][info][gc,task     ] GC(152) Using 4 workers of 4 for evacuation
[2026-09-19T01:08:15.904+0000][448.473s][info][gc,phases   ] GC(152)   Pre Evacuate Collection Set: 0.17ms
[2026-09-19T01:08:15.904+0000][448.473s][info][gc,phases   ] GC(152)   Merge Heap Roots: 6.28ms
[2026-09-19T01:08:15.904+0000][448.473s][info][gc,phases   ] GC(152)   Evacuate Collection Set: 167.51ms
[2026-09-19T01:08:15.904+0000][448.473s][info][gc,phases   ] GC(152)   Post Evacuate Collection Set: 1.74ms
[2026-09-19T01:08:15.904+0000][448.473s][info][gc,phases   ] GC(152)   Other: 0.08ms
[2026-09-19T01:08:15.904+0000][448.473s][info][gc,heap     ] GC(152) Eden regions: 364->0(362)
[2026-09-19T01:08:15.904+0000][448.473s][info][gc,heap     ] GC(152) Survivor regions: 27->28(49)
[2026-09-19T01:08:15.904+0000][448.473s][info][gc,heap     ] GC(152) Old regions: 465->466
[2026-09-19T01:08:15.904+0000][448.473s][info][gc,heap     ] GC(152) Humongous regions: 8->8
[2026-09-19T01:08:15.904+0000][448.473s][info][gc,metaspace] GC(152) Metaspace: 170293K(172032K)->170293K(172032K) NonClass: 143429K(144384K)->143429K(144384K) Class: 26863K(27648K)->26863K(27648K)
[2026-09-19T01:08:15.904+0000][448.473s][info][gc          ] GC(152) Pause Young (Mixed) (G1 Evacuation Pause) 6912M->4012M(7288M) 175.971ms
[2026-09-19T01:08:15.904+0000][448.473s][info][gc,cpu      ] GC(152) User=0.68s Sys=0.02s Real=0.17s
[2026-09-19T01:08:21.172+0000][453.742s][info][gc,start    ] GC(153) Pause Young (Concurrent Start) (G1 Evacuation Pause)
[2026-09-19T01:08:21.172+0000][453.742s][info][gc,task     ] GC(153) Using 4 workers of 4 for evacuation
[2026-09-19T01:08:21.346+0000][453.915s][info][gc,phases   ] GC(153)   Pre Evacuate Collection Set: 0.19ms
[2026-09-19T01:08:21.346+0000][453.915s][info][gc,phases   ] GC(153)   Merge Heap Roots: 6.59ms
[2026-09-19T01:08:21.346+0000][453.915s][info][gc,phases   ] GC(153)   Evacuate Collection Set: 163.96ms
[2026-09-19T01:08:21.346+0000][453.915s][info][gc,phases   ] GC(153)   Post Evacuate Collection Set: 2.49ms
[2026-09-19T01:08:21.346+0000][453.915s][info][gc,phases   ] GC(153)   Other: 0.12ms
[2026-09-19T01:08:21.346+0000][453.915s][info][gc,heap     ] GC(153) Eden regions: 362->0(360)
[2026-09-19T01:08:21.346+0000][453.915s][info][gc,heap     ] GC(153) Survivor regions: 28->27(49)
[2026-09-19T01:08:21.346+0000][453.915s][info][gc,heap     ] GC(153) Old regions: 466->469
[2026-09-19T01:08:21.346+0000][453.915s][info][gc,heap     ] GC(153) Humongous regions: 8->8
[2026-09-19T01:08:21.346+0000][453.915s][info][gc,metaspace] GC(153) Metaspace: 170307K(172032K)->170307K(172032K) NonClass: 143441K(144384K)->143441K(144384K) Class: 26865K(27648K)->26865K(27648K)
[2026-09-19T01:08:21.346+0000][453.915s][info][gc          ] GC(153) Pause Young (Concurrent Start) (G1 Evacuation Pause) 6908M->4028M(7288M) 173.520ms
[2026-09-19T01:08:21.346+0000][453.915s][info][gc          ] GC(154) Concurrent Mark Cycle
[2026-09-19T01:08:21.346+0000][453.915s][info][gc,marking  ] GC(154) Concurrent Scan Root Regions
[2026-09-19T01:08:21.348+0000][453.917s][info][gc,cpu      ] GC(153) User=0.65s Sys=0.00s Real=0.18s
[2026-09-19T01:08:21.484+0000][454.053s][info][gc,marking  ] GC(154) Concurrent Scan Root Regions 137.970ms
[2026-09-19T01:08:21.484+0000][454.053s][info][gc,marking  ] GC(154) Concurrent Mark
[2026-09-19T01:08:21.484+0000][454.053s][info][gc,marking  ] GC(154) Concurrent Mark From Roots
[2026-09-19T01:08:21.484+0000][454.053s][info][gc,task     ] GC(154) Using 1 workers of 1 for marking
[2026-09-19T01:08:25.099+0000][457.668s][info][gc,marking  ] GC(154) Concurrent Mark From Roots 3615.144ms
[2026-09-19T01:08:25.099+0000][457.668s][info][gc,marking  ] GC(154) Concurrent Preclean
[2026-09-19T01:08:25.099+0000][457.669s][info][gc,marking  ] GC(154) Concurrent Preclean 0.542ms
[2026-09-19T01:08:25.100+0000][457.669s][info][gc,start    ] GC(154) Pause Remark
[2026-09-19T01:08:25.114+0000][457.684s][info][gc          ] GC(154) Pause Remark 5445M->5445M(7288M) 14.912ms
[2026-09-19T01:08:25.114+0000][457.684s][info][gc,cpu      ] GC(154) User=0.06s Sys=0.01s Real=0.01s
[2026-09-19T01:08:25.115+0000][457.684s][info][gc,marking  ] GC(154) Concurrent Mark 3630.830ms
[2026-09-19T01:08:25.115+0000][457.684s][info][gc,marking  ] GC(154) Concurrent Rebuild Remembered Sets and Scrub Regions
[2026-09-19T01:08:27.077+0000][459.646s][info][gc,marking  ] GC(154) Concurrent Rebuild Remembered Sets and Scrub Regions 1962.412ms
[2026-09-19T01:08:27.077+0000][459.647s][info][gc,start    ] GC(154) Pause Cleanup
[2026-09-19T01:08:27.077+0000][459.647s][info][gc          ] GC(154) Pause Cleanup 6452M->6452M(7288M) 0.297ms
[2026-09-19T01:08:27.077+0000][459.647s][info][gc,cpu      ] GC(154) User=0.00s Sys=0.00s Real=0.00s
[2026-09-19T01:08:27.077+0000][459.647s][info][gc,marking  ] GC(154) Concurrent Clear Claimed Marks
[2026-09-19T01:08:27.078+0000][459.647s][info][gc,marking  ] GC(154) Concurrent Clear Claimed Marks 0.210ms
[2026-09-19T01:08:27.078+0000][459.647s][info][gc,marking  ] GC(154) Concurrent Cleanup for Next Mark
[2026-09-19T01:08:27.084+0000][459.653s][info][gc,marking  ] GC(154) Concurrent Cleanup for Next Mark 5.946ms
[2026-09-19T01:08:27.084+0000][459.653s][info][gc          ] GC(154) Concurrent Mark Cycle 5737.977ms
[2026-09-19T01:08:27.945+0000][460.514s][info][gc,start    ] GC(155) Pause Young (Prepare Mixed) (G1 Evacuation Pause)
[2026-09-19T01:08:27.945+0000][460.515s][info][gc,task     ] GC(155) Using 4 workers of 4 for evacuation
[2026-09-19T01:08:28.110+0000][460.680s][info][gc,phases   ] GC(155)   Pre Evacuate Collection Set: 0.18ms
[2026-09-19T01:08:28.110+0000][460.680s][info][gc,phases   ] GC(155)   Merge Heap Roots: 2.99ms
[2026-09-19T01:08:28.110+0000][460.680s][info][gc,phases   ] GC(155)   Evacuate Collection Set: 159.90ms
[2026-09-19T01:08:28.110+0000][460.680s][info][gc,phases   ] GC(155)   Post Evacuate Collection Set: 1.84ms
[2026-09-19T01:08:28.110+0000][460.680s][info][gc,phases   ] GC(155)   Other: 0.06ms
[2026-09-19T01:08:28.110+0000][460.680s][info][gc,heap     ] GC(155) Eden regions: 360->0(358)
[2026-09-19T01:08:28.110+0000][460.680s][info][gc,heap     ] GC(155) Survivor regions: 27->27(49)
[2026-09-19T01:08:28.110+0000][460.680s][info][gc,heap     ] GC(155) Old regions: 469->471
[2026-09-19T01:08:28.110+0000][460.680s][info][gc,heap     ] GC(155) Humongous regions: 8->8
[2026-09-19T01:08:28.110+0000][460.680s][info][gc,metaspace] GC(155) Metaspace: 171470K(173248K)->171470K(173248K) NonClass: 144465K(145472K)->144465K(145472K) Class: 27004K(27776K)->27004K(27776K)
[2026-09-19T01:08:28.110+0000][460.680s][info][gc          ] GC(155) Pause Young (Prepare Mixed) (G1 Evacuation Pause) 6908M->4045M(7288M) 165.100ms
[2026-09-19T01:08:28.110+0000][460.680s][info][gc,cpu      ] GC(155) User=0.63s Sys=0.02s Real=0.16s
[2026-09-19T01:08:33.424+0000][465.993s][info][gc,start    ] GC(156) Pause Young (Mixed) (GCLocker Initiated GC)
[2026-09-19T01:08:33.424+0000][465.993s][info][gc,task     ] GC(156) Using 4 workers of 4 for evacuation
[2026-09-19T01:08:33.603+0000][466.173s][info][gc,phases   ] GC(156)   Pre Evacuate Collection Set: 0.17ms
[2026-09-19T01:08:33.603+0000][466.173s][info][gc,phases   ] GC(156)   Merge Heap Roots: 2.34ms
[2026-09-19T01:08:33.603+0000][466.173s][info][gc,phases   ] GC(156)   Evacuate Collection Set: 170.59ms
[2026-09-19T01:08:33.603+0000][466.173s][info][gc,phases   ] GC(156)   Merge Optional Heap Roots: 0.13ms
[2026-09-19T01:08:33.603+0000][466.173s][info][gc,phases   ] GC(156)   Evacuate Optional Collection Set: 4.22ms
[2026-09-19T01:08:33.603+0000][466.173s][info][gc,phases   ] GC(156)   Post Evacuate Collection Set: 2.02ms
[2026-09-19T01:08:33.603+0000][466.173s][info][gc,phases   ] GC(156)   Other: 0.07ms
[2026-09-19T01:08:33.604+0000][466.173s][info][gc,heap     ] GC(156) Eden regions: 359->0(19)
[2026-09-19T01:08:33.604+0000][466.173s][info][gc,heap     ] GC(156) Survivor regions: 27->26(49)
[2026-09-19T01:08:33.604+0000][466.173s][info][gc,heap     ] GC(156) Old regions: 471->467
[2026-09-19T01:08:33.604+0000][466.173s][info][gc,heap     ] GC(156) Humongous regions: 8->8
[2026-09-19T01:08:33.604+0000][466.173s][info][gc,metaspace] GC(156) Metaspace: 171580K(173376K)->171580K(173376K) NonClass: 144562K(145600K)->144562K(145600K) Class: 27017K(27776K)->27017K(27776K)
[2026-09-19T01:08:33.604+0000][466.173s][info][gc          ] GC(156) Pause Young (Mixed) (GCLocker Initiated GC) 6913M->4001M(7288M) 179.702ms
[2026-09-19T01:08:33.604+0000][466.173s][info][gc,cpu      ] GC(156) User=0.71s Sys=0.00s Real=0.18s
[2026-09-19T01:08:38.917+0000][471.487s][info][gc,start    ] GC(157) Pause Young (Mixed) (G1 Evacuation Pause)
[2026-09-19T01:08:38.918+0000][471.487s][info][gc,task     ] GC(157) Using 4 workers of 4 for evacuation
[2026-09-19T01:08:39.089+0000][471.658s][info][gc,phases   ] GC(157)   Pre Evacuate Collection Set: 0.18ms
[2026-09-19T01:08:39.089+0000][471.658s][info][gc,phases   ] GC(157)   Merge Heap Roots: 2.63ms
[2026-09-19T01:08:39.089+0000][471.658s][info][gc,phases   ] GC(157)   Evacuate Collection Set: 166.65ms
[2026-09-19T01:08:39.089+0000][471.658s][info][gc,phases   ] GC(157)   Post Evacuate Collection Set: 1.86ms
[2026-09-19T01:08:39.089+0000][471.658s][info][gc,phases   ] GC(157)   Other: 0.08ms
[2026-09-19T01:08:39.089+0000][471.658s][info][gc,heap     ] GC(157) Eden regions: 363->0(19)
[2026-09-19T01:08:39.089+0000][471.658s][info][gc,heap     ] GC(157) Survivor regions: 26->26(49)
[2026-09-19T01:08:39.089+0000][471.658s][info][gc,heap     ] GC(157) Old regions: 467->466
[2026-09-19T01:08:39.089+0000][471.658s][info][gc,heap     ] GC(157) Humongous regions: 8->8
[2026-09-19T01:08:39.089+0000][471.658s][info][gc,metaspace] GC(157) Metaspace: 171595K(173376K)->171595K(173376K) NonClass: 144577K(145600K)->144577K(145600K) Class: 27017K(27776K)->27017K(27776K)
[2026-09-19T01:08:39.089+0000][471.658s][info][gc          ] GC(157) Pause Young (Mixed) (G1 Evacuation Pause) 6905M->3998M(7288M) 171.544ms
[2026-09-19T01:08:39.089+0000][471.658s][info][gc,cpu      ] GC(157) User=0.68s Sys=0.00s Real=0.17s
[2026-09-19T01:08:44.395+0000][476.965s][info][gc,start    ] GC(158) Pause Young (Mixed) (G1 Evacuation Pause)
[2026-09-19T01:08:44.395+0000][476.965s][info][gc,task     ] GC(158) Using 4 workers of 4 for evacuation
[2026-09-19T01:08:44.575+0000][477.145s][info][gc,phases   ] GC(158)   Pre Evacuate Collection Set: 0.21ms
[2026-09-19T01:08:44.575+0000][477.145s][info][gc,phases   ] GC(158)   Merge Heap Roots: 3.06ms
[2026-09-19T01:08:44.575+0000][477.145s][info][gc,phases   ] GC(158)   Evacuate Collection Set: 174.61ms
[2026-09-19T01:08:44.575+0000][477.145s][info][gc,phases   ] GC(158)   Post Evacuate Collection Set: 2.02ms
[2026-09-19T01:08:44.575+0000][477.145s][info][gc,phases   ] GC(158)   Other: 0.06ms
[2026-09-19T01:08:44.576+0000][477.145s][info][gc,heap     ] GC(158) Eden regions: 364->0(21)
[2026-09-19T01:08:44.576+0000][477.145s][info][gc,heap     ] GC(158) Survivor regions: 26->24(49)
[2026-09-19T01:08:44.576+0000][477.145s][info][gc,heap     ] GC(158) Old regions: 466->467
[2026-09-19T01:08:44.576+0000][477.145s][info][gc,heap     ] GC(158) Humongous regions: 8->8
[2026-09-19T01:08:44.576+0000][477.145s][info][gc,metaspace] GC(158) Metaspace: 171625K(173376K)->171625K(173376K) NonClass: 144607K(145600K)->144607K(145600K) Class: 27017K(27776K)->27017K(27776K)
[2026-09-19T01:08:44.576+0000][477.145s][info][gc          ] GC(158) Pause Young (Mixed) (G1 Evacuation Pause) 6910M->3985M(7288M) 180.125ms
[2026-09-19T01:08:44.576+0000][477.145s][info][gc,cpu      ] GC(158) User=0.71s Sys=0.00s Real=0.18s
[2026-09-19T01:08:48.496+0000][481.065s][info][gc,heap,exit] Heap
[2026-09-19T01:08:48.496+0000][481.065s][info][gc,heap,exit]  garbage-first heap   total 7462912K, used 6182284K [0x0000000580000000, 0x0000000800000000)
[2026-09-19T01:08:48.496+0000][481.065s][info][gc,heap,exit]   region size 8192K, 281 young (2301952K), 24 survivors (196608K)
[2026-09-19T01:08:48.496+0000][481.065s][info][gc,heap,exit]  Metaspace       used 171707K, committed 173440K, reserved 1245184K
[2026-09-19T01:08:48.496+0000][481.065s][info][gc,heap,exit]   class space    used 27032K, committed 27776K, reserved 1048576K
