Java_NativeLz4BlockOutputStream_lz4BlockCompress	NativeLz4BlockOutputStream	lz4BlockCompress	-	bench/p500/java/NativeLz4BlockOutputStream.java
Java_PaperNativeAquiferIndexStride_newBatchSummary	PaperNativeAquiferIndexStride	newBatchSummary	P500	bench/batch/java/BatchFloorBench.java | bench/batch/java/BatchRolloutBench.java | bench/batch/java/PaperNativeAquiferIndexStride.java | bench/batch/java/Wave1ContractProbe.java | bench/batch/results/BATCH_FLOOR_REPORT.md | bench/batch/run_a2_shape.sh | bench/batch/run_batch_floor.sh | bench/batch/run_batch_rollout.sh | bench/p500/results/P500_FLOORSANITY_POSTWIPE_RAW_2026-09-09.tsv | bench/p500/results/P500_FLOORSANITY_POSTWIPE_REPORT_2026-09-09.md | bench/p500/results/P500_REPORT.md | bench/p500/results/P500_REPORT_smoke_S7-7.md | bench/p500/results/P500_REPORT_v2.md | bench/p500/results/baseline.tsv | bench/p500/results/p500_expected_summary.tsv | bench/p500/results/p500_raw.tsv | bench/p500/results/p500_raw_fullrun_2026-09-07.tsv | bench/p500/results/p500_raw_fullrun_2026-09-08_s7-14.tsv | bench/p500/results/p500_raw_fullrun_2026-09-08_s7-15.tsv | docs/BATCH_ADOPTION_MATRIX.md
Java_PaperNativeAquiferIndexStride_oldBatchSummary	PaperNativeAquiferIndexStride	oldBatchSummary	P500	bench/batch/java/BatchFloorBench.java | bench/batch/java/BatchRolloutBench.java | bench/batch/java/PaperNativeAquiferIndexStride.java | bench/batch/java/Wave1ContractProbe.java | bench/batch/results/BATCH_FLOOR_REPORT.md | bench/batch/run_a2_shape.sh | bench/batch/run_batch_floor.sh | bench/batch/run_batch_rollout.sh | bench/p500/results/P500_FLOORSANITY_POSTWIPE_RAW_2026-09-09.tsv | bench/p500/results/P500_FLOORSANITY_POSTWIPE_REPORT_2026-09-09.md | bench/p500/results/P500_REPORT.md | bench/p500/results/P500_REPORT_smoke_S7-7.md | bench/p500/results/P500_REPORT_v2.md | bench/p500/results/baseline.tsv | bench/p500/results/p500_expected_summary.tsv | bench/p500/results/p500_raw.tsv | bench/p500/results/p500_raw_fullrun_2026-09-07.tsv | bench/p500/results/p500_raw_fullrun_2026-09-08_s7-14.tsv | bench/p500/results/p500_raw_fullrun_2026-09-08_s7-15.tsv | docs/BATCH_ADOPTION_MATRIX.md
Java_PaperNativeAquiferPositionalLocation_directBatchSummary	PaperNativeAquiferPositionalLocation	directBatchSummary	P500	bench/p500/results/P500_FLOORSANITY_POSTWIPE_REPORT_2026-09-09.md | bench/p500/results/P500_FULLMATRIX_POSTWIPE_RAW_2026-09-09.tsv | bench/p500/results/P500_REPORT.md | bench/p500/results/P500_REPORT_smoke_S7-7.md | bench/p500/results/P500_REPORT_v2.md | bench/p500/results/baseline.tsv | bench/p500/results/p500_expected_summary.tsv | bench/p500/results/p500_raw.tsv | bench/p500/results/p500_raw_fullrun_2026-09-07.tsv | bench/p500/results/p500_raw_fullrun_2026-09-08_s7-14.tsv | bench/p500/results/p500_raw_fullrun_2026-09-08_s7-15.tsv | docs/BATCH_ADOPTION_MATRIX.md
Java_PaperNativeAquiferPositionalLocation_oldBatchSummary	PaperNativeAquiferPositionalLocation	oldBatchSummary	P500	bench/p500/results/P500_FLOORSANITY_POSTWIPE_REPORT_2026-09-09.md | bench/p500/results/P500_FULLMATRIX_POSTWIPE_RAW_2026-09-09.tsv | bench/p500/results/P500_REPORT.md | bench/p500/results/P500_REPORT_smoke_S7-7.md | bench/p500/results/P500_REPORT_v2.md | bench/p500/results/baseline.tsv | bench/p500/results/p500_expected_summary.tsv | bench/p500/results/p500_raw.tsv | bench/p500/results/p500_raw_fullrun_2026-09-07.tsv | bench/p500/results/p500_raw_fullrun_2026-09-08_s7-14.tsv | bench/p500/results/p500_raw_fullrun_2026-09-08_s7-15.tsv | docs/BATCH_ADOPTION_MATRIX.md
Java_PaperNativeAquiferSurfaceSampling_newBatchSummary	PaperNativeAquiferSurfaceSampling	newBatchSummary	P500	bench/batch/java/BatchRolloutBench.java | bench/batch/run_batch_rollout.sh | bench/p500/results/P500_FLOORSANITY_POSTWIPE_REPORT_2026-09-09.md | bench/p500/results/P500_FULLMATRIX_POSTWIPE_RAW_2026-09-09.tsv | bench/p500/results/P500_REPORT.md | bench/p500/results/P500_REPORT_smoke_S7-7.md | bench/p500/results/P500_REPORT_v2.md | bench/p500/results/baseline.tsv | bench/p500/results/p500_expected_summary.tsv | bench/p500/results/p500_raw.tsv | bench/p500/results/p500_raw_fullrun_2026-09-07.tsv | bench/p500/results/p500_raw_fullrun_2026-09-08_s7-14.tsv | bench/p500/results/p500_raw_fullrun_2026-09-08_s7-15.tsv | docs/BATCH_ADOPTION_MATRIX.md
Java_PaperNativeAquiferSurfaceSampling_oldBatchSummary	PaperNativeAquiferSurfaceSampling	oldBatchSummary	P500	bench/batch/java/BatchRolloutBench.java | bench/batch/run_batch_rollout.sh | bench/p500/results/P500_FLOORSANITY_POSTWIPE_REPORT_2026-09-09.md | bench/p500/results/P500_FULLMATRIX_POSTWIPE_RAW_2026-09-09.tsv | bench/p500/results/P500_REPORT.md | bench/p500/results/P500_REPORT_smoke_S7-7.md | bench/p500/results/P500_REPORT_v2.md | bench/p500/results/baseline.tsv | bench/p500/results/p500_expected_summary.tsv | bench/p500/results/p500_raw.tsv | bench/p500/results/p500_raw_fullrun_2026-09-07.tsv | bench/p500/results/p500_raw_fullrun_2026-09-08_s7-14.tsv | bench/p500/results/p500_raw_fullrun_2026-09-08_s7-15.tsv | docs/BATCH_ADOPTION_MATRIX.md
Java_PaperNativeAreaMap_squareSummaryBatch	PaperNativeAreaMap	squareSummaryBatch	-	bench/areamap/README.md | bench/areamap/benchjava/ca/spottedleaf/moonrise/common/misc/AreaMapBench.java | bench/areamap/budgetab/ca/spottedleaf/moonrise/common/misc/PaperNativeAreaMap.java | bench/areamap/ca/spottedleaf/moonrise/common/misc/AreaMapApplyBench.java | bench/areamap/ca/spottedleaf/moonrise/common/misc/AreaMapSmoke.java | bench/areamap/ca/spottedleaf/moonrise/common/misc/PaperNativeAreaMap.java | bench/areamap/realdecl/ca/spottedleaf/moonrise/common/misc/PaperNativeAreaMap.java | bench/areamap/results/APPLY_BENCH.md | bench/areamap/results/TASK30_ORACLE.md | bench/areamap/run_apply_bench.sh | bench/areamap/run_bench.sh | bench/areamap/run_budget_ab.sh | bench/areamap/run_oracle.sh | bench/areamap/run_resize_bench.sh | bench/areamap/run_smoke.sh | bench/e2e/results/AREAMAP_CALLLEVEL_2026-09-08.md | bench/p500/java/ca/spottedleaf/moonrise/common/misc/PaperNativeAreaMap.java | docs/ARCHITECTURE.md | docs/AREAMAP_DENSE_APPLY_DESIGN.md | docs/BATCH_API_PROPOSAL.md | docs/BOOST_SWEEP.md | docs/HOTSPOT_CANDIDATES.md | docs/KERNEL_POLICY.md | docs/OPTIMIZATION_ROADMAP.md | scripts/build_area_map.sh | scripts/build_area_map_budget.sh | tests/area_map_smoke/README.md | tests/area_map_smoke/java/boot/Boot.java | tests/area_map_smoke/java/fake_native/ca/spottedleaf/moonrise/common/misc/PaperNativeAreaMap.java | tests/area_map_smoke/java/fake_native/ca/spottedleaf/moonrise/common/misc/SmokeProbe.java | tests/area_map_smoke/java/harness/areamapsmoke/SmokeMain.java | tests/area_map_smoke/java/real_so/ca/spottedleaf/moonrise/common/misc/PaperNativeAreaMap.java | tests/extended/area_map_stress.py | tests/extended/generated/area_map_manifest.json
Java_PaperNativeAreaMap_updateSummaryBatch	PaperNativeAreaMap	updateSummaryBatch	-	bench/areamap/README.md | bench/areamap/benchjava/ca/spottedleaf/moonrise/common/misc/AreaMapBench.java | bench/areamap/budgetab/ca/spottedleaf/moonrise/common/misc/PaperNativeAreaMap.java | bench/areamap/ca/spottedleaf/moonrise/common/misc/AreaMapApplyBench.java | bench/areamap/ca/spottedleaf/moonrise/common/misc/AreaMapSmoke.java | bench/areamap/ca/spottedleaf/moonrise/common/misc/PaperNativeAreaMap.java | bench/areamap/realdecl/ca/spottedleaf/moonrise/common/misc/PaperNativeAreaMap.java | bench/areamap/results/APPLY_BENCH.md | bench/areamap/results/TASK30_ORACLE.md | bench/areamap/run_apply_bench.sh | bench/areamap/run_bench.sh | bench/areamap/run_budget_ab.sh | bench/areamap/run_oracle.sh | bench/areamap/run_resize_bench.sh | bench/areamap/run_smoke.sh | bench/e2e/results/AREAMAP_CALLLEVEL_2026-09-08.md | bench/p500/java/ca/spottedleaf/moonrise/common/misc/PaperNativeAreaMap.java | docs/ARCHITECTURE.md | docs/AREAMAP_DENSE_APPLY_DESIGN.md | docs/BATCH_API_PROPOSAL.md | docs/BOOST_SWEEP.md | docs/HOTSPOT_CANDIDATES.md | docs/KERNEL_POLICY.md | docs/OPTIMIZATION_ROADMAP.md | scripts/build_area_map.sh | scripts/build_area_map_budget.sh | tests/area_map_smoke/README.md | tests/area_map_smoke/java/boot/Boot.java | tests/area_map_smoke/java/fake_native/ca/spottedleaf/moonrise/common/misc/PaperNativeAreaMap.java | tests/area_map_smoke/java/fake_native/ca/spottedleaf/moonrise/common/misc/SmokeProbe.java | tests/area_map_smoke/java/harness/areamapsmoke/SmokeMain.java | tests/area_map_smoke/java/real_so/ca/spottedleaf/moonrise/common/misc/PaperNativeAreaMap.java | tests/extended/area_map_stress.py | tests/extended/generated/area_map_manifest.json
Java_PaperNativeBeardifierBury_currentBatchSummary	PaperNativeBeardifierBury	currentBatchSummary	-	
Java_PaperNativeBeardifierBury_optimizedBatchSummary	PaperNativeBeardifierBury	optimizedBatchSummary	-	
Java_PaperNativeBiomeGetBiome_currentBatchSummary	PaperNativeBiomeGetBiome	currentBatchSummary	-	
Java_PaperNativeBiomeGetBiome_optimizedBatchSummary	PaperNativeBiomeGetBiome	optimizedBatchSummary	-	
Java_PaperNativeBlendedNoise_cachedBatchSummary	PaperNativeBlendedNoise	cachedBatchSummary	P500	bench/p500/results/P500_FLOORSANITY_POSTWIPE_REPORT_2026-09-09.md | bench/p500/results/P500_FULLMATRIX_POSTWIPE_RAW_2026-09-09.tsv | bench/p500/results/P500_REPORT.md | bench/p500/results/P500_REPORT_smoke_S7-7.md | bench/p500/results/P500_REPORT_v2.md | bench/p500/results/baseline.tsv | bench/p500/results/p500_expected_summary.tsv | bench/p500/results/p500_raw.tsv | bench/p500/results/p500_raw_fullrun_2026-09-07.tsv | bench/p500/results/p500_raw_fullrun_2026-09-08_s7-14.tsv | bench/p500/results/p500_raw_fullrun_2026-09-08_s7-15.tsv | docs/BATCH_ADOPTION_MATRIX.md | docs/BLEND_CACHE_DESIGN.md | docs/HOTSPOT_CANDIDATES.md
Java_PaperNativeBlendedNoise_oldBatchSummary	PaperNativeBlendedNoise	oldBatchSummary	P500	bench/p500/results/P500_FLOORSANITY_POSTWIPE_REPORT_2026-09-09.md | bench/p500/results/P500_FULLMATRIX_POSTWIPE_RAW_2026-09-09.tsv | bench/p500/results/P500_REPORT.md | bench/p500/results/P500_REPORT_smoke_S7-7.md | bench/p500/results/P500_REPORT_v2.md | bench/p500/results/baseline.tsv | bench/p500/results/p500_expected_summary.tsv | bench/p500/results/p500_raw.tsv | bench/p500/results/p500_raw_fullrun_2026-09-07.tsv | bench/p500/results/p500_raw_fullrun_2026-09-08_s7-14.tsv | bench/p500/results/p500_raw_fullrun_2026-09-08_s7-15.tsv | docs/BATCH_ADOPTION_MATRIX.md | docs/BLEND_CACHE_DESIGN.md | docs/HOTSPOT_CANDIDATES.md
Java_PaperNativeCarverIteration_foreachSummary	PaperNativeCarverIteration	foreachSummary	-	
Java_PaperNativeCarverIteration_indexedSummary	PaperNativeCarverIteration	indexedSummary	-	
Java_PaperNativeCaveCarverSkip_directHelperSummary	PaperNativeCaveCarverSkip	directHelperSummary	P500	bench/p500/results/P500_FLOORSANITY_POSTWIPE_REPORT_2026-09-09.md | bench/p500/results/P500_FULLMATRIX_POSTWIPE_RAW_2026-09-09.tsv | bench/p500/results/P500_REPORT.md | bench/p500/results/P500_REPORT_smoke_S7-7.md | bench/p500/results/P500_REPORT_v2.md | bench/p500/results/baseline.tsv | bench/p500/results/p500_expected_summary.tsv | bench/p500/results/p500_raw.tsv | bench/p500/results/p500_raw_fullrun_2026-09-07.tsv | bench/p500/results/p500_raw_fullrun_2026-09-08_s7-14.tsv | bench/p500/results/p500_raw_fullrun_2026-09-08_s7-15.tsv | docs/BATCH_ADOPTION_MATRIX.md
Java_PaperNativeCaveCarverSkip_oldLambdaSummary	PaperNativeCaveCarverSkip	oldLambdaSummary	P500	bench/p500/results/P500_FLOORSANITY_POSTWIPE_REPORT_2026-09-09.md | bench/p500/results/P500_FULLMATRIX_POSTWIPE_RAW_2026-09-09.tsv | bench/p500/results/P500_REPORT.md | bench/p500/results/P500_REPORT_smoke_S7-7.md | bench/p500/results/P500_REPORT_v2.md | bench/p500/results/baseline.tsv | bench/p500/results/p500_expected_summary.tsv | bench/p500/results/p500_raw.tsv | bench/p500/results/p500_raw_fullrun_2026-09-07.tsv | bench/p500/results/p500_raw_fullrun_2026-09-08_s7-14.tsv | bench/p500/results/p500_raw_fullrun_2026-09-08_s7-15.tsv | docs/BATCH_ADOPTION_MATRIX.md
Java_PaperNativeCaveCarverSkip_reusedCheckerSummary	PaperNativeCaveCarverSkip	reusedCheckerSummary	P500	bench/p500/results/P500_FLOORSANITY_POSTWIPE_REPORT_2026-09-09.md | bench/p500/results/P500_FULLMATRIX_POSTWIPE_RAW_2026-09-09.tsv | bench/p500/results/P500_REPORT.md | bench/p500/results/P500_REPORT_smoke_S7-7.md | bench/p500/results/P500_REPORT_v2.md | bench/p500/results/baseline.tsv | bench/p500/results/p500_expected_summary.tsv | bench/p500/results/p500_raw.tsv | bench/p500/results/p500_raw_fullrun_2026-09-07.tsv | bench/p500/results/p500_raw_fullrun_2026-09-08_s7-14.tsv | bench/p500/results/p500_raw_fullrun_2026-09-08_s7-15.tsv | docs/BATCH_ADOPTION_MATRIX.md
Java_PaperNativeChunkDependencies_arraySummary	PaperNativeChunkDependencies	arraySummary	P500	bench/batch/java/BatchRolloutBench.java | bench/batch/run_batch_rollout.sh | bench/p500/results/P500_FLOORSANITY_POSTWIPE_REPORT_2026-09-09.md | bench/p500/results/P500_FULLMATRIX_POSTWIPE_RAW_2026-09-09.tsv | bench/p500/results/P500_REPORT.md | bench/p500/results/P500_REPORT_smoke_S7-7.md | bench/p500/results/P500_REPORT_v2.md | bench/p500/results/baseline.tsv | bench/p500/results/p500_expected_summary.tsv | bench/p500/results/p500_raw.tsv | bench/p500/results/p500_raw_fullrun_2026-09-07.tsv | bench/p500/results/p500_raw_fullrun_2026-09-08_s7-14.tsv | bench/p500/results/p500_raw_fullrun_2026-09-08_s7-15.tsv | docs/BATCH_ADOPTION_MATRIX.md
Java_PaperNativeChunkDependencies_oldImmutableListSummary	PaperNativeChunkDependencies	oldImmutableListSummary	P500	bench/batch/java/BatchRolloutBench.java | bench/batch/run_batch_rollout.sh | bench/p500/results/P500_FLOORSANITY_POSTWIPE_REPORT_2026-09-09.md | bench/p500/results/P500_FULLMATRIX_POSTWIPE_RAW_2026-09-09.tsv | bench/p500/results/P500_REPORT.md | bench/p500/results/P500_REPORT_smoke_S7-7.md | bench/p500/results/P500_REPORT_v2.md | bench/p500/results/baseline.tsv | bench/p500/results/p500_expected_summary.tsv | bench/p500/results/p500_raw.tsv | bench/p500/results/p500_raw_fullrun_2026-09-07.tsv | bench/p500/results/p500_raw_fullrun_2026-09-08_s7-14.tsv | bench/p500/results/p500_raw_fullrun_2026-09-08_s7-15.tsv | docs/BATCH_ADOPTION_MATRIX.md
Java_PaperNativeChunkExpireCount_coldSummary	PaperNativeChunkExpireCount	coldSummary	-	
Java_PaperNativeChunkExpireCount_hotSummary	PaperNativeChunkExpireCount	hotSummary	-	
Java_PaperNativeChunkTicketStage_runBatch	PaperNativeChunkTicketStage	runBatch	-	
Java_PaperNativeClimateParameterDistance_branchDistanceSum	PaperNativeClimateParameterDistance	branchDistanceSum	P500	bench/p500/jni_floor/FloorBench.java | bench/p500/jni_floor/FloorGroup.java | bench/p500/jni_floor/FloorRun.sh | bench/p500/jni_floor/floor_report.tsv | bench/p500/results/P500_FLOORSANITY_POSTWIPE_REPORT_2026-09-09.md | bench/p500/results/P500_FULLMATRIX_POSTWIPE_RAW_2026-09-09.tsv | bench/p500/results/P500_REPORT.md | bench/p500/results/P500_REPORT_smoke_S7-7.md | bench/p500/results/P500_REPORT_v2.md | bench/p500/results/baseline.tsv | bench/p500/results/p500_expected_summary.tsv | bench/p500/results/p500_raw.tsv | bench/p500/results/p500_raw_fullrun_2026-09-07.tsv | bench/p500/results/p500_raw_fullrun_2026-09-08_s7-14.tsv | bench/p500/results/p500_raw_fullrun_2026-09-08_s7-15.tsv | docs/BATCH_ADOPTION_MATRIX.md
Java_PaperNativeClimateParameterDistance_oldDistanceSum	PaperNativeClimateParameterDistance	oldDistanceSum	P500	bench/p500/jni_floor/FloorBench.java | bench/p500/jni_floor/FloorGroup.java | bench/p500/jni_floor/FloorRun.sh | bench/p500/jni_floor/floor_report.tsv | bench/p500/results/P500_FLOORSANITY_POSTWIPE_REPORT_2026-09-09.md | bench/p500/results/P500_FULLMATRIX_POSTWIPE_RAW_2026-09-09.tsv | bench/p500/results/P500_REPORT.md | bench/p500/results/P500_REPORT_smoke_S7-7.md | bench/p500/results/P500_REPORT_v2.md | bench/p500/results/baseline.tsv | bench/p500/results/p500_expected_summary.tsv | bench/p500/results/p500_raw.tsv | bench/p500/results/p500_raw_fullrun_2026-09-07.tsv | bench/p500/results/p500_raw_fullrun_2026-09-08_s7-14.tsv | bench/p500/results/p500_raw_fullrun_2026-09-08_s7-15.tsv | docs/BATCH_ADOPTION_MATRIX.md
Java_PaperNativeClimateParameterDistance_subtractFirstDistanceSum	PaperNativeClimateParameterDistance	subtractFirstDistanceSum	P500	bench/p500/jni_floor/FloorBench.java | bench/p500/jni_floor/FloorGroup.java | bench/p500/jni_floor/FloorRun.sh | bench/p500/jni_floor/floor_report.tsv | bench/p500/results/P500_FLOORSANITY_POSTWIPE_REPORT_2026-09-09.md | bench/p500/results/P500_FULLMATRIX_POSTWIPE_RAW_2026-09-09.tsv | bench/p500/results/P500_REPORT.md | bench/p500/results/P500_REPORT_smoke_S7-7.md | bench/p500/results/P500_REPORT_v2.md | bench/p500/results/baseline.tsv | bench/p500/results/p500_expected_summary.tsv | bench/p500/results/p500_raw.tsv | bench/p500/results/p500_raw_fullrun_2026-09-07.tsv | bench/p500/results/p500_raw_fullrun_2026-09-08_s7-14.tsv | bench/p500/results/p500_raw_fullrun_2026-09-08_s7-15.tsv | docs/BATCH_ADOPTION_MATRIX.md
Java_PaperNativeClimateRTree_buildTreeHandle	PaperNativeClimateRTree	buildTreeHandle	-	bench/batch/java/BatchRolloutBench.java | bench/batch/java/D1StagingProbe.java | bench/batch/java/net/minecraft/world/level/biome/PaperNativeClimateRTree.java | bench/batch/run_batch_rollout.sh | bench/p500/java/BatchSurfaceCalib.java | bench/p500/java/net/minecraft/world/level/biome/PaperNativeClimateRTree.java | bench/p500/results/BATCH_SURFACE_CALIBRATION.md | bench/p500/results/BATCH_SURFACE_CALIBRATION_RAW.tsv
Java_PaperNativeClimateRTree_checksumTreeHandle	PaperNativeClimateRTree	checksumTreeHandle	-	bench/batch/java/BatchRolloutBench.java | bench/batch/java/D1StagingProbe.java | bench/batch/java/net/minecraft/world/level/biome/PaperNativeClimateRTree.java | bench/batch/run_batch_rollout.sh | bench/p500/java/BatchSurfaceCalib.java | bench/p500/java/net/minecraft/world/level/biome/PaperNativeClimateRTree.java | bench/p500/results/BATCH_SURFACE_CALIBRATION.md | bench/p500/results/BATCH_SURFACE_CALIBRATION_RAW.tsv
Java_PaperNativeClimateRTree_freeTreeHandle	PaperNativeClimateRTree	freeTreeHandle	-	bench/batch/java/BatchRolloutBench.java | bench/batch/java/D1StagingProbe.java | bench/batch/java/net/minecraft/world/level/biome/PaperNativeClimateRTree.java | bench/batch/run_batch_rollout.sh | bench/p500/java/BatchSurfaceCalib.java | bench/p500/java/net/minecraft/world/level/biome/PaperNativeClimateRTree.java | bench/p500/results/BATCH_SURFACE_CALIBRATION.md | bench/p500/results/BATCH_SURFACE_CALIBRATION_RAW.tsv
Java_PaperNativeClimateRTree_searchBoundedBatch	PaperNativeClimateRTree	searchBoundedBatch	-	bench/batch/java/BatchRolloutBench.java | bench/batch/java/D1StagingProbe.java | bench/batch/java/net/minecraft/world/level/biome/PaperNativeClimateRTree.java | bench/batch/run_batch_rollout.sh | bench/p500/java/BatchSurfaceCalib.java | bench/p500/java/net/minecraft/world/level/biome/PaperNativeClimateRTree.java | bench/p500/results/BATCH_SURFACE_CALIBRATION.md | bench/p500/results/BATCH_SURFACE_CALIBRATION_RAW.tsv
Java_PaperNativeClimateRTree_searchBoundedOnePacked	PaperNativeClimateRTree	searchBoundedOnePacked	-	bench/batch/java/BatchRolloutBench.java | bench/batch/java/D1StagingProbe.java | bench/batch/java/net/minecraft/world/level/biome/PaperNativeClimateRTree.java | bench/batch/run_batch_rollout.sh | bench/p500/java/BatchSurfaceCalib.java | bench/p500/java/net/minecraft/world/level/biome/PaperNativeClimateRTree.java | bench/p500/results/BATCH_SURFACE_CALIBRATION.md | bench/p500/results/BATCH_SURFACE_CALIBRATION_RAW.tsv
Java_PaperNativeClimateRTree_searchCurrentBatch	PaperNativeClimateRTree	searchCurrentBatch	-	bench/batch/java/BatchRolloutBench.java | bench/batch/java/D1StagingProbe.java | bench/batch/java/net/minecraft/world/level/biome/PaperNativeClimateRTree.java | bench/batch/run_batch_rollout.sh | bench/p500/java/BatchSurfaceCalib.java | bench/p500/java/net/minecraft/world/level/biome/PaperNativeClimateRTree.java | bench/p500/results/BATCH_SURFACE_CALIBRATION.md | bench/p500/results/BATCH_SURFACE_CALIBRATION_RAW.tsv
Java_PaperNativeClimateRTree_searchCurrentOnePacked	PaperNativeClimateRTree	searchCurrentOnePacked	-	bench/batch/java/BatchRolloutBench.java | bench/batch/java/D1StagingProbe.java | bench/batch/java/net/minecraft/world/level/biome/PaperNativeClimateRTree.java | bench/batch/run_batch_rollout.sh | bench/p500/java/BatchSurfaceCalib.java | bench/p500/java/net/minecraft/world/level/biome/PaperNativeClimateRTree.java | bench/p500/results/BATCH_SURFACE_CALIBRATION.md | bench/p500/results/BATCH_SURFACE_CALIBRATION_RAW.tsv
Java_PaperNativeClimate_nodeBestMatchBatch	PaperNativeClimate	nodeBestMatchBatch	-	bench/batch/java/BatchRolloutBench.java | bench/batch/java/D1StagingProbe.java | bench/batch/java/net/minecraft/world/level/biome/PaperNativeClimateRTree.java | bench/batch/run_batch_rollout.sh | bench/p500/java/BatchSurfaceCalib.java | bench/p500/java/net/minecraft/world/level/biome/PaperNativeClimate.java | bench/p500/java/net/minecraft/world/level/biome/PaperNativeClimateRTree.java | bench/p500/jni_floor/FloorBench.java | bench/p500/jni_floor/FloorGroup.java | bench/p500/jni_floor/FloorRun.sh | bench/p500/jni_floor/floor_report.tsv | bench/p500/results/BATCH_SURFACE_CALIBRATION.md | bench/p500/results/BATCH_SURFACE_CALIBRATION_RAW.tsv | bench/p500/results/P500_FLOORSANITY_POSTWIPE_REPORT_2026-09-09.md | bench/p500/results/P500_FULLMATRIX_POSTWIPE_RAW_2026-09-09.tsv | bench/p500/results/P500_REPORT.md | bench/p500/results/P500_REPORT_smoke_S7-7.md | bench/p500/results/P500_REPORT_v2.md | bench/p500/results/baseline.tsv | bench/p500/results/p500_expected_summary.tsv | bench/p500/results/p500_raw.tsv | bench/p500/results/p500_raw_fullrun_2026-09-07.tsv | bench/p500/results/p500_raw_fullrun_2026-09-08_s7-14.tsv | bench/p500/results/p500_raw_fullrun_2026-09-08_s7-15.tsv | docs/BATCH_ADOPTION_MATRIX.md | docs/OPTIMIZATION_ROADMAP.md
Java_PaperNativeClimate_nodeBestMatchUniqueBatch	PaperNativeClimate	nodeBestMatchUniqueBatch	-	bench/batch/java/BatchRolloutBench.java | bench/batch/java/D1StagingProbe.java | bench/batch/java/net/minecraft/world/level/biome/PaperNativeClimateRTree.java | bench/batch/run_batch_rollout.sh | bench/p500/java/BatchSurfaceCalib.java | bench/p500/java/net/minecraft/world/level/biome/PaperNativeClimate.java | bench/p500/java/net/minecraft/world/level/biome/PaperNativeClimateRTree.java | bench/p500/jni_floor/FloorBench.java | bench/p500/jni_floor/FloorGroup.java | bench/p500/jni_floor/FloorRun.sh | bench/p500/jni_floor/floor_report.tsv | bench/p500/results/BATCH_SURFACE_CALIBRATION.md | bench/p500/results/BATCH_SURFACE_CALIBRATION_RAW.tsv | bench/p500/results/P500_FLOORSANITY_POSTWIPE_REPORT_2026-09-09.md | bench/p500/results/P500_FULLMATRIX_POSTWIPE_RAW_2026-09-09.tsv | bench/p500/results/P500_REPORT.md | bench/p500/results/P500_REPORT_smoke_S7-7.md | bench/p500/results/P500_REPORT_v2.md | bench/p500/results/baseline.tsv | bench/p500/results/p500_expected_summary.tsv | bench/p500/results/p500_raw.tsv | bench/p500/results/p500_raw_fullrun_2026-09-07.tsv | bench/p500/results/p500_raw_fullrun_2026-09-08_s7-14.tsv | bench/p500/results/p500_raw_fullrun_2026-09-08_s7-15.tsv | docs/BATCH_ADOPTION_MATRIX.md | docs/OPTIMIZATION_ROADMAP.md
Java_PaperNativeClimate_nodeDistanceSumBatch	PaperNativeClimate	nodeDistanceSumBatch	-	bench/batch/java/BatchRolloutBench.java | bench/batch/java/D1StagingProbe.java | bench/batch/java/net/minecraft/world/level/biome/PaperNativeClimateRTree.java | bench/batch/run_batch_rollout.sh | bench/p500/java/BatchSurfaceCalib.java | bench/p500/java/net/minecraft/world/level/biome/PaperNativeClimate.java | bench/p500/java/net/minecraft/world/level/biome/PaperNativeClimateRTree.java | bench/p500/jni_floor/FloorBench.java | bench/p500/jni_floor/FloorGroup.java | bench/p500/jni_floor/FloorRun.sh | bench/p500/jni_floor/floor_report.tsv | bench/p500/results/BATCH_SURFACE_CALIBRATION.md | bench/p500/results/BATCH_SURFACE_CALIBRATION_RAW.tsv | bench/p500/results/P500_FLOORSANITY_POSTWIPE_REPORT_2026-09-09.md | bench/p500/results/P500_FULLMATRIX_POSTWIPE_RAW_2026-09-09.tsv | bench/p500/results/P500_REPORT.md | bench/p500/results/P500_REPORT_smoke_S7-7.md | bench/p500/results/P500_REPORT_v2.md | bench/p500/results/baseline.tsv | bench/p500/results/p500_expected_summary.tsv | bench/p500/results/p500_raw.tsv | bench/p500/results/p500_raw_fullrun_2026-09-07.tsv | bench/p500/results/p500_raw_fullrun_2026-09-08_s7-14.tsv | bench/p500/results/p500_raw_fullrun_2026-09-08_s7-15.tsv | docs/BATCH_ADOPTION_MATRIX.md | docs/OPTIMIZATION_ROADMAP.md
Java_PaperNativeCompressionThresholdShape_thresholdSummary	PaperNativeCompressionThresholdShape	thresholdSummary	-	
Java_PaperNativeCraftPlayerCanSee_emptyCandidateSummary	PaperNativeCraftPlayerCanSee	emptyCandidateSummary	-	
Java_PaperNativeCraftPlayerCanSee_emptyChunkMapCandidateSummary	PaperNativeCraftPlayerCanSee	emptyChunkMapCandidateSummary	-	
Java_PaperNativeCraftPlayerCanSee_emptyCurrentSummary	PaperNativeCraftPlayerCanSee	emptyCurrentSummary	-	
Java_PaperNativeCraftPlayerCanSee_emptyGuardedSummary	PaperNativeCraftPlayerCanSee	emptyGuardedSummary	-	
Java_PaperNativeCraftPlayerCanSee_populatedCandidateSummary	PaperNativeCraftPlayerCanSee	populatedCandidateSummary	-	
Java_PaperNativeCraftPlayerCanSee_populatedChunkMapCandidateSummary	PaperNativeCraftPlayerCanSee	populatedChunkMapCandidateSummary	-	
Java_PaperNativeCraftPlayerCanSee_populatedCurrentSummary	PaperNativeCraftPlayerCanSee	populatedCurrentSummary	-	
Java_PaperNativeCraftPlayerCanSee_populatedGuardedSummary	PaperNativeCraftPlayerCanSee	populatedGuardedSummary	-	
Java_PaperNativeCubicSplineCreate_indexSummary	PaperNativeCubicSplineCreate	indexSummary	P500	bench/p500/results/P500_FLOORSANITY_POSTWIPE_REPORT_2026-09-09.md | bench/p500/results/P500_FULLMATRIX_POSTWIPE_RAW_2026-09-09.tsv | bench/p500/results/P500_REPORT.md | bench/p500/results/P500_REPORT_smoke_S7-7.md | bench/p500/results/P500_REPORT_v2.md | bench/p500/results/baseline.tsv | bench/p500/results/p500_expected_summary.tsv | bench/p500/results/p500_raw.tsv | bench/p500/results/p500_raw_fullrun_2026-09-07.tsv | bench/p500/results/p500_raw_fullrun_2026-09-08_s7-14.tsv | bench/p500/results/p500_raw_fullrun_2026-09-08_s7-15.tsv | docs/BATCH_ADOPTION_MATRIX.md
Java_PaperNativeCubicSplineCreate_oldIteratorSummary	PaperNativeCubicSplineCreate	oldIteratorSummary	P500	bench/p500/results/P500_FLOORSANITY_POSTWIPE_REPORT_2026-09-09.md | bench/p500/results/P500_FULLMATRIX_POSTWIPE_RAW_2026-09-09.tsv | bench/p500/results/P500_REPORT.md | bench/p500/results/P500_REPORT_smoke_S7-7.md | bench/p500/results/P500_REPORT_v2.md | bench/p500/results/baseline.tsv | bench/p500/results/p500_expected_summary.tsv | bench/p500/results/p500_raw.tsv | bench/p500/results/p500_raw_fullrun_2026-09-07.tsv | bench/p500/results/p500_raw_fullrun_2026-09-08_s7-14.tsv | bench/p500/results/p500_raw_fullrun_2026-09-08_s7-15.tsv | docs/BATCH_ADOPTION_MATRIX.md
Java_PaperNativeDeflaterInputShape_copiedSummary	PaperNativeDeflaterInputShape	copiedSummary	-	
Java_PaperNativeDeflaterInputShape_sliceSummary	PaperNativeDeflaterInputShape	sliceSummary	-	
Java_PaperNativeDensityAp2Fill_oldFlatSummary	PaperNativeDensityAp2Fill	oldFlatSummary	P500	bench/p500/results/P500_FLOORSANITY_POSTWIPE_REPORT_2026-09-09.md | bench/p500/results/P500_FULLMATRIX_POSTWIPE_RAW_2026-09-09.tsv | bench/p500/results/P500_REPORT.md | bench/p500/results/P500_REPORT_smoke_S7-7.md | bench/p500/results/P500_REPORT_v2.md | bench/p500/results/baseline.tsv | bench/p500/results/p500_expected_summary.tsv | bench/p500/results/p500_raw.tsv | bench/p500/results/p500_raw_fullrun_2026-09-07.tsv | bench/p500/results/p500_raw_fullrun_2026-09-08_s7-14.tsv | bench/p500/results/p500_raw_fullrun_2026-09-08_s7-15.tsv | docs/BATCH_ADOPTION_MATRIX.md
Java_PaperNativeDensityAp2Fill_oldNestedSummary	PaperNativeDensityAp2Fill	oldNestedSummary	P500	bench/p500/results/P500_FLOORSANITY_POSTWIPE_REPORT_2026-09-09.md | bench/p500/results/P500_FULLMATRIX_POSTWIPE_RAW_2026-09-09.tsv | bench/p500/results/P500_REPORT.md | bench/p500/results/P500_REPORT_smoke_S7-7.md | bench/p500/results/P500_REPORT_v2.md | bench/p500/results/baseline.tsv | bench/p500/results/p500_expected_summary.tsv | bench/p500/results/p500_raw.tsv | bench/p500/results/p500_raw_fullrun_2026-09-07.tsv | bench/p500/results/p500_raw_fullrun_2026-09-08_s7-14.tsv | bench/p500/results/p500_raw_fullrun_2026-09-08_s7-15.tsv | docs/BATCH_ADOPTION_MATRIX.md
Java_PaperNativeDensityAp2Fill_scratchFlatSummary	PaperNativeDensityAp2Fill	scratchFlatSummary	P500	bench/p500/results/P500_FLOORSANITY_POSTWIPE_REPORT_2026-09-09.md | bench/p500/results/P500_FULLMATRIX_POSTWIPE_RAW_2026-09-09.tsv | bench/p500/results/P500_REPORT.md | bench/p500/results/P500_REPORT_smoke_S7-7.md | bench/p500/results/P500_REPORT_v2.md | bench/p500/results/baseline.tsv | bench/p500/results/p500_expected_summary.tsv | bench/p500/results/p500_raw.tsv | bench/p500/results/p500_raw_fullrun_2026-09-07.tsv | bench/p500/results/p500_raw_fullrun_2026-09-08_s7-14.tsv | bench/p500/results/p500_raw_fullrun_2026-09-08_s7-15.tsv | docs/BATCH_ADOPTION_MATRIX.md
Java_PaperNativeDensityAp2Fill_scratchNestedSummary	PaperNativeDensityAp2Fill	scratchNestedSummary	P500	bench/p500/results/P500_FLOORSANITY_POSTWIPE_REPORT_2026-09-09.md | bench/p500/results/P500_FULLMATRIX_POSTWIPE_RAW_2026-09-09.tsv | bench/p500/results/P500_REPORT.md | bench/p500/results/P500_REPORT_smoke_S7-7.md | bench/p500/results/P500_REPORT_v2.md | bench/p500/results/baseline.tsv | bench/p500/results/p500_expected_summary.tsv | bench/p500/results/p500_raw.tsv | bench/p500/results/p500_raw_fullrun_2026-09-07.tsv | bench/p500/results/p500_raw_fullrun_2026-09-08_s7-14.tsv | bench/p500/results/p500_raw_fullrun_2026-09-08_s7-15.tsv | docs/BATCH_ADOPTION_MATRIX.md
Java_PaperNativeDensityAp2MinMaxFill_newSummary	PaperNativeDensityAp2MinMaxFill	newSummary	P500	bench/batch/java/BatchFloorBench.java | bench/batch/java/PaperNativeDensityAp2MinMaxFill.java | bench/batch/results/A2_SHAPE_REPORT.md | bench/batch/run_a2_shape.sh | bench/batch/run_batch_floor.sh | bench/p500/results/P500_FLOORSANITY_POSTWIPE_REPORT_2026-09-09.md | bench/p500/results/P500_FULLMATRIX_POSTWIPE_RAW_2026-09-09.tsv | bench/p500/results/P500_REPORT.md | bench/p500/results/P500_REPORT_smoke_S7-7.md | bench/p500/results/P500_REPORT_v2.md | bench/p500/results/baseline.tsv | bench/p500/results/p500_expected_summary.tsv | bench/p500/results/p500_raw.tsv | bench/p500/results/p500_raw_fullrun_2026-09-07.tsv | bench/p500/results/p500_raw_fullrun_2026-09-08_s7-14.tsv | bench/p500/results/p500_raw_fullrun_2026-09-08_s7-15.tsv | docs/BATCH_ADOPTION_MATRIX.md | docs/BATCH_ADOPTION_MATRIX_wave2.md | docs/G9_WHOLE_METHOD_HOOK_DESIGN.md
Java_PaperNativeDensityAp2MinMaxFill_oldSummary	PaperNativeDensityAp2MinMaxFill	oldSummary	P500	bench/batch/java/BatchFloorBench.java | bench/batch/java/PaperNativeDensityAp2MinMaxFill.java | bench/batch/results/A2_SHAPE_REPORT.md | bench/batch/run_a2_shape.sh | bench/batch/run_batch_floor.sh | bench/p500/results/P500_FLOORSANITY_POSTWIPE_REPORT_2026-09-09.md | bench/p500/results/P500_FULLMATRIX_POSTWIPE_RAW_2026-09-09.tsv | bench/p500/results/P500_REPORT.md | bench/p500/results/P500_REPORT_smoke_S7-7.md | bench/p500/results/P500_REPORT_v2.md | bench/p500/results/baseline.tsv | bench/p500/results/p500_expected_summary.tsv | bench/p500/results/p500_raw.tsv | bench/p500/results/p500_raw_fullrun_2026-09-07.tsv | bench/p500/results/p500_raw_fullrun_2026-09-08_s7-14.tsv | bench/p500/results/p500_raw_fullrun_2026-09-08_s7-15.tsv | docs/BATCH_ADOPTION_MATRIX.md | docs/BATCH_ADOPTION_MATRIX_wave2.md | docs/G9_WHOLE_METHOD_HOOK_DESIGN.md
Java_PaperNativeDensitySplineContext_newDirectSummary	PaperNativeDensitySplineContext	newDirectSummary	P500	bench/batch/java/BatchRolloutBench.java | bench/batch/run_batch_rollout.sh | bench/p500/results/P500_FLOORSANITY_POSTWIPE_REPORT_2026-09-09.md | bench/p500/results/P500_FULLMATRIX_POSTWIPE_RAW_2026-09-09.tsv | bench/p500/results/P500_REPORT.md | bench/p500/results/P500_REPORT_smoke_S7-7.md | bench/p500/results/P500_REPORT_v2.md | bench/p500/results/baseline.tsv | bench/p500/results/p500_expected_summary.tsv | bench/p500/results/p500_raw.tsv | bench/p500/results/p500_raw_fullrun_2026-09-07.tsv | bench/p500/results/p500_raw_fullrun_2026-09-08_s7-14.tsv | bench/p500/results/p500_raw_fullrun_2026-09-08_s7-15.tsv | docs/BATCH_ADOPTION_MATRIX.md
Java_PaperNativeDensitySplineContext_oldWrapperSummary	PaperNativeDensitySplineContext	oldWrapperSummary	P500	bench/batch/java/BatchRolloutBench.java | bench/batch/run_batch_rollout.sh | bench/p500/results/P500_FLOORSANITY_POSTWIPE_REPORT_2026-09-09.md | bench/p500/results/P500_FULLMATRIX_POSTWIPE_RAW_2026-09-09.tsv | bench/p500/results/P500_REPORT.md | bench/p500/results/P500_REPORT_smoke_S7-7.md | bench/p500/results/P500_REPORT_v2.md | bench/p500/results/baseline.tsv | bench/p500/results/p500_expected_summary.tsv | bench/p500/results/p500_raw.tsv | bench/p500/results/p500_raw_fullrun_2026-09-07.tsv | bench/p500/results/p500_raw_fullrun_2026-09-08_s7-14.tsv | bench/p500/results/p500_raw_fullrun_2026-09-08_s7-15.tsv | docs/BATCH_ADOPTION_MATRIX.md
Java_PaperNativeDensityVisitorHook_hookedUnwrappingSummary	PaperNativeDensityVisitorHook	hookedUnwrappingSummary	P500	bench/p500/results/P500_FLOORSANITY_POSTWIPE_REPORT_2026-09-09.md | bench/p500/results/P500_FULLMATRIX_POSTWIPE_RAW_2026-09-09.tsv | bench/p500/results/P500_REPORT.md | bench/p500/results/P500_REPORT_smoke_S7-7.md | bench/p500/results/P500_REPORT_v2.md | bench/p500/results/baseline.tsv | bench/p500/results/p500_expected_summary.tsv | bench/p500/results/p500_raw.tsv | bench/p500/results/p500_raw_fullrun_2026-09-07.tsv | bench/p500/results/p500_raw_fullrun_2026-09-08_s7-14.tsv | bench/p500/results/p500_raw_fullrun_2026-09-08_s7-15.tsv | docs/BATCH_ADOPTION_MATRIX.md
Java_PaperNativeDensityVisitorHook_oldUnwrappingSummary	PaperNativeDensityVisitorHook	oldUnwrappingSummary	P500	bench/p500/results/P500_FLOORSANITY_POSTWIPE_REPORT_2026-09-09.md | bench/p500/results/P500_FULLMATRIX_POSTWIPE_RAW_2026-09-09.tsv | bench/p500/results/P500_REPORT.md | bench/p500/results/P500_REPORT_smoke_S7-7.md | bench/p500/results/P500_REPORT_v2.md | bench/p500/results/baseline.tsv | bench/p500/results/p500_expected_summary.tsv | bench/p500/results/p500_raw.tsv | bench/p500/results/p500_raw_fullrun_2026-09-07.tsv | bench/p500/results/p500_raw_fullrun_2026-09-08_s7-14.tsv | bench/p500/results/p500_raw_fullrun_2026-09-08_s7-15.tsv | docs/BATCH_ADOPTION_MATRIX.md
Java_PaperNativeEntityBoundingBox_directDimensionsSetSummary	PaperNativeEntityBoundingBox	directDimensionsSetSummary	P500	bench/p500/results/P500_FLOORSANITY_POSTWIPE_RAW_2026-09-09.tsv | bench/p500/results/P500_FLOORSANITY_POSTWIPE_REPORT_2026-09-09.md | bench/p500/results/P500_REPORT.md | bench/p500/results/P500_REPORT_smoke_S7-7.md | bench/p500/results/P500_REPORT_v2.md | bench/p500/results/baseline.tsv | bench/p500/results/p500_expected_summary.tsv | bench/p500/results/p500_raw.tsv | bench/p500/results/p500_raw_fullrun_2026-09-07.tsv | bench/p500/results/p500_raw_fullrun_2026-09-08_s7-14.tsv | bench/p500/results/p500_raw_fullrun_2026-09-08_s7-15.tsv | docs/BATCH_ADOPTION_MATRIX.md
Java_PaperNativeEntityBoundingBox_oldMakeThenSetSummary	PaperNativeEntityBoundingBox	oldMakeThenSetSummary	P500	bench/p500/results/P500_FLOORSANITY_POSTWIPE_RAW_2026-09-09.tsv | bench/p500/results/P500_FLOORSANITY_POSTWIPE_REPORT_2026-09-09.md | bench/p500/results/P500_REPORT.md | bench/p500/results/P500_REPORT_smoke_S7-7.md | bench/p500/results/P500_REPORT_v2.md | bench/p500/results/baseline.tsv | bench/p500/results/p500_expected_summary.tsv | bench/p500/results/p500_raw.tsv | bench/p500/results/p500_raw_fullrun_2026-09-07.tsv | bench/p500/results/p500_raw_fullrun_2026-09-08_s7-14.tsv | bench/p500/results/p500_raw_fullrun_2026-09-08_s7-15.tsv | docs/BATCH_ADOPTION_MATRIX.md
Java_PaperNativeEntityChunkTransient_newMixedSummary	PaperNativeEntityChunkTransient	newMixedSummary	P500	bench/p500/results/P500_FLOORSANITY_POSTWIPE_REPORT_2026-09-09.md | bench/p500/results/P500_FULLMATRIX_POSTWIPE_RAW_2026-09-09.tsv | bench/p500/results/P500_REPORT.md | bench/p500/results/P500_REPORT_smoke_S7-7.md | bench/p500/results/P500_REPORT_v2.md | bench/p500/results/baseline.tsv | bench/p500/results/p500_expected_summary.tsv | bench/p500/results/p500_raw.tsv | bench/p500/results/p500_raw_fullrun_2026-09-07.tsv | bench/p500/results/p500_raw_fullrun_2026-09-08_s7-14.tsv | bench/p500/results/p500_raw_fullrun_2026-09-08_s7-15.tsv | docs/BATCH_ADOPTION_MATRIX.md
Java_PaperNativeEntityChunkTransient_oldMixedSummary	PaperNativeEntityChunkTransient	oldMixedSummary	P500	bench/p500/results/P500_FLOORSANITY_POSTWIPE_REPORT_2026-09-09.md | bench/p500/results/P500_FULLMATRIX_POSTWIPE_RAW_2026-09-09.tsv | bench/p500/results/P500_REPORT.md | bench/p500/results/P500_REPORT_smoke_S7-7.md | bench/p500/results/P500_REPORT_v2.md | bench/p500/results/baseline.tsv | bench/p500/results/p500_expected_summary.tsv | bench/p500/results/p500_raw.tsv | bench/p500/results/p500_raw_fullrun_2026-09-07.tsv | bench/p500/results/p500_raw_fullrun_2026-09-08_s7-14.tsv | bench/p500/results/p500_raw_fullrun_2026-09-08_s7-15.tsv | docs/BATCH_ADOPTION_MATRIX.md
Java_PaperNativeEntityLookupStatus_directAccessibleSummary	PaperNativeEntityLookupStatus	directAccessibleSummary	P500	bench/batch/java/BatchRolloutBench.java | bench/batch/run_batch_rollout.sh | bench/p500/results/P500_FLOORSANITY_POSTWIPE_REPORT_2026-09-09.md | bench/p500/results/P500_FULLMATRIX_POSTWIPE_RAW_2026-09-09.tsv | bench/p500/results/P500_REPORT.md | bench/p500/results/P500_REPORT_smoke_S7-7.md | bench/p500/results/P500_REPORT_v2.md | bench/p500/results/baseline.tsv | bench/p500/results/p500_expected_summary.tsv | bench/p500/results/p500_raw.tsv | bench/p500/results/p500_raw_fullrun_2026-09-07.tsv | bench/p500/results/p500_raw_fullrun_2026-09-08_s7-14.tsv | bench/p500/results/p500_raw_fullrun_2026-09-08_s7-15.tsv | docs/BATCH_ADOPTION_MATRIX.md
Java_PaperNativeEntityLookupStatus_directStatusSummary	PaperNativeEntityLookupStatus	directStatusSummary	P500	bench/batch/java/BatchRolloutBench.java | bench/batch/run_batch_rollout.sh | bench/p500/results/P500_FLOORSANITY_POSTWIPE_REPORT_2026-09-09.md | bench/p500/results/P500_FULLMATRIX_POSTWIPE_RAW_2026-09-09.tsv | bench/p500/results/P500_REPORT.md | bench/p500/results/P500_REPORT_smoke_S7-7.md | bench/p500/results/P500_REPORT_v2.md | bench/p500/results/baseline.tsv | bench/p500/results/p500_expected_summary.tsv | bench/p500/results/p500_raw.tsv | bench/p500/results/p500_raw_fullrun_2026-09-07.tsv | bench/p500/results/p500_raw_fullrun_2026-09-08_s7-14.tsv | bench/p500/results/p500_raw_fullrun_2026-09-08_s7-15.tsv | docs/BATCH_ADOPTION_MATRIX.md
Java_PaperNativeEntityLookupStatus_oldAccessibleSummary	PaperNativeEntityLookupStatus	oldAccessibleSummary	P500	bench/batch/java/BatchRolloutBench.java | bench/batch/run_batch_rollout.sh | bench/p500/results/P500_FLOORSANITY_POSTWIPE_REPORT_2026-09-09.md | bench/p500/results/P500_FULLMATRIX_POSTWIPE_RAW_2026-09-09.tsv | bench/p500/results/P500_REPORT.md | bench/p500/results/P500_REPORT_smoke_S7-7.md | bench/p500/results/P500_REPORT_v2.md | bench/p500/results/baseline.tsv | bench/p500/results/p500_expected_summary.tsv | bench/p500/results/p500_raw.tsv | bench/p500/results/p500_raw_fullrun_2026-09-07.tsv | bench/p500/results/p500_raw_fullrun_2026-09-08_s7-14.tsv | bench/p500/results/p500_raw_fullrun_2026-09-08_s7-15.tsv | docs/BATCH_ADOPTION_MATRIX.md
Java_PaperNativeEntityLookupStatus_oldStatusSummary	PaperNativeEntityLookupStatus	oldStatusSummary	P500	bench/batch/java/BatchRolloutBench.java | bench/batch/run_batch_rollout.sh | bench/p500/results/P500_FLOORSANITY_POSTWIPE_REPORT_2026-09-09.md | bench/p500/results/P500_FULLMATRIX_POSTWIPE_RAW_2026-09-09.tsv | bench/p500/results/P500_REPORT.md | bench/p500/results/P500_REPORT_smoke_S7-7.md | bench/p500/results/P500_REPORT_v2.md | bench/p500/results/baseline.tsv | bench/p500/results/p500_expected_summary.tsv | bench/p500/results/p500_raw.tsv | bench/p500/results/p500_raw_fullrun_2026-09-07.tsv | bench/p500/results/p500_raw_fullrun_2026-09-08_s7-14.tsv | bench/p500/results/p500_raw_fullrun_2026-09-08_s7-15.tsv | docs/BATCH_ADOPTION_MATRIX.md
Java_PaperNativeHashPath_readAllSummary	PaperNativeHashPath	readAllSummary	-	
Java_PaperNativeHashPath_streamingSummary	PaperNativeHashPath	streamingSummary	-	
Java_PaperNativeHash_sha256Digest	PaperNativeHash	sha256Digest	-	
Java_PaperNativeImprovedNoiseDerivative_flatGradientDerivativeSummary	PaperNativeImprovedNoiseDerivative	flatGradientDerivativeSummary	P500	bench/p500/results/P500_FLOORSANITY_POSTWIPE_REPORT_2026-09-09.md | bench/p500/results/P500_FULLMATRIX_POSTWIPE_RAW_2026-09-09.tsv | bench/p500/results/P500_REPORT.md | bench/p500/results/P500_REPORT_smoke_S7-7.md | bench/p500/results/P500_REPORT_v2.md | bench/p500/results/baseline.tsv | bench/p500/results/p500_expected_summary.tsv | bench/p500/results/p500_raw.tsv | bench/p500/results/p500_raw_fullrun_2026-09-07.tsv | bench/p500/results/p500_raw_fullrun_2026-09-08_s7-14.tsv | bench/p500/results/p500_raw_fullrun_2026-09-08_s7-15.tsv | docs/BATCH_ADOPTION_MATRIX.md | docs/HOTSPOT_CANDIDATES.md | docs/WORLDGEN_BATCHING_LAYER_DESIGN.md
Java_PaperNativeImprovedNoiseDerivative_inlineDerivativeSummary	PaperNativeImprovedNoiseDerivative	inlineDerivativeSummary	P500	bench/p500/results/P500_FLOORSANITY_POSTWIPE_REPORT_2026-09-09.md | bench/p500/results/P500_FULLMATRIX_POSTWIPE_RAW_2026-09-09.tsv | bench/p500/results/P500_REPORT.md | bench/p500/results/P500_REPORT_smoke_S7-7.md | bench/p500/results/P500_REPORT_v2.md | bench/p500/results/baseline.tsv | bench/p500/results/p500_expected_summary.tsv | bench/p500/results/p500_raw.tsv | bench/p500/results/p500_raw_fullrun_2026-09-07.tsv | bench/p500/results/p500_raw_fullrun_2026-09-08_s7-14.tsv | bench/p500/results/p500_raw_fullrun_2026-09-08_s7-15.tsv | docs/BATCH_ADOPTION_MATRIX.md | docs/HOTSPOT_CANDIDATES.md | docs/WORLDGEN_BATCHING_LAYER_DESIGN.md
Java_PaperNativeImprovedNoiseDerivative_intTableDerivativeSummary	PaperNativeImprovedNoiseDerivative	intTableDerivativeSummary	P500	bench/p500/results/P500_FLOORSANITY_POSTWIPE_REPORT_2026-09-09.md | bench/p500/results/P500_FULLMATRIX_POSTWIPE_RAW_2026-09-09.tsv | bench/p500/results/P500_REPORT.md | bench/p500/results/P500_REPORT_smoke_S7-7.md | bench/p500/results/P500_REPORT_v2.md | bench/p500/results/baseline.tsv | bench/p500/results/p500_expected_summary.tsv | bench/p500/results/p500_raw.tsv | bench/p500/results/p500_raw_fullrun_2026-09-07.tsv | bench/p500/results/p500_raw_fullrun_2026-09-08_s7-14.tsv | bench/p500/results/p500_raw_fullrun_2026-09-08_s7-15.tsv | docs/BATCH_ADOPTION_MATRIX.md | docs/HOTSPOT_CANDIDATES.md | docs/WORLDGEN_BATCHING_LAYER_DESIGN.md
Java_PaperNativeImprovedNoiseDerivative_oldDerivativeSummary	PaperNativeImprovedNoiseDerivative	oldDerivativeSummary	P500	bench/p500/results/P500_FLOORSANITY_POSTWIPE_REPORT_2026-09-09.md | bench/p500/results/P500_FULLMATRIX_POSTWIPE_RAW_2026-09-09.tsv | bench/p500/results/P500_REPORT.md | bench/p500/results/P500_REPORT_smoke_S7-7.md | bench/p500/results/P500_REPORT_v2.md | bench/p500/results/baseline.tsv | bench/p500/results/p500_expected_summary.tsv | bench/p500/results/p500_raw.tsv | bench/p500/results/p500_raw_fullrun_2026-09-07.tsv | bench/p500/results/p500_raw_fullrun_2026-09-08_s7-14.tsv | bench/p500/results/p500_raw_fullrun_2026-09-08_s7-15.tsv | docs/BATCH_ADOPTION_MATRIX.md | docs/HOTSPOT_CANDIDATES.md | docs/WORLDGEN_BATCHING_LAYER_DESIGN.md
Java_PaperNativeImprovedNoiseFloor_currentMthFloorSummary	PaperNativeImprovedNoiseFloor	currentMthFloorSummary	-	
Java_PaperNativeImprovedNoiseFloor_mathFloorSummary	PaperNativeImprovedNoiseFloor	mathFloorSummary	-	
Java_PaperNativeImprovedNoiseInline_arithmeticSummary	PaperNativeImprovedNoiseInline	arithmeticSummary	P500	bench/p500/parity/ProbeTiny.java | bench/p500/parity/WinPairParity.java | bench/p500/parity/results/PROMOTE_E2E_2026-09-09.md | bench/p500/parity/run_winpair_parity.sh | bench/p500/results/P500_FLOORSANITY_POSTWIPE_RAW_2026-09-09.tsv | bench/p500/results/P500_FLOORSANITY_POSTWIPE_REPORT_2026-09-09.md | bench/p500/results/P500_REPORT.md | bench/p500/results/P500_REPORT_smoke_S7-7.md | bench/p500/results/P500_REPORT_v2.md | bench/p500/results/baseline.tsv | bench/p500/results/p500_expected_summary.tsv | bench/p500/results/p500_raw.tsv | bench/p500/results/p500_raw_fullrun_2026-09-07.tsv | bench/p500/results/p500_raw_fullrun_2026-09-08_s7-14.tsv | bench/p500/results/p500_raw_fullrun_2026-09-08_s7-15.tsv | docs/BATCH_ADOPTION_MATRIX.md | docs/HOTSPOT_CANDIDATES.md | docs/OPTIMIZATION_ROADMAP.md | docs/RESULTS_LEDGER.md
Java_PaperNativeImprovedNoiseInline_flatGradientSummary	PaperNativeImprovedNoiseInline	flatGradientSummary	P500	bench/p500/parity/ProbeTiny.java | bench/p500/parity/WinPairParity.java | bench/p500/parity/results/PROMOTE_E2E_2026-09-09.md | bench/p500/parity/run_winpair_parity.sh | bench/p500/results/P500_FLOORSANITY_POSTWIPE_RAW_2026-09-09.tsv | bench/p500/results/P500_FLOORSANITY_POSTWIPE_REPORT_2026-09-09.md | bench/p500/results/P500_REPORT.md | bench/p500/results/P500_REPORT_smoke_S7-7.md | bench/p500/results/P500_REPORT_v2.md | bench/p500/results/baseline.tsv | bench/p500/results/p500_expected_summary.tsv | bench/p500/results/p500_raw.tsv | bench/p500/results/p500_raw_fullrun_2026-09-07.tsv | bench/p500/results/p500_raw_fullrun_2026-09-08_s7-14.tsv | bench/p500/results/p500_raw_fullrun_2026-09-08_s7-15.tsv | docs/BATCH_ADOPTION_MATRIX.md | docs/HOTSPOT_CANDIDATES.md | docs/OPTIMIZATION_ROADMAP.md | docs/RESULTS_LEDGER.md
Java_PaperNativeImprovedNoiseInline_inlineByteAccessSummary	PaperNativeImprovedNoiseInline	inlineByteAccessSummary	P500	bench/p500/parity/ProbeTiny.java | bench/p500/parity/WinPairParity.java | bench/p500/parity/results/PROMOTE_E2E_2026-09-09.md | bench/p500/parity/run_winpair_parity.sh | bench/p500/results/P500_FLOORSANITY_POSTWIPE_RAW_2026-09-09.tsv | bench/p500/results/P500_FLOORSANITY_POSTWIPE_REPORT_2026-09-09.md | bench/p500/results/P500_REPORT.md | bench/p500/results/P500_REPORT_smoke_S7-7.md | bench/p500/results/P500_REPORT_v2.md | bench/p500/results/baseline.tsv | bench/p500/results/p500_expected_summary.tsv | bench/p500/results/p500_raw.tsv | bench/p500/results/p500_raw_fullrun_2026-09-07.tsv | bench/p500/results/p500_raw_fullrun_2026-09-08_s7-14.tsv | bench/p500/results/p500_raw_fullrun_2026-09-08_s7-15.tsv | docs/BATCH_ADOPTION_MATRIX.md | docs/HOTSPOT_CANDIDATES.md | docs/OPTIMIZATION_ROADMAP.md | docs/RESULTS_LEDGER.md
Java_PaperNativeImprovedNoiseInline_oldPMethodSummary	PaperNativeImprovedNoiseInline	oldPMethodSummary	P500	bench/p500/parity/ProbeTiny.java | bench/p500/parity/WinPairParity.java | bench/p500/parity/results/PROMOTE_E2E_2026-09-09.md | bench/p500/parity/run_winpair_parity.sh | bench/p500/results/P500_FLOORSANITY_POSTWIPE_RAW_2026-09-09.tsv | bench/p500/results/P500_FLOORSANITY_POSTWIPE_REPORT_2026-09-09.md | bench/p500/results/P500_REPORT.md | bench/p500/results/P500_REPORT_smoke_S7-7.md | bench/p500/results/P500_REPORT_v2.md | bench/p500/results/baseline.tsv | bench/p500/results/p500_expected_summary.tsv | bench/p500/results/p500_raw.tsv | bench/p500/results/p500_raw_fullrun_2026-09-07.tsv | bench/p500/results/p500_raw_fullrun_2026-09-08_s7-14.tsv | bench/p500/results/p500_raw_fullrun_2026-09-08_s7-15.tsv | docs/BATCH_ADOPTION_MATRIX.md | docs/HOTSPOT_CANDIDATES.md | docs/OPTIMIZATION_ROADMAP.md | docs/RESULTS_LEDGER.md
Java_PaperNativeImprovedNoiseInline_switchGradientSummary	PaperNativeImprovedNoiseInline	switchGradientSummary	P500	bench/p500/parity/ProbeTiny.java | bench/p500/parity/WinPairParity.java | bench/p500/parity/results/PROMOTE_E2E_2026-09-09.md | bench/p500/parity/run_winpair_parity.sh | bench/p500/results/P500_FLOORSANITY_POSTWIPE_RAW_2026-09-09.tsv | bench/p500/results/P500_FLOORSANITY_POSTWIPE_REPORT_2026-09-09.md | bench/p500/results/P500_REPORT.md | bench/p500/results/P500_REPORT_smoke_S7-7.md | bench/p500/results/P500_REPORT_v2.md | bench/p500/results/baseline.tsv | bench/p500/results/p500_expected_summary.tsv | bench/p500/results/p500_raw.tsv | bench/p500/results/p500_raw_fullrun_2026-09-07.tsv | bench/p500/results/p500_raw_fullrun_2026-09-08_s7-14.tsv | bench/p500/results/p500_raw_fullrun_2026-09-08_s7-15.tsv | docs/BATCH_ADOPTION_MATRIX.md | docs/HOTSPOT_CANDIDATES.md | docs/OPTIMIZATION_ROADMAP.md | docs/RESULTS_LEDGER.md
Java_PaperNativeImprovedNoise_buildHandle	PaperNativeImprovedNoise	buildHandle	-	bench/graal_ab/RAW_TASK100/run_GA12/boot.log | bench/graal_ab/RAW_TASK100/run_GA5/boot.log | bench/graal_ab/RAW_TASK100/run_GA7/boot.log | bench/graal_ab/RAW_TASK100/run_GA8/boot.log | bench/graal_ab/RAW_TASK100/run_TC2A13/boot.log | bench/graal_ab/RAW_TASK100/run_TC2A4/boot.log | bench/graal_ab/RAW_TASK100/run_TC2A6/boot.log | bench/graal_ab/RAW_TASK100/run_TC2A9/boot.log | bench/graal_ab/RAW_TASK100/run_TC2I11/boot.log | bench/graal_ab/RAW_TASK100/run_TC2I8/boot.log | bench/graal_ab/RAW_TASK100_20260908_190610/run.log | bench/graal_ab/RAW_TASK100_20260908_190610/run_TC2A4/boot.log | bench/graal_ab/RAW_TASK105/run_JFRA2/boot.log | bench/graal_ab/RAW_TASK105/run_JFRA3/boot.log | bench/graal_ab/RAW_TASK106/run_CA2/boot.log | bench/graal_ab/RAW_TASK106/run_CA3/boot.log | bench/lifecycle/net/minecraft/world/level/levelgen/synth/ImprovedNoiseNativeOpsOld.java | bench/lifecycle/net/minecraft/world/level/levelgen/synth/PaperNativeImprovedNoise.java | bench/lifecycle/run_soak.sh | bench/lifecycle/variant_v0/ImprovedNoiseNativeOps.java | bench/noise_ab/run_noise_ab.sh | bench/noise_ab/src/net/minecraft/world/level/levelgen/synth/NoiseAbBench.java | bench/noise_ab/src/net/minecraft/world/level/levelgen/synth/PaperNativeImprovedNoise.java | bench/p500/java/net/minecraft/world/level/levelgen/synth/PaperNativeImprovedNoise.java | bench/p500/lifecycle/LifecycleBench.java | bench/p500/parity/ProbeTiny.java | bench/p500/parity/WinPairParity.java | bench/p500/parity/results/PROMOTE_E2E_2026-09-09.md | bench/p500/parity/run_winpair_parity.sh | bench/p500/results/P500_FLOORSANITY_POSTWIPE_RAW_2026-09-09.tsv | bench/p500/results/P500_FLOORSANITY_POSTWIPE_REPORT_2026-09-09.md | bench/p500/results/P500_FULLMATRIX_POSTWIPE_RAW_2026-09-09.tsv | bench/p500/results/P500_REPORT.md | bench/p500/results/P500_REPORT_smoke_S7-7.md | bench/p500/results/P500_REPORT_v2.md | bench/p500/results/baseline.tsv | bench/p500/results/p500_expected_summary.tsv | bench/p500/results/p500_raw.tsv | bench/p500/results/p500_raw_fullrun_2026-09-07.tsv | bench/p500/results/p500_raw_fullrun_2026-09-08_s7-14.tsv | bench/p500/results/p500_raw_fullrun_2026-09-08_s7-15.tsv | bench/step0_noise/run_step0.sh | bench/step0_noise/src/net/minecraft/world/level/levelgen/synth/PaperNativeImprovedNoise.java | bench/step0_noise/src/net/minecraft/world/level/levelgen/synth/Step0NoiseBench.java | docs/ARCHITECTURE.md | docs/BATCH_ADOPTION_MATRIX.md | docs/BOOST_SWEEP.md | docs/HOTSPOT_CANDIDATES.md | docs/KERNEL_POLICY.md | docs/OPTIMIZATION_ROADMAP.md | docs/RESULTS_LEDGER.md | docs/WORLDGEN_BATCHING_LAYER_DESIGN.md | scripts/build_noise.sh
Java_PaperNativeImprovedNoise_fill	PaperNativeImprovedNoise	fill	-	bench/graal_ab/RAW_TASK100/run_GA12/boot.log | bench/graal_ab/RAW_TASK100/run_GA5/boot.log | bench/graal_ab/RAW_TASK100/run_GA7/boot.log | bench/graal_ab/RAW_TASK100/run_GA8/boot.log | bench/graal_ab/RAW_TASK100/run_TC2A13/boot.log | bench/graal_ab/RAW_TASK100/run_TC2A4/boot.log | bench/graal_ab/RAW_TASK100/run_TC2A6/boot.log | bench/graal_ab/RAW_TASK100/run_TC2A9/boot.log | bench/graal_ab/RAW_TASK100/run_TC2I11/boot.log | bench/graal_ab/RAW_TASK100/run_TC2I8/boot.log | bench/graal_ab/RAW_TASK100_20260908_190610/run.log | bench/graal_ab/RAW_TASK100_20260908_190610/run_TC2A4/boot.log | bench/graal_ab/RAW_TASK105/run_JFRA2/boot.log | bench/graal_ab/RAW_TASK105/run_JFRA3/boot.log | bench/graal_ab/RAW_TASK106/run_CA2/boot.log | bench/graal_ab/RAW_TASK106/run_CA3/boot.log | bench/lifecycle/net/minecraft/world/level/levelgen/synth/ImprovedNoiseNativeOpsOld.java | bench/lifecycle/net/minecraft/world/level/levelgen/synth/PaperNativeImprovedNoise.java | bench/lifecycle/run_soak.sh | bench/lifecycle/variant_v0/ImprovedNoiseNativeOps.java | bench/noise_ab/run_noise_ab.sh | bench/noise_ab/src/net/minecraft/world/level/levelgen/synth/NoiseAbBench.java | bench/noise_ab/src/net/minecraft/world/level/levelgen/synth/PaperNativeImprovedNoise.java | bench/p500/java/net/minecraft/world/level/levelgen/synth/PaperNativeImprovedNoise.java | bench/p500/lifecycle/LifecycleBench.java | bench/p500/parity/ProbeTiny.java | bench/p500/parity/WinPairParity.java | bench/p500/parity/results/PROMOTE_E2E_2026-09-09.md | bench/p500/parity/run_winpair_parity.sh | bench/p500/results/P500_FLOORSANITY_POSTWIPE_RAW_2026-09-09.tsv | bench/p500/results/P500_FLOORSANITY_POSTWIPE_REPORT_2026-09-09.md | bench/p500/results/P500_FULLMATRIX_POSTWIPE_RAW_2026-09-09.tsv | bench/p500/results/P500_REPORT.md | bench/p500/results/P500_REPORT_smoke_S7-7.md | bench/p500/results/P500_REPORT_v2.md | bench/p500/results/baseline.tsv | bench/p500/results/p500_expected_summary.tsv | bench/p500/results/p500_raw.tsv | bench/p500/results/p500_raw_fullrun_2026-09-07.tsv | bench/p500/results/p500_raw_fullrun_2026-09-08_s7-14.tsv | bench/p500/results/p500_raw_fullrun_2026-09-08_s7-15.tsv | bench/step0_noise/run_step0.sh | bench/step0_noise/src/net/minecraft/world/level/levelgen/synth/PaperNativeImprovedNoise.java | bench/step0_noise/src/net/minecraft/world/level/levelgen/synth/Step0NoiseBench.java | docs/ARCHITECTURE.md | docs/BATCH_ADOPTION_MATRIX.md | docs/BOOST_SWEEP.md | docs/HOTSPOT_CANDIDATES.md | docs/KERNEL_POLICY.md | docs/OPTIMIZATION_ROADMAP.md | docs/RESULTS_LEDGER.md | docs/WORLDGEN_BATCHING_LAYER_DESIGN.md | scripts/build_noise.sh
Java_PaperNativeImprovedNoise_fillNoYScale	PaperNativeImprovedNoise	fillNoYScale	-	bench/graal_ab/RAW_TASK100/run_GA12/boot.log | bench/graal_ab/RAW_TASK100/run_GA5/boot.log | bench/graal_ab/RAW_TASK100/run_GA7/boot.log | bench/graal_ab/RAW_TASK100/run_GA8/boot.log | bench/graal_ab/RAW_TASK100/run_TC2A13/boot.log | bench/graal_ab/RAW_TASK100/run_TC2A4/boot.log | bench/graal_ab/RAW_TASK100/run_TC2A6/boot.log | bench/graal_ab/RAW_TASK100/run_TC2A9/boot.log | bench/graal_ab/RAW_TASK100/run_TC2I11/boot.log | bench/graal_ab/RAW_TASK100/run_TC2I8/boot.log | bench/graal_ab/RAW_TASK100_20260908_190610/run.log | bench/graal_ab/RAW_TASK100_20260908_190610/run_TC2A4/boot.log | bench/graal_ab/RAW_TASK105/run_JFRA2/boot.log | bench/graal_ab/RAW_TASK105/run_JFRA3/boot.log | bench/graal_ab/RAW_TASK106/run_CA2/boot.log | bench/graal_ab/RAW_TASK106/run_CA3/boot.log | bench/lifecycle/net/minecraft/world/level/levelgen/synth/ImprovedNoiseNativeOpsOld.java | bench/lifecycle/net/minecraft/world/level/levelgen/synth/PaperNativeImprovedNoise.java | bench/lifecycle/run_soak.sh | bench/lifecycle/variant_v0/ImprovedNoiseNativeOps.java | bench/noise_ab/run_noise_ab.sh | bench/noise_ab/src/net/minecraft/world/level/levelgen/synth/NoiseAbBench.java | bench/noise_ab/src/net/minecraft/world/level/levelgen/synth/PaperNativeImprovedNoise.java | bench/p500/java/net/minecraft/world/level/levelgen/synth/PaperNativeImprovedNoise.java | bench/p500/lifecycle/LifecycleBench.java | bench/p500/parity/ProbeTiny.java | bench/p500/parity/WinPairParity.java | bench/p500/parity/results/PROMOTE_E2E_2026-09-09.md | bench/p500/parity/run_winpair_parity.sh | bench/p500/results/P500_FLOORSANITY_POSTWIPE_RAW_2026-09-09.tsv | bench/p500/results/P500_FLOORSANITY_POSTWIPE_REPORT_2026-09-09.md | bench/p500/results/P500_FULLMATRIX_POSTWIPE_RAW_2026-09-09.tsv | bench/p500/results/P500_REPORT.md | bench/p500/results/P500_REPORT_smoke_S7-7.md | bench/p500/results/P500_REPORT_v2.md | bench/p500/results/baseline.tsv | bench/p500/results/p500_expected_summary.tsv | bench/p500/results/p500_raw.tsv | bench/p500/results/p500_raw_fullrun_2026-09-07.tsv | bench/p500/results/p500_raw_fullrun_2026-09-08_s7-14.tsv | bench/p500/results/p500_raw_fullrun_2026-09-08_s7-15.tsv | bench/step0_noise/run_step0.sh | bench/step0_noise/src/net/minecraft/world/level/levelgen/synth/PaperNativeImprovedNoise.java | bench/step0_noise/src/net/minecraft/world/level/levelgen/synth/Step0NoiseBench.java | docs/ARCHITECTURE.md | docs/BATCH_ADOPTION_MATRIX.md | docs/BOOST_SWEEP.md | docs/HOTSPOT_CANDIDATES.md | docs/KERNEL_POLICY.md | docs/OPTIMIZATION_ROADMAP.md | docs/RESULTS_LEDGER.md | docs/WORLDGEN_BATCHING_LAYER_DESIGN.md | scripts/build_noise.sh
Java_PaperNativeImprovedNoise_freeHandle	PaperNativeImprovedNoise	freeHandle	-	bench/graal_ab/RAW_TASK100/run_GA12/boot.log | bench/graal_ab/RAW_TASK100/run_GA5/boot.log | bench/graal_ab/RAW_TASK100/run_GA7/boot.log | bench/graal_ab/RAW_TASK100/run_GA8/boot.log | bench/graal_ab/RAW_TASK100/run_TC2A13/boot.log | bench/graal_ab/RAW_TASK100/run_TC2A4/boot.log | bench/graal_ab/RAW_TASK100/run_TC2A6/boot.log | bench/graal_ab/RAW_TASK100/run_TC2A9/boot.log | bench/graal_ab/RAW_TASK100/run_TC2I11/boot.log | bench/graal_ab/RAW_TASK100/run_TC2I8/boot.log | bench/graal_ab/RAW_TASK100_20260908_190610/run.log | bench/graal_ab/RAW_TASK100_20260908_190610/run_TC2A4/boot.log | bench/graal_ab/RAW_TASK105/run_JFRA2/boot.log | bench/graal_ab/RAW_TASK105/run_JFRA3/boot.log | bench/graal_ab/RAW_TASK106/run_CA2/boot.log | bench/graal_ab/RAW_TASK106/run_CA3/boot.log | bench/lifecycle/net/minecraft/world/level/levelgen/synth/ImprovedNoiseNativeOpsOld.java | bench/lifecycle/net/minecraft/world/level/levelgen/synth/PaperNativeImprovedNoise.java | bench/lifecycle/run_soak.sh | bench/lifecycle/variant_v0/ImprovedNoiseNativeOps.java | bench/noise_ab/run_noise_ab.sh | bench/noise_ab/src/net/minecraft/world/level/levelgen/synth/NoiseAbBench.java | bench/noise_ab/src/net/minecraft/world/level/levelgen/synth/PaperNativeImprovedNoise.java | bench/p500/java/net/minecraft/world/level/levelgen/synth/PaperNativeImprovedNoise.java | bench/p500/lifecycle/LifecycleBench.java | bench/p500/parity/ProbeTiny.java | bench/p500/parity/WinPairParity.java | bench/p500/parity/results/PROMOTE_E2E_2026-09-09.md | bench/p500/parity/run_winpair_parity.sh | bench/p500/results/P500_FLOORSANITY_POSTWIPE_RAW_2026-09-09.tsv | bench/p500/results/P500_FLOORSANITY_POSTWIPE_REPORT_2026-09-09.md | bench/p500/results/P500_FULLMATRIX_POSTWIPE_RAW_2026-09-09.tsv | bench/p500/results/P500_REPORT.md | bench/p500/results/P500_REPORT_smoke_S7-7.md | bench/p500/results/P500_REPORT_v2.md | bench/p500/results/baseline.tsv | bench/p500/results/p500_expected_summary.tsv | bench/p500/results/p500_raw.tsv | bench/p500/results/p500_raw_fullrun_2026-09-07.tsv | bench/p500/results/p500_raw_fullrun_2026-09-08_s7-14.tsv | bench/p500/results/p500_raw_fullrun_2026-09-08_s7-15.tsv | bench/step0_noise/run_step0.sh | bench/step0_noise/src/net/minecraft/world/level/levelgen/synth/PaperNativeImprovedNoise.java | bench/step0_noise/src/net/minecraft/world/level/levelgen/synth/Step0NoiseBench.java | docs/ARCHITECTURE.md | docs/BATCH_ADOPTION_MATRIX.md | docs/BOOST_SWEEP.md | docs/HOTSPOT_CANDIDATES.md | docs/KERNEL_POLICY.md | docs/OPTIMIZATION_ROADMAP.md | docs/RESULTS_LEDGER.md | docs/WORLDGEN_BATCHING_LAYER_DESIGN.md | scripts/build_noise.sh
Java_PaperNativeImprovedNoise_noise	PaperNativeImprovedNoise	noise	-	bench/graal_ab/RAW_TASK100/run_GA12/boot.log | bench/graal_ab/RAW_TASK100/run_GA5/boot.log | bench/graal_ab/RAW_TASK100/run_GA7/boot.log | bench/graal_ab/RAW_TASK100/run_GA8/boot.log | bench/graal_ab/RAW_TASK100/run_TC2A13/boot.log | bench/graal_ab/RAW_TASK100/run_TC2A4/boot.log | bench/graal_ab/RAW_TASK100/run_TC2A6/boot.log | bench/graal_ab/RAW_TASK100/run_TC2A9/boot.log | bench/graal_ab/RAW_TASK100/run_TC2I11/boot.log | bench/graal_ab/RAW_TASK100/run_TC2I8/boot.log | bench/graal_ab/RAW_TASK100_20260908_190610/run.log | bench/graal_ab/RAW_TASK100_20260908_190610/run_TC2A4/boot.log | bench/graal_ab/RAW_TASK105/run_JFRA2/boot.log | bench/graal_ab/RAW_TASK105/run_JFRA3/boot.log | bench/graal_ab/RAW_TASK106/run_CA2/boot.log | bench/graal_ab/RAW_TASK106/run_CA3/boot.log | bench/lifecycle/net/minecraft/world/level/levelgen/synth/ImprovedNoiseNativeOpsOld.java | bench/lifecycle/net/minecraft/world/level/levelgen/synth/PaperNativeImprovedNoise.java | bench/lifecycle/run_soak.sh | bench/lifecycle/variant_v0/ImprovedNoiseNativeOps.java | bench/noise_ab/run_noise_ab.sh | bench/noise_ab/src/net/minecraft/world/level/levelgen/synth/NoiseAbBench.java | bench/noise_ab/src/net/minecraft/world/level/levelgen/synth/PaperNativeImprovedNoise.java | bench/p500/java/net/minecraft/world/level/levelgen/synth/PaperNativeImprovedNoise.java | bench/p500/lifecycle/LifecycleBench.java | bench/p500/parity/ProbeTiny.java | bench/p500/parity/WinPairParity.java | bench/p500/parity/results/PROMOTE_E2E_2026-09-09.md | bench/p500/parity/run_winpair_parity.sh | bench/p500/results/P500_FLOORSANITY_POSTWIPE_RAW_2026-09-09.tsv | bench/p500/results/P500_FLOORSANITY_POSTWIPE_REPORT_2026-09-09.md | bench/p500/results/P500_FULLMATRIX_POSTWIPE_RAW_2026-09-09.tsv | bench/p500/results/P500_REPORT.md | bench/p500/results/P500_REPORT_smoke_S7-7.md | bench/p500/results/P500_REPORT_v2.md | bench/p500/results/baseline.tsv | bench/p500/results/p500_expected_summary.tsv | bench/p500/results/p500_raw.tsv | bench/p500/results/p500_raw_fullrun_2026-09-07.tsv | bench/p500/results/p500_raw_fullrun_2026-09-08_s7-14.tsv | bench/p500/results/p500_raw_fullrun_2026-09-08_s7-15.tsv | bench/step0_noise/run_step0.sh | bench/step0_noise/src/net/minecraft/world/level/levelgen/synth/PaperNativeImprovedNoise.java | bench/step0_noise/src/net/minecraft/world/level/levelgen/synth/Step0NoiseBench.java | docs/ARCHITECTURE.md | docs/BATCH_ADOPTION_MATRIX.md | docs/BOOST_SWEEP.md | docs/HOTSPOT_CANDIDATES.md | docs/KERNEL_POLICY.md | docs/OPTIMIZATION_ROADMAP.md | docs/RESULTS_LEDGER.md | docs/WORLDGEN_BATCHING_LAYER_DESIGN.md | scripts/build_noise.sh
Java_PaperNativeImprovedNoise_noiseBatchSummary	PaperNativeImprovedNoise	noiseBatchSummary	-	bench/graal_ab/RAW_TASK100/run_GA12/boot.log | bench/graal_ab/RAW_TASK100/run_GA5/boot.log | bench/graal_ab/RAW_TASK100/run_GA7/boot.log | bench/graal_ab/RAW_TASK100/run_GA8/boot.log | bench/graal_ab/RAW_TASK100/run_TC2A13/boot.log | bench/graal_ab/RAW_TASK100/run_TC2A4/boot.log | bench/graal_ab/RAW_TASK100/run_TC2A6/boot.log | bench/graal_ab/RAW_TASK100/run_TC2A9/boot.log | bench/graal_ab/RAW_TASK100/run_TC2I11/boot.log | bench/graal_ab/RAW_TASK100/run_TC2I8/boot.log | bench/graal_ab/RAW_TASK100_20260908_190610/run.log | bench/graal_ab/RAW_TASK100_20260908_190610/run_TC2A4/boot.log | bench/graal_ab/RAW_TASK105/run_JFRA2/boot.log | bench/graal_ab/RAW_TASK105/run_JFRA3/boot.log | bench/graal_ab/RAW_TASK106/run_CA2/boot.log | bench/graal_ab/RAW_TASK106/run_CA3/boot.log | bench/lifecycle/net/minecraft/world/level/levelgen/synth/ImprovedNoiseNativeOpsOld.java | bench/lifecycle/net/minecraft/world/level/levelgen/synth/PaperNativeImprovedNoise.java | bench/lifecycle/run_soak.sh | bench/lifecycle/variant_v0/ImprovedNoiseNativeOps.java | bench/noise_ab/run_noise_ab.sh | bench/noise_ab/src/net/minecraft/world/level/levelgen/synth/NoiseAbBench.java | bench/noise_ab/src/net/minecraft/world/level/levelgen/synth/PaperNativeImprovedNoise.java | bench/p500/java/net/minecraft/world/level/levelgen/synth/PaperNativeImprovedNoise.java | bench/p500/lifecycle/LifecycleBench.java | bench/p500/parity/ProbeTiny.java | bench/p500/parity/WinPairParity.java | bench/p500/parity/results/PROMOTE_E2E_2026-09-09.md | bench/p500/parity/run_winpair_parity.sh | bench/p500/results/P500_FLOORSANITY_POSTWIPE_RAW_2026-09-09.tsv | bench/p500/results/P500_FLOORSANITY_POSTWIPE_REPORT_2026-09-09.md | bench/p500/results/P500_FULLMATRIX_POSTWIPE_RAW_2026-09-09.tsv | bench/p500/results/P500_REPORT.md | bench/p500/results/P500_REPORT_smoke_S7-7.md | bench/p500/results/P500_REPORT_v2.md | bench/p500/results/baseline.tsv | bench/p500/results/p500_expected_summary.tsv | bench/p500/results/p500_raw.tsv | bench/p500/results/p500_raw_fullrun_2026-09-07.tsv | bench/p500/results/p500_raw_fullrun_2026-09-08_s7-14.tsv | bench/p500/results/p500_raw_fullrun_2026-09-08_s7-15.tsv | bench/step0_noise/run_step0.sh | bench/step0_noise/src/net/minecraft/world/level/levelgen/synth/PaperNativeImprovedNoise.java | bench/step0_noise/src/net/minecraft/world/level/levelgen/synth/Step0NoiseBench.java | docs/ARCHITECTURE.md | docs/BATCH_ADOPTION_MATRIX.md | docs/BOOST_SWEEP.md | docs/HOTSPOT_CANDIDATES.md | docs/KERNEL_POLICY.md | docs/OPTIMIZATION_ROADMAP.md | docs/RESULTS_LEDGER.md | docs/WORLDGEN_BATCHING_LAYER_DESIGN.md | scripts/build_noise.sh
Java_PaperNativeImprovedNoise_noiseNoYScale	PaperNativeImprovedNoise	noiseNoYScale	-	bench/graal_ab/RAW_TASK100/run_GA12/boot.log | bench/graal_ab/RAW_TASK100/run_GA5/boot.log | bench/graal_ab/RAW_TASK100/run_GA7/boot.log | bench/graal_ab/RAW_TASK100/run_GA8/boot.log | bench/graal_ab/RAW_TASK100/run_TC2A13/boot.log | bench/graal_ab/RAW_TASK100/run_TC2A4/boot.log | bench/graal_ab/RAW_TASK100/run_TC2A6/boot.log | bench/graal_ab/RAW_TASK100/run_TC2A9/boot.log | bench/graal_ab/RAW_TASK100/run_TC2I11/boot.log | bench/graal_ab/RAW_TASK100/run_TC2I8/boot.log | bench/graal_ab/RAW_TASK100_20260908_190610/run.log | bench/graal_ab/RAW_TASK100_20260908_190610/run_TC2A4/boot.log | bench/graal_ab/RAW_TASK105/run_JFRA2/boot.log | bench/graal_ab/RAW_TASK105/run_JFRA3/boot.log | bench/graal_ab/RAW_TASK106/run_CA2/boot.log | bench/graal_ab/RAW_TASK106/run_CA3/boot.log | bench/lifecycle/net/minecraft/world/level/levelgen/synth/ImprovedNoiseNativeOpsOld.java | bench/lifecycle/net/minecraft/world/level/levelgen/synth/PaperNativeImprovedNoise.java | bench/lifecycle/run_soak.sh | bench/lifecycle/variant_v0/ImprovedNoiseNativeOps.java | bench/noise_ab/run_noise_ab.sh | bench/noise_ab/src/net/minecraft/world/level/levelgen/synth/NoiseAbBench.java | bench/noise_ab/src/net/minecraft/world/level/levelgen/synth/PaperNativeImprovedNoise.java | bench/p500/java/net/minecraft/world/level/levelgen/synth/PaperNativeImprovedNoise.java | bench/p500/lifecycle/LifecycleBench.java | bench/p500/parity/ProbeTiny.java | bench/p500/parity/WinPairParity.java | bench/p500/parity/results/PROMOTE_E2E_2026-09-09.md | bench/p500/parity/run_winpair_parity.sh | bench/p500/results/P500_FLOORSANITY_POSTWIPE_RAW_2026-09-09.tsv | bench/p500/results/P500_FLOORSANITY_POSTWIPE_REPORT_2026-09-09.md | bench/p500/results/P500_FULLMATRIX_POSTWIPE_RAW_2026-09-09.tsv | bench/p500/results/P500_REPORT.md | bench/p500/results/P500_REPORT_smoke_S7-7.md | bench/p500/results/P500_REPORT_v2.md | bench/p500/results/baseline.tsv | bench/p500/results/p500_expected_summary.tsv | bench/p500/results/p500_raw.tsv | bench/p500/results/p500_raw_fullrun_2026-09-07.tsv | bench/p500/results/p500_raw_fullrun_2026-09-08_s7-14.tsv | bench/p500/results/p500_raw_fullrun_2026-09-08_s7-15.tsv | bench/step0_noise/run_step0.sh | bench/step0_noise/src/net/minecraft/world/level/levelgen/synth/PaperNativeImprovedNoise.java | bench/step0_noise/src/net/minecraft/world/level/levelgen/synth/Step0NoiseBench.java | docs/ARCHITECTURE.md | docs/BATCH_ADOPTION_MATRIX.md | docs/BOOST_SWEEP.md | docs/HOTSPOT_CANDIDATES.md | docs/KERNEL_POLICY.md | docs/OPTIMIZATION_ROADMAP.md | docs/RESULTS_LEDGER.md | docs/WORLDGEN_BATCHING_LAYER_DESIGN.md | scripts/build_noise.sh
Java_PaperNativeJigsawCanAttach_oldBatchSummary	PaperNativeJigsawCanAttach	oldBatchSummary	P500	bench/p500/results/P500_FLOORSANITY_POSTWIPE_REPORT_2026-09-09.md | bench/p500/results/P500_FULLMATRIX_POSTWIPE_RAW_2026-09-09.tsv | bench/p500/results/P500_REPORT.md | bench/p500/results/P500_REPORT_smoke_S7-7.md | bench/p500/results/P500_REPORT_v2.md | bench/p500/results/baseline.tsv | bench/p500/results/p500_expected_summary.tsv | bench/p500/results/p500_raw.tsv | bench/p500/results/p500_raw_fullrun_2026-09-07.tsv | bench/p500/results/p500_raw_fullrun_2026-09-08_s7-14.tsv | bench/p500/results/p500_raw_fullrun_2026-09-08_s7-15.tsv | docs/BATCH_ADOPTION_MATRIX.md | docs/BATCH_API_PROPOSAL.md
Java_PaperNativeJigsawCanAttach_optimizedBatchSummary	PaperNativeJigsawCanAttach	optimizedBatchSummary	P500	bench/p500/results/P500_FLOORSANITY_POSTWIPE_REPORT_2026-09-09.md | bench/p500/results/P500_FULLMATRIX_POSTWIPE_RAW_2026-09-09.tsv | bench/p500/results/P500_REPORT.md | bench/p500/results/P500_REPORT_smoke_S7-7.md | bench/p500/results/P500_REPORT_v2.md | bench/p500/results/baseline.tsv | bench/p500/results/p500_expected_summary.tsv | bench/p500/results/p500_raw.tsv | bench/p500/results/p500_raw_fullrun_2026-09-07.tsv | bench/p500/results/p500_raw_fullrun_2026-09-08_s7-14.tsv | bench/p500/results/p500_raw_fullrun_2026-09-08_s7-15.tsv | docs/BATCH_ADOPTION_MATRIX.md | docs/BATCH_API_PROPOSAL.md
Java_PaperNativeJigsawCanAttach_targetFirstBatchSummary	PaperNativeJigsawCanAttach	targetFirstBatchSummary	P500	bench/p500/results/P500_FLOORSANITY_POSTWIPE_REPORT_2026-09-09.md | bench/p500/results/P500_FULLMATRIX_POSTWIPE_RAW_2026-09-09.tsv | bench/p500/results/P500_REPORT.md | bench/p500/results/P500_REPORT_smoke_S7-7.md | bench/p500/results/P500_REPORT_v2.md | bench/p500/results/baseline.tsv | bench/p500/results/p500_expected_summary.tsv | bench/p500/results/p500_raw.tsv | bench/p500/results/p500_raw_fullrun_2026-09-07.tsv | bench/p500/results/p500_raw_fullrun_2026-09-08_s7-14.tsv | bench/p500/results/p500_raw_fullrun_2026-09-08_s7-15.tsv | docs/BATCH_ADOPTION_MATRIX.md | docs/BATCH_API_PROPOSAL.md
Java_PaperNativeLegacyProvidedAliasRemoval_newReverseAliasRemoveSummary	PaperNativeLegacyProvidedAliasRemoval	newReverseAliasRemoveSummary	P500	bench/p500/results/P500_FLOORSANITY_POSTWIPE_REPORT_2026-09-09.md | bench/p500/results/P500_FULLMATRIX_POSTWIPE_RAW_2026-09-09.tsv | bench/p500/results/P500_REPORT.md | bench/p500/results/P500_REPORT_smoke_S7-7.md | bench/p500/results/P500_REPORT_v2.md | bench/p500/results/baseline.tsv | bench/p500/results/p500_expected_summary.tsv | bench/p500/results/p500_raw.tsv | bench/p500/results/p500_raw_fullrun_2026-09-07.tsv | bench/p500/results/p500_raw_fullrun_2026-09-08_s7-14.tsv | bench/p500/results/p500_raw_fullrun_2026-09-08_s7-15.tsv | docs/BATCH_ADOPTION_MATRIX.md | docs/BATCH_ADOPTION_MATRIX_wave2.md
Java_PaperNativeLegacyProvidedAliasRemoval_oldValuesRemoveIfSummary	PaperNativeLegacyProvidedAliasRemoval	oldValuesRemoveIfSummary	P500	bench/p500/results/P500_FLOORSANITY_POSTWIPE_REPORT_2026-09-09.md | bench/p500/results/P500_FULLMATRIX_POSTWIPE_RAW_2026-09-09.tsv | bench/p500/results/P500_REPORT.md | bench/p500/results/P500_REPORT_smoke_S7-7.md | bench/p500/results/P500_REPORT_v2.md | bench/p500/results/baseline.tsv | bench/p500/results/p500_expected_summary.tsv | bench/p500/results/p500_raw.tsv | bench/p500/results/p500_raw_fullrun_2026-09-07.tsv | bench/p500/results/p500_raw_fullrun_2026-09-08_s7-14.tsv | bench/p500/results/p500_raw_fullrun_2026-09-08_s7-15.tsv | docs/BATCH_ADOPTION_MATRIX.md | docs/BATCH_ADOPTION_MATRIX_wave2.md
Java_PaperNativeLevelChunkHeightmap_newCombinedUpdateSummary	PaperNativeLevelChunkHeightmap	newCombinedUpdateSummary	P500	bench/batch/refused_e2e/results/REFUSED_ID_E2E.md | bench/batch/refused_e2e/run_refused_e2e.sh | bench/graal_ab/RAW_TASK100/run_GA12/boot.log | bench/graal_ab/RAW_TASK100/run_GA5/boot.log | bench/graal_ab/RAW_TASK100/run_GA7/boot.log | bench/graal_ab/RAW_TASK100/run_GA8/boot.log | bench/graal_ab/RAW_TASK100/run_TC2A13/boot.log | bench/graal_ab/RAW_TASK100/run_TC2A4/boot.log | bench/graal_ab/RAW_TASK100/run_TC2A6/boot.log | bench/graal_ab/RAW_TASK100/run_TC2A9/boot.log | bench/graal_ab/RAW_TASK100/run_TC2I11/boot.log | bench/graal_ab/RAW_TASK100/run_TC2I8/boot.log | bench/graal_ab/RAW_TASK100/run_TC2P10/boot.log | bench/graal_ab/RAW_TASK100/run_TC2P9/boot.log | bench/graal_ab/RAW_TASK100_20260908_190610/run_TC2A4/boot.log | bench/graal_ab/RAW_TASK105/run_JFRA2/boot.log | bench/graal_ab/RAW_TASK105/run_JFRA3/boot.log | bench/graal_ab/RAW_TASK106/run_CA2/boot.log | bench/graal_ab/RAW_TASK106/run_CA3/boot.log | bench/p500/results/P500_FLOORSANITY_POSTWIPE_RAW_2026-09-09.tsv | bench/p500/results/P500_FLOORSANITY_POSTWIPE_REPORT_2026-09-09.md | bench/p500/results/P500_REPORT.md | bench/p500/results/P500_REPORT_smoke_S7-7.md | bench/p500/results/P500_REPORT_v2.md | bench/p500/results/baseline.tsv | bench/p500/results/kernel_pref_coverage.tsv | bench/p500/results/p500_expected_summary.tsv | bench/p500/results/p500_raw.tsv | bench/p500/results/p500_raw_fullrun_2026-09-07.tsv | bench/p500/results/p500_raw_fullrun_2026-09-08_s7-14.tsv | bench/p500/results/p500_raw_fullrun_2026-09-08_s7-15.tsv | bench/p500/scripts/KernelPrefDriver.java | bench/p500/scripts/verify_kernel_pref.sh | docs/BATCH_ADOPTION_MATRIX.md | docs/BATCH_ADOPTION_MATRIX_wave2.md | docs/KERNEL_POLICY.md | docs/KERNEL_POLICY_COVERAGE.md | docs/OPTIMIZATION_ROADMAP.md
Java_PaperNativeLevelChunkHeightmap_oldFourUpdateSummary	PaperNativeLevelChunkHeightmap	oldFourUpdateSummary	P500	bench/batch/refused_e2e/results/REFUSED_ID_E2E.md | bench/batch/refused_e2e/run_refused_e2e.sh | bench/graal_ab/RAW_TASK100/run_GA12/boot.log | bench/graal_ab/RAW_TASK100/run_GA5/boot.log | bench/graal_ab/RAW_TASK100/run_GA7/boot.log | bench/graal_ab/RAW_TASK100/run_GA8/boot.log | bench/graal_ab/RAW_TASK100/run_TC2A13/boot.log | bench/graal_ab/RAW_TASK100/run_TC2A4/boot.log | bench/graal_ab/RAW_TASK100/run_TC2A6/boot.log | bench/graal_ab/RAW_TASK100/run_TC2A9/boot.log | bench/graal_ab/RAW_TASK100/run_TC2I11/boot.log | bench/graal_ab/RAW_TASK100/run_TC2I8/boot.log | bench/graal_ab/RAW_TASK100/run_TC2P10/boot.log | bench/graal_ab/RAW_TASK100/run_TC2P9/boot.log | bench/graal_ab/RAW_TASK100_20260908_190610/run_TC2A4/boot.log | bench/graal_ab/RAW_TASK105/run_JFRA2/boot.log | bench/graal_ab/RAW_TASK105/run_JFRA3/boot.log | bench/graal_ab/RAW_TASK106/run_CA2/boot.log | bench/graal_ab/RAW_TASK106/run_CA3/boot.log | bench/p500/results/P500_FLOORSANITY_POSTWIPE_RAW_2026-09-09.tsv | bench/p500/results/P500_FLOORSANITY_POSTWIPE_REPORT_2026-09-09.md | bench/p500/results/P500_REPORT.md | bench/p500/results/P500_REPORT_smoke_S7-7.md | bench/p500/results/P500_REPORT_v2.md | bench/p500/results/baseline.tsv | bench/p500/results/kernel_pref_coverage.tsv | bench/p500/results/p500_expected_summary.tsv | bench/p500/results/p500_raw.tsv | bench/p500/results/p500_raw_fullrun_2026-09-07.tsv | bench/p500/results/p500_raw_fullrun_2026-09-08_s7-14.tsv | bench/p500/results/p500_raw_fullrun_2026-09-08_s7-15.tsv | bench/p500/scripts/KernelPrefDriver.java | bench/p500/scripts/verify_kernel_pref.sh | docs/BATCH_ADOPTION_MATRIX.md | docs/BATCH_ADOPTION_MATRIX_wave2.md | docs/KERNEL_POLICY.md | docs/KERNEL_POLICY_COVERAGE.md | docs/OPTIMIZATION_ROADMAP.md
Java_PaperNativeLz4StreamRoundtrip_roundtripSummary	PaperNativeLz4StreamRoundtrip	roundtripSummary	-	
Java_PaperNativeLz4_lz4BlockCompress	PaperNativeLz4	lz4BlockCompress	-	
Java_PaperNativeLz4_lz4BlockDecompress	PaperNativeLz4	lz4BlockDecompress	-	
Java_PaperNativeMarkerCache_cachedSummary	PaperNativeMarkerCache	cachedSummary	P500	bench/graal_ab/RAW_TASK100/run_GA12/boot.log | bench/graal_ab/RAW_TASK100/run_GA5/boot.log | bench/graal_ab/RAW_TASK100/run_GA7/boot.log | bench/graal_ab/RAW_TASK100/run_GA8/boot.log | bench/graal_ab/RAW_TASK100/run_TC2A13/boot.log | bench/graal_ab/RAW_TASK100/run_TC2A4/boot.log | bench/graal_ab/RAW_TASK100/run_TC2A6/boot.log | bench/graal_ab/RAW_TASK100/run_TC2A9/boot.log | bench/graal_ab/RAW_TASK100/run_TC2I11/boot.log | bench/graal_ab/RAW_TASK100/run_TC2I8/boot.log | bench/graal_ab/RAW_TASK100/run_TC2P10/boot.log | bench/graal_ab/RAW_TASK100/run_TC2P9/boot.log | bench/graal_ab/RAW_TASK100_20260908_190610/run_TC2A4/boot.log | bench/graal_ab/RAW_TASK105/run_JFRA2/boot.log | bench/graal_ab/RAW_TASK105/run_JFRA3/boot.log | bench/graal_ab/RAW_TASK106/run_CA2/boot.log | bench/graal_ab/RAW_TASK106/run_CA3/boot.log | bench/p500/results/P500_FLOORSANITY_POSTWIPE_REPORT_2026-09-09.md | bench/p500/results/P500_FULLMATRIX_POSTWIPE_RAW_2026-09-09.tsv | bench/p500/results/P500_REPORT.md | bench/p500/results/P500_REPORT_smoke_S7-7.md | bench/p500/results/P500_REPORT_v2.md | bench/p500/results/baseline.tsv | bench/p500/results/kernel_pref_coverage.tsv | bench/p500/results/p500_expected_summary.tsv | bench/p500/results/p500_raw.tsv | bench/p500/results/p500_raw_fullrun_2026-09-07.tsv | bench/p500/results/p500_raw_fullrun_2026-09-08_s7-14.tsv | bench/p500/results/p500_raw_fullrun_2026-09-08_s7-15.tsv | bench/p500/scripts/KernelPrefDriver.java | bench/p500/scripts/verify_kernel_pref.sh | docs/BATCH_ADOPTION_MATRIX.md | docs/BATCH_ADOPTION_MATRIX_wave2.md | docs/BLEND_CACHE_DESIGN.md | docs/BLEND_CACHE_PATCHER_DESIGN.md | docs/KERNEL_POLICY.md | docs/KERNEL_POLICY_COVERAGE.md | docs/OPTIMIZATION_ROADMAP.md | scripts/verify_kernel_pref.sh
Java_PaperNativeMarkerCache_oldSummary	PaperNativeMarkerCache	oldSummary	P500	bench/graal_ab/RAW_TASK100/run_GA12/boot.log | bench/graal_ab/RAW_TASK100/run_GA5/boot.log | bench/graal_ab/RAW_TASK100/run_GA7/boot.log | bench/graal_ab/RAW_TASK100/run_GA8/boot.log | bench/graal_ab/RAW_TASK100/run_TC2A13/boot.log | bench/graal_ab/RAW_TASK100/run_TC2A4/boot.log | bench/graal_ab/RAW_TASK100/run_TC2A6/boot.log | bench/graal_ab/RAW_TASK100/run_TC2A9/boot.log | bench/graal_ab/RAW_TASK100/run_TC2I11/boot.log | bench/graal_ab/RAW_TASK100/run_TC2I8/boot.log | bench/graal_ab/RAW_TASK100/run_TC2P10/boot.log | bench/graal_ab/RAW_TASK100/run_TC2P9/boot.log | bench/graal_ab/RAW_TASK100_20260908_190610/run_TC2A4/boot.log | bench/graal_ab/RAW_TASK105/run_JFRA2/boot.log | bench/graal_ab/RAW_TASK105/run_JFRA3/boot.log | bench/graal_ab/RAW_TASK106/run_CA2/boot.log | bench/graal_ab/RAW_TASK106/run_CA3/boot.log | bench/p500/results/P500_FLOORSANITY_POSTWIPE_REPORT_2026-09-09.md | bench/p500/results/P500_FULLMATRIX_POSTWIPE_RAW_2026-09-09.tsv | bench/p500/results/P500_REPORT.md | bench/p500/results/P500_REPORT_smoke_S7-7.md | bench/p500/results/P500_REPORT_v2.md | bench/p500/results/baseline.tsv | bench/p500/results/kernel_pref_coverage.tsv | bench/p500/results/p500_expected_summary.tsv | bench/p500/results/p500_raw.tsv | bench/p500/results/p500_raw_fullrun_2026-09-07.tsv | bench/p500/results/p500_raw_fullrun_2026-09-08_s7-14.tsv | bench/p500/results/p500_raw_fullrun_2026-09-08_s7-15.tsv | bench/p500/scripts/KernelPrefDriver.java | bench/p500/scripts/verify_kernel_pref.sh | docs/BATCH_ADOPTION_MATRIX.md | docs/BATCH_ADOPTION_MATRIX_wave2.md | docs/BLEND_CACHE_DESIGN.md | docs/BLEND_CACHE_PATCHER_DESIGN.md | docs/KERNEL_POLICY.md | docs/KERNEL_POLICY_COVERAGE.md | docs/OPTIMIZATION_ROADMAP.md | scripts/verify_kernel_pref.sh
Java_PaperNativeNbtCompoundMapCapacity_parseCapacitySummary	PaperNativeNbtCompoundMapCapacity	parseCapacitySummary	-	
Java_PaperNativeNbtGzipBufferShape_shapeSummary	PaperNativeNbtGzipBufferShape	shapeSummary	-	
Java_PaperNativeNearbyPlayerMap_defaultCapacitySummary	PaperNativeNearbyPlayerMap	defaultCapacitySummary	-	
Java_PaperNativeNearbyPlayerMap_presizedCapacitySummary	PaperNativeNearbyPlayerMap	presizedCapacitySummary	-	
Java_PaperNativeNoiseChunkBlendCache_newEmptyBlenderSummary	PaperNativeNoiseChunkBlendCache	newEmptyBlenderSummary	P500	bench/blendprobe/PaperNativeNoiseChunkBlendCache.java | bench/blendprobe/V1BlendParity.java | bench/p500/results/P500_FLOORSANITY_POSTWIPE_REPORT_2026-09-09.md | bench/p500/results/P500_FULLMATRIX_POSTWIPE_RAW_2026-09-09.tsv | bench/p500/results/P500_REPORT.md | bench/p500/results/P500_REPORT_smoke_S7-7.md | bench/p500/results/P500_REPORT_v2.md | bench/p500/results/baseline.tsv | bench/p500/results/p500_expected_summary.tsv | bench/p500/results/p500_raw.tsv | bench/p500/results/p500_raw_fullrun_2026-09-07.tsv | bench/p500/results/p500_raw_fullrun_2026-09-08_s7-14.tsv | bench/p500/results/p500_raw_fullrun_2026-09-08_s7-15.tsv | docs/BATCH_ADOPTION_MATRIX.md | docs/BLEND_CACHE_DESIGN.md | docs/BLEND_CACHE_PATCHER_DESIGN.md | docs/HOOK_BLEND_CACHE.md | docs/OPTIMIZATION_ROADMAP.md
Java_PaperNativeNoiseChunkBlendCache_oldEmptyBlenderSummary	PaperNativeNoiseChunkBlendCache	oldEmptyBlenderSummary	P500	bench/blendprobe/PaperNativeNoiseChunkBlendCache.java | bench/blendprobe/V1BlendParity.java | bench/p500/results/P500_FLOORSANITY_POSTWIPE_REPORT_2026-09-09.md | bench/p500/results/P500_FULLMATRIX_POSTWIPE_RAW_2026-09-09.tsv | bench/p500/results/P500_REPORT.md | bench/p500/results/P500_REPORT_smoke_S7-7.md | bench/p500/results/P500_REPORT_v2.md | bench/p500/results/baseline.tsv | bench/p500/results/p500_expected_summary.tsv | bench/p500/results/p500_raw.tsv | bench/p500/results/p500_raw_fullrun_2026-09-07.tsv | bench/p500/results/p500_raw_fullrun_2026-09-08_s7-14.tsv | bench/p500/results/p500_raw_fullrun_2026-09-08_s7-15.tsv | docs/BATCH_ADOPTION_MATRIX.md | docs/BLEND_CACHE_DESIGN.md | docs/BLEND_CACHE_PATCHER_DESIGN.md | docs/HOOK_BLEND_CACHE.md | docs/OPTIMIZATION_ROADMAP.md
Java_PaperNativeNoiseChunkFlatCacheContext_newFalseContextSummary	PaperNativeNoiseChunkFlatCacheContext	newFalseContextSummary	P500	bench/p500/parity/FlatCacheParity.java | bench/p500/parity/results/FLATCACHE_PARITY.md | bench/p500/parity/results/PROMOTE_E2E_2026-09-09.md | bench/p500/parity/run_flatcache_parity.sh | bench/p500/results/P500_FLOORSANITY_POSTWIPE_REPORT_2026-09-09.md | bench/p500/results/P500_FULLMATRIX_POSTWIPE_RAW_2026-09-09.tsv | bench/p500/results/P500_REPORT.md | bench/p500/results/P500_REPORT_smoke_S7-7.md | bench/p500/results/P500_REPORT_v2.md | bench/p500/results/baseline.tsv | bench/p500/results/p500_expected_summary.tsv | bench/p500/results/p500_raw.tsv | bench/p500/results/p500_raw_fullrun_2026-09-07.tsv | bench/p500/results/p500_raw_fullrun_2026-09-08_s7-14.tsv | bench/p500/results/p500_raw_fullrun_2026-09-08_s7-15.tsv | docs/BATCH_ADOPTION_MATRIX.md | docs/OPTIMIZATION_ROADMAP.md | docs/RESULTS_LEDGER.md
Java_PaperNativeNoiseChunkFlatCacheContext_newTrueContextSummary	PaperNativeNoiseChunkFlatCacheContext	newTrueContextSummary	P500	bench/p500/parity/FlatCacheParity.java | bench/p500/parity/results/FLATCACHE_PARITY.md | bench/p500/parity/results/PROMOTE_E2E_2026-09-09.md | bench/p500/parity/run_flatcache_parity.sh | bench/p500/results/P500_FLOORSANITY_POSTWIPE_REPORT_2026-09-09.md | bench/p500/results/P500_FULLMATRIX_POSTWIPE_RAW_2026-09-09.tsv | bench/p500/results/P500_REPORT.md | bench/p500/results/P500_REPORT_smoke_S7-7.md | bench/p500/results/P500_REPORT_v2.md | bench/p500/results/baseline.tsv | bench/p500/results/p500_expected_summary.tsv | bench/p500/results/p500_raw.tsv | bench/p500/results/p500_raw_fullrun_2026-09-07.tsv | bench/p500/results/p500_raw_fullrun_2026-09-08_s7-14.tsv | bench/p500/results/p500_raw_fullrun_2026-09-08_s7-15.tsv | docs/BATCH_ADOPTION_MATRIX.md | docs/OPTIMIZATION_ROADMAP.md | docs/RESULTS_LEDGER.md
Java_PaperNativeNoiseChunkFlatCacheContext_oldFalseContextSummary	PaperNativeNoiseChunkFlatCacheContext	oldFalseContextSummary	P500	bench/p500/parity/FlatCacheParity.java | bench/p500/parity/results/FLATCACHE_PARITY.md | bench/p500/parity/results/PROMOTE_E2E_2026-09-09.md | bench/p500/parity/run_flatcache_parity.sh | bench/p500/results/P500_FLOORSANITY_POSTWIPE_REPORT_2026-09-09.md | bench/p500/results/P500_FULLMATRIX_POSTWIPE_RAW_2026-09-09.tsv | bench/p500/results/P500_REPORT.md | bench/p500/results/P500_REPORT_smoke_S7-7.md | bench/p500/results/P500_REPORT_v2.md | bench/p500/results/baseline.tsv | bench/p500/results/p500_expected_summary.tsv | bench/p500/results/p500_raw.tsv | bench/p500/results/p500_raw_fullrun_2026-09-07.tsv | bench/p500/results/p500_raw_fullrun_2026-09-08_s7-14.tsv | bench/p500/results/p500_raw_fullrun_2026-09-08_s7-15.tsv | docs/BATCH_ADOPTION_MATRIX.md | docs/OPTIMIZATION_ROADMAP.md | docs/RESULTS_LEDGER.md
Java_PaperNativeNoiseChunkFlatCacheContext_oldTrueContextSummary	PaperNativeNoiseChunkFlatCacheContext	oldTrueContextSummary	P500	bench/p500/parity/FlatCacheParity.java | bench/p500/parity/results/FLATCACHE_PARITY.md | bench/p500/parity/results/PROMOTE_E2E_2026-09-09.md | bench/p500/parity/run_flatcache_parity.sh | bench/p500/results/P500_FLOORSANITY_POSTWIPE_REPORT_2026-09-09.md | bench/p500/results/P500_FULLMATRIX_POSTWIPE_RAW_2026-09-09.tsv | bench/p500/results/P500_REPORT.md | bench/p500/results/P500_REPORT_smoke_S7-7.md | bench/p500/results/P500_REPORT_v2.md | bench/p500/results/baseline.tsv | bench/p500/results/p500_expected_summary.tsv | bench/p500/results/p500_raw.tsv | bench/p500/results/p500_raw_fullrun_2026-09-07.tsv | bench/p500/results/p500_raw_fullrun_2026-09-08_s7-14.tsv | bench/p500/results/p500_raw_fullrun_2026-09-08_s7-15.tsv | docs/BATCH_ADOPTION_MATRIX.md | docs/OPTIMIZATION_ROADMAP.md | docs/RESULTS_LEDGER.md
Java_PaperNativeNoiseChunkInterpolatorArray_arraySummary	PaperNativeNoiseChunkInterpolatorArray	arraySummary	-	
Java_PaperNativeNoiseChunkInterpolatorArray_indexedListSummary	PaperNativeNoiseChunkInterpolatorArray	indexedListSummary	-	
Java_PaperNativeNoiseChunkInterpolatorArray_listSummary	PaperNativeNoiseChunkInterpolatorArray	listSummary	-	
Java_PaperNativeNoiseGeneratorSettings_cachedIntSettings	PaperNativeNoiseGeneratorSettings	cachedIntSettings	-	
Java_PaperNativeNoiseGeneratorSettings_holderValueSettings	PaperNativeNoiseGeneratorSettings	holderValueSettings	-	
Java_PaperNativeNoiseGeneratorSettings_lazyPrimitiveSettings	PaperNativeNoiseGeneratorSettings	lazyPrimitiveSettings	-	
Java_PaperNativeNoiseGeneratorSettings_manualLazyObjectSettings	PaperNativeNoiseGeneratorSettings	manualLazyObjectSettings	-	
Java_PaperNativeNoiseGeneratorSettings_memoizedSupplierSettings	PaperNativeNoiseGeneratorSettings	memoizedSupplierSettings	-	
Java_PaperNativeNoiseInterpolatorFractions_arraySummary	PaperNativeNoiseInterpolatorFractions	arraySummary	-	bench/batch/java/BatchRolloutBench.java | bench/batch/run_batch_rollout.sh | bench/p500/java/BatchSurfaceCalib.java | bench/p500/results/BATCH_SURFACE_CALIBRATION.md | bench/p500/results/BATCH_SURFACE_CALIBRATION_RAW.tsv
Java_PaperNativeNoiseInterpolatorFractions_divisionSummary	PaperNativeNoiseInterpolatorFractions	divisionSummary	-	bench/batch/java/BatchRolloutBench.java | bench/batch/run_batch_rollout.sh | bench/p500/java/BatchSurfaceCalib.java | bench/p500/results/BATCH_SURFACE_CALIBRATION.md | bench/p500/results/BATCH_SURFACE_CALIBRATION_RAW.tsv
Java_PaperNativeNoiseInterpolatorSlice_flatSummary	PaperNativeNoiseInterpolatorSlice	flatSummary	P500	bench/p500/parity/ProbeTiny.java | bench/p500/parity/WinPairParity.java | bench/p500/parity/results/PROMOTE_E2E_2026-09-09.md | bench/p500/parity/run_winpair_parity.sh | bench/p500/results/P500_FLOORSANITY_POSTWIPE_REPORT_2026-09-09.md | bench/p500/results/P500_FULLMATRIX_POSTWIPE_RAW_2026-09-09.tsv | bench/p500/results/P500_REPORT.md | bench/p500/results/P500_REPORT_smoke_S7-7.md | bench/p500/results/P500_REPORT_v2.md | bench/p500/results/baseline.tsv | bench/p500/results/p500_expected_summary.tsv | bench/p500/results/p500_raw.tsv | bench/p500/results/p500_raw_fullrun_2026-09-07.tsv | bench/p500/results/p500_raw_fullrun_2026-09-08_s7-14.tsv | bench/p500/results/p500_raw_fullrun_2026-09-08_s7-15.tsv | docs/BATCH_ADOPTION_MATRIX.md | docs/OPTIMIZATION_ROADMAP.md | docs/RESULTS_LEDGER.md
Java_PaperNativeNoiseInterpolatorSlice_oldJaggedSummary	PaperNativeNoiseInterpolatorSlice	oldJaggedSummary	P500	bench/p500/parity/ProbeTiny.java | bench/p500/parity/WinPairParity.java | bench/p500/parity/results/PROMOTE_E2E_2026-09-09.md | bench/p500/parity/run_winpair_parity.sh | bench/p500/results/P500_FLOORSANITY_POSTWIPE_REPORT_2026-09-09.md | bench/p500/results/P500_FULLMATRIX_POSTWIPE_RAW_2026-09-09.tsv | bench/p500/results/P500_REPORT.md | bench/p500/results/P500_REPORT_smoke_S7-7.md | bench/p500/results/P500_REPORT_v2.md | bench/p500/results/baseline.tsv | bench/p500/results/p500_expected_summary.tsv | bench/p500/results/p500_raw.tsv | bench/p500/results/p500_raw_fullrun_2026-09-07.tsv | bench/p500/results/p500_raw_fullrun_2026-09-08_s7-14.tsv | bench/p500/results/p500_raw_fullrun_2026-09-08_s7-15.tsv | docs/BATCH_ADOPTION_MATRIX.md | docs/OPTIMIZATION_ROADMAP.md | docs/RESULTS_LEDGER.md
Java_PaperNativeObfHelperMaps_directMapsSummary	PaperNativeObfHelperMaps	directMapsSummary	P500	bench/p500/results/P500_FLOORSANITY_POSTWIPE_REPORT_2026-09-09.md | bench/p500/results/P500_FULLMATRIX_POSTWIPE_RAW_2026-09-09.tsv | bench/p500/results/P500_REPORT.md | bench/p500/results/P500_REPORT_smoke_S7-7.md | bench/p500/results/P500_REPORT_v2.md | bench/p500/results/baseline.tsv | bench/p500/results/p500_expected_summary.tsv | bench/p500/results/p500_raw.tsv | bench/p500/results/p500_raw_fullrun_2026-09-07.tsv | bench/p500/results/p500_raw_fullrun_2026-09-08_s7-14.tsv | bench/p500/results/p500_raw_fullrun_2026-09-08_s7-15.tsv | docs/BATCH_ADOPTION_MATRIX.md | docs/BATCH_ADOPTION_MATRIX_wave2.md
Java_PaperNativeObfHelperMaps_oldStreamDefaultSummary	PaperNativeObfHelperMaps	oldStreamDefaultSummary	P500	bench/p500/results/P500_FLOORSANITY_POSTWIPE_REPORT_2026-09-09.md | bench/p500/results/P500_FULLMATRIX_POSTWIPE_RAW_2026-09-09.tsv | bench/p500/results/P500_REPORT.md | bench/p500/results/P500_REPORT_smoke_S7-7.md | bench/p500/results/P500_REPORT_v2.md | bench/p500/results/baseline.tsv | bench/p500/results/p500_expected_summary.tsv | bench/p500/results/p500_raw.tsv | bench/p500/results/p500_raw_fullrun_2026-09-07.tsv | bench/p500/results/p500_raw_fullrun_2026-09-08_s7-14.tsv | bench/p500/results/p500_raw_fullrun_2026-09-08_s7-15.tsv | docs/BATCH_ADOPTION_MATRIX.md | docs/BATCH_ADOPTION_MATRIX_wave2.md
Java_PaperNativeObfHelperMaps_presizedStringPoolSummary	PaperNativeObfHelperMaps	presizedStringPoolSummary	P500	bench/p500/results/P500_FLOORSANITY_POSTWIPE_REPORT_2026-09-09.md | bench/p500/results/P500_FULLMATRIX_POSTWIPE_RAW_2026-09-09.tsv | bench/p500/results/P500_REPORT.md | bench/p500/results/P500_REPORT_smoke_S7-7.md | bench/p500/results/P500_REPORT_v2.md | bench/p500/results/baseline.tsv | bench/p500/results/p500_expected_summary.tsv | bench/p500/results/p500_raw.tsv | bench/p500/results/p500_raw_fullrun_2026-09-07.tsv | bench/p500/results/p500_raw_fullrun_2026-09-08_s7-14.tsv | bench/p500/results/p500_raw_fullrun_2026-09-08_s7-15.tsv | docs/BATCH_ADOPTION_MATRIX.md | docs/BATCH_ADOPTION_MATRIX_wave2.md
Java_PaperNativeOreFeatureLoop_oldLoopSummary	PaperNativeOreFeatureLoop	oldLoopSummary	P500	bench/p500/results/P500_FLOORSANITY_POSTWIPE_REPORT_2026-09-09.md | bench/p500/results/P500_FULLMATRIX_POSTWIPE_RAW_2026-09-09.tsv | bench/p500/results/P500_REPORT.md | bench/p500/results/P500_REPORT_smoke_S7-7.md | bench/p500/results/P500_REPORT_v2.md | bench/p500/results/baseline.tsv | bench/p500/results/p500_expected_summary.tsv | bench/p500/results/p500_raw.tsv | bench/p500/results/p500_raw_fullrun_2026-09-07.tsv | bench/p500/results/p500_raw_fullrun_2026-09-08_s7-14.tsv | bench/p500/results/p500_raw_fullrun_2026-09-08_s7-15.tsv | docs/BATCH_ADOPTION_MATRIX.md | docs/BATCH_API_PROPOSAL.md
Java_PaperNativeOreFeatureLoop_optimizedLoopSummary	PaperNativeOreFeatureLoop	optimizedLoopSummary	P500	bench/p500/results/P500_FLOORSANITY_POSTWIPE_REPORT_2026-09-09.md | bench/p500/results/P500_FULLMATRIX_POSTWIPE_RAW_2026-09-09.tsv | bench/p500/results/P500_REPORT.md | bench/p500/results/P500_REPORT_smoke_S7-7.md | bench/p500/results/P500_REPORT_v2.md | bench/p500/results/baseline.tsv | bench/p500/results/p500_expected_summary.tsv | bench/p500/results/p500_raw.tsv | bench/p500/results/p500_raw_fullrun_2026-09-07.tsv | bench/p500/results/p500_raw_fullrun_2026-09-08_s7-14.tsv | bench/p500/results/p500_raw_fullrun_2026-09-08_s7-15.tsv | docs/BATCH_ADOPTION_MATRIX.md | docs/BATCH_API_PROPOSAL.md
Java_PaperNativeOwnableRule_newLoopSummary	PaperNativeOwnableRule	newLoopSummary	P500	bench/p500/results/P500_FLOORSANITY_POSTWIPE_REPORT_2026-09-09.md | bench/p500/results/P500_FULLMATRIX_POSTWIPE_RAW_2026-09-09.tsv | bench/p500/results/P500_REPORT.md | bench/p500/results/P500_REPORT_smoke_S7-7.md | bench/p500/results/P500_REPORT_v2.md | bench/p500/results/baseline.tsv | bench/p500/results/p500_expected_summary.tsv | bench/p500/results/p500_raw.tsv | bench/p500/results/p500_raw_fullrun_2026-09-07.tsv | bench/p500/results/p500_raw_fullrun_2026-09-08_s7-14.tsv | bench/p500/results/p500_raw_fullrun_2026-09-08_s7-15.tsv | docs/BATCH_ADOPTION_MATRIX.md
Java_PaperNativeOwnableRule_oldStreamSummary	PaperNativeOwnableRule	oldStreamSummary	P500	bench/p500/results/P500_FLOORSANITY_POSTWIPE_REPORT_2026-09-09.md | bench/p500/results/P500_FULLMATRIX_POSTWIPE_RAW_2026-09-09.tsv | bench/p500/results/P500_REPORT.md | bench/p500/results/P500_REPORT_smoke_S7-7.md | bench/p500/results/P500_REPORT_v2.md | bench/p500/results/baseline.tsv | bench/p500/results/p500_expected_summary.tsv | bench/p500/results/p500_raw.tsv | bench/p500/results/p500_raw_fullrun_2026-09-07.tsv | bench/p500/results/p500_raw_fullrun_2026-09-08_s7-14.tsv | bench/p500/results/p500_raw_fullrun_2026-09-08_s7-15.tsv | docs/BATCH_ADOPTION_MATRIX.md
Java_PaperNativePalettedReencodeRemapCache_cachedPaletteIdsSummary	PaperNativePalettedReencodeRemapCache	cachedPaletteIdsSummary	-	
Java_PaperNativePalettedReencodeRemapCache_currentPreviousOnlySummary	PaperNativePalettedReencodeRemapCache	currentPreviousOnlySummary	-	
Java_PaperNativePalettedReencodeScratch_directPackedSummary	PaperNativePalettedReencodeScratch	directPackedSummary	P500	bench/graal_ab/RAW_TASK100/run_GA12/boot.log | bench/graal_ab/RAW_TASK100/run_GA5/boot.log | bench/graal_ab/RAW_TASK100/run_GA7/boot.log | bench/graal_ab/RAW_TASK100/run_GA8/boot.log | bench/graal_ab/RAW_TASK100/run_TC2A13/boot.log | bench/graal_ab/RAW_TASK100/run_TC2A4/boot.log | bench/graal_ab/RAW_TASK100/run_TC2A6/boot.log | bench/graal_ab/RAW_TASK100/run_TC2A9/boot.log | bench/graal_ab/RAW_TASK100/run_TC2I11/boot.log | bench/graal_ab/RAW_TASK100/run_TC2I8/boot.log | bench/graal_ab/RAW_TASK100/run_TC2P10/boot.log | bench/graal_ab/RAW_TASK100/run_TC2P9/boot.log | bench/graal_ab/RAW_TASK100_20260908_190610/run_TC2A4/boot.log | bench/graal_ab/RAW_TASK105/run_JFRA2/boot.log | bench/graal_ab/RAW_TASK105/run_JFRA3/boot.log | bench/graal_ab/RAW_TASK106/run_CA2/boot.log | bench/graal_ab/RAW_TASK106/run_CA3/boot.log | bench/p500/parity/ProbeTiny.java | bench/p500/parity/WinPairParity.java | bench/p500/parity/results/PROMOTE_E2E_2026-09-09.md | bench/p500/parity/run_winpair_parity.sh | bench/p500/results/P500_FLOORSANITY_POSTWIPE_REPORT_2026-09-09.md | bench/p500/results/P500_FULLMATRIX_POSTWIPE_RAW_2026-09-09.tsv | bench/p500/results/P500_REPORT.md | bench/p500/results/P500_REPORT_smoke_S7-7.md | bench/p500/results/P500_REPORT_v2.md | bench/p500/results/baseline.tsv | bench/p500/results/kernel_pref_coverage.tsv | bench/p500/results/p500_expected_summary.tsv | bench/p500/results/p500_raw.tsv | bench/p500/results/p500_raw_fullrun_2026-09-07.tsv | bench/p500/results/p500_raw_fullrun_2026-09-08_s7-14.tsv | bench/p500/results/p500_raw_fullrun_2026-09-08_s7-15.tsv | bench/p500/scripts/KernelPrefDriver.java | bench/p500/scripts/verify_kernel_pref.sh | docs/BATCH_ADOPTION_MATRIX.md | docs/BATCH_ADOPTION_MATRIX_wave2.md | docs/KERNEL_POLICY.md | docs/KERNEL_POLICY_COVERAGE.md | docs/OPTIMIZATION_ROADMAP.md | docs/RESULTS_LEDGER.md
Java_PaperNativePalettedReencodeScratch_oldNewArraySummary	PaperNativePalettedReencodeScratch	oldNewArraySummary	P500	bench/graal_ab/RAW_TASK100/run_GA12/boot.log | bench/graal_ab/RAW_TASK100/run_GA5/boot.log | bench/graal_ab/RAW_TASK100/run_GA7/boot.log | bench/graal_ab/RAW_TASK100/run_GA8/boot.log | bench/graal_ab/RAW_TASK100/run_TC2A13/boot.log | bench/graal_ab/RAW_TASK100/run_TC2A4/boot.log | bench/graal_ab/RAW_TASK100/run_TC2A6/boot.log | bench/graal_ab/RAW_TASK100/run_TC2A9/boot.log | bench/graal_ab/RAW_TASK100/run_TC2I11/boot.log | bench/graal_ab/RAW_TASK100/run_TC2I8/boot.log | bench/graal_ab/RAW_TASK100/run_TC2P10/boot.log | bench/graal_ab/RAW_TASK100/run_TC2P9/boot.log | bench/graal_ab/RAW_TASK100_20260908_190610/run_TC2A4/boot.log | bench/graal_ab/RAW_TASK105/run_JFRA2/boot.log | bench/graal_ab/RAW_TASK105/run_JFRA3/boot.log | bench/graal_ab/RAW_TASK106/run_CA2/boot.log | bench/graal_ab/RAW_TASK106/run_CA3/boot.log | bench/p500/parity/ProbeTiny.java | bench/p500/parity/WinPairParity.java | bench/p500/parity/results/PROMOTE_E2E_2026-09-09.md | bench/p500/parity/run_winpair_parity.sh | bench/p500/results/P500_FLOORSANITY_POSTWIPE_REPORT_2026-09-09.md | bench/p500/results/P500_FULLMATRIX_POSTWIPE_RAW_2026-09-09.tsv | bench/p500/results/P500_REPORT.md | bench/p500/results/P500_REPORT_smoke_S7-7.md | bench/p500/results/P500_REPORT_v2.md | bench/p500/results/baseline.tsv | bench/p500/results/kernel_pref_coverage.tsv | bench/p500/results/p500_expected_summary.tsv | bench/p500/results/p500_raw.tsv | bench/p500/results/p500_raw_fullrun_2026-09-07.tsv | bench/p500/results/p500_raw_fullrun_2026-09-08_s7-14.tsv | bench/p500/results/p500_raw_fullrun_2026-09-08_s7-15.tsv | bench/p500/scripts/KernelPrefDriver.java | bench/p500/scripts/verify_kernel_pref.sh | docs/BATCH_ADOPTION_MATRIX.md | docs/BATCH_ADOPTION_MATRIX_wave2.md | docs/KERNEL_POLICY.md | docs/KERNEL_POLICY_COVERAGE.md | docs/OPTIMIZATION_ROADMAP.md | docs/RESULTS_LEDGER.md
Java_PaperNativePalettedReencodeScratch_scratchThreadLocalSummary	PaperNativePalettedReencodeScratch	scratchThreadLocalSummary	P500	bench/graal_ab/RAW_TASK100/run_GA12/boot.log | bench/graal_ab/RAW_TASK100/run_GA5/boot.log | bench/graal_ab/RAW_TASK100/run_GA7/boot.log | bench/graal_ab/RAW_TASK100/run_GA8/boot.log | bench/graal_ab/RAW_TASK100/run_TC2A13/boot.log | bench/graal_ab/RAW_TASK100/run_TC2A4/boot.log | bench/graal_ab/RAW_TASK100/run_TC2A6/boot.log | bench/graal_ab/RAW_TASK100/run_TC2A9/boot.log | bench/graal_ab/RAW_TASK100/run_TC2I11/boot.log | bench/graal_ab/RAW_TASK100/run_TC2I8/boot.log | bench/graal_ab/RAW_TASK100/run_TC2P10/boot.log | bench/graal_ab/RAW_TASK100/run_TC2P9/boot.log | bench/graal_ab/RAW_TASK100_20260908_190610/run_TC2A4/boot.log | bench/graal_ab/RAW_TASK105/run_JFRA2/boot.log | bench/graal_ab/RAW_TASK105/run_JFRA3/boot.log | bench/graal_ab/RAW_TASK106/run_CA2/boot.log | bench/graal_ab/RAW_TASK106/run_CA3/boot.log | bench/p500/parity/ProbeTiny.java | bench/p500/parity/WinPairParity.java | bench/p500/parity/results/PROMOTE_E2E_2026-09-09.md | bench/p500/parity/run_winpair_parity.sh | bench/p500/results/P500_FLOORSANITY_POSTWIPE_REPORT_2026-09-09.md | bench/p500/results/P500_FULLMATRIX_POSTWIPE_RAW_2026-09-09.tsv | bench/p500/results/P500_REPORT.md | bench/p500/results/P500_REPORT_smoke_S7-7.md | bench/p500/results/P500_REPORT_v2.md | bench/p500/results/baseline.tsv | bench/p500/results/kernel_pref_coverage.tsv | bench/p500/results/p500_expected_summary.tsv | bench/p500/results/p500_raw.tsv | bench/p500/results/p500_raw_fullrun_2026-09-07.tsv | bench/p500/results/p500_raw_fullrun_2026-09-08_s7-14.tsv | bench/p500/results/p500_raw_fullrun_2026-09-08_s7-15.tsv | bench/p500/scripts/KernelPrefDriver.java | bench/p500/scripts/verify_kernel_pref.sh | docs/BATCH_ADOPTION_MATRIX.md | docs/BATCH_ADOPTION_MATRIX_wave2.md | docs/KERNEL_POLICY.md | docs/KERNEL_POLICY_COVERAGE.md | docs/OPTIMIZATION_ROADMAP.md | docs/RESULTS_LEDGER.md
Java_PaperNativePerlinGetValue_getValueVariantBatchSummary	PaperNativePerlinGetValue	getValueVariantBatchSummary	-	
Java_PaperNativePerlinNoise_getValueBatchSummary	PaperNativePerlinNoise	getValueBatchSummary	-	bench/graal_ab/RAW_TASK100/run_GA12/boot.log | bench/graal_ab/RAW_TASK100/run_GA5/boot.log | bench/graal_ab/RAW_TASK100/run_GA7/boot.log | bench/graal_ab/RAW_TASK100/run_GA8/boot.log | bench/graal_ab/RAW_TASK100/run_TC2A13/boot.log | bench/graal_ab/RAW_TASK100/run_TC2A4/boot.log | bench/graal_ab/RAW_TASK100/run_TC2A6/boot.log | bench/graal_ab/RAW_TASK100/run_TC2A9/boot.log | bench/graal_ab/RAW_TASK100/run_TC2P10/boot.log | bench/graal_ab/RAW_TASK100/run_TC2P9/boot.log | bench/graal_ab/RAW_TASK105/run_JFRA2/boot.log | bench/graal_ab/RAW_TASK105/run_JFRA3/boot.log | bench/graal_ab/RAW_TASK106/run_CA2/boot.log | bench/graal_ab/RAW_TASK106/run_CA3/boot.log | bench/graal_ab/results/TASK100_GRAAL_FOLLOWUP_2026-09-09.md | bench/p500/java/net/minecraft/world/level/levelgen/synth/PaperNativePerlinNoise.java | bench/p500/results/GABI_HANDLE_2026-09-09.md | bench/p500/results/GRECON_OWNERS_2026-09-09.md | bench/step0_noise/bodyagent/run_body.sh | bench/step0_noise/bodyagent/src/net/minecraft/world/level/levelgen/synth/BodyDispatch.java | bench/step0_noise/bodyagent/src/net/minecraft/world/level/levelgen/synth/Step0BodyBench.java | bench/step0_noise/run_gabi.sh | bench/step0_noise/run_normal_abi.sh | bench/step0_noise/run_normal_fill_abi.sh | bench/step0_noise/run_selftest_probe.sh | bench/step0_noise/run_v3_array_probe.sh | bench/step0_noise/src/net/minecraft/world/level/levelgen/synth/PaperNativeNormalNoise.java | bench/step0_noise/src/net/minecraft/world/level/levelgen/synth/Step0AbiBench.java | bench/step0_noise/src/net/minecraft/world/level/levelgen/synth/Step0NormalBench.java | bench/step0_noise/src/net/minecraft/world/level/levelgen/synth/Step0NormalFillBench.java | bench/step0_noise/src/net/minecraft/world/level/levelgen/synth/Step0SelfTestProbe.java | scripts/build_noise.sh
Java_PaperNativePlacedFeatureTraversal_recursiveSummary	PaperNativePlacedFeatureTraversal	recursiveSummary	-	
Java_PaperNativePluginClassLoaderGroup_oldLookupSummary	PaperNativePluginClassLoaderGroup	oldLookupSummary	P500	bench/p500/baseline.json | bench/p500/results/P500_FLOORSANITY_POSTWIPE_REPORT_2026-09-09.md | bench/p500/results/P500_FULLMATRIX_POSTWIPE_RAW_2026-09-09.tsv | bench/p500/results/P500_REPORT.md | bench/p500/results/P500_REPORT_smoke_S7-7.md | bench/p500/results/P500_REPORT_v2.md | bench/p500/results/baseline.tsv | bench/p500/results/p500_expected_summary.tsv | bench/p500/results/p500_raw.tsv | bench/p500/results/p500_raw_fullrun_2026-09-07.tsv | bench/p500/results/p500_raw_fullrun_2026-09-08_s7-14.tsv | bench/p500/results/p500_raw_fullrun_2026-09-08_s7-15.tsv | docs/BATCH_ADOPTION_MATRIX.md | docs/BATCH_ADOPTION_MATRIX_wave2.md | docs/BATCH_API_PROPOSAL.md
Java_PaperNativePluginClassLoaderGroup_skipRequesterSummary	PaperNativePluginClassLoaderGroup	skipRequesterSummary	P500	bench/p500/baseline.json | bench/p500/results/P500_FLOORSANITY_POSTWIPE_REPORT_2026-09-09.md | bench/p500/results/P500_FULLMATRIX_POSTWIPE_RAW_2026-09-09.tsv | bench/p500/results/P500_REPORT.md | bench/p500/results/P500_REPORT_smoke_S7-7.md | bench/p500/results/P500_REPORT_v2.md | bench/p500/results/baseline.tsv | bench/p500/results/p500_expected_summary.tsv | bench/p500/results/p500_raw.tsv | bench/p500/results/p500_raw_fullrun_2026-09-07.tsv | bench/p500/results/p500_raw_fullrun_2026-09-08_s7-14.tsv | bench/p500/results/p500_raw_fullrun_2026-09-08_s7-15.tsv | docs/BATCH_ADOPTION_MATRIX.md | docs/BATCH_ADOPTION_MATRIX_wave2.md | docs/BATCH_API_PROPOSAL.md
Java_PaperNativePluginDirectoryScan_directoryStreamSummary	PaperNativePluginDirectoryScan	directoryStreamSummary	P500	bench/p500/results/P500_FLOORSANITY_POSTWIPE_REPORT_2026-09-09.md | bench/p500/results/P500_FULLMATRIX_POSTWIPE_RAW_2026-09-09.tsv | bench/p500/results/P500_REPORT.md | bench/p500/results/P500_REPORT_smoke_S7-7.md | bench/p500/results/P500_REPORT_v2.md | bench/p500/results/baseline.tsv | bench/p500/results/p500_expected_summary.tsv | bench/p500/results/p500_raw.tsv | bench/p500/results/p500_raw_fullrun_2026-09-07.tsv | bench/p500/results/p500_raw_fullrun_2026-09-08_s7-14.tsv | bench/p500/results/p500_raw_fullrun_2026-09-08_s7-15.tsv | docs/BATCH_ADOPTION_MATRIX.md
Java_PaperNativePluginDirectoryScan_newListSummary	PaperNativePluginDirectoryScan	newListSummary	P500	bench/p500/results/P500_FLOORSANITY_POSTWIPE_REPORT_2026-09-09.md | bench/p500/results/P500_FULLMATRIX_POSTWIPE_RAW_2026-09-09.tsv | bench/p500/results/P500_REPORT.md | bench/p500/results/P500_REPORT_smoke_S7-7.md | bench/p500/results/P500_REPORT_v2.md | bench/p500/results/baseline.tsv | bench/p500/results/p500_expected_summary.tsv | bench/p500/results/p500_raw.tsv | bench/p500/results/p500_raw_fullrun_2026-09-07.tsv | bench/p500/results/p500_raw_fullrun_2026-09-08_s7-14.tsv | bench/p500/results/p500_raw_fullrun_2026-09-08_s7-15.tsv | docs/BATCH_ADOPTION_MATRIX.md
Java_PaperNativePluginDirectoryScan_oldWalkDepth1Summary	PaperNativePluginDirectoryScan	oldWalkDepth1Summary	P500	bench/p500/results/P500_FLOORSANITY_POSTWIPE_REPORT_2026-09-09.md | bench/p500/results/P500_FULLMATRIX_POSTWIPE_RAW_2026-09-09.tsv | bench/p500/results/P500_REPORT.md | bench/p500/results/P500_REPORT_smoke_S7-7.md | bench/p500/results/P500_REPORT_v2.md | bench/p500/results/baseline.tsv | bench/p500/results/p500_expected_summary.tsv | bench/p500/results/p500_raw.tsv | bench/p500/results/p500_raw_fullrun_2026-09-07.tsv | bench/p500/results/p500_raw_fullrun_2026-09-08_s7-14.tsv | bench/p500/results/p500_raw_fullrun_2026-09-08_s7-15.tsv | docs/BATCH_ADOPTION_MATRIX.md
Java_PaperNativePluginLoadingAllocation_newLazyMissingSetSummary	PaperNativePluginLoadingAllocation	newLazyMissingSetSummary	P500	bench/batch/java/BatchRolloutBench.java | bench/batch/run_batch_rollout.sh | bench/p500/results/P500_FLOORSANITY_POSTWIPE_REPORT_2026-09-09.md | bench/p500/results/P500_FULLMATRIX_POSTWIPE_RAW_2026-09-09.tsv | bench/p500/results/P500_REPORT.md | bench/p500/results/P500_REPORT_smoke_S7-7.md | bench/p500/results/P500_REPORT_v2.md | bench/p500/results/baseline.tsv | bench/p500/results/p500_expected_summary.tsv | bench/p500/results/p500_raw.tsv | bench/p500/results/p500_raw_fullrun_2026-09-07.tsv | bench/p500/results/p500_raw_fullrun_2026-09-08_s7-14.tsv | bench/p500/results/p500_raw_fullrun_2026-09-08_s7-15.tsv | docs/BATCH_ADOPTION_MATRIX.md | docs/BATCH_ADOPTION_MATRIX_wave2.md
Java_PaperNativePluginLoadingAllocation_newLazyValidateSummary	PaperNativePluginLoadingAllocation	newLazyValidateSummary	P500	bench/batch/java/BatchRolloutBench.java | bench/batch/run_batch_rollout.sh | bench/p500/results/P500_FLOORSANITY_POSTWIPE_REPORT_2026-09-09.md | bench/p500/results/P500_FULLMATRIX_POSTWIPE_RAW_2026-09-09.tsv | bench/p500/results/P500_REPORT.md | bench/p500/results/P500_REPORT_smoke_S7-7.md | bench/p500/results/P500_REPORT_v2.md | bench/p500/results/baseline.tsv | bench/p500/results/p500_expected_summary.tsv | bench/p500/results/p500_raw.tsv | bench/p500/results/p500_raw_fullrun_2026-09-07.tsv | bench/p500/results/p500_raw_fullrun_2026-09-08_s7-14.tsv | bench/p500/results/p500_raw_fullrun_2026-09-08_s7-15.tsv | docs/BATCH_ADOPTION_MATRIX.md | docs/BATCH_ADOPTION_MATRIX_wave2.md
Java_PaperNativePluginLoadingAllocation_newPresizedSetupSummary	PaperNativePluginLoadingAllocation	newPresizedSetupSummary	P500	bench/batch/java/BatchRolloutBench.java | bench/batch/run_batch_rollout.sh | bench/p500/results/P500_FLOORSANITY_POSTWIPE_REPORT_2026-09-09.md | bench/p500/results/P500_FULLMATRIX_POSTWIPE_RAW_2026-09-09.tsv | bench/p500/results/P500_REPORT.md | bench/p500/results/P500_REPORT_smoke_S7-7.md | bench/p500/results/P500_REPORT_v2.md | bench/p500/results/baseline.tsv | bench/p500/results/p500_expected_summary.tsv | bench/p500/results/p500_raw.tsv | bench/p500/results/p500_raw_fullrun_2026-09-07.tsv | bench/p500/results/p500_raw_fullrun_2026-09-08_s7-14.tsv | bench/p500/results/p500_raw_fullrun_2026-09-08_s7-15.tsv | docs/BATCH_ADOPTION_MATRIX.md | docs/BATCH_ADOPTION_MATRIX_wave2.md
Java_PaperNativePluginLoadingAllocation_oldDefaultCapacitySetupSummary	PaperNativePluginLoadingAllocation	oldDefaultCapacitySetupSummary	P500	bench/batch/java/BatchRolloutBench.java | bench/batch/run_batch_rollout.sh | bench/p500/results/P500_FLOORSANITY_POSTWIPE_REPORT_2026-09-09.md | bench/p500/results/P500_FULLMATRIX_POSTWIPE_RAW_2026-09-09.tsv | bench/p500/results/P500_REPORT.md | bench/p500/results/P500_REPORT_smoke_S7-7.md | bench/p500/results/P500_REPORT_v2.md | bench/p500/results/baseline.tsv | bench/p500/results/p500_expected_summary.tsv | bench/p500/results/p500_raw.tsv | bench/p500/results/p500_raw_fullrun_2026-09-07.tsv | bench/p500/results/p500_raw_fullrun_2026-09-08_s7-14.tsv | bench/p500/results/p500_raw_fullrun_2026-09-08_s7-15.tsv | docs/BATCH_ADOPTION_MATRIX.md | docs/BATCH_ADOPTION_MATRIX_wave2.md
Java_PaperNativePluginLoadingAllocation_oldEagerMissingSetSummary	PaperNativePluginLoadingAllocation	oldEagerMissingSetSummary	P500	bench/batch/java/BatchRolloutBench.java | bench/batch/run_batch_rollout.sh | bench/p500/results/P500_FLOORSANITY_POSTWIPE_REPORT_2026-09-09.md | bench/p500/results/P500_FULLMATRIX_POSTWIPE_RAW_2026-09-09.tsv | bench/p500/results/P500_REPORT.md | bench/p500/results/P500_REPORT_smoke_S7-7.md | bench/p500/results/P500_REPORT_v2.md | bench/p500/results/baseline.tsv | bench/p500/results/p500_expected_summary.tsv | bench/p500/results/p500_raw.tsv | bench/p500/results/p500_raw_fullrun_2026-09-07.tsv | bench/p500/results/p500_raw_fullrun_2026-09-08_s7-14.tsv | bench/p500/results/p500_raw_fullrun_2026-09-08_s7-15.tsv | docs/BATCH_ADOPTION_MATRIX.md | docs/BATCH_ADOPTION_MATRIX_wave2.md
Java_PaperNativePluginLoadingAllocation_oldEagerValidateSummary	PaperNativePluginLoadingAllocation	oldEagerValidateSummary	P500	bench/batch/java/BatchRolloutBench.java | bench/batch/run_batch_rollout.sh | bench/p500/results/P500_FLOORSANITY_POSTWIPE_REPORT_2026-09-09.md | bench/p500/results/P500_FULLMATRIX_POSTWIPE_RAW_2026-09-09.tsv | bench/p500/results/P500_REPORT.md | bench/p500/results/P500_REPORT_smoke_S7-7.md | bench/p500/results/P500_REPORT_v2.md | bench/p500/results/baseline.tsv | bench/p500/results/p500_expected_summary.tsv | bench/p500/results/p500_raw.tsv | bench/p500/results/p500_raw_fullrun_2026-09-07.tsv | bench/p500/results/p500_raw_fullrun_2026-09-08_s7-14.tsv | bench/p500/results/p500_raw_fullrun_2026-09-08_s7-15.tsv | docs/BATCH_ADOPTION_MATRIX.md | docs/BATCH_ADOPTION_MATRIX_wave2.md
Java_PaperNativePluginMetaDependency_cachedSummary	PaperNativePluginMetaDependency	cachedSummary	P500	bench/p500/results/P500_FLOORSANITY_POSTWIPE_REPORT_2026-09-09.md | bench/p500/results/P500_FULLMATRIX_POSTWIPE_RAW_2026-09-09.tsv | bench/p500/results/P500_REPORT.md | bench/p500/results/P500_REPORT_smoke_S7-7.md | bench/p500/results/P500_REPORT_v2.md | bench/p500/results/baseline.tsv | bench/p500/results/p500_expected_summary.tsv | bench/p500/results/p500_raw.tsv | bench/p500/results/p500_raw_fullrun_2026-09-07.tsv | bench/p500/results/p500_raw_fullrun_2026-09-08_s7-14.tsv | bench/p500/results/p500_raw_fullrun_2026-09-08_s7-15.tsv | docs/BATCH_ADOPTION_MATRIX.md | docs/BATCH_ADOPTION_MATRIX_wave2.md
Java_PaperNativePluginMetaDependency_newLoopSummary	PaperNativePluginMetaDependency	newLoopSummary	P500	bench/p500/results/P500_FLOORSANITY_POSTWIPE_REPORT_2026-09-09.md | bench/p500/results/P500_FULLMATRIX_POSTWIPE_RAW_2026-09-09.tsv | bench/p500/results/P500_REPORT.md | bench/p500/results/P500_REPORT_smoke_S7-7.md | bench/p500/results/P500_REPORT_v2.md | bench/p500/results/baseline.tsv | bench/p500/results/p500_expected_summary.tsv | bench/p500/results/p500_raw.tsv | bench/p500/results/p500_raw_fullrun_2026-09-07.tsv | bench/p500/results/p500_raw_fullrun_2026-09-08_s7-14.tsv | bench/p500/results/p500_raw_fullrun_2026-09-08_s7-15.tsv | docs/BATCH_ADOPTION_MATRIX.md | docs/BATCH_ADOPTION_MATRIX_wave2.md
Java_PaperNativePluginMetaDependency_oldStreamSummary	PaperNativePluginMetaDependency	oldStreamSummary	P500	bench/p500/results/P500_FLOORSANITY_POSTWIPE_REPORT_2026-09-09.md | bench/p500/results/P500_FULLMATRIX_POSTWIPE_RAW_2026-09-09.tsv | bench/p500/results/P500_REPORT.md | bench/p500/results/P500_REPORT_smoke_S7-7.md | bench/p500/results/P500_REPORT_v2.md | bench/p500/results/baseline.tsv | bench/p500/results/p500_expected_summary.tsv | bench/p500/results/p500_raw.tsv | bench/p500/results/p500_raw_fullrun_2026-09-07.tsv | bench/p500/results/p500_raw_fullrun_2026-09-08_s7-14.tsv | bench/p500/results/p500_raw_fullrun_2026-09-08_s7-15.tsv | docs/BATCH_ADOPTION_MATRIX.md | docs/BATCH_ADOPTION_MATRIX_wave2.md
Java_PaperNativePluginNameJoin_manualJoinSummary	PaperNativePluginNameJoin	manualJoinSummary	-	
Java_PaperNativePluginNameJoin_stringJoinSummary	PaperNativePluginNameJoin	stringJoinSummary	-	
Java_PaperNativePluginNameLog_newArrayListSortSummary	PaperNativePluginNameLog	newArrayListSortSummary	P500	bench/p500/jni_floor/FloorBench.java | bench/p500/jni_floor/FloorGroup.java | bench/p500/jni_floor/FloorRun.sh | bench/p500/jni_floor/floor_report.tsv | bench/p500/results/P500_FLOORSANITY_POSTWIPE_REPORT_2026-09-09.md | bench/p500/results/P500_FULLMATRIX_POSTWIPE_RAW_2026-09-09.tsv | bench/p500/results/P500_REPORT.md | bench/p500/results/P500_REPORT_smoke_S7-7.md | bench/p500/results/P500_REPORT_v2.md | bench/p500/results/baseline.tsv | bench/p500/results/p500_expected_summary.tsv | bench/p500/results/p500_raw.tsv | bench/p500/results/p500_raw_fullrun_2026-09-07.tsv | bench/p500/results/p500_raw_fullrun_2026-09-08_s7-14.tsv | bench/p500/results/p500_raw_fullrun_2026-09-08_s7-15.tsv | docs/BATCH_ADOPTION_MATRIX.md | docs/BATCH_ADOPTION_MATRIX_wave2.md | docs/BATCH_API_PROPOSAL.md
Java_PaperNativePluginNameLog_oldTreesetSummary	PaperNativePluginNameLog	oldTreesetSummary	P500	bench/p500/jni_floor/FloorBench.java | bench/p500/jni_floor/FloorGroup.java | bench/p500/jni_floor/FloorRun.sh | bench/p500/jni_floor/floor_report.tsv | bench/p500/results/P500_FLOORSANITY_POSTWIPE_REPORT_2026-09-09.md | bench/p500/results/P500_FULLMATRIX_POSTWIPE_RAW_2026-09-09.tsv | bench/p500/results/P500_REPORT.md | bench/p500/results/P500_REPORT_smoke_S7-7.md | bench/p500/results/P500_REPORT_v2.md | bench/p500/results/baseline.tsv | bench/p500/results/p500_expected_summary.tsv | bench/p500/results/p500_raw.tsv | bench/p500/results/p500_raw_fullrun_2026-09-07.tsv | bench/p500/results/p500_raw_fullrun_2026-09-08_s7-14.tsv | bench/p500/results/p500_raw_fullrun_2026-09-08_s7-15.tsv | docs/BATCH_ADOPTION_MATRIX.md | docs/BATCH_ADOPTION_MATRIX_wave2.md | docs/BATCH_API_PROPOSAL.md
Java_PaperNativePluginStartupRollup_newSummary	PaperNativePluginStartupRollup	newSummary	P500	bench/batch/java/BatchRolloutBench.java | bench/batch/run_batch_rollout.sh | bench/p500/baseline.json | bench/p500/jni_floor/FloorBench.java | bench/p500/jni_floor/FloorGroup.java | bench/p500/jni_floor/FloorRun.sh | bench/p500/jni_floor/floor_report.tsv | bench/p500/results/P500_FLOORSANITY_POSTWIPE_REPORT_2026-09-09.md | bench/p500/results/P500_FULLMATRIX_POSTWIPE_RAW_2026-09-09.tsv | bench/p500/results/P500_REPORT.md | bench/p500/results/P500_REPORT_smoke_S7-7.md | bench/p500/results/P500_REPORT_v2.md | bench/p500/results/baseline.tsv | bench/p500/results/p500_expected_summary.tsv | bench/p500/results/p500_raw.tsv | bench/p500/results/p500_raw_fullrun_2026-09-07.tsv | bench/p500/results/p500_raw_fullrun_2026-09-08_s7-14.tsv | bench/p500/results/p500_raw_fullrun_2026-09-08_s7-15.tsv | docs/BATCH_ADOPTION_MATRIX.md | docs/BATCH_ADOPTION_MATRIX_wave2.md
Java_PaperNativePluginStartupRollup_oldSummary	PaperNativePluginStartupRollup	oldSummary	P500	bench/batch/java/BatchRolloutBench.java | bench/batch/run_batch_rollout.sh | bench/p500/baseline.json | bench/p500/jni_floor/FloorBench.java | bench/p500/jni_floor/FloorGroup.java | bench/p500/jni_floor/FloorRun.sh | bench/p500/jni_floor/floor_report.tsv | bench/p500/results/P500_FLOORSANITY_POSTWIPE_REPORT_2026-09-09.md | bench/p500/results/P500_FULLMATRIX_POSTWIPE_RAW_2026-09-09.tsv | bench/p500/results/P500_REPORT.md | bench/p500/results/P500_REPORT_smoke_S7-7.md | bench/p500/results/P500_REPORT_v2.md | bench/p500/results/baseline.tsv | bench/p500/results/p500_expected_summary.tsv | bench/p500/results/p500_raw.tsv | bench/p500/results/p500_raw_fullrun_2026-09-07.tsv | bench/p500/results/p500_raw_fullrun_2026-09-08_s7-14.tsv | bench/p500/results/p500_raw_fullrun_2026-09-08_s7-15.tsv | docs/BATCH_ADOPTION_MATRIX.md | docs/BATCH_ADOPTION_MATRIX_wave2.md
Java_PaperNativePosition_chunkHashBatch	PaperNativePosition	chunkHashBatch	-	docs/OPTIMIZATION_ROADMAP.md
Java_PaperNativePosition_chunkPackBatch	PaperNativePosition	chunkPackBatch	-	docs/OPTIMIZATION_ROADMAP.md
Java_PaperNativePosition_positionCombinedBatch	PaperNativePosition	positionCombinedBatch	-	docs/OPTIMIZATION_ROADMAP.md
Java_PaperNativePosition_sectionPackBatch	PaperNativePosition	sectionPackBatch	-	docs/OPTIMIZATION_ROADMAP.md
Java_PaperNativeProtoChunkHeightmap_newCachedContainsSummary	PaperNativeProtoChunkHeightmap	newCachedContainsSummary	P500	bench/graal_ab/RAW_TASK100/run_GA12/boot.log | bench/graal_ab/RAW_TASK100/run_GA5/boot.log | bench/graal_ab/RAW_TASK100/run_GA7/boot.log | bench/graal_ab/RAW_TASK100/run_GA8/boot.log | bench/graal_ab/RAW_TASK100/run_TC2A13/boot.log | bench/graal_ab/RAW_TASK100/run_TC2A4/boot.log | bench/graal_ab/RAW_TASK100/run_TC2A6/boot.log | bench/graal_ab/RAW_TASK100/run_TC2A9/boot.log | bench/graal_ab/RAW_TASK100/run_TC2I11/boot.log | bench/graal_ab/RAW_TASK100/run_TC2I8/boot.log | bench/graal_ab/RAW_TASK100/run_TC2P10/boot.log | bench/graal_ab/RAW_TASK100/run_TC2P9/boot.log | bench/graal_ab/RAW_TASK100_20260908_190610/run_TC2A4/boot.log | bench/graal_ab/RAW_TASK105/run_JFRA2/boot.log | bench/graal_ab/RAW_TASK105/run_JFRA3/boot.log | bench/graal_ab/RAW_TASK106/run_CA2/boot.log | bench/graal_ab/RAW_TASK106/run_CA3/boot.log | bench/p500/results/P500_FLOORSANITY_POSTWIPE_REPORT_2026-09-09.md | bench/p500/results/P500_FULLMATRIX_POSTWIPE_RAW_2026-09-09.tsv | bench/p500/results/P500_REPORT.md | bench/p500/results/P500_REPORT_smoke_S7-7.md | bench/p500/results/P500_REPORT_v2.md | bench/p500/results/baseline.tsv | bench/p500/results/kernel_pref_coverage.tsv | bench/p500/results/p500_expected_summary.tsv | bench/p500/results/p500_raw.tsv | bench/p500/results/p500_raw_fullrun_2026-09-07.tsv | bench/p500/results/p500_raw_fullrun_2026-09-08_s7-14.tsv | bench/p500/results/p500_raw_fullrun_2026-09-08_s7-15.tsv | bench/p500/scripts/KernelPrefDriver.java | bench/p500/scripts/verify_kernel_pref.sh | docs/BATCH_ADOPTION_MATRIX.md | docs/BATCH_ADOPTION_MATRIX_wave2.md | docs/BATCH_API_PROPOSAL.md | docs/KERNEL_POLICY.md | docs/KERNEL_POLICY_COVERAGE.md | docs/OPTIMIZATION_ROADMAP.md
Java_PaperNativeProtoChunkHeightmap_oldEnumSetForeachSummary	PaperNativeProtoChunkHeightmap	oldEnumSetForeachSummary	P500	bench/graal_ab/RAW_TASK100/run_GA12/boot.log | bench/graal_ab/RAW_TASK100/run_GA5/boot.log | bench/graal_ab/RAW_TASK100/run_GA7/boot.log | bench/graal_ab/RAW_TASK100/run_GA8/boot.log | bench/graal_ab/RAW_TASK100/run_TC2A13/boot.log | bench/graal_ab/RAW_TASK100/run_TC2A4/boot.log | bench/graal_ab/RAW_TASK100/run_TC2A6/boot.log | bench/graal_ab/RAW_TASK100/run_TC2A9/boot.log | bench/graal_ab/RAW_TASK100/run_TC2I11/boot.log | bench/graal_ab/RAW_TASK100/run_TC2I8/boot.log | bench/graal_ab/RAW_TASK100/run_TC2P10/boot.log | bench/graal_ab/RAW_TASK100/run_TC2P9/boot.log | bench/graal_ab/RAW_TASK100_20260908_190610/run_TC2A4/boot.log | bench/graal_ab/RAW_TASK105/run_JFRA2/boot.log | bench/graal_ab/RAW_TASK105/run_JFRA3/boot.log | bench/graal_ab/RAW_TASK106/run_CA2/boot.log | bench/graal_ab/RAW_TASK106/run_CA3/boot.log | bench/p500/results/P500_FLOORSANITY_POSTWIPE_REPORT_2026-09-09.md | bench/p500/results/P500_FULLMATRIX_POSTWIPE_RAW_2026-09-09.tsv | bench/p500/results/P500_REPORT.md | bench/p500/results/P500_REPORT_smoke_S7-7.md | bench/p500/results/P500_REPORT_v2.md | bench/p500/results/baseline.tsv | bench/p500/results/kernel_pref_coverage.tsv | bench/p500/results/p500_expected_summary.tsv | bench/p500/results/p500_raw.tsv | bench/p500/results/p500_raw_fullrun_2026-09-07.tsv | bench/p500/results/p500_raw_fullrun_2026-09-08_s7-14.tsv | bench/p500/results/p500_raw_fullrun_2026-09-08_s7-15.tsv | bench/p500/scripts/KernelPrefDriver.java | bench/p500/scripts/verify_kernel_pref.sh | docs/BATCH_ADOPTION_MATRIX.md | docs/BATCH_ADOPTION_MATRIX_wave2.md | docs/BATCH_API_PROPOSAL.md | docs/KERNEL_POLICY.md | docs/KERNEL_POLICY_COVERAGE.md | docs/OPTIMIZATION_ROADMAP.md
Java_PaperNativeRangeChoice_oldFillArraySummary	PaperNativeRangeChoice	oldFillArraySummary	P500	bench/batch/java/BatchFloorBench.java | bench/batch/java/BatchRolloutBench.java | bench/batch/java/OldMemberParityProbe.java | bench/batch/java/PaperNativeRangeChoice.java | bench/batch/java/Wave1ContractProbe.java | bench/batch/run_batch_floor.sh | bench/batch/run_batch_rollout.sh | bench/batch/run_oldmember_parity.sh | bench/p500/baseline.json | bench/p500/jni_floor/FloorBench.java | bench/p500/jni_floor/FloorGroup.java | bench/p500/jni_floor/FloorRun.sh | bench/p500/jni_floor/floor_report.tsv | bench/p500/results/P500_FLOORSANITY_POSTWIPE_REPORT_2026-09-09.md | bench/p500/results/P500_FULLMATRIX_POSTWIPE_RAW_2026-09-09.tsv | bench/p500/results/P500_REPORT.md | bench/p500/results/P500_REPORT_smoke_S7-7.md | bench/p500/results/P500_REPORT_v2.md | bench/p500/results/baseline.tsv | bench/p500/results/p500_expected_summary.tsv | bench/p500/results/p500_raw.tsv | bench/p500/results/p500_raw_fullrun_2026-09-07.tsv | bench/p500/results/p500_raw_fullrun_2026-09-08_s7-14.tsv | bench/p500/results/p500_raw_fullrun_2026-09-08_s7-15.tsv | docs/BATCH_ADOPTION_MATRIX.md | docs/BATCH_ADOPTION_MATRIX_wave2.md | docs/BATCH_API_PROPOSAL.md | docs/HOTSPOT_CANDIDATES.md | docs/PROVEN_WINS_SYNC.md
Java_PaperNativeRangeChoice_optimizedFillArraySummary	PaperNativeRangeChoice	optimizedFillArraySummary	P500	bench/batch/java/BatchFloorBench.java | bench/batch/java/BatchRolloutBench.java | bench/batch/java/OldMemberParityProbe.java | bench/batch/java/PaperNativeRangeChoice.java | bench/batch/java/Wave1ContractProbe.java | bench/batch/run_batch_floor.sh | bench/batch/run_batch_rollout.sh | bench/batch/run_oldmember_parity.sh | bench/p500/baseline.json | bench/p500/jni_floor/FloorBench.java | bench/p500/jni_floor/FloorGroup.java | bench/p500/jni_floor/FloorRun.sh | bench/p500/jni_floor/floor_report.tsv | bench/p500/results/P500_FLOORSANITY_POSTWIPE_REPORT_2026-09-09.md | bench/p500/results/P500_FULLMATRIX_POSTWIPE_RAW_2026-09-09.tsv | bench/p500/results/P500_REPORT.md | bench/p500/results/P500_REPORT_smoke_S7-7.md | bench/p500/results/P500_REPORT_v2.md | bench/p500/results/baseline.tsv | bench/p500/results/p500_expected_summary.tsv | bench/p500/results/p500_raw.tsv | bench/p500/results/p500_raw_fullrun_2026-09-07.tsv | bench/p500/results/p500_raw_fullrun_2026-09-08_s7-14.tsv | bench/p500/results/p500_raw_fullrun_2026-09-08_s7-15.tsv | docs/BATCH_ADOPTION_MATRIX.md | docs/BATCH_ADOPTION_MATRIX_wave2.md | docs/BATCH_API_PROPOSAL.md | docs/HOTSPOT_CANDIDATES.md | docs/PROVEN_WINS_SYNC.md
Java_PaperNativeReferenceList_applyOp	PaperNativeReferenceList	applyOp	-	docs/OPTIMIZATION_ROADMAP.md
Java_PaperNativeReferenceList_createHandle	PaperNativeReferenceList	createHandle	-	docs/OPTIMIZATION_ROADMAP.md
Java_PaperNativeReferenceList_freeHandle	PaperNativeReferenceList	freeHandle	-	docs/OPTIMIZATION_ROADMAP.md
Java_PaperNativeReferenceList_orderChecksumHandle	PaperNativeReferenceList	orderChecksumHandle	-	docs/OPTIMIZATION_ROADMAP.md
Java_PaperNativeReferenceList_runOps	PaperNativeReferenceList	runOps	-	docs/OPTIMIZATION_ROADMAP.md
Java_PaperNativeRemapperHashThreshold_computeIfAbsentSummary	PaperNativeRemapperHashThreshold	computeIfAbsentSummary	-	
Java_PaperNativeRemapperHashThreshold_hybridSummary	PaperNativeRemapperHashThreshold	hybridSummary	-	
Java_PaperNativeRemapperHashThreshold_parallelSummary	PaperNativeRemapperHashThreshold	parallelSummary	-	
Java_PaperNativeRemapperHashThreshold_putSummary	PaperNativeRemapperHashThreshold	putSummary	-	
Java_PaperNativeRemapperIndexCleanup_newLazyCleanupSummary	PaperNativeRemapperIndexCleanup	newLazyCleanupSummary	P500	bench/p500/baseline.json | bench/p500/results/P500_FLOORSANITY_POSTWIPE_REPORT_2026-09-09.md | bench/p500/results/P500_FULLMATRIX_POSTWIPE_RAW_2026-09-09.tsv | bench/p500/results/P500_REPORT.md | bench/p500/results/P500_REPORT_smoke_S7-7.md | bench/p500/results/P500_REPORT_v2.md | bench/p500/results/baseline.tsv | bench/p500/results/p500_expected_summary.tsv | bench/p500/results/p500_raw.tsv | bench/p500/results/p500_raw_fullrun_2026-09-07.tsv | bench/p500/results/p500_raw_fullrun_2026-09-08_s7-14.tsv | bench/p500/results/p500_raw_fullrun_2026-09-08_s7-15.tsv | docs/BATCH_ADOPTION_MATRIX.md | docs/BATCH_ADOPTION_MATRIX_wave2.md
Java_PaperNativeRemapperIndexCleanup_oldEagerCleanupSummary	PaperNativeRemapperIndexCleanup	oldEagerCleanupSummary	P500	bench/p500/baseline.json | bench/p500/results/P500_FLOORSANITY_POSTWIPE_REPORT_2026-09-09.md | bench/p500/results/P500_FULLMATRIX_POSTWIPE_RAW_2026-09-09.tsv | bench/p500/results/P500_REPORT.md | bench/p500/results/P500_REPORT_smoke_S7-7.md | bench/p500/results/P500_REPORT_v2.md | bench/p500/results/baseline.tsv | bench/p500/results/p500_expected_summary.tsv | bench/p500/results/p500_raw.tsv | bench/p500/results/p500_raw_fullrun_2026-09-07.tsv | bench/p500/results/p500_raw_fullrun_2026-09-08_s7-14.tsv | bench/p500/results/p500_raw_fullrun_2026-09-08_s7-15.tsv | docs/BATCH_ADOPTION_MATRIX.md | docs/BATCH_ADOPTION_MATRIX_wave2.md
Java_PaperNativeRemapperSkipHashes_newLoopSummary	PaperNativeRemapperSkipHashes	newLoopSummary	P500	bench/p500/results/P500_FLOORSANITY_POSTWIPE_REPORT_2026-09-09.md | bench/p500/results/P500_FULLMATRIX_POSTWIPE_RAW_2026-09-09.tsv | bench/p500/results/P500_REPORT.md | bench/p500/results/P500_REPORT_smoke_S7-7.md | bench/p500/results/P500_REPORT_v2.md | bench/p500/results/baseline.tsv | bench/p500/results/p500_expected_summary.tsv | bench/p500/results/p500_raw.tsv | bench/p500/results/p500_raw_fullrun_2026-09-07.tsv | bench/p500/results/p500_raw_fullrun_2026-09-08_s7-14.tsv | bench/p500/results/p500_raw_fullrun_2026-09-08_s7-15.tsv | docs/BATCH_ADOPTION_MATRIX.md
Java_PaperNativeRemapperSkipHashes_oldStreamSummary	PaperNativeRemapperSkipHashes	oldStreamSummary	P500	bench/p500/results/P500_FLOORSANITY_POSTWIPE_REPORT_2026-09-09.md | bench/p500/results/P500_FULLMATRIX_POSTWIPE_RAW_2026-09-09.tsv | bench/p500/results/P500_REPORT.md | bench/p500/results/P500_REPORT_smoke_S7-7.md | bench/p500/results/P500_REPORT_v2.md | bench/p500/results/baseline.tsv | bench/p500/results/p500_expected_summary.tsv | bench/p500/results/p500_raw.tsv | bench/p500/results/p500_raw_fullrun_2026-09-07.tsv | bench/p500/results/p500_raw_fullrun_2026-09-08_s7-14.tsv | bench/p500/results/p500_raw_fullrun_2026-09-08_s7-15.tsv | docs/BATCH_ADOPTION_MATRIX.md
Java_PaperNativeServerEntityDeltaIdentity_identityGuardSummary	PaperNativeServerEntityDeltaIdentity	identityGuardSummary	-	bench/p500/results/AGGREGATOR_HYGIENE.md | bench/p500/results/P500_FULLMATRIX_POSTWIPE_RAW_2026-09-09.tsv | bench/p500/results/P500_REPORT.md | bench/p500/results/P500_REPORT_smoke_S7-7.md | bench/p500/results/P500_REPORT_v2.md | bench/p500/results/p500_expected_summary.tsv | bench/p500/results/p500_raw.tsv | bench/p500/results/p500_raw_fullrun_2026-09-07.tsv | bench/p500/results/p500_raw_fullrun_2026-09-08_s7-14.tsv | bench/p500/results/p500_raw_fullrun_2026-09-08_s7-15.tsv | docs/BATCH_ADOPTION_MATRIX.md
Java_PaperNativeServerEntityDeltaIdentity_oldDistanceSummary	PaperNativeServerEntityDeltaIdentity	oldDistanceSummary	P500	bench/p500/results/AGGREGATOR_HYGIENE.md | bench/p500/results/P500_FULLMATRIX_POSTWIPE_RAW_2026-09-09.tsv | bench/p500/results/P500_REPORT.md | bench/p500/results/P500_REPORT_smoke_S7-7.md | bench/p500/results/P500_REPORT_v2.md | bench/p500/results/p500_expected_summary.tsv | bench/p500/results/p500_raw.tsv | bench/p500/results/p500_raw_fullrun_2026-09-07.tsv | bench/p500/results/p500_raw_fullrun_2026-09-08_s7-14.tsv | bench/p500/results/p500_raw_fullrun_2026-09-08_s7-15.tsv | docs/BATCH_ADOPTION_MATRIX.md
Java_PaperNativeShiftNoiseDirect_currentASummary	PaperNativeShiftNoiseDirect	currentASummary	-	
Java_PaperNativeShiftNoiseDirect_currentBSummary	PaperNativeShiftNoiseDirect	currentBSummary	-	
Java_PaperNativeShiftNoiseDirect_currentDefaultSummary	PaperNativeShiftNoiseDirect	currentDefaultSummary	-	
Java_PaperNativeShiftNoiseDirect_directASummary	PaperNativeShiftNoiseDirect	directASummary	-	
Java_PaperNativeShiftNoiseDirect_directBSummary	PaperNativeShiftNoiseDirect	directBSummary	-	
Java_PaperNativeShiftNoiseDirect_directDefaultSummary	PaperNativeShiftNoiseDirect	directDefaultSummary	-	
Java_PaperNativeSpigotLoadOrderDependency_newLoadAfterBuildSummary	PaperNativeSpigotLoadOrderDependency	newLoadAfterBuildSummary	P500	bench/batch/java/BatchFloorBench.java | bench/batch/java/OldMemberParityProbe.java | bench/batch/java/PaperNativeSpigotLoadOrderDependency.java | bench/batch/java/Wave1ContractProbe.java | bench/batch/run_batch_floor.sh | bench/batch/run_oldmember_parity.sh | bench/p500/jni_floor/FloorBench.java | bench/p500/jni_floor/FloorGroup.java | bench/p500/jni_floor/FloorRun.sh | bench/p500/jni_floor/floor_report.tsv | bench/p500/results/P500_FLOORSANITY_POSTWIPE_REPORT_2026-09-09.md | bench/p500/results/P500_FULLMATRIX_POSTWIPE_RAW_2026-09-09.tsv | bench/p500/results/P500_REPORT.md | bench/p500/results/P500_REPORT_smoke_S7-7.md | bench/p500/results/P500_REPORT_v2.md | bench/p500/results/baseline.tsv | bench/p500/results/p500_expected_summary.tsv | bench/p500/results/p500_raw.tsv | bench/p500/results/p500_raw_fullrun_2026-09-07.tsv | bench/p500/results/p500_raw_fullrun_2026-09-08_s7-14.tsv | bench/p500/results/p500_raw_fullrun_2026-09-08_s7-15.tsv | docs/BATCH_ADOPTION_MATRIX.md | docs/BATCH_ADOPTION_MATRIX_wave2.md | docs/BATCH_API_PROPOSAL.md | docs/PROVEN_WINS_SYNC.md
Java_PaperNativeSpigotLoadOrderDependency_newRemovedCountSummary	PaperNativeSpigotLoadOrderDependency	newRemovedCountSummary	P500	bench/batch/java/BatchFloorBench.java | bench/batch/java/OldMemberParityProbe.java | bench/batch/java/PaperNativeSpigotLoadOrderDependency.java | bench/batch/java/Wave1ContractProbe.java | bench/batch/run_batch_floor.sh | bench/batch/run_oldmember_parity.sh | bench/p500/jni_floor/FloorBench.java | bench/p500/jni_floor/FloorGroup.java | bench/p500/jni_floor/FloorRun.sh | bench/p500/jni_floor/floor_report.tsv | bench/p500/results/P500_FLOORSANITY_POSTWIPE_REPORT_2026-09-09.md | bench/p500/results/P500_FULLMATRIX_POSTWIPE_RAW_2026-09-09.tsv | bench/p500/results/P500_REPORT.md | bench/p500/results/P500_REPORT_smoke_S7-7.md | bench/p500/results/P500_REPORT_v2.md | bench/p500/results/baseline.tsv | bench/p500/results/p500_expected_summary.tsv | bench/p500/results/p500_raw.tsv | bench/p500/results/p500_raw_fullrun_2026-09-07.tsv | bench/p500/results/p500_raw_fullrun_2026-09-08_s7-14.tsv | bench/p500/results/p500_raw_fullrun_2026-09-08_s7-15.tsv | docs/BATCH_ADOPTION_MATRIX.md | docs/BATCH_ADOPTION_MATRIX_wave2.md | docs/BATCH_API_PROPOSAL.md | docs/PROVEN_WINS_SYNC.md
Java_PaperNativeSpigotLoadOrderDependency_oldLoadAfterBuildSummary	PaperNativeSpigotLoadOrderDependency	oldLoadAfterBuildSummary	P500	bench/batch/java/BatchFloorBench.java | bench/batch/java/OldMemberParityProbe.java | bench/batch/java/PaperNativeSpigotLoadOrderDependency.java | bench/batch/java/Wave1ContractProbe.java | bench/batch/run_batch_floor.sh | bench/batch/run_oldmember_parity.sh | bench/p500/jni_floor/FloorBench.java | bench/p500/jni_floor/FloorGroup.java | bench/p500/jni_floor/FloorRun.sh | bench/p500/jni_floor/floor_report.tsv | bench/p500/results/P500_FLOORSANITY_POSTWIPE_REPORT_2026-09-09.md | bench/p500/results/P500_FULLMATRIX_POSTWIPE_RAW_2026-09-09.tsv | bench/p500/results/P500_REPORT.md | bench/p500/results/P500_REPORT_smoke_S7-7.md | bench/p500/results/P500_REPORT_v2.md | bench/p500/results/baseline.tsv | bench/p500/results/p500_expected_summary.tsv | bench/p500/results/p500_raw.tsv | bench/p500/results/p500_raw_fullrun_2026-09-07.tsv | bench/p500/results/p500_raw_fullrun_2026-09-08_s7-14.tsv | bench/p500/results/p500_raw_fullrun_2026-09-08_s7-15.tsv | docs/BATCH_ADOPTION_MATRIX.md | docs/BATCH_ADOPTION_MATRIX_wave2.md | docs/BATCH_API_PROPOSAL.md | docs/PROVEN_WINS_SYNC.md
Java_PaperNativeSpigotLoadOrderDependency_oldRemovedCountSummary	PaperNativeSpigotLoadOrderDependency	oldRemovedCountSummary	P500	bench/batch/java/BatchFloorBench.java | bench/batch/java/OldMemberParityProbe.java | bench/batch/java/PaperNativeSpigotLoadOrderDependency.java | bench/batch/java/Wave1ContractProbe.java | bench/batch/run_batch_floor.sh | bench/batch/run_oldmember_parity.sh | bench/p500/jni_floor/FloorBench.java | bench/p500/jni_floor/FloorGroup.java | bench/p500/jni_floor/FloorRun.sh | bench/p500/jni_floor/floor_report.tsv | bench/p500/results/P500_FLOORSANITY_POSTWIPE_REPORT_2026-09-09.md | bench/p500/results/P500_FULLMATRIX_POSTWIPE_RAW_2026-09-09.tsv | bench/p500/results/P500_REPORT.md | bench/p500/results/P500_REPORT_smoke_S7-7.md | bench/p500/results/P500_REPORT_v2.md | bench/p500/results/baseline.tsv | bench/p500/results/p500_expected_summary.tsv | bench/p500/results/p500_raw.tsv | bench/p500/results/p500_raw_fullrun_2026-09-07.tsv | bench/p500/results/p500_raw_fullrun_2026-09-08_s7-14.tsv | bench/p500/results/p500_raw_fullrun_2026-09-08_s7-15.tsv | docs/BATCH_ADOPTION_MATRIX.md | docs/BATCH_ADOPTION_MATRIX_wave2.md | docs/BATCH_API_PROPOSAL.md | docs/PROVEN_WINS_SYNC.md
Java_PaperNativeSpringFeatureMutablePos_mutableBatchSummary	PaperNativeSpringFeatureMutablePos	mutableBatchSummary	P500	bench/p500/results/P500_FLOORSANITY_POSTWIPE_REPORT_2026-09-09.md | bench/p500/results/P500_FULLMATRIX_POSTWIPE_RAW_2026-09-09.tsv | bench/p500/results/P500_REPORT.md | bench/p500/results/P500_REPORT_smoke_S7-7.md | bench/p500/results/P500_REPORT_v2.md | bench/p500/results/baseline.tsv | bench/p500/results/p500_expected_summary.tsv | bench/p500/results/p500_raw.tsv | bench/p500/results/p500_raw_fullrun_2026-09-07.tsv | bench/p500/results/p500_raw_fullrun_2026-09-08_s7-14.tsv | bench/p500/results/p500_raw_fullrun_2026-09-08_s7-15.tsv | docs/BATCH_ADOPTION_MATRIX.md
Java_PaperNativeSpringFeatureMutablePos_oldBatchSummary	PaperNativeSpringFeatureMutablePos	oldBatchSummary	P500	bench/p500/results/P500_FLOORSANITY_POSTWIPE_REPORT_2026-09-09.md | bench/p500/results/P500_FULLMATRIX_POSTWIPE_RAW_2026-09-09.tsv | bench/p500/results/P500_REPORT.md | bench/p500/results/P500_REPORT_smoke_S7-7.md | bench/p500/results/P500_REPORT_v2.md | bench/p500/results/baseline.tsv | bench/p500/results/p500_expected_summary.tsv | bench/p500/results/p500_raw.tsv | bench/p500/results/p500_raw_fullrun_2026-09-07.tsv | bench/p500/results/p500_raw_fullrun_2026-09-08_s7-14.tsv | bench/p500/results/p500_raw_fullrun_2026-09-08_s7-15.tsv | docs/BATCH_ADOPTION_MATRIX.md
Java_PaperNativeStaticCacheGet_newBatchSummary	PaperNativeStaticCacheGet	newBatchSummary	P500	bench/batch/java/BatchFloorBench.java | bench/batch/java/BatchRolloutBench.java | bench/batch/java/PaperNativeStaticCacheGet.java | bench/batch/java/Wave1ContractProbe.java | bench/batch/run_batch_floor.sh | bench/batch/run_batch_rollout.sh | bench/p500/baseline.json | bench/p500/jni_floor/FloorBench.java | bench/p500/jni_floor/FloorGroup.java | bench/p500/jni_floor/FloorRun.sh | bench/p500/jni_floor/floor_report.tsv | bench/p500/results/P500_FLOORSANITY_POSTWIPE_REPORT_2026-09-09.md | bench/p500/results/P500_FULLMATRIX_POSTWIPE_RAW_2026-09-09.tsv | bench/p500/results/P500_REPORT.md | bench/p500/results/P500_REPORT_smoke_S7-7.md | bench/p500/results/P500_REPORT_v2.md | bench/p500/results/baseline.tsv | bench/p500/results/p500_expected_summary.tsv | bench/p500/results/p500_raw.tsv | bench/p500/results/p500_raw_fullrun_2026-09-07.tsv | bench/p500/results/p500_raw_fullrun_2026-09-08_s7-14.tsv | bench/p500/results/p500_raw_fullrun_2026-09-08_s7-15.tsv | docs/BATCH_ADOPTION_MATRIX.md | docs/BATCH_ADOPTION_MATRIX_wave2.md | docs/BATCH_API_PROPOSAL.md | docs/BATCH_ROLLOUT_RUNBOOK.md
Java_PaperNativeStaticCacheGet_oldBatchSummary	PaperNativeStaticCacheGet	oldBatchSummary	P500	bench/batch/java/BatchFloorBench.java | bench/batch/java/BatchRolloutBench.java | bench/batch/java/PaperNativeStaticCacheGet.java | bench/batch/java/Wave1ContractProbe.java | bench/batch/run_batch_floor.sh | bench/batch/run_batch_rollout.sh | bench/p500/baseline.json | bench/p500/jni_floor/FloorBench.java | bench/p500/jni_floor/FloorGroup.java | bench/p500/jni_floor/FloorRun.sh | bench/p500/jni_floor/floor_report.tsv | bench/p500/results/P500_FLOORSANITY_POSTWIPE_REPORT_2026-09-09.md | bench/p500/results/P500_FULLMATRIX_POSTWIPE_RAW_2026-09-09.tsv | bench/p500/results/P500_REPORT.md | bench/p500/results/P500_REPORT_smoke_S7-7.md | bench/p500/results/P500_REPORT_v2.md | bench/p500/results/baseline.tsv | bench/p500/results/p500_expected_summary.tsv | bench/p500/results/p500_raw.tsv | bench/p500/results/p500_raw_fullrun_2026-09-07.tsv | bench/p500/results/p500_raw_fullrun_2026-09-08_s7-14.tsv | bench/p500/results/p500_raw_fullrun_2026-09-08_s7-15.tsv | docs/BATCH_ADOPTION_MATRIX.md | docs/BATCH_ADOPTION_MATRIX_wave2.md | docs/BATCH_API_PROPOSAL.md | docs/BATCH_ROLLOUT_RUNBOOK.md
Java_PaperNativeSurfaceRulesSequenceArray_arrayForeachSummary	PaperNativeSurfaceRulesSequenceArray	arrayForeachSummary	-	
Java_PaperNativeSurfaceRulesSequenceArray_arrayIndexedSummary	PaperNativeSurfaceRulesSequenceArray	arrayIndexedSummary	-	
Java_PaperNativeSurfaceRulesSequenceArray_listEnhancedSummary	PaperNativeSurfaceRulesSequenceArray	listEnhancedSummary	-	
Java_PaperNativeSurfaceRulesSequenceArray_listIndexedSummary	PaperNativeSurfaceRulesSequenceArray	listIndexedSummary	-	
Java_PaperNativeSurfaceRulesTestRuleState_newStateRuleSummary	PaperNativeSurfaceRulesTestRuleState	newStateRuleSummary	P500	bench/p500/results/P500_FLOORSANITY_POSTWIPE_REPORT_2026-09-09.md | bench/p500/results/P500_FULLMATRIX_POSTWIPE_RAW_2026-09-09.tsv | bench/p500/results/P500_REPORT.md | bench/p500/results/P500_REPORT_smoke_S7-7.md | bench/p500/results/P500_REPORT_v2.md | bench/p500/results/baseline.tsv | bench/p500/results/p500_expected_summary.tsv | bench/p500/results/p500_raw.tsv | bench/p500/results/p500_raw_fullrun_2026-09-07.tsv | bench/p500/results/p500_raw_fullrun_2026-09-08_s7-14.tsv | bench/p500/results/p500_raw_fullrun_2026-09-08_s7-15.tsv | docs/BATCH_ADOPTION_MATRIX.md
Java_PaperNativeSurfaceRulesTestRuleState_oldStateRuleSummary	PaperNativeSurfaceRulesTestRuleState	oldStateRuleSummary	P500	bench/p500/results/P500_FLOORSANITY_POSTWIPE_REPORT_2026-09-09.md | bench/p500/results/P500_FULLMATRIX_POSTWIPE_RAW_2026-09-09.tsv | bench/p500/results/P500_REPORT.md | bench/p500/results/P500_REPORT_smoke_S7-7.md | bench/p500/results/P500_REPORT_v2.md | bench/p500/results/baseline.tsv | bench/p500/results/p500_expected_summary.tsv | bench/p500/results/p500_raw.tsv | bench/p500/results/p500_raw_fullrun_2026-09-07.tsv | bench/p500/results/p500_raw_fullrun_2026-09-08_s7-14.tsv | bench/p500/results/p500_raw_fullrun_2026-09-08_s7-15.tsv | docs/BATCH_ADOPTION_MATRIX.md
Java_PaperNativeTicketCompare_compareIndexedBatch	PaperNativeTicketCompare	compareIndexedBatch	-	
Java_PaperNativeTicketPack_packSummary	PaperNativeTicketPack	packSummary	-	
Java_PaperNativeTicketSetSearch_binarySummary	PaperNativeTicketSetSearch	binarySummary	-	bench/batch/java/BatchRolloutBench.java | bench/batch/run_batch_rollout.sh | bench/p500/java/BatchSurfaceCalib.java | bench/p500/results/BATCH_SURFACE_CALIBRATION.md | bench/p500/results/BATCH_SURFACE_CALIBRATION_RAW.tsv | docs/OPTIMIZATION_ROADMAP.md
Java_PaperNativeTicketSetSearch_linearSummary	PaperNativeTicketSetSearch	linearSummary	-	bench/batch/java/BatchRolloutBench.java | bench/batch/run_batch_rollout.sh | bench/p500/java/BatchSurfaceCalib.java | bench/p500/results/BATCH_SURFACE_CALIBRATION.md | bench/p500/results/BATCH_SURFACE_CALIBRATION_RAW.tsv | docs/OPTIMIZATION_ROADMAP.md
Java_PaperNativeTicketSetSearch_uncheckedBinarySummary	PaperNativeTicketSetSearch	uncheckedBinarySummary	-	bench/batch/java/BatchRolloutBench.java | bench/batch/run_batch_rollout.sh | bench/p500/java/BatchSurfaceCalib.java | bench/p500/results/BATCH_SURFACE_CALIBRATION.md | bench/p500/results/BATCH_SURFACE_CALIBRATION_RAW.tsv | docs/OPTIMIZATION_ROADMAP.md
Java_PaperNativeTopographicGraphSortCapacity_newPresizedSummary	PaperNativeTopographicGraphSortCapacity	newPresizedSummary	P500	bench/p500/results/P500_FLOORSANITY_POSTWIPE_REPORT_2026-09-09.md | bench/p500/results/P500_FULLMATRIX_POSTWIPE_RAW_2026-09-09.tsv | bench/p500/results/P500_REPORT.md | bench/p500/results/P500_REPORT_smoke_S7-7.md | bench/p500/results/P500_REPORT_v2.md | bench/p500/results/baseline.tsv | bench/p500/results/p500_expected_summary.tsv | bench/p500/results/p500_raw.tsv | bench/p500/results/p500_raw_fullrun_2026-09-07.tsv | bench/p500/results/p500_raw_fullrun_2026-09-08_s7-14.tsv | bench/p500/results/p500_raw_fullrun_2026-09-08_s7-15.tsv | docs/BATCH_ADOPTION_MATRIX.md
Java_PaperNativeTopographicGraphSortCapacity_oldDefaultCapacitySummary	PaperNativeTopographicGraphSortCapacity	oldDefaultCapacitySummary	P500	bench/p500/results/P500_FLOORSANITY_POSTWIPE_REPORT_2026-09-09.md | bench/p500/results/P500_FULLMATRIX_POSTWIPE_RAW_2026-09-09.tsv | bench/p500/results/P500_REPORT.md | bench/p500/results/P500_REPORT_smoke_S7-7.md | bench/p500/results/P500_REPORT_v2.md | bench/p500/results/baseline.tsv | bench/p500/results/p500_expected_summary.tsv | bench/p500/results/p500_raw.tsv | bench/p500/results/p500_raw_fullrun_2026-09-07.tsv | bench/p500/results/p500_raw_fullrun_2026-09-08_s7-14.tsv | bench/p500/results/p500_raw_fullrun_2026-09-08_s7-15.tsv | docs/BATCH_ADOPTION_MATRIX.md
Java_PaperNativeVarInt_byteSize	PaperNativeVarInt	byteSize	-	docs/OPTIMIZATION_ROADMAP.md
Java_PaperNativeVarInt_longByteSize	PaperNativeVarInt	longByteSize	-	docs/OPTIMIZATION_ROADMAP.md
Java_PaperNativeVarInt_readBatch	PaperNativeVarInt	readBatch	-	docs/OPTIMIZATION_ROADMAP.md
Java_PaperNativeVarInt_readLongBatch	PaperNativeVarInt	readLongBatch	-	docs/OPTIMIZATION_ROADMAP.md
Java_PaperNativeVarInt_writeBatch	PaperNativeVarInt	writeBatch	-	docs/OPTIMIZATION_ROADMAP.md
Java_PaperNativeVarInt_writeLongBatch	PaperNativeVarInt	writeLongBatch	-	docs/OPTIMIZATION_ROADMAP.md
Java_PaperNativeWaypointChunkUpdate_distanceSummary	PaperNativeWaypointChunkUpdate	distanceSummary	-	
Java_PaperNativeWaypointChunkUpdate_longKeySummary	PaperNativeWaypointChunkUpdate	longKeySummary	-	
Java_PaperNativeWaypointDistanceGuard_guardedAtOrBeyondRangeSummary	PaperNativeWaypointDistanceGuard	guardedAtOrBeyondRangeSummary	P500	bench/p500/results/P500_FLOORSANITY_POSTWIPE_REPORT_2026-09-09.md | bench/p500/results/P500_FULLMATRIX_POSTWIPE_RAW_2026-09-09.tsv | bench/p500/results/P500_REPORT.md | bench/p500/results/P500_REPORT_smoke_S7-7.md | bench/p500/results/P500_REPORT_v2.md | bench/p500/results/baseline.tsv | bench/p500/results/p500_expected_summary.tsv | bench/p500/results/p500_raw.tsv | bench/p500/results/p500_raw_fullrun_2026-09-07.tsv | bench/p500/results/p500_raw_fullrun_2026-09-08_s7-14.tsv | bench/p500/results/p500_raw_fullrun_2026-09-08_s7-15.tsv | docs/BATCH_ADOPTION_MATRIX.md
Java_PaperNativeWaypointDistanceGuard_guardedReallyFarSummary	PaperNativeWaypointDistanceGuard	guardedReallyFarSummary	P500	bench/p500/results/P500_FLOORSANITY_POSTWIPE_REPORT_2026-09-09.md | bench/p500/results/P500_FULLMATRIX_POSTWIPE_RAW_2026-09-09.tsv | bench/p500/results/P500_REPORT.md | bench/p500/results/P500_REPORT_smoke_S7-7.md | bench/p500/results/P500_REPORT_v2.md | bench/p500/results/baseline.tsv | bench/p500/results/p500_expected_summary.tsv | bench/p500/results/p500_raw.tsv | bench/p500/results/p500_raw_fullrun_2026-09-07.tsv | bench/p500/results/p500_raw_fullrun_2026-09-08_s7-14.tsv | bench/p500/results/p500_raw_fullrun_2026-09-08_s7-15.tsv | docs/BATCH_ADOPTION_MATRIX.md
Java_PaperNativeWaypointDistanceGuard_oldAtOrBeyondRangeSummary	PaperNativeWaypointDistanceGuard	oldAtOrBeyondRangeSummary	P500	bench/p500/results/P500_FLOORSANITY_POSTWIPE_REPORT_2026-09-09.md | bench/p500/results/P500_FULLMATRIX_POSTWIPE_RAW_2026-09-09.tsv | bench/p500/results/P500_REPORT.md | bench/p500/results/P500_REPORT_smoke_S7-7.md | bench/p500/results/P500_REPORT_v2.md | bench/p500/results/baseline.tsv | bench/p500/results/p500_expected_summary.tsv | bench/p500/results/p500_raw.tsv | bench/p500/results/p500_raw_fullrun_2026-09-07.tsv | bench/p500/results/p500_raw_fullrun_2026-09-08_s7-14.tsv | bench/p500/results/p500_raw_fullrun_2026-09-08_s7-15.tsv | docs/BATCH_ADOPTION_MATRIX.md
Java_PaperNativeWaypointDistanceGuard_oldReallyFarSummary	PaperNativeWaypointDistanceGuard	oldReallyFarSummary	P500	bench/p500/results/P500_FLOORSANITY_POSTWIPE_REPORT_2026-09-09.md | bench/p500/results/P500_FULLMATRIX_POSTWIPE_RAW_2026-09-09.tsv | bench/p500/results/P500_REPORT.md | bench/p500/results/P500_REPORT_smoke_S7-7.md | bench/p500/results/P500_REPORT_v2.md | bench/p500/results/baseline.tsv | bench/p500/results/p500_expected_summary.tsv | bench/p500/results/p500_raw.tsv | bench/p500/results/p500_raw_fullrun_2026-09-07.tsv | bench/p500/results/p500_raw_fullrun_2026-09-08_s7-14.tsv | bench/p500/results/p500_raw_fullrun_2026-09-08_s7-15.tsv | docs/BATCH_ADOPTION_MATRIX.md
Java_PaperNativeWaypointHotPath_cachedChunkVisibleValue	PaperNativeWaypointHotPath	cachedChunkVisibleValue	P500	bench/p500/results/P500_FLOORSANITY_POSTWIPE_REPORT_2026-09-09.md | bench/p500/results/P500_FULLMATRIX_POSTWIPE_RAW_2026-09-09.tsv | bench/p500/results/P500_REPORT.md | bench/p500/results/P500_REPORT_smoke_S7-7.md | bench/p500/results/P500_REPORT_v2.md | bench/p500/results/P500_SCALING_WAYPOINT.md | bench/p500/results/baseline.tsv | bench/p500/results/p500_expected_summary.tsv | bench/p500/results/p500_raw.tsv | bench/p500/results/p500_raw_fullrun_2026-09-07.tsv | bench/p500/results/p500_raw_fullrun_2026-09-08_s7-14.tsv | bench/p500/results/p500_raw_fullrun_2026-09-08_s7-15.tsv | docs/BATCH_ADOPTION_MATRIX.md
Java_PaperNativeWaypointHotPath_directAzimuthValue	PaperNativeWaypointHotPath	directAzimuthValue	P500	bench/p500/results/P500_FLOORSANITY_POSTWIPE_REPORT_2026-09-09.md | bench/p500/results/P500_FULLMATRIX_POSTWIPE_RAW_2026-09-09.tsv | bench/p500/results/P500_REPORT.md | bench/p500/results/P500_REPORT_smoke_S7-7.md | bench/p500/results/P500_REPORT_v2.md | bench/p500/results/P500_SCALING_WAYPOINT.md | bench/p500/results/baseline.tsv | bench/p500/results/p500_expected_summary.tsv | bench/p500/results/p500_raw.tsv | bench/p500/results/p500_raw_fullrun_2026-09-07.tsv | bench/p500/results/p500_raw_fullrun_2026-09-08_s7-14.tsv | bench/p500/results/p500_raw_fullrun_2026-09-08_s7-15.tsv | docs/BATCH_ADOPTION_MATRIX.md
Java_PaperNativeWaypointHotPath_guardedAtOrBeyondRangeValue	PaperNativeWaypointHotPath	guardedAtOrBeyondRangeValue	P500	bench/p500/results/P500_FLOORSANITY_POSTWIPE_REPORT_2026-09-09.md | bench/p500/results/P500_FULLMATRIX_POSTWIPE_RAW_2026-09-09.tsv | bench/p500/results/P500_REPORT.md | bench/p500/results/P500_REPORT_smoke_S7-7.md | bench/p500/results/P500_REPORT_v2.md | bench/p500/results/P500_SCALING_WAYPOINT.md | bench/p500/results/baseline.tsv | bench/p500/results/p500_expected_summary.tsv | bench/p500/results/p500_raw.tsv | bench/p500/results/p500_raw_fullrun_2026-09-07.tsv | bench/p500/results/p500_raw_fullrun_2026-09-08_s7-14.tsv | bench/p500/results/p500_raw_fullrun_2026-09-08_s7-15.tsv | docs/BATCH_ADOPTION_MATRIX.md
Java_PaperNativeWaypointHotPath_guardedReallyFarValue	PaperNativeWaypointHotPath	guardedReallyFarValue	P500	bench/p500/results/P500_FLOORSANITY_POSTWIPE_REPORT_2026-09-09.md | bench/p500/results/P500_FULLMATRIX_POSTWIPE_RAW_2026-09-09.tsv | bench/p500/results/P500_REPORT.md | bench/p500/results/P500_REPORT_smoke_S7-7.md | bench/p500/results/P500_REPORT_v2.md | bench/p500/results/P500_SCALING_WAYPOINT.md | bench/p500/results/baseline.tsv | bench/p500/results/p500_expected_summary.tsv | bench/p500/results/p500_raw.tsv | bench/p500/results/p500_raw_fullrun_2026-09-07.tsv | bench/p500/results/p500_raw_fullrun_2026-09-08_s7-14.tsv | bench/p500/results/p500_raw_fullrun_2026-09-08_s7-15.tsv | docs/BATCH_ADOPTION_MATRIX.md
Java_PaperNativeWaypointHotPath_oldAtOrBeyondRangeValue	PaperNativeWaypointHotPath	oldAtOrBeyondRangeValue	P500	bench/p500/results/P500_FLOORSANITY_POSTWIPE_REPORT_2026-09-09.md | bench/p500/results/P500_FULLMATRIX_POSTWIPE_RAW_2026-09-09.tsv | bench/p500/results/P500_REPORT.md | bench/p500/results/P500_REPORT_smoke_S7-7.md | bench/p500/results/P500_REPORT_v2.md | bench/p500/results/P500_SCALING_WAYPOINT.md | bench/p500/results/baseline.tsv | bench/p500/results/p500_expected_summary.tsv | bench/p500/results/p500_raw.tsv | bench/p500/results/p500_raw_fullrun_2026-09-07.tsv | bench/p500/results/p500_raw_fullrun_2026-09-08_s7-14.tsv | bench/p500/results/p500_raw_fullrun_2026-09-08_s7-15.tsv | docs/BATCH_ADOPTION_MATRIX.md
Java_PaperNativeWaypointHotPath_oldAzimuthValue	PaperNativeWaypointHotPath	oldAzimuthValue	P500	bench/p500/results/P500_FLOORSANITY_POSTWIPE_REPORT_2026-09-09.md | bench/p500/results/P500_FULLMATRIX_POSTWIPE_RAW_2026-09-09.tsv | bench/p500/results/P500_REPORT.md | bench/p500/results/P500_REPORT_smoke_S7-7.md | bench/p500/results/P500_REPORT_v2.md | bench/p500/results/P500_SCALING_WAYPOINT.md | bench/p500/results/baseline.tsv | bench/p500/results/p500_expected_summary.tsv | bench/p500/results/p500_raw.tsv | bench/p500/results/p500_raw_fullrun_2026-09-07.tsv | bench/p500/results/p500_raw_fullrun_2026-09-08_s7-14.tsv | bench/p500/results/p500_raw_fullrun_2026-09-08_s7-15.tsv | docs/BATCH_ADOPTION_MATRIX.md
Java_PaperNativeWaypointHotPath_oldChunkVisibleValue	PaperNativeWaypointHotPath	oldChunkVisibleValue	P500	bench/p500/results/P500_FLOORSANITY_POSTWIPE_REPORT_2026-09-09.md | bench/p500/results/P500_FULLMATRIX_POSTWIPE_RAW_2026-09-09.tsv | bench/p500/results/P500_REPORT.md | bench/p500/results/P500_REPORT_smoke_S7-7.md | bench/p500/results/P500_REPORT_v2.md | bench/p500/results/P500_SCALING_WAYPOINT.md | bench/p500/results/baseline.tsv | bench/p500/results/p500_expected_summary.tsv | bench/p500/results/p500_raw.tsv | bench/p500/results/p500_raw_fullrun_2026-09-07.tsv | bench/p500/results/p500_raw_fullrun_2026-09-08_s7-14.tsv | bench/p500/results/p500_raw_fullrun_2026-09-08_s7-15.tsv | docs/BATCH_ADOPTION_MATRIX.md
Java_PaperNativeWaypointHotPath_oldReallyFarValue	PaperNativeWaypointHotPath	oldReallyFarValue	P500	bench/p500/results/P500_FLOORSANITY_POSTWIPE_REPORT_2026-09-09.md | bench/p500/results/P500_FULLMATRIX_POSTWIPE_RAW_2026-09-09.tsv | bench/p500/results/P500_REPORT.md | bench/p500/results/P500_REPORT_smoke_S7-7.md | bench/p500/results/P500_REPORT_v2.md | bench/p500/results/P500_SCALING_WAYPOINT.md | bench/p500/results/baseline.tsv | bench/p500/results/p500_expected_summary.tsv | bench/p500/results/p500_raw.tsv | bench/p500/results/p500_raw_fullrun_2026-09-07.tsv | bench/p500/results/p500_raw_fullrun_2026-09-08_s7-14.tsv | bench/p500/results/p500_raw_fullrun_2026-09-08_s7-15.tsv | docs/BATCH_ADOPTION_MATRIX.md
Java_PaperNativeWaypointHotPath_oldWaypointManagerValue	PaperNativeWaypointHotPath	oldWaypointManagerValue	P500	bench/p500/results/P500_FLOORSANITY_POSTWIPE_REPORT_2026-09-09.md | bench/p500/results/P500_FULLMATRIX_POSTWIPE_RAW_2026-09-09.tsv | bench/p500/results/P500_REPORT.md | bench/p500/results/P500_REPORT_smoke_S7-7.md | bench/p500/results/P500_REPORT_v2.md | bench/p500/results/P500_SCALING_WAYPOINT.md | bench/p500/results/baseline.tsv | bench/p500/results/p500_expected_summary.tsv | bench/p500/results/p500_raw.tsv | bench/p500/results/p500_raw_fullrun_2026-09-07.tsv | bench/p500/results/p500_raw_fullrun_2026-09-08_s7-14.tsv | bench/p500/results/p500_raw_fullrun_2026-09-08_s7-15.tsv | docs/BATCH_ADOPTION_MATRIX.md
Java_PaperNativeWaypointHotPath_optimizedWaypointManagerValue	PaperNativeWaypointHotPath	optimizedWaypointManagerValue	P500	bench/p500/results/P500_FLOORSANITY_POSTWIPE_REPORT_2026-09-09.md | bench/p500/results/P500_FULLMATRIX_POSTWIPE_RAW_2026-09-09.tsv | bench/p500/results/P500_REPORT.md | bench/p500/results/P500_REPORT_smoke_S7-7.md | bench/p500/results/P500_REPORT_v2.md | bench/p500/results/P500_SCALING_WAYPOINT.md | bench/p500/results/baseline.tsv | bench/p500/results/p500_expected_summary.tsv | bench/p500/results/p500_raw.tsv | bench/p500/results/p500_raw_fullrun_2026-09-07.tsv | bench/p500/results/p500_raw_fullrun_2026-09-08_s7-14.tsv | bench/p500/results/p500_raw_fullrun_2026-09-08_s7-15.tsv | docs/BATCH_ADOPTION_MATRIX.md
Java_PaperNativeWaypointManagerSkip_currentPlayerFullSummary	PaperNativeWaypointManagerSkip	currentPlayerFullSummary	-	
Java_PaperNativeWaypointManagerSkip_currentPlayerPartialSummary	PaperNativeWaypointManagerSkip	currentPlayerPartialSummary	-	
Java_PaperNativeWaypointManagerSkip_currentWaypointFullSummary	PaperNativeWaypointManagerSkip	currentWaypointFullSummary	-	
Java_PaperNativeWaypointManagerSkip_currentWaypointPartialSummary	PaperNativeWaypointManagerSkip	currentWaypointPartialSummary	-	
Java_PaperNativeWaypointManagerSkip_skipPlayerFullSummary	PaperNativeWaypointManagerSkip	skipPlayerFullSummary	-	
Java_PaperNativeWaypointManagerSkip_skipPlayerPartialSummary	PaperNativeWaypointManagerSkip	skipPlayerPartialSummary	-	
Java_PaperNativeWaypointManagerSkip_skipWaypointFullSummary	PaperNativeWaypointManagerSkip	skipWaypointFullSummary	-	
Java_PaperNativeWaypointManagerSkip_skipWaypointPartialSummary	PaperNativeWaypointManagerSkip	skipWaypointPartialSummary	-	
Java_PaperNativeWaypointSnapshot_manualSummary	PaperNativeWaypointSnapshot	manualSummary	-	
Java_PaperNativeWaypointSnapshot_sizedArraySummary	PaperNativeWaypointSnapshot	sizedArraySummary	-	
Java_PaperNativeWaypointSnapshot_toArraySummary	PaperNativeWaypointSnapshot	toArraySummary	-	
Java_PaperNativeWaypointTableView_columnSummary	PaperNativeWaypointTableView	columnSummary	-	
Java_PaperNativeWaypointTableView_transposeRowSummary	PaperNativeWaypointTableView	transposeRowSummary	-	
Java_PaperNativeXoroshiroPositionalDirect_directDoubleBatchSummary	PaperNativeXoroshiroPositionalDirect	directDoubleBatchSummary	P500	bench/p500/results/P500_FLOORSANITY_POSTWIPE_REPORT_2026-09-09.md | bench/p500/results/P500_FULLMATRIX_POSTWIPE_RAW_2026-09-09.tsv | bench/p500/results/P500_REPORT.md | bench/p500/results/P500_REPORT_smoke_S7-7.md | bench/p500/results/P500_REPORT_v2.md | bench/p500/results/baseline.tsv | bench/p500/results/p500_expected_summary.tsv | bench/p500/results/p500_raw.tsv | bench/p500/results/p500_raw_fullrun_2026-09-07.tsv | bench/p500/results/p500_raw_fullrun_2026-09-08_s7-14.tsv | bench/p500/results/p500_raw_fullrun_2026-09-08_s7-15.tsv | docs/BATCH_ADOPTION_MATRIX.md
Java_PaperNativeXoroshiroPositionalDirect_directFloatBatchSummary	PaperNativeXoroshiroPositionalDirect	directFloatBatchSummary	P500	bench/p500/results/P500_FLOORSANITY_POSTWIPE_REPORT_2026-09-09.md | bench/p500/results/P500_FULLMATRIX_POSTWIPE_RAW_2026-09-09.tsv | bench/p500/results/P500_REPORT.md | bench/p500/results/P500_REPORT_smoke_S7-7.md | bench/p500/results/P500_REPORT_v2.md | bench/p500/results/baseline.tsv | bench/p500/results/p500_expected_summary.tsv | bench/p500/results/p500_raw.tsv | bench/p500/results/p500_raw_fullrun_2026-09-07.tsv | bench/p500/results/p500_raw_fullrun_2026-09-08_s7-14.tsv | bench/p500/results/p500_raw_fullrun_2026-09-08_s7-15.tsv | docs/BATCH_ADOPTION_MATRIX.md
Java_PaperNativeXoroshiroPositionalDirect_oldDoubleBatchSummary	PaperNativeXoroshiroPositionalDirect	oldDoubleBatchSummary	P500	bench/p500/results/P500_FLOORSANITY_POSTWIPE_REPORT_2026-09-09.md | bench/p500/results/P500_FULLMATRIX_POSTWIPE_RAW_2026-09-09.tsv | bench/p500/results/P500_REPORT.md | bench/p500/results/P500_REPORT_smoke_S7-7.md | bench/p500/results/P500_REPORT_v2.md | bench/p500/results/baseline.tsv | bench/p500/results/p500_expected_summary.tsv | bench/p500/results/p500_raw.tsv | bench/p500/results/p500_raw_fullrun_2026-09-07.tsv | bench/p500/results/p500_raw_fullrun_2026-09-08_s7-14.tsv | bench/p500/results/p500_raw_fullrun_2026-09-08_s7-15.tsv | docs/BATCH_ADOPTION_MATRIX.md
Java_PaperNativeXoroshiroPositionalDirect_oldFloatBatchSummary	PaperNativeXoroshiroPositionalDirect	oldFloatBatchSummary	P500	bench/p500/results/P500_FLOORSANITY_POSTWIPE_REPORT_2026-09-09.md | bench/p500/results/P500_FULLMATRIX_POSTWIPE_RAW_2026-09-09.tsv | bench/p500/results/P500_REPORT.md | bench/p500/results/P500_REPORT_smoke_S7-7.md | bench/p500/results/P500_REPORT_v2.md | bench/p500/results/baseline.tsv | bench/p500/results/p500_expected_summary.tsv | bench/p500/results/p500_raw.tsv | bench/p500/results/p500_raw_fullrun_2026-09-07.tsv | bench/p500/results/p500_raw_fullrun_2026-09-08_s7-14.tsv | bench/p500/results/p500_raw_fullrun_2026-09-08_s7-15.tsv | docs/BATCH_ADOPTION_MATRIX.md
Java_PaperNativeYClampedGradient_currentBatchSummary	PaperNativeYClampedGradient	currentBatchSummary	-	
Java_PaperNativeYClampedGradient_optimizedBatchSummary	PaperNativeYClampedGradient	optimizedBatchSummary	-	
Java_ca_spottedleaf_moonrise_common_misc_PaperNativeAreaMap_nativeSquareOpsBatch	ca_spottedleaf_moonrise_common_misc_PaperNativeAreaMap	nativeSquareOpsBatch	-	docs/AREAMAP_DENSE_APPLY_DESIGN.md | tests/area_map_smoke/README.md | tests/area_map_smoke/java/real_so/ca/spottedleaf/moonrise/common/misc/PaperNativeAreaMap.java
Java_ca_spottedleaf_moonrise_common_misc_PaperNativeAreaMap_nativeUpdateOpsBatch	ca_spottedleaf_moonrise_common_misc_PaperNativeAreaMap	nativeUpdateOpsBatch	-	docs/AREAMAP_DENSE_APPLY_DESIGN.md | tests/area_map_smoke/README.md | tests/area_map_smoke/java/real_so/ca/spottedleaf/moonrise/common/misc/PaperNativeAreaMap.java
Java_net_minecraft_network_protocol_game_PaperNativeChunkPacketEncode_nativeEncodeLightData	net_minecraft_network_protocol_game_PaperNativeChunkPacketEncode	nativeEncodeLightData	-	
Java_net_minecraft_network_protocol_game_PaperNativeChunkPacketEncode_nativeEncodeSectionData	net_minecraft_network_protocol_game_PaperNativeChunkPacketEncode	nativeEncodeSectionData	-	
Java_net_minecraft_network_protocol_game_PaperNativeChunkPacketEncode_nativeEncodeSectionDataSized	net_minecraft_network_protocol_game_PaperNativeChunkPacketEncode	nativeEncodeSectionDataSized	-	
Java_net_minecraft_world_level_biome_PaperNativeClimateRTree_nativeBuildTreeHandle	net_minecraft_world_level_biome_PaperNativeClimateRTree	nativeBuildTreeHandle	-	
Java_net_minecraft_world_level_biome_PaperNativeClimateRTree_nativeChecksumTreeHandle	net_minecraft_world_level_biome_PaperNativeClimateRTree	nativeChecksumTreeHandle	-	
Java_net_minecraft_world_level_biome_PaperNativeClimateRTree_nativeFreeTreeHandle	net_minecraft_world_level_biome_PaperNativeClimateRTree	nativeFreeTreeHandle	-	
Java_net_minecraft_world_level_biome_PaperNativeClimateRTree_nativeSearchBoundedBatchPacked	net_minecraft_world_level_biome_PaperNativeClimateRTree	nativeSearchBoundedBatchPacked	-	
Java_net_minecraft_world_level_biome_PaperNativeClimateRTree_nativeSearchBoundedOnePacked	net_minecraft_world_level_biome_PaperNativeClimateRTree	nativeSearchBoundedOnePacked	-	
Java_net_minecraft_world_level_biome_PaperNativeClimateRTree_nativeSearchCurrentOnePacked	net_minecraft_world_level_biome_PaperNativeClimateRTree	nativeSearchCurrentOnePacked	-	
Java_net_minecraft_world_level_biome_PaperNativeClimate_nodeBestMatchUniqueBatch	net_minecraft_world_level_biome_PaperNativeClimate	nodeBestMatchUniqueBatch	-	
Java_net_minecraft_world_level_levelgen_PaperNativeNoiseChunkWrapCapacity_shapeSummary	net_minecraft_world_level_levelgen_PaperNativeNoiseChunkWrapCapacity	shapeSummary	-	
Java_net_minecraft_world_level_levelgen_synth_PaperNativeImprovedNoise_nativeBuildHandle	net_minecraft_world_level_levelgen_synth_PaperNativeImprovedNoise	nativeBuildHandle	-	bench/lifecycle/net/minecraft/world/level/levelgen/synth/PaperNativeImprovedNoise.java
Java_net_minecraft_world_level_levelgen_synth_PaperNativeImprovedNoise_nativeFill	net_minecraft_world_level_levelgen_synth_PaperNativeImprovedNoise	nativeFill	-	bench/lifecycle/net/minecraft/world/level/levelgen/synth/PaperNativeImprovedNoise.java
Java_net_minecraft_world_level_levelgen_synth_PaperNativeImprovedNoise_nativeFillNoYScale	net_minecraft_world_level_levelgen_synth_PaperNativeImprovedNoise	nativeFillNoYScale	-	bench/lifecycle/net/minecraft/world/level/levelgen/synth/PaperNativeImprovedNoise.java
Java_net_minecraft_world_level_levelgen_synth_PaperNativeImprovedNoise_nativeFreeHandle	net_minecraft_world_level_levelgen_synth_PaperNativeImprovedNoise	nativeFreeHandle	-	bench/lifecycle/net/minecraft/world/level/levelgen/synth/PaperNativeImprovedNoise.java
Java_net_minecraft_world_level_levelgen_synth_PaperNativeImprovedNoise_nativeNoise	net_minecraft_world_level_levelgen_synth_PaperNativeImprovedNoise	nativeNoise	-	bench/lifecycle/net/minecraft/world/level/levelgen/synth/PaperNativeImprovedNoise.java
Java_net_minecraft_world_level_levelgen_synth_PaperNativeImprovedNoise_nativeNoiseNoYScale	net_minecraft_world_level_levelgen_synth_PaperNativeImprovedNoise	nativeNoiseNoYScale	-	bench/lifecycle/net/minecraft/world/level/levelgen/synth/PaperNativeImprovedNoise.java
Java_net_minecraft_world_level_levelgen_synth_PaperNativeNormalNoise_nativeCheck	net_minecraft_world_level_levelgen_synth_PaperNativeNormalNoise	nativeCheck	-	docs/ARCHITECTURE.md
Java_net_minecraft_world_level_levelgen_synth_PaperNativeNormalNoise_nativeFillCell	net_minecraft_world_level_levelgen_synth_PaperNativeNormalNoise	nativeFillCell	-	docs/ARCHITECTURE.md
Java_net_minecraft_world_level_levelgen_synth_PaperNativeNormalNoise_nativeFillPositions	net_minecraft_world_level_levelgen_synth_PaperNativeNormalNoise	nativeFillPositions	-	docs/ARCHITECTURE.md
Java_net_minecraft_world_level_levelgen_synth_PaperNativeNormalNoise_nativeFillScaledPositions	net_minecraft_world_level_levelgen_synth_PaperNativeNormalNoise	nativeFillScaledPositions	-	docs/ARCHITECTURE.md
Java_net_minecraft_world_level_levelgen_synth_PaperNativeNormalNoise_nativeFillShiftA	net_minecraft_world_level_levelgen_synth_PaperNativeNormalNoise	nativeFillShiftA	-	docs/ARCHITECTURE.md
Java_net_minecraft_world_level_levelgen_synth_PaperNativeNormalNoise_nativeFillShiftB	net_minecraft_world_level_levelgen_synth_PaperNativeNormalNoise	nativeFillShiftB	-	docs/ARCHITECTURE.md
Java_net_minecraft_world_level_levelgen_synth_PaperNativeNormalNoise_nativeFillShiftPositions	net_minecraft_world_level_levelgen_synth_PaperNativeNormalNoise	nativeFillShiftPositions	-	docs/ARCHITECTURE.md
Java_net_minecraft_world_level_levelgen_synth_PaperNativeNormalNoise_nativeFillShiftedPositionsInPlace	net_minecraft_world_level_levelgen_synth_PaperNativeNormalNoise	nativeFillShiftedPositionsInPlace	-	docs/ARCHITECTURE.md
Java_net_minecraft_world_level_levelgen_synth_PaperNativeNormalNoise_nativeFillVertical	net_minecraft_world_level_levelgen_synth_PaperNativeNormalNoise	nativeFillVertical	-	docs/ARCHITECTURE.md
Java_net_minecraft_world_level_levelgen_synth_PaperNativeNormalNoise_nativeGetValue	net_minecraft_world_level_levelgen_synth_PaperNativeNormalNoise	nativeGetValue	-	docs/ARCHITECTURE.md
Java_net_minecraft_world_level_levelgen_synth_PaperNativePerlinNoise_nativeBuildHandle	net_minecraft_world_level_levelgen_synth_PaperNativePerlinNoise	nativeBuildHandle	-	
Java_net_minecraft_world_level_levelgen_synth_PaperNativePerlinNoise_nativeFreeHandle	net_minecraft_world_level_levelgen_synth_PaperNativePerlinNoise	nativeFreeHandle	-	
Java_net_minecraft_world_level_levelgen_synth_PaperNativePerlinNoise_nativeGetValue	net_minecraft_world_level_levelgen_synth_PaperNativePerlinNoise	nativeGetValue	-	
Java_net_minecraft_world_level_levelgen_synth_PaperNativePerlinNoise_nativeGetValueNoYScale	net_minecraft_world_level_levelgen_synth_PaperNativePerlinNoise	nativeGetValueNoYScale	-	
