[2026-09-18T20:35:48.547+0000][0.011s][info][gc,init] CardTable entry size: 512
[2026-09-18T20:35:48.547+0000][0.012s][info][gc     ] Using G1
[2026-09-18T20:35:48.551+0000][0.016s][info][gc,init] Version: 21.0.12.1+1-LTS (release)
[2026-09-18T20:35:48.551+0000][0.016s][info][gc,init] CPUs: 4 total, 4 available
[2026-09-18T20:35:48.551+0000][0.016s][info][gc,init] Memory: 15989M
[2026-09-18T20:35:48.551+0000][0.016s][info][gc,init] Large Page Support: Disabled
[2026-09-18T20:35:48.551+0000][0.016s][info][gc,init] NUMA Support: Disabled
[2026-09-18T20:35:48.551+0000][0.016s][info][gc,init] Compressed Oops: Enabled (Zero based)
[2026-09-18T20:35:48.551+0000][0.016s][info][gc,init] Heap Region Size: 8M
[2026-09-18T20:35:48.551+0000][0.016s][info][gc,init] Heap Min Capacity: 4G
[2026-09-18T20:35:48.552+0000][0.016s][info][gc,init] Heap Initial Capacity: 4G
[2026-09-18T20:35:48.552+0000][0.016s][info][gc,init] Heap Max Capacity: 10G
[2026-09-18T20:35:48.552+0000][0.016s][info][gc,init] Pre-touch: Disabled
[2026-09-18T20:35:48.552+0000][0.016s][info][gc,init] Parallel Workers: 4
[2026-09-18T20:35:48.552+0000][0.016s][info][gc,init] Concurrent Workers: 1
[2026-09-18T20:35:48.552+0000][0.016s][info][gc,init] Concurrent Refinement Workers: 4
[2026-09-18T20:35:48.552+0000][0.016s][info][gc,init] Periodic GC: Disabled
[2026-09-18T20:35:48.558+0000][0.023s][info][gc,metaspace] CDS archive(s) mapped at: [0x00007fb45b000000-0x00007fb45bc9c000-0x00007fb45bc9c000), size 13221888, SharedBaseAddress: 0x00007fb45b000000, ArchiveRelocationMode: 1.
[2026-09-18T20:35:48.558+0000][0.023s][info][gc,metaspace] Compressed class space mapped at: 0x00007fb45c000000-0x00007fb49c000000, reserved size: 1073741824
[2026-09-18T20:35:48.558+0000][0.023s][info][gc,metaspace] Narrow klass base: 0x00007fb45b000000, Narrow klass shift: 0, Narrow klass range: 0x100000000
[2026-09-18T20:35:50.070+0000][1.534s][info][gc,start    ] GC(0) Pause Young (Normal) (G1 Evacuation Pause)
[2026-09-18T20:35:50.070+0000][1.534s][info][gc,task     ] GC(0) Using 4 workers of 4 for evacuation
[2026-09-18T20:35:50.073+0000][1.537s][info][gc,phases   ] GC(0)   Pre Evacuate Collection Set: 0.13ms
[2026-09-18T20:35:50.073+0000][1.537s][info][gc,phases   ] GC(0)   Merge Heap Roots: 0.19ms
[2026-09-18T20:35:50.073+0000][1.537s][info][gc,phases   ] GC(0)   Evacuate Collection Set: 1.26ms
[2026-09-18T20:35:50.073+0000][1.537s][info][gc,phases   ] GC(0)   Post Evacuate Collection Set: 0.82ms
[2026-09-18T20:35:50.073+0000][1.537s][info][gc,phases   ] GC(0)   Other: 0.38ms
[2026-09-18T20:35:50.073+0000][1.537s][info][gc,heap     ] GC(0) Eden regions: 25->0(24)
[2026-09-18T20:35:50.073+0000][1.537s][info][gc,heap     ] GC(0) Survivor regions: 0->1(4)
[2026-09-18T20:35:50.073+0000][1.537s][info][gc,heap     ] GC(0) Old regions: 1->1
[2026-09-18T20:35:50.073+0000][1.537s][info][gc,heap     ] GC(0) Humongous regions: 68->0
[2026-09-18T20:35:50.073+0000][1.537s][info][gc,metaspace] GC(0) Metaspace: 2502K(2688K)->2502K(2688K) NonClass: 2273K(2368K)->2273K(2368K) Class: 228K(320K)->228K(320K)
[2026-09-18T20:35:50.073+0000][1.537s][info][gc          ] GC(0) Pause Young (Normal) (G1 Evacuation Pause) 745M->5M(4104M) 2.942ms
[2026-09-18T20:35:50.073+0000][1.537s][info][gc,cpu      ] GC(0) User=0.01s Sys=0.01s Real=0.00s
[2026-09-18T20:35:51.407+0000][2.871s][info][gc,start    ] GC(1) Pause Young (Concurrent Start) (Metadata GC Threshold)
[2026-09-18T20:35:51.407+0000][2.871s][info][gc,task     ] GC(1) Using 4 workers of 4 for evacuation
[2026-09-18T20:35:51.412+0000][2.876s][info][gc,phases   ] GC(1)   Pre Evacuate Collection Set: 0.13ms
[2026-09-18T20:35:51.412+0000][2.876s][info][gc,phases   ] GC(1)   Merge Heap Roots: 0.04ms
[2026-09-18T20:35:51.412+0000][2.876s][info][gc,phases   ] GC(1)   Evacuate Collection Set: 3.97ms
[2026-09-18T20:35:51.412+0000][2.876s][info][gc,phases   ] GC(1)   Post Evacuate Collection Set: 0.47ms
[2026-09-18T20:35:51.412+0000][2.876s][info][gc,phases   ] GC(1)   Other: 0.08ms
[2026-09-18T20:35:51.412+0000][2.876s][info][gc,heap     ] GC(1) Eden regions: 11->0(23)
[2026-09-18T20:35:51.412+0000][2.876s][info][gc,heap     ] GC(1) Survivor regions: 1->2(4)
[2026-09-18T20:35:51.412+0000][2.876s][info][gc,heap     ] GC(1) Old regions: 1->1
[2026-09-18T20:35:51.412+0000][2.876s][info][gc,heap     ] GC(1) Humongous regions: 0->0
[2026-09-18T20:35:51.412+0000][2.876s][info][gc,metaspace] GC(1) Metaspace: 21081K(21504K)->21081K(21504K) NonClass: 18707K(18944K)->18707K(18944K) Class: 2374K(2560K)->2374K(2560K)
[2026-09-18T20:35:51.412+0000][2.876s][info][gc          ] GC(1) Pause Young (Concurrent Start) (Metadata GC Threshold) 92M->13M(4104M) 4.840ms
[2026-09-18T20:35:51.412+0000][2.876s][info][gc,cpu      ] GC(1) User=0.01s Sys=0.00s Real=0.01s
[2026-09-18T20:35:51.412+0000][2.876s][info][gc          ] GC(2) Concurrent Mark Cycle
[2026-09-18T20:35:51.412+0000][2.876s][info][gc,marking  ] GC(2) Concurrent Scan Root Regions
[2026-09-18T20:35:51.416+0000][2.880s][info][gc,marking  ] GC(2) Concurrent Scan Root Regions 3.505ms
[2026-09-18T20:35:51.416+0000][2.880s][info][gc,marking  ] GC(2) Concurrent Mark
[2026-09-18T20:35:51.416+0000][2.880s][info][gc,marking  ] GC(2) Concurrent Mark From Roots
[2026-09-18T20:35:51.416+0000][2.880s][info][gc,task     ] GC(2) Using 1 workers of 1 for marking
[2026-09-18T20:35:51.417+0000][2.882s][info][gc,marking  ] GC(2) Concurrent Mark From Roots 1.904ms
[2026-09-18T20:35:51.417+0000][2.882s][info][gc,marking  ] GC(2) Concurrent Preclean
[2026-09-18T20:35:51.417+0000][2.882s][info][gc,marking  ] GC(2) Concurrent Preclean 0.008ms
[2026-09-18T20:35:51.418+0000][2.882s][info][gc,start    ] GC(2) Pause Remark
[2026-09-18T20:35:51.420+0000][2.884s][info][gc          ] GC(2) Pause Remark 18M->18M(4096M) 2.071ms
[2026-09-18T20:35:51.420+0000][2.884s][info][gc,cpu      ] GC(2) User=0.00s Sys=0.00s Real=0.01s
[2026-09-18T20:35:51.420+0000][2.884s][info][gc,marking  ] GC(2) Concurrent Mark 4.388ms
[2026-09-18T20:35:51.420+0000][2.884s][info][gc,marking  ] GC(2) Concurrent Rebuild Remembered Sets and Scrub Regions
[2026-09-18T20:35:51.420+0000][2.885s][info][gc,marking  ] GC(2) Concurrent Rebuild Remembered Sets and Scrub Regions 0.505ms
[2026-09-18T20:35:51.421+0000][2.885s][info][gc,start    ] GC(2) Pause Cleanup
[2026-09-18T20:35:51.421+0000][2.885s][info][gc          ] GC(2) Pause Cleanup 18M->18M(4096M) 0.077ms
[2026-09-18T20:35:51.421+0000][2.885s][info][gc,cpu      ] GC(2) User=0.00s Sys=0.00s Real=0.00s
[2026-09-18T20:35:51.421+0000][2.885s][info][gc,marking  ] GC(2) Concurrent Clear Claimed Marks
[2026-09-18T20:35:51.421+0000][2.885s][info][gc,marking  ] GC(2) Concurrent Clear Claimed Marks 0.013ms
[2026-09-18T20:35:51.421+0000][2.885s][info][gc,marking  ] GC(2) Concurrent Cleanup for Next Mark
[2026-09-18T20:35:51.431+0000][2.895s][info][gc,marking  ] GC(2) Concurrent Cleanup for Next Mark 10.346ms
[2026-09-18T20:35:51.431+0000][2.895s][info][gc          ] GC(2) Concurrent Mark Cycle 19.130ms
[2026-09-18T20:35:51.724+0000][3.188s][info][gc,start    ] GC(3) Pause Young (Prepare Mixed) (G1 Evacuation Pause)
[2026-09-18T20:35:51.724+0000][3.188s][info][gc,task     ] GC(3) Using 4 workers of 4 for evacuation
[2026-09-18T20:35:51.765+0000][3.230s][info][gc,phases   ] GC(3)   Pre Evacuate Collection Set: 0.13ms
[2026-09-18T20:35:51.765+0000][3.230s][info][gc,phases   ] GC(3)   Merge Heap Roots: 0.06ms
[2026-09-18T20:35:51.765+0000][3.230s][info][gc,phases   ] GC(3)   Evacuate Collection Set: 39.95ms
[2026-09-18T20:35:51.765+0000][3.230s][info][gc,phases   ] GC(3)   Post Evacuate Collection Set: 0.90ms
[2026-09-18T20:35:51.765+0000][3.230s][info][gc,phases   ] GC(3)   Other: 0.04ms
[2026-09-18T20:35:51.765+0000][3.230s][info][gc,heap     ] GC(3) Eden regions: 23->0(21)
[2026-09-18T20:35:51.765+0000][3.230s][info][gc,heap     ] GC(3) Survivor regions: 2->4(4)
[2026-09-18T20:35:51.765+0000][3.230s][info][gc,heap     ] GC(3) Old regions: 1->10
[2026-09-18T20:35:51.765+0000][3.230s][info][gc,heap     ] GC(3) Humongous regions: 0->0
[2026-09-18T20:35:51.765+0000][3.230s][info][gc,metaspace] GC(3) Metaspace: 23350K(23808K)->23350K(23808K) NonClass: 20713K(20928K)->20713K(20928K) Class: 2637K(2880K)->2637K(2880K)
[2026-09-18T20:35:51.765+0000][3.230s][info][gc          ] GC(3) Pause Young (Prepare Mixed) (G1 Evacuation Pause) 197M->100M(4096M) 41.251ms
[2026-09-18T20:35:51.765+0000][3.230s][info][gc,cpu      ] GC(3) User=0.15s Sys=0.01s Real=0.04s
[2026-09-18T20:35:52.696+0000][4.160s][info][gc,start    ] GC(4) Pause Young (Mixed) (G1 Evacuation Pause)
[2026-09-18T20:35:52.696+0000][4.160s][info][gc,task     ] GC(4) Using 4 workers of 4 for evacuation
[2026-09-18T20:35:52.736+0000][4.200s][info][gc,phases   ] GC(4)   Pre Evacuate Collection Set: 0.14ms
[2026-09-18T20:35:52.736+0000][4.200s][info][gc,phases   ] GC(4)   Merge Heap Roots: 0.82ms
[2026-09-18T20:35:52.736+0000][4.200s][info][gc,phases   ] GC(4)   Evacuate Collection Set: 37.79ms
[2026-09-18T20:35:52.736+0000][4.200s][info][gc,phases   ] GC(4)   Post Evacuate Collection Set: 1.34ms
[2026-09-18T20:35:52.736+0000][4.200s][info][gc,phases   ] GC(4)   Other: 0.05ms
[2026-09-18T20:35:52.736+0000][4.200s][info][gc,heap     ] GC(4) Eden regions: 21->0(21)
[2026-09-18T20:35:52.736+0000][4.200s][info][gc,heap     ] GC(4) Survivor regions: 4->4(4)
[2026-09-18T20:35:52.736+0000][4.200s][info][gc,heap     ] GC(4) Old regions: 10->16
[2026-09-18T20:35:52.736+0000][4.200s][info][gc,heap     ] GC(4) Humongous regions: 0->0
[2026-09-18T20:35:52.736+0000][4.200s][info][gc,metaspace] GC(4) Metaspace: 34418K(34880K)->34418K(34880K) NonClass: 30439K(30720K)->30439K(30720K) Class: 3979K(4160K)->3979K(4160K)
[2026-09-18T20:35:52.736+0000][4.200s][info][gc          ] GC(4) Pause Young (Mixed) (G1 Evacuation Pause) 268M->155M(4096M) 40.315ms
[2026-09-18T20:35:52.736+0000][4.200s][info][gc,cpu      ] GC(4) User=0.16s Sys=0.00s Real=0.04s
[2026-09-18T20:35:52.790+0000][4.255s][info][gc,start    ] GC(5) Pause Young (Concurrent Start) (Metadata GC Threshold)
[2026-09-18T20:35:52.790+0000][4.255s][info][gc,task     ] GC(5) Using 4 workers of 4 for evacuation
[2026-09-18T20:35:52.809+0000][4.274s][info][gc,phases   ] GC(5)   Pre Evacuate Collection Set: 0.14ms
[2026-09-18T20:35:52.810+0000][4.274s][info][gc,phases   ] GC(5)   Merge Heap Roots: 0.56ms
[2026-09-18T20:35:52.810+0000][4.274s][info][gc,phases   ] GC(5)   Evacuate Collection Set: 17.98ms
[2026-09-18T20:35:52.810+0000][4.274s][info][gc,phases   ] GC(5)   Post Evacuate Collection Set: 0.38ms
[2026-09-18T20:35:52.810+0000][4.274s][info][gc,phases   ] GC(5)   Other: 0.08ms
[2026-09-18T20:35:52.810+0000][4.274s][info][gc,heap     ] GC(5) Eden regions: 1->0(24)
[2026-09-18T20:35:52.810+0000][4.274s][info][gc,heap     ] GC(5) Survivor regions: 4->1(4)
[2026-09-18T20:35:52.810+0000][4.274s][info][gc,heap     ] GC(5) Old regions: 16->20
[2026-09-18T20:35:52.810+0000][4.274s][info][gc,heap     ] GC(5) Humongous regions: 0->0
[2026-09-18T20:35:52.810+0000][4.274s][info][gc,metaspace] GC(5) Metaspace: 35484K(35968K)->35484K(35968K) NonClass: 31368K(31616K)->31368K(31616K) Class: 4116K(4352K)->4116K(4352K)
[2026-09-18T20:35:52.810+0000][4.274s][info][gc          ] GC(5) Pause Young (Concurrent Start) (Metadata GC Threshold) 159M->165M(4096M) 19.276ms
[2026-09-18T20:35:52.810+0000][4.274s][info][gc,cpu      ] GC(5) User=0.07s Sys=0.00s Real=0.02s
[2026-09-18T20:35:52.810+0000][4.274s][info][gc          ] GC(6) Concurrent Mark Cycle
[2026-09-18T20:35:52.810+0000][4.274s][info][gc,marking  ] GC(6) Concurrent Scan Root Regions
[2026-09-18T20:35:52.847+0000][4.311s][info][gc,marking  ] GC(6) Concurrent Scan Root Regions 37.037ms
[2026-09-18T20:35:52.847+0000][4.311s][info][gc,marking  ] GC(6) Concurrent Mark
[2026-09-18T20:35:52.847+0000][4.311s][info][gc,marking  ] GC(6) Concurrent Mark From Roots
[2026-09-18T20:35:52.847+0000][4.311s][info][gc,task     ] GC(6) Using 1 workers of 1 for marking
[2026-09-18T20:35:52.986+0000][4.450s][info][gc,marking  ] GC(6) Concurrent Mark From Roots 138.817ms
[2026-09-18T20:35:52.986+0000][4.450s][info][gc,marking  ] GC(6) Concurrent Preclean
[2026-09-18T20:35:52.986+0000][4.450s][info][gc,marking  ] GC(6) Concurrent Preclean 0.103ms
[2026-09-18T20:35:52.986+0000][4.450s][info][gc,start    ] GC(6) Pause Remark
[2026-09-18T20:35:52.989+0000][4.453s][info][gc          ] GC(6) Pause Remark 177M->177M(4096M) 2.855ms
[2026-09-18T20:35:52.989+0000][4.453s][info][gc,cpu      ] GC(6) User=0.01s Sys=0.00s Real=0.00s
[2026-09-18T20:35:52.989+0000][4.453s][info][gc,marking  ] GC(6) Concurrent Mark 142.031ms
[2026-09-18T20:35:52.989+0000][4.453s][info][gc,marking  ] GC(6) Concurrent Rebuild Remembered Sets and Scrub Regions
[2026-09-18T20:35:53.063+0000][4.528s][info][gc,marking  ] GC(6) Concurrent Rebuild Remembered Sets and Scrub Regions 74.564ms
[2026-09-18T20:35:53.064+0000][4.528s][info][gc,start    ] GC(6) Pause Cleanup
[2026-09-18T20:35:53.064+0000][4.528s][info][gc          ] GC(6) Pause Cleanup 181M->181M(4096M) 0.111ms
[2026-09-18T20:35:53.064+0000][4.528s][info][gc,cpu      ] GC(6) User=0.01s Sys=0.00s Real=0.00s
[2026-09-18T20:35:53.064+0000][4.528s][info][gc,marking  ] GC(6) Concurrent Clear Claimed Marks
[2026-09-18T20:35:53.064+0000][4.528s][info][gc,marking  ] GC(6) Concurrent Clear Claimed Marks 0.049ms
[2026-09-18T20:35:53.064+0000][4.528s][info][gc,marking  ] GC(6) Concurrent Cleanup for Next Mark
[2026-09-18T20:35:53.068+0000][4.532s][info][gc,marking  ] GC(6) Concurrent Cleanup for Next Mark 3.959ms
[2026-09-18T20:35:53.068+0000][4.532s][info][gc          ] GC(6) Concurrent Mark Cycle 258.122ms
[2026-09-18T20:35:53.900+0000][5.365s][info][gc,start    ] GC(7) Pause Young (Prepare Mixed) (G1 Evacuation Pause)
[2026-09-18T20:35:53.901+0000][5.365s][info][gc,task     ] GC(7) Using 4 workers of 4 for evacuation
[2026-09-18T20:35:53.914+0000][5.378s][info][gc,phases   ] GC(7)   Pre Evacuate Collection Set: 0.13ms
[2026-09-18T20:35:53.914+0000][5.378s][info][gc,phases   ] GC(7)   Merge Heap Roots: 0.06ms
[2026-09-18T20:35:53.914+0000][5.378s][info][gc,phases   ] GC(7)   Evacuate Collection Set: 12.14ms
[2026-09-18T20:35:53.914+0000][5.378s][info][gc,phases   ] GC(7)   Post Evacuate Collection Set: 0.66ms
[2026-09-18T20:35:53.914+0000][5.378s][info][gc,phases   ] GC(7)   Other: 0.05ms
[2026-09-18T20:35:53.914+0000][5.378s][info][gc,heap     ] GC(7) Eden regions: 24->0(22)
[2026-09-18T20:35:53.914+0000][5.378s][info][gc,heap     ] GC(7) Survivor regions: 1->3(4)
[2026-09-18T20:35:53.914+0000][5.378s][info][gc,heap     ] GC(7) Old regions: 20->20
[2026-09-18T20:35:53.914+0000][5.378s][info][gc,heap     ] GC(7) Humongous regions: 0->0
[2026-09-18T20:35:53.914+0000][5.378s][info][gc,metaspace] GC(7) Metaspace: 45405K(45952K)->45405K(45952K) NonClass: 39529K(39872K)->39529K(39872K) Class: 5876K(6080K)->5876K(6080K)
[2026-09-18T20:35:53.914+0000][5.378s][info][gc          ] GC(7) Pause Young (Prepare Mixed) (G1 Evacuation Pause) 357M->180M(4096M) 13.172ms
[2026-09-18T20:35:53.914+0000][5.378s][info][gc,cpu      ] GC(7) User=0.05s Sys=0.00s Real=0.01s
[2026-09-18T20:35:55.228+0000][6.693s][info][gc,start    ] GC(8) Pause Young (Mixed) (Metadata GC Threshold)
[2026-09-18T20:35:55.228+0000][6.693s][info][gc,task     ] GC(8) Using 4 workers of 4 for evacuation
[2026-09-18T20:35:55.253+0000][6.717s][info][gc,phases   ] GC(8)   Pre Evacuate Collection Set: 0.10ms
[2026-09-18T20:35:55.253+0000][6.717s][info][gc,phases   ] GC(8)   Merge Heap Roots: 0.07ms
[2026-09-18T20:35:55.253+0000][6.717s][info][gc,phases   ] GC(8)   Evacuate Collection Set: 23.77ms
[2026-09-18T20:35:55.253+0000][6.717s][info][gc,phases   ] GC(8)   Post Evacuate Collection Set: 0.76ms
[2026-09-18T20:35:55.253+0000][6.717s][info][gc,phases   ] GC(8)   Other: 0.05ms
[2026-09-18T20:35:55.253+0000][6.717s][info][gc,heap     ] GC(8) Eden regions: 21->0(21)
[2026-09-18T20:35:55.253+0000][6.717s][info][gc,heap     ] GC(8) Survivor regions: 3->4(4)
[2026-09-18T20:35:55.253+0000][6.717s][info][gc,heap     ] GC(8) Old regions: 20->22
[2026-09-18T20:35:55.253+0000][6.717s][info][gc,heap     ] GC(8) Humongous regions: 0->0
[2026-09-18T20:35:55.253+0000][6.717s][info][gc,metaspace] GC(8) Metaspace: 63646K(64320K)->63646K(64320K) NonClass: 54039K(54400K)->54039K(54400K) Class: 9607K(9920K)->9607K(9920K)
[2026-09-18T20:35:55.253+0000][6.718s][info][gc          ] GC(8) Pause Young (Mixed) (Metadata GC Threshold) 346M->200M(4096M) 24.930ms
[2026-09-18T20:35:55.253+0000][6.718s][info][gc,cpu      ] GC(8) User=0.10s Sys=0.00s Real=0.03s
[2026-09-18T20:35:55.373+0000][6.838s][info][gc,start    ] GC(9) Pause Young (Concurrent Start) (G1 Evacuation Pause)
[2026-09-18T20:35:55.374+0000][6.838s][info][gc,task     ] GC(9) Using 4 workers of 4 for evacuation
[2026-09-18T20:35:55.415+0000][6.879s][info][gc,phases   ] GC(9)   Pre Evacuate Collection Set: 0.12ms
[2026-09-18T20:35:55.415+0000][6.879s][info][gc,phases   ] GC(9)   Merge Heap Roots: 0.15ms
[2026-09-18T20:35:55.415+0000][6.879s][info][gc,phases   ] GC(9)   Evacuate Collection Set: 40.40ms
[2026-09-18T20:35:55.415+0000][6.879s][info][gc,phases   ] GC(9)   Post Evacuate Collection Set: 0.54ms
[2026-09-18T20:35:55.415+0000][6.879s][info][gc,phases   ] GC(9)   Other: 0.10ms
[2026-09-18T20:35:55.415+0000][6.879s][info][gc,heap     ] GC(9) Eden regions: 21->0(21)
[2026-09-18T20:35:55.415+0000][6.879s][info][gc,heap     ] GC(9) Survivor regions: 4->4(4)
[2026-09-18T20:35:55.415+0000][6.879s][info][gc,heap     ] GC(9) Old regions: 22->29
[2026-09-18T20:35:55.415+0000][6.879s][info][gc,heap     ] GC(9) Humongous regions: 0->0
[2026-09-18T20:35:55.415+0000][6.879s][info][gc,metaspace] GC(9) Metaspace: 63745K(64448K)->63745K(64448K) NonClass: 54118K(54528K)->54118K(54528K) Class: 9626K(9920K)->9626K(9920K)
[2026-09-18T20:35:55.415+0000][6.879s][info][gc          ] GC(9) Pause Young (Concurrent Start) (G1 Evacuation Pause) 368M->260M(4096M) 41.476ms
[2026-09-18T20:35:55.415+0000][6.879s][info][gc          ] GC(10) Concurrent Mark Cycle
[2026-09-18T20:35:55.415+0000][6.879s][info][gc,marking  ] GC(10) Concurrent Scan Root Regions
[2026-09-18T20:35:55.415+0000][6.879s][info][gc,cpu      ] GC(9) User=0.16s Sys=0.00s Real=0.04s
[2026-09-18T20:35:55.465+0000][6.929s][info][gc,marking  ] GC(10) Concurrent Scan Root Regions 49.832ms
[2026-09-18T20:35:55.465+0000][6.929s][info][gc,marking  ] GC(10) Concurrent Mark
[2026-09-18T20:35:55.465+0000][6.929s][info][gc,marking  ] GC(10) Concurrent Mark From Roots
[2026-09-18T20:35:55.465+0000][6.929s][info][gc,task     ] GC(10) Using 1 workers of 1 for marking
[2026-09-18T20:35:55.565+0000][7.029s][info][gc,marking  ] GC(10) Concurrent Mark From Roots 99.832ms
[2026-09-18T20:35:55.565+0000][7.029s][info][gc,marking  ] GC(10) Concurrent Preclean
[2026-09-18T20:35:55.565+0000][7.029s][info][gc,marking  ] GC(10) Concurrent Preclean 0.276ms
[2026-09-18T20:35:55.569+0000][7.034s][info][gc,start    ] GC(10) Pause Remark
[2026-09-18T20:35:55.577+0000][7.041s][info][gc          ] GC(10) Pause Remark 308M->308M(4096M) 7.759ms
[2026-09-18T20:35:55.577+0000][7.041s][info][gc,cpu      ] GC(10) User=0.02s Sys=0.01s Real=0.00s
[2026-09-18T20:35:55.580+0000][7.044s][info][gc,marking  ] GC(10) Concurrent Mark 115.275ms
[2026-09-18T20:35:55.580+0000][7.044s][info][gc,marking  ] GC(10) Concurrent Rebuild Remembered Sets and Scrub Regions
[2026-09-18T20:35:55.645+0000][7.110s][info][gc,marking  ] GC(10) Concurrent Rebuild Remembered Sets and Scrub Regions 65.138ms
[2026-09-18T20:35:55.646+0000][7.111s][info][gc,start    ] GC(10) Pause Cleanup
[2026-09-18T20:35:55.646+0000][7.111s][info][gc          ] GC(10) Pause Cleanup 311M->311M(4096M) 0.141ms
[2026-09-18T20:35:55.646+0000][7.111s][info][gc,cpu      ] GC(10) User=0.00s Sys=0.00s Real=0.00s
[2026-09-18T20:35:55.646+0000][7.111s][info][gc,marking  ] GC(10) Concurrent Clear Claimed Marks
[2026-09-18T20:35:55.647+0000][7.111s][info][gc,marking  ] GC(10) Concurrent Clear Claimed Marks 0.065ms
[2026-09-18T20:35:55.647+0000][7.111s][info][gc,marking  ] GC(10) Concurrent Cleanup for Next Mark
[2026-09-18T20:35:55.650+0000][7.115s][info][gc,marking  ] GC(10) Concurrent Cleanup for Next Mark 3.763ms
[2026-09-18T20:35:55.650+0000][7.115s][info][gc          ] GC(10) Concurrent Mark Cycle 235.313ms
[2026-09-18T20:35:57.479+0000][8.943s][info][gc,start    ] GC(11) Pause Young (Prepare Mixed) (G1 Evacuation Pause)
[2026-09-18T20:35:57.479+0000][8.943s][info][gc,task     ] GC(11) Using 4 workers of 4 for evacuation
[2026-09-18T20:35:57.516+0000][8.980s][info][gc,phases   ] GC(11)   Pre Evacuate Collection Set: 0.12ms
[2026-09-18T20:35:57.516+0000][8.980s][info][gc,phases   ] GC(11)   Merge Heap Roots: 0.20ms
[2026-09-18T20:35:57.516+0000][8.980s][info][gc,phases   ] GC(11)   Evacuate Collection Set: 35.94ms
[2026-09-18T20:35:57.516+0000][8.980s][info][gc,phases   ] GC(11)   Post Evacuate Collection Set: 1.19ms
[2026-09-18T20:35:57.516+0000][8.980s][info][gc,phases   ] GC(11)   Other: 0.06ms
[2026-09-18T20:35:57.516+0000][8.980s][info][gc,heap     ] GC(11) Eden regions: 21->0(21)
[2026-09-18T20:35:57.516+0000][8.980s][info][gc,heap     ] GC(11) Survivor regions: 4->4(4)
[2026-09-18T20:35:57.516+0000][8.980s][info][gc,heap     ] GC(11) Old regions: 29->34
[2026-09-18T20:35:57.516+0000][8.980s][info][gc,heap     ] GC(11) Humongous regions: 0->0
[2026-09-18T20:35:57.516+0000][8.980s][info][gc,metaspace] GC(11) Metaspace: 94747K(95552K)->94747K(95552K) NonClass: 81471K(81920K)->81471K(81920K) Class: 13276K(13632K)->13276K(13632K)
[2026-09-18T20:35:57.516+0000][8.980s][info][gc          ] GC(11) Pause Young (Prepare Mixed) (G1 Evacuation Pause) 428M->298M(4096M) 37.691ms
[2026-09-18T20:35:57.516+0000][8.981s][info][gc,cpu      ] GC(11) User=0.14s Sys=0.01s Real=0.04s
[2026-09-18T20:35:58.010+0000][9.474s][info][gc,start    ] GC(12) Pause Young (Mixed) (G1 Evacuation Pause)
[2026-09-18T20:35:58.010+0000][9.474s][info][gc,task     ] GC(12) Using 4 workers of 4 for evacuation
[2026-09-18T20:35:58.054+0000][9.519s][info][gc,phases   ] GC(12)   Pre Evacuate Collection Set: 0.14ms
[2026-09-18T20:35:58.054+0000][9.519s][info][gc,phases   ] GC(12)   Merge Heap Roots: 0.12ms
[2026-09-18T20:35:58.054+0000][9.519s][info][gc,phases   ] GC(12)   Evacuate Collection Set: 43.49ms
[2026-09-18T20:35:58.054+0000][9.519s][info][gc,phases   ] GC(12)   Post Evacuate Collection Set: 0.76ms
[2026-09-18T20:35:58.054+0000][9.519s][info][gc,phases   ] GC(12)   Other: 0.04ms
[2026-09-18T20:35:58.054+0000][9.519s][info][gc,heap     ] GC(12) Eden regions: 21->0(206)
[2026-09-18T20:35:58.054+0000][9.519s][info][gc,heap     ] GC(12) Survivor regions: 4->4(4)
[2026-09-18T20:35:58.054+0000][9.519s][info][gc,heap     ] GC(12) Old regions: 34->38
[2026-09-18T20:35:58.054+0000][9.519s][info][gc,heap     ] GC(12) Humongous regions: 0->0
[2026-09-18T20:35:58.054+0000][9.519s][info][gc,metaspace] GC(12) Metaspace: 97118K(97920K)->97118K(97920K) NonClass: 83514K(83968K)->83514K(83968K) Class: 13604K(13952K)->13604K(13952K)
[2026-09-18T20:35:58.054+0000][9.519s][info][gc          ] GC(12) Pause Young (Mixed) (G1 Evacuation Pause) 466M->329M(4096M) 44.700ms
[2026-09-18T20:35:58.055+0000][9.519s][info][gc,cpu      ] GC(12) User=0.17s Sys=0.00s Real=0.04s
[2026-09-18T20:36:00.419+0000][11.883s][info][gc,start    ] GC(13) Pause Young (Mixed) (Metadata GC Threshold)
[2026-09-18T20:36:00.419+0000][11.883s][info][gc,task     ] GC(13) Using 4 workers of 4 for evacuation
[2026-09-18T20:36:00.488+0000][11.952s][info][gc,phases   ] GC(13)   Pre Evacuate Collection Set: 0.13ms
[2026-09-18T20:36:00.488+0000][11.952s][info][gc,phases   ] GC(13)   Merge Heap Roots: 0.17ms
[2026-09-18T20:36:00.488+0000][11.952s][info][gc,phases   ] GC(13)   Evacuate Collection Set: 67.60ms
[2026-09-18T20:36:00.488+0000][11.952s][info][gc,phases   ] GC(13)   Post Evacuate Collection Set: 1.30ms
[2026-09-18T20:36:00.488+0000][11.952s][info][gc,phases   ] GC(13)   Other: 0.06ms
[2026-09-18T20:36:00.488+0000][11.952s][info][gc,heap     ] GC(13) Eden regions: 90->0(11)
[2026-09-18T20:36:00.488+0000][11.952s][info][gc,heap     ] GC(13) Survivor regions: 4->14(30)
[2026-09-18T20:36:00.488+0000][11.952s][info][gc,heap     ] GC(13) Old regions: 38->36
[2026-09-18T20:36:00.488+0000][11.952s][info][gc,heap     ] GC(13) Humongous regions: 0->0
[2026-09-18T20:36:00.488+0000][11.952s][info][gc,metaspace] GC(13) Metaspace: 109803K(110720K)->109803K(110720K) NonClass: 94027K(94528K)->94027K(94528K) Class: 15775K(16192K)->15775K(16192K)
[2026-09-18T20:36:00.488+0000][11.953s][info][gc          ] GC(13) Pause Young (Mixed) (Metadata GC Threshold) 1047M->398M(4096M) 69.427ms
[2026-09-18T20:36:00.488+0000][11.953s][info][gc,cpu      ] GC(13) User=0.27s Sys=0.00s Real=0.07s
[2026-09-18T20:36:00.517+0000][11.981s][info][gc,start    ] GC(14) Pause Young (Concurrent Start) (Metadata GC Threshold)
[2026-09-18T20:36:00.517+0000][11.981s][info][gc,task     ] GC(14) Using 4 workers of 4 for evacuation
[2026-09-18T20:36:00.574+0000][12.038s][info][gc,phases   ] GC(14)   Pre Evacuate Collection Set: 0.14ms
[2026-09-18T20:36:00.574+0000][12.038s][info][gc,phases   ] GC(14)   Merge Heap Roots: 0.12ms
[2026-09-18T20:36:00.574+0000][12.038s][info][gc,phases   ] GC(14)   Evacuate Collection Set: 55.76ms
[2026-09-18T20:36:00.574+0000][12.038s][info][gc,phases   ] GC(14)   Post Evacuate Collection Set: 0.68ms
[2026-09-18T20:36:00.574+0000][12.038s][info][gc,phases   ] GC(14)   Other: 0.09ms
[2026-09-18T20:36:00.574+0000][12.038s][info][gc,heap     ] GC(14) Eden regions: 1->0(23)
[2026-09-18T20:36:00.574+0000][12.038s][info][gc,heap     ] GC(14) Survivor regions: 14->2(4)
[2026-09-18T20:36:00.574+0000][12.038s][info][gc,heap     ] GC(14) Old regions: 36->50
[2026-09-18T20:36:00.574+0000][12.038s][info][gc,heap     ] GC(14) Humongous regions: 0->0
[2026-09-18T20:36:00.574+0000][12.038s][info][gc,metaspace] GC(14) Metaspace: 110134K(111040K)->110134K(111040K) NonClass: 94299K(94848K)->94299K(94848K) Class: 15835K(16192K)->15835K(16192K)
[2026-09-18T20:36:00.574+0000][12.038s][info][gc          ] GC(14) Pause Young (Concurrent Start) (Metadata GC Threshold) 402M->410M(4096M) 56.932ms
[2026-09-18T20:36:00.574+0000][12.038s][info][gc,cpu      ] GC(14) User=0.22s Sys=0.00s Real=0.06s
[2026-09-18T20:36:00.574+0000][12.038s][info][gc          ] GC(15) Concurrent Mark Cycle
[2026-09-18T20:36:00.574+0000][12.038s][info][gc,marking  ] GC(15) Concurrent Scan Root Regions
[2026-09-18T20:36:00.638+0000][12.103s][info][gc,marking  ] GC(15) Concurrent Scan Root Regions 64.433ms
[2026-09-18T20:36:00.638+0000][12.103s][info][gc,marking  ] GC(15) Concurrent Mark
[2026-09-18T20:36:00.638+0000][12.103s][info][gc,marking  ] GC(15) Concurrent Mark From Roots
[2026-09-18T20:36:00.638+0000][12.103s][info][gc,task     ] GC(15) Using 1 workers of 1 for marking
[2026-09-18T20:36:00.893+0000][12.358s][info][gc,marking  ] GC(15) Concurrent Mark From Roots 255.048ms
[2026-09-18T20:36:00.894+0000][12.358s][info][gc,marking  ] GC(15) Concurrent Preclean
[2026-09-18T20:36:00.894+0000][12.358s][info][gc,marking  ] GC(15) Concurrent Preclean 0.478ms
[2026-09-18T20:36:00.896+0000][12.360s][info][gc,start    ] GC(15) Pause Remark
[2026-09-18T20:36:00.905+0000][12.369s][info][gc          ] GC(15) Pause Remark 455M->455M(4096M) 9.548ms
[2026-09-18T20:36:00.905+0000][12.369s][info][gc,cpu      ] GC(15) User=0.03s Sys=0.00s Real=0.01s
[2026-09-18T20:36:00.906+0000][12.371s][info][gc,marking  ] GC(15) Concurrent Mark 267.806ms
[2026-09-18T20:36:00.906+0000][12.371s][info][gc,marking  ] GC(15) Concurrent Rebuild Remembered Sets and Scrub Regions
[2026-09-18T20:36:01.198+0000][12.662s][info][gc,marking  ] GC(15) Concurrent Rebuild Remembered Sets and Scrub Regions 291.916ms
[2026-09-18T20:36:01.199+0000][12.664s][info][gc,start    ] GC(15) Pause Cleanup
[2026-09-18T20:36:01.200+0000][12.664s][info][gc          ] GC(15) Pause Cleanup 554M->554M(4096M) 0.166ms
[2026-09-18T20:36:01.200+0000][12.664s][info][gc,cpu      ] GC(15) User=0.00s Sys=0.00s Real=0.00s
[2026-09-18T20:36:01.200+0000][12.664s][info][gc,marking  ] GC(15) Concurrent Clear Claimed Marks
[2026-09-18T20:36:01.200+0000][12.664s][info][gc,marking  ] GC(15) Concurrent Clear Claimed Marks 0.116ms
[2026-09-18T20:36:01.200+0000][12.664s][info][gc,marking  ] GC(15) Concurrent Cleanup for Next Mark
[2026-09-18T20:36:01.209+0000][12.673s][info][gc,marking  ] GC(15) Concurrent Cleanup for Next Mark 8.775ms
[2026-09-18T20:36:01.209+0000][12.673s][info][gc          ] GC(15) Concurrent Mark Cycle 634.598ms
[2026-09-18T20:36:02.006+0000][13.470s][info][gc,start    ] GC(16) Pause Young (Prepare Mixed) (G1 Evacuation Pause)
[2026-09-18T20:36:02.006+0000][13.470s][info][gc,task     ] GC(16) Using 4 workers of 4 for evacuation
[2026-09-18T20:36:02.017+0000][13.481s][info][gc,phases   ] GC(16)   Pre Evacuate Collection Set: 0.12ms
[2026-09-18T20:36:02.017+0000][13.481s][info][gc,phases   ] GC(16)   Merge Heap Roots: 0.10ms
[2026-09-18T20:36:02.017+0000][13.481s][info][gc,phases   ] GC(16)   Evacuate Collection Set: 9.49ms
[2026-09-18T20:36:02.017+0000][13.481s][info][gc,phases   ] GC(16)   Post Evacuate Collection Set: 0.80ms
[2026-09-18T20:36:02.017+0000][13.481s][info][gc,phases   ] GC(16)   Other: 0.05ms
[2026-09-18T20:36:02.017+0000][13.481s][info][gc,heap     ] GC(16) Eden regions: 41->0(184)
[2026-09-18T20:36:02.017+0000][13.481s][info][gc,heap     ] GC(16) Survivor regions: 2->3(6)
[2026-09-18T20:36:02.017+0000][13.481s][info][gc,heap     ] GC(16) Old regions: 50->50
[2026-09-18T20:36:02.017+0000][13.481s][info][gc,heap     ] GC(16) Humongous regions: 0->0
[2026-09-18T20:36:02.017+0000][13.481s][info][gc,metaspace] GC(16) Metaspace: 119891K(120896K)->119891K(120896K) NonClass: 102638K(103232K)->102638K(103232K) Class: 17252K(17664K)->17252K(17664K)
[2026-09-18T20:36:02.017+0000][13.481s][info][gc          ] GC(16) Pause Young (Prepare Mixed) (G1 Evacuation Pause) 738M->411M(4096M) 10.697ms
[2026-09-18T20:36:02.017+0000][13.481s][info][gc,cpu      ] GC(16) User=0.04s Sys=0.00s Real=0.01s
[2026-09-18T20:36:10.993+0000][22.458s][info][gc,start    ] GC(17) Pause Young (Mixed) (G1 Evacuation Pause)
[2026-09-18T20:36:10.993+0000][22.458s][info][gc,task     ] GC(17) Using 4 workers of 4 for evacuation
[2026-09-18T20:36:11.053+0000][22.517s][info][gc,phases   ] GC(17)   Pre Evacuate Collection Set: 0.16ms
[2026-09-18T20:36:11.053+0000][22.517s][info][gc,phases   ] GC(17)   Merge Heap Roots: 0.20ms
[2026-09-18T20:36:11.053+0000][22.517s][info][gc,phases   ] GC(17)   Evacuate Collection Set: 57.56ms
[2026-09-18T20:36:11.053+0000][22.517s][info][gc,phases   ] GC(17)   Post Evacuate Collection Set: 1.35ms
[2026-09-18T20:36:11.053+0000][22.517s][info][gc,phases   ] GC(17)   Other: 0.13ms
[2026-09-18T20:36:11.053+0000][22.517s][info][gc,heap     ] GC(17) Eden regions: 192->0(7)
[2026-09-18T20:36:11.053+0000][22.517s][info][gc,heap     ] GC(17) Survivor regions: 3->18(25)
[2026-09-18T20:36:11.053+0000][22.517s][info][gc,heap     ] GC(17) Old regions: 50->48
[2026-09-18T20:36:11.053+0000][22.517s][info][gc,heap     ] GC(17) Humongous regions: 0->0
[2026-09-18T20:36:11.053+0000][22.517s][info][gc,metaspace] GC(17) Metaspace: 150659K(151872K)->150659K(151872K) NonClass: 126148K(126848K)->126148K(126848K) Class: 24511K(25024K)->24511K(25024K)
[2026-09-18T20:36:11.053+0000][22.517s][info][gc          ] GC(17) Pause Young (Mixed) (G1 Evacuation Pause) 1947M->516M(4096M) 59.549ms
[2026-09-18T20:36:11.053+0000][22.517s][info][gc,cpu      ] GC(17) User=0.22s Sys=0.01s Real=0.06s
[2026-09-18T20:36:11.132+0000][22.596s][info][gc,start    ] GC(18) Pause Young (Normal) (G1 Evacuation Pause)
[2026-09-18T20:36:11.132+0000][22.597s][info][gc,task     ] GC(18) Using 4 workers of 4 for evacuation
[2026-09-18T20:36:11.177+0000][22.641s][info][gc,phases   ] GC(18)   Pre Evacuate Collection Set: 0.15ms
[2026-09-18T20:36:11.177+0000][22.642s][info][gc,phases   ] GC(18)   Merge Heap Roots: 0.17ms
[2026-09-18T20:36:11.177+0000][22.642s][info][gc,phases   ] GC(18)   Evacuate Collection Set: 43.72ms
[2026-09-18T20:36:11.177+0000][22.642s][info][gc,phases   ] GC(18)   Post Evacuate Collection Set: 0.87ms
[2026-09-18T20:36:11.177+0000][22.642s][info][gc,phases   ] GC(18)   Other: 0.05ms
[2026-09-18T20:36:11.177+0000][22.642s][info][gc,heap     ] GC(18) Eden regions: 7->0(74)
[2026-09-18T20:36:11.177+0000][22.642s][info][gc,heap     ] GC(18) Survivor regions: 18->2(4)
[2026-09-18T20:36:11.177+0000][22.642s][info][gc,heap     ] GC(18) Old regions: 48->65
[2026-09-18T20:36:11.177+0000][22.642s][info][gc,heap     ] GC(18) Humongous regions: 0->0
[2026-09-18T20:36:11.177+0000][22.642s][info][gc,metaspace] GC(18) Metaspace: 150659K(151872K)->150659K(151872K) NonClass: 126148K(126848K)->126148K(126848K) Class: 24511K(25024K)->24511K(25024K)
[2026-09-18T20:36:11.177+0000][22.642s][info][gc          ] GC(18) Pause Young (Normal) (G1 Evacuation Pause) 572M->535M(4096M) 45.115ms
[2026-09-18T20:36:11.177+0000][22.642s][info][gc,cpu      ] GC(18) User=0.17s Sys=0.00s Real=0.04s
[2026-09-18T20:36:12.632+0000][24.096s][info][gc,start    ] GC(19) Pause Young (Normal) (GCLocker Initiated GC)
[2026-09-18T20:36:12.632+0000][24.096s][info][gc,task     ] GC(19) Using 4 workers of 4 for evacuation
[2026-09-18T20:36:12.667+0000][24.131s][info][gc,phases   ] GC(19)   Pre Evacuate Collection Set: 0.13ms
[2026-09-18T20:36:12.667+0000][24.131s][info][gc,phases   ] GC(19)   Merge Heap Roots: 0.09ms
[2026-09-18T20:36:12.667+0000][24.131s][info][gc,phases   ] GC(19)   Evacuate Collection Set: 34.71ms
[2026-09-18T20:36:12.667+0000][24.131s][info][gc,phases   ] GC(19)   Post Evacuate Collection Set: 0.63ms
[2026-09-18T20:36:12.667+0000][24.131s][info][gc,phases   ] GC(19)   Other: 0.06ms
[2026-09-18T20:36:12.667+0000][24.132s][info][gc,heap     ] GC(19) Eden regions: 87->0(13)
[2026-09-18T20:36:12.667+0000][24.132s][info][gc,heap     ] GC(19) Survivor regions: 2->12(12)
[2026-09-18T20:36:12.667+0000][24.132s][info][gc,heap     ] GC(19) Old regions: 65->69
[2026-09-18T20:36:12.667+0000][24.132s][info][gc,heap     ] GC(19) Humongous regions: 0->0
[2026-09-18T20:36:12.667+0000][24.132s][info][gc,metaspace] GC(19) Metaspace: 151371K(152640K)->151371K(152640K) NonClass: 126753K(127488K)->126753K(127488K) Class: 24618K(25152K)->24618K(25152K)
[2026-09-18T20:36:12.667+0000][24.132s][info][gc          ] GC(19) Pause Young (Normal) (GCLocker Initiated GC) 1231M->648M(4096M) 35.794ms
[2026-09-18T20:36:12.667+0000][24.132s][info][gc,cpu      ] GC(19) User=0.14s Sys=0.00s Real=0.03s
[2026-09-18T20:36:12.979+0000][24.443s][info][gc,start    ] GC(20) Pause Young (Normal) (G1 Evacuation Pause)
[2026-09-18T20:36:12.979+0000][24.443s][info][gc,task     ] GC(20) Using 4 workers of 4 for evacuation
[2026-09-18T20:36:13.016+0000][24.480s][info][gc,phases   ] GC(20)   Pre Evacuate Collection Set: 0.14ms
[2026-09-18T20:36:13.016+0000][24.480s][info][gc,phases   ] GC(20)   Merge Heap Roots: 0.12ms
[2026-09-18T20:36:13.016+0000][24.480s][info][gc,phases   ] GC(20)   Evacuate Collection Set: 36.45ms
[2026-09-18T20:36:13.016+0000][24.480s][info][gc,phases   ] GC(20)   Post Evacuate Collection Set: 0.55ms
[2026-09-18T20:36:13.016+0000][24.480s][info][gc,phases   ] GC(20)   Other: 0.06ms
[2026-09-18T20:36:13.016+0000][24.480s][info][gc,heap     ] GC(20) Eden regions: 19->0(74)
[2026-09-18T20:36:13.016+0000][24.480s][info][gc,heap     ] GC(20) Survivor regions: 12->4(4)
[2026-09-18T20:36:13.016+0000][24.480s][info][gc,heap     ] GC(20) Old regions: 69->82
[2026-09-18T20:36:13.016+0000][24.480s][info][gc,heap     ] GC(20) Humongous regions: 0->0
[2026-09-18T20:36:13.016+0000][24.480s][info][gc,metaspace] GC(20) Metaspace: 151563K(152832K)->151563K(152832K) NonClass: 126919K(127680K)->126919K(127680K) Class: 24643K(25152K)->24643K(25152K)
[2026-09-18T20:36:13.016+0000][24.480s][info][gc          ] GC(20) Pause Young (Normal) (G1 Evacuation Pause) 800M->687M(4096M) 37.525ms
[2026-09-18T20:36:13.016+0000][24.480s][info][gc,cpu      ] GC(20) User=0.13s Sys=0.01s Real=0.04s
[2026-09-18T20:36:14.142+0000][25.606s][info][gc,start    ] GC(21) Pause Young (Concurrent Start) (CodeCache GC Threshold)
[2026-09-18T20:36:14.142+0000][25.606s][info][gc,task     ] GC(21) Using 4 workers of 4 for evacuation
[2026-09-18T20:36:14.172+0000][25.637s][info][gc,phases   ] GC(21)   Pre Evacuate Collection Set: 1.55ms
[2026-09-18T20:36:14.172+0000][25.637s][info][gc,phases   ] GC(21)   Merge Heap Roots: 0.10ms
[2026-09-18T20:36:14.172+0000][25.637s][info][gc,phases   ] GC(21)   Evacuate Collection Set: 27.68ms
[2026-09-18T20:36:14.172+0000][25.637s][info][gc,phases   ] GC(21)   Post Evacuate Collection Set: 0.73ms
[2026-09-18T20:36:14.172+0000][25.637s][info][gc,phases   ] GC(21)   Other: 0.11ms
[2026-09-18T20:36:14.172+0000][25.637s][info][gc,heap     ] GC(21) Eden regions: 52->0(62)
[2026-09-18T20:36:14.172+0000][25.637s][info][gc,heap     ] GC(21) Survivor regions: 4->10(11)
[2026-09-18T20:36:14.172+0000][25.637s][info][gc,heap     ] GC(21) Old regions: 82->82
[2026-09-18T20:36:14.172+0000][25.637s][info][gc,heap     ] GC(21) Humongous regions: 0->0
[2026-09-18T20:36:14.172+0000][25.637s][info][gc,metaspace] GC(21) Metaspace: 152523K(153920K)->152523K(153920K) NonClass: 127719K(128576K)->127719K(128576K) Class: 24804K(25344K)->24804K(25344K)
[2026-09-18T20:36:14.172+0000][25.637s][info][gc          ] GC(21) Pause Young (Concurrent Start) (CodeCache GC Threshold) 1103M->731M(4096M) 30.386ms
[2026-09-18T20:36:14.173+0000][25.637s][info][gc          ] GC(22) Concurrent Mark Cycle
[2026-09-18T20:36:14.173+0000][25.637s][info][gc,marking  ] GC(22) Concurrent Scan Root Regions
[2026-09-18T20:36:14.173+0000][25.637s][info][gc,cpu      ] GC(21) User=0.12s Sys=0.00s Real=0.03s
[2026-09-18T20:36:14.217+0000][25.681s][info][gc,marking  ] GC(22) Concurrent Scan Root Regions 44.548ms
[2026-09-18T20:36:14.217+0000][25.681s][info][gc,marking  ] GC(22) Concurrent Mark
[2026-09-18T20:36:14.217+0000][25.681s][info][gc,marking  ] GC(22) Concurrent Mark From Roots
[2026-09-18T20:36:14.217+0000][25.681s][info][gc,task     ] GC(22) Using 1 workers of 1 for marking
[2026-09-18T20:36:15.018+0000][26.482s][info][gc,marking  ] GC(22) Concurrent Mark From Roots 800.869ms
[2026-09-18T20:36:15.018+0000][26.482s][info][gc,marking  ] GC(22) Concurrent Preclean
[2026-09-18T20:36:15.019+0000][26.483s][info][gc,marking  ] GC(22) Concurrent Preclean 0.818ms
[2026-09-18T20:36:15.019+0000][26.483s][info][gc,start    ] GC(22) Pause Remark
[2026-09-18T20:36:15.043+0000][26.507s][info][gc          ] GC(22) Pause Remark 1036M->972M(4096M) 23.797ms
[2026-09-18T20:36:15.043+0000][26.507s][info][gc,cpu      ] GC(22) User=0.07s Sys=0.00s Real=0.03s
[2026-09-18T20:36:15.043+0000][26.507s][info][gc,marking  ] GC(22) Concurrent Mark 825.886ms
[2026-09-18T20:36:15.043+0000][26.507s][info][gc,marking  ] GC(22) Concurrent Rebuild Remembered Sets and Scrub Regions
[2026-09-18T20:36:15.354+0000][26.818s][info][gc,marking  ] GC(22) Concurrent Rebuild Remembered Sets and Scrub Regions 310.828ms
[2026-09-18T20:36:15.354+0000][26.818s][info][gc,start    ] GC(22) Pause Cleanup
[2026-09-18T20:36:15.354+0000][26.819s][info][gc          ] GC(22) Pause Cleanup 1051M->1051M(4096M) 0.198ms
[2026-09-18T20:36:15.354+0000][26.819s][info][gc,cpu      ] GC(22) User=0.00s Sys=0.00s Real=0.00s
[2026-09-18T20:36:15.354+0000][26.819s][info][gc,marking  ] GC(22) Concurrent Clear Claimed Marks
[2026-09-18T20:36:15.354+0000][26.819s][info][gc,marking  ] GC(22) Concurrent Clear Claimed Marks 0.158ms
[2026-09-18T20:36:15.354+0000][26.819s][info][gc,marking  ] GC(22) Concurrent Cleanup for Next Mark
[2026-09-18T20:36:15.358+0000][26.823s][info][gc,marking  ] GC(22) Concurrent Cleanup for Next Mark 3.819ms
[2026-09-18T20:36:15.358+0000][26.823s][info][gc          ] GC(22) Concurrent Mark Cycle 1185.828ms
[2026-09-18T20:36:15.669+0000][27.133s][info][gc,start    ] GC(23) Pause Young (Prepare Mixed) (G1 Evacuation Pause)
[2026-09-18T20:36:15.669+0000][27.133s][info][gc,task     ] GC(23) Using 4 workers of 4 for evacuation
[2026-09-18T20:36:15.701+0000][27.165s][info][gc,phases   ] GC(23)   Pre Evacuate Collection Set: 0.10ms
[2026-09-18T20:36:15.701+0000][27.165s][info][gc,phases   ] GC(23)   Merge Heap Roots: 0.26ms
[2026-09-18T20:36:15.701+0000][27.165s][info][gc,phases   ] GC(23)   Evacuate Collection Set: 30.56ms
[2026-09-18T20:36:15.701+0000][27.165s][info][gc,phases   ] GC(23)   Post Evacuate Collection Set: 0.74ms
[2026-09-18T20:36:15.701+0000][27.165s][info][gc,phases   ] GC(23)   Other: 0.05ms
[2026-09-18T20:36:15.701+0000][27.165s][info][gc,heap     ] GC(23) Eden regions: 66->0(255)
[2026-09-18T20:36:15.701+0000][27.165s][info][gc,heap     ] GC(23) Survivor regions: 10->7(10)
[2026-09-18T20:36:15.701+0000][27.165s][info][gc,heap     ] GC(23) Old regions: 74->84
[2026-09-18T20:36:15.701+0000][27.165s][info][gc,heap     ] GC(23) Humongous regions: 0->0
[2026-09-18T20:36:15.701+0000][27.165s][info][gc,metaspace] GC(23) Metaspace: 152658K(154048K)->152658K(154048K) NonClass: 127836K(128640K)->127836K(128640K) Class: 24821K(25408K)->24821K(25408K)
[2026-09-18T20:36:15.701+0000][27.165s][info][gc          ] GC(23) Pause Young (Prepare Mixed) (G1 Evacuation Pause) 1195M->716M(4096M) 31.870ms
[2026-09-18T20:36:15.701+0000][27.165s][info][gc,cpu      ] GC(23) User=0.12s Sys=0.00s Real=0.04s
[2026-09-18T20:36:20.369+0000][31.834s][info][gc,start    ] GC(24) Pause Young (Mixed) (G1 Evacuation Pause)
[2026-09-18T20:36:20.369+0000][31.834s][info][gc,task     ] GC(24) Using 4 workers of 4 for evacuation
[2026-09-18T20:36:20.423+0000][31.888s][info][gc,phases   ] GC(24)   Pre Evacuate Collection Set: 0.18ms
[2026-09-18T20:36:20.423+0000][31.888s][info][gc,phases   ] GC(24)   Merge Heap Roots: 0.12ms
[2026-09-18T20:36:20.423+0000][31.888s][info][gc,phases   ] GC(24)   Evacuate Collection Set: 52.84ms
[2026-09-18T20:36:20.423+0000][31.888s][info][gc,phases   ] GC(24)   Post Evacuate Collection Set: 0.89ms
[2026-09-18T20:36:20.423+0000][31.888s][info][gc,phases   ] GC(24)   Other: 0.09ms
[2026-09-18T20:36:20.423+0000][31.888s][info][gc,heap     ] GC(24) Eden regions: 270->0(42)
[2026-09-18T20:36:20.423+0000][31.888s][info][gc,heap     ] GC(24) Survivor regions: 7->26(35)
[2026-09-18T20:36:20.423+0000][31.888s][info][gc,heap     ] GC(24) Old regions: 84->80
[2026-09-18T20:36:20.423+0000][31.888s][info][gc,heap     ] GC(24) Humongous regions: 0->0
[2026-09-18T20:36:20.424+0000][31.888s][info][gc,metaspace] GC(24) Metaspace: 153325K(154752K)->153325K(154752K) NonClass: 128404K(129216K)->128404K(129216K) Class: 24920K(25536K)->24920K(25536K)
[2026-09-18T20:36:20.424+0000][31.888s][info][gc          ] GC(24) Pause Young (Mixed) (G1 Evacuation Pause) 2876M->843M(4096M) 54.274ms
[2026-09-18T20:36:20.424+0000][31.888s][info][gc,cpu      ] GC(24) User=0.19s Sys=0.02s Real=0.05s
[2026-09-18T20:36:21.140+0000][32.604s][info][gc,start    ] GC(25) Pause Young (Concurrent Start) (G1 Evacuation Pause)
[2026-09-18T20:36:21.140+0000][32.604s][info][gc,task     ] GC(25) Using 4 workers of 4 for evacuation
[2026-09-18T20:36:21.194+0000][32.658s][info][gc,phases   ] GC(25)   Pre Evacuate Collection Set: 0.18ms
[2026-09-18T20:36:21.194+0000][32.658s][info][gc,phases   ] GC(25)   Merge Heap Roots: 0.10ms
[2026-09-18T20:36:21.194+0000][32.658s][info][gc,phases   ] GC(25)   Evacuate Collection Set: 52.59ms
[2026-09-18T20:36:21.194+0000][32.658s][info][gc,phases   ] GC(25)   Post Evacuate Collection Set: 0.68ms
[2026-09-18T20:36:21.194+0000][32.658s][info][gc,phases   ] GC(25)   Other: 0.11ms
[2026-09-18T20:36:21.194+0000][32.658s][info][gc,heap     ] GC(25) Eden regions: 51->0(175)
[2026-09-18T20:36:21.194+0000][32.658s][info][gc,heap     ] GC(25) Survivor regions: 26->5(10)
[2026-09-18T20:36:21.194+0000][32.658s][info][gc,heap     ] GC(25) Old regions: 80->105
[2026-09-18T20:36:21.194+0000][32.658s][info][gc,heap     ] GC(25) Humongous regions: 0->0
[2026-09-18T20:36:21.194+0000][32.658s][info][gc,metaspace] GC(25) Metaspace: 153411K(154816K)->153411K(154816K) NonClass: 128484K(129280K)->128484K(129280K) Class: 24926K(25536K)->24926K(25536K)
[2026-09-18T20:36:21.194+0000][32.658s][info][gc          ] GC(25) Pause Young (Concurrent Start) (G1 Evacuation Pause) 1251M->880M(4096M) 53.809ms
[2026-09-18T20:36:21.194+0000][32.658s][info][gc,cpu      ] GC(25) User=0.20s Sys=0.02s Real=0.05s
[2026-09-18T20:36:21.194+0000][32.658s][info][gc          ] GC(26) Concurrent Mark Cycle
[2026-09-18T20:36:21.194+0000][32.658s][info][gc,marking  ] GC(26) Concurrent Scan Root Regions
[2026-09-18T20:36:21.336+0000][32.800s][info][gc,marking  ] GC(26) Concurrent Scan Root Regions 141.573ms
[2026-09-18T20:36:21.336+0000][32.800s][info][gc,marking  ] GC(26) Concurrent Mark
[2026-09-18T20:36:21.336+0000][32.800s][info][gc,marking  ] GC(26) Concurrent Mark From Roots
[2026-09-18T20:36:21.336+0000][32.800s][info][gc,task     ] GC(26) Using 1 workers of 1 for marking
[2026-09-18T20:36:21.980+0000][33.444s][info][gc,marking  ] GC(26) Concurrent Mark From Roots 644.338ms
[2026-09-18T20:36:21.980+0000][33.444s][info][gc,marking  ] GC(26) Concurrent Preclean
[2026-09-18T20:36:21.981+0000][33.445s][info][gc,marking  ] GC(26) Concurrent Preclean 0.892ms
[2026-09-18T20:36:21.981+0000][33.445s][info][gc,start    ] GC(26) Pause Remark
[2026-09-18T20:36:21.999+0000][33.463s][info][gc          ] GC(26) Pause Remark 1152M->1152M(4096M) 18.002ms
[2026-09-18T20:36:21.999+0000][33.463s][info][gc,cpu      ] GC(26) User=0.04s Sys=0.00s Real=0.01s
[2026-09-18T20:36:21.999+0000][33.464s][info][gc,marking  ] GC(26) Concurrent Mark 663.681ms
[2026-09-18T20:36:21.999+0000][33.464s][info][gc,marking  ] GC(26) Concurrent Rebuild Remembered Sets and Scrub Regions
[2026-09-18T20:36:22.391+0000][33.855s][info][gc,marking  ] GC(26) Concurrent Rebuild Remembered Sets and Scrub Regions 391.306ms
[2026-09-18T20:36:22.391+0000][33.855s][info][gc,start    ] GC(26) Pause Cleanup
[2026-09-18T20:36:22.391+0000][33.855s][info][gc          ] GC(26) Pause Cleanup 1344M->1344M(4096M) 0.151ms
[2026-09-18T20:36:22.391+0000][33.855s][info][gc,cpu      ] GC(26) User=0.00s Sys=0.00s Real=0.00s
[2026-09-18T20:36:22.391+0000][33.855s][info][gc,marking  ] GC(26) Concurrent Clear Claimed Marks
[2026-09-18T20:36:22.391+0000][33.856s][info][gc,marking  ] GC(26) Concurrent Clear Claimed Marks 0.181ms
[2026-09-18T20:36:22.391+0000][33.856s][info][gc,marking  ] GC(26) Concurrent Cleanup for Next Mark
[2026-09-18T20:36:22.395+0000][33.859s][info][gc,marking  ] GC(26) Concurrent Cleanup for Next Mark 3.533ms
[2026-09-18T20:36:22.395+0000][33.859s][info][gc          ] GC(26) Concurrent Mark Cycle 1200.862ms
[2026-09-18T20:36:24.161+0000][35.625s][info][gc,start    ] GC(27) Pause Young (Prepare Mixed) (G1 Evacuation Pause)
[2026-09-18T20:36:24.161+0000][35.625s][info][gc,task     ] GC(27) Using 4 workers of 4 for evacuation
[2026-09-18T20:36:24.198+0000][35.662s][info][gc,phases   ] GC(27)   Pre Evacuate Collection Set: 0.28ms
[2026-09-18T20:36:24.198+0000][35.662s][info][gc,phases   ] GC(27)   Merge Heap Roots: 0.19ms
[2026-09-18T20:36:24.198+0000][35.662s][info][gc,phases   ] GC(27)   Evacuate Collection Set: 35.53ms
[2026-09-18T20:36:24.198+0000][35.662s][info][gc,phases   ] GC(27)   Post Evacuate Collection Set: 0.96ms
[2026-09-18T20:36:24.198+0000][35.662s][info][gc,phases   ] GC(27)   Other: 0.05ms
[2026-09-18T20:36:24.198+0000][35.662s][info][gc,heap     ] GC(27) Eden regions: 176->0(291)
[2026-09-18T20:36:24.198+0000][35.662s][info][gc,heap     ] GC(27) Survivor regions: 5->16(23)
[2026-09-18T20:36:24.198+0000][35.662s][info][gc,heap     ] GC(27) Old regions: 105->105
[2026-09-18T20:36:24.198+0000][35.662s][info][gc,heap     ] GC(27) Humongous regions: 0->0
[2026-09-18T20:36:24.198+0000][35.662s][info][gc,metaspace] GC(27) Metaspace: 153794K(155264K)->153794K(155264K) NonClass: 128808K(129664K)->128808K(129664K) Class: 24986K(25600K)->24986K(25600K)
[2026-09-18T20:36:24.198+0000][35.662s][info][gc          ] GC(27) Pause Young (Prepare Mixed) (G1 Evacuation Pause) 2288M->968M(4096M) 37.155ms
[2026-09-18T20:36:24.198+0000][35.662s][info][gc,cpu      ] GC(27) User=0.14s Sys=0.00s Real=0.03s
[2026-09-18T20:36:28.554+0000][40.018s][info][gc,start    ] GC(28) Pause Young (Mixed) (G1 Evacuation Pause)
[2026-09-18T20:36:28.554+0000][40.018s][info][gc,task     ] GC(28) Using 4 workers of 4 for evacuation
[2026-09-18T20:36:28.626+0000][40.091s][info][gc,phases   ] GC(28)   Pre Evacuate Collection Set: 0.16ms
[2026-09-18T20:36:28.626+0000][40.091s][info][gc,phases   ] GC(28)   Merge Heap Roots: 0.16ms
[2026-09-18T20:36:28.626+0000][40.091s][info][gc,phases   ] GC(28)   Evacuate Collection Set: 71.21ms
[2026-09-18T20:36:28.626+0000][40.091s][info][gc,phases   ] GC(28)   Post Evacuate Collection Set: 1.01ms
[2026-09-18T20:36:28.626+0000][40.091s][info][gc,phases   ] GC(28)   Other: 0.06ms
[2026-09-18T20:36:28.626+0000][40.091s][info][gc,heap     ] GC(28) Eden regions: 291->0(60)
[2026-09-18T20:36:28.626+0000][40.091s][info][gc,heap     ] GC(28) Survivor regions: 16->33(39)
[2026-09-18T20:36:28.626+0000][40.091s][info][gc,heap     ] GC(28) Old regions: 105->101
[2026-09-18T20:36:28.626+0000][40.091s][info][gc,heap     ] GC(28) Humongous regions: 0->0
[2026-09-18T20:36:28.626+0000][40.091s][info][gc,metaspace] GC(28) Metaspace: 154304K(155776K)->154304K(155776K) NonClass: 129269K(130112K)->129269K(130112K) Class: 25035K(25664K)->25035K(25664K)
[2026-09-18T20:36:28.626+0000][40.091s][info][gc          ] GC(28) Pause Young (Mixed) (G1 Evacuation Pause) 3296M->1071M(4096M) 72.757ms
[2026-09-18T20:36:28.626+0000][40.091s][info][gc,cpu      ] GC(28) User=0.27s Sys=0.02s Real=0.07s
[2026-09-18T20:36:29.555+0000][41.020s][info][gc,start    ] GC(29) Pause Young (Concurrent Start) (G1 Evacuation Pause)
[2026-09-18T20:36:29.555+0000][41.020s][info][gc,task     ] GC(29) Using 4 workers of 4 for evacuation
[2026-09-18T20:36:29.626+0000][41.090s][info][gc,phases   ] GC(29)   Pre Evacuate Collection Set: 0.15ms
[2026-09-18T20:36:29.626+0000][41.090s][info][gc,phases   ] GC(29)   Merge Heap Roots: 0.12ms
[2026-09-18T20:36:29.626+0000][41.090s][info][gc,phases   ] GC(29)   Evacuate Collection Set: 69.25ms
[2026-09-18T20:36:29.626+0000][41.090s][info][gc,phases   ] GC(29)   Post Evacuate Collection Set: 0.74ms
[2026-09-18T20:36:29.626+0000][41.090s][info][gc,phases   ] GC(29)   Other: 0.09ms
[2026-09-18T20:36:29.626+0000][41.090s][info][gc,heap     ] GC(29) Eden regions: 65->0(284)
[2026-09-18T20:36:29.626+0000][41.090s][info][gc,heap     ] GC(29) Survivor regions: 33->7(13)
[2026-09-18T20:36:29.626+0000][41.090s][info][gc,heap     ] GC(29) Old regions: 101->134
[2026-09-18T20:36:29.626+0000][41.090s][info][gc,heap     ] GC(29) Humongous regions: 0->0
[2026-09-18T20:36:29.626+0000][41.090s][info][gc,metaspace] GC(29) Metaspace: 154340K(155776K)->154340K(155776K) NonClass: 129300K(130112K)->129300K(130112K) Class: 25039K(25664K)->25039K(25664K)
[2026-09-18T20:36:29.626+0000][41.090s][info][gc          ] GC(29) Pause Young (Concurrent Start) (G1 Evacuation Pause) 1591M->1124M(4096M) 70.486ms
[2026-09-18T20:36:29.626+0000][41.090s][info][gc,cpu      ] GC(29) User=0.26s Sys=0.03s Real=0.07s
[2026-09-18T20:36:29.626+0000][41.090s][info][gc          ] GC(30) Concurrent Mark Cycle
[2026-09-18T20:36:29.626+0000][41.090s][info][gc,marking  ] GC(30) Concurrent Scan Root Regions
[2026-09-18T20:36:29.757+0000][41.221s][info][gc,marking  ] GC(30) Concurrent Scan Root Regions 130.628ms
[2026-09-18T20:36:29.757+0000][41.221s][info][gc,marking  ] GC(30) Concurrent Mark
[2026-09-18T20:36:29.757+0000][41.221s][info][gc,marking  ] GC(30) Concurrent Mark From Roots
[2026-09-18T20:36:29.757+0000][41.221s][info][gc,task     ] GC(30) Using 1 workers of 1 for marking
[2026-09-18T20:36:30.595+0000][42.059s][info][gc,marking  ] GC(30) Concurrent Mark From Roots 838.059ms
[2026-09-18T20:36:30.595+0000][42.059s][info][gc,marking  ] GC(30) Concurrent Preclean
[2026-09-18T20:36:30.596+0000][42.060s][info][gc,marking  ] GC(30) Concurrent Preclean 0.917ms
[2026-09-18T20:36:30.596+0000][42.060s][info][gc,start    ] GC(30) Pause Remark
[2026-09-18T20:36:30.611+0000][42.075s][info][gc          ] GC(30) Pause Remark 1548M->1548M(4096M) 14.889ms
[2026-09-18T20:36:30.611+0000][42.075s][info][gc,cpu      ] GC(30) User=0.04s Sys=0.00s Real=0.02s
[2026-09-18T20:36:30.611+0000][42.075s][info][gc,marking  ] GC(30) Concurrent Mark 854.287ms
[2026-09-18T20:36:30.611+0000][42.075s][info][gc,marking  ] GC(30) Concurrent Rebuild Remembered Sets and Scrub Regions
[2026-09-18T20:36:31.119+0000][42.583s][info][gc,marking  ] GC(30) Concurrent Rebuild Remembered Sets and Scrub Regions 507.983ms
[2026-09-18T20:36:31.119+0000][42.583s][info][gc,start    ] GC(30) Pause Cleanup
[2026-09-18T20:36:31.119+0000][42.584s][info][gc          ] GC(30) Pause Cleanup 1813M->1813M(4096M) 0.194ms
[2026-09-18T20:36:31.119+0000][42.584s][info][gc,cpu      ] GC(30) User=0.00s Sys=0.00s Real=0.01s
[2026-09-18T20:36:31.119+0000][42.584s][info][gc,marking  ] GC(30) Concurrent Clear Claimed Marks
[2026-09-18T20:36:31.120+0000][42.584s][info][gc,marking  ] GC(30) Concurrent Clear Claimed Marks 0.181ms
[2026-09-18T20:36:31.120+0000][42.584s][info][gc,marking  ] GC(30) Concurrent Cleanup for Next Mark
[2026-09-18T20:36:31.124+0000][42.588s][info][gc,marking  ] GC(30) Concurrent Cleanup for Next Mark 4.049ms
[2026-09-18T20:36:31.124+0000][42.588s][info][gc          ] GC(30) Concurrent Mark Cycle 1497.719ms
[2026-09-18T20:36:34.622+0000][46.086s][info][gc,start    ] GC(31) Pause Young (Prepare Mixed) (G1 Evacuation Pause)
[2026-09-18T20:36:34.622+0000][46.086s][info][gc,task     ] GC(31) Using 4 workers of 4 for evacuation
[2026-09-18T20:36:34.694+0000][46.158s][info][gc,phases   ] GC(31)   Pre Evacuate Collection Set: 0.13ms
[2026-09-18T20:36:34.694+0000][46.158s][info][gc,phases   ] GC(31)   Merge Heap Roots: 0.26ms
[2026-09-18T20:36:34.694+0000][46.158s][info][gc,phases   ] GC(31)   Evacuate Collection Set: 70.76ms
[2026-09-18T20:36:34.694+0000][46.158s][info][gc,phases   ] GC(31)   Post Evacuate Collection Set: 0.89ms
[2026-09-18T20:36:34.694+0000][46.158s][info][gc,phases   ] GC(31)   Other: 0.05ms
[2026-09-18T20:36:34.694+0000][46.158s][info][gc,heap     ] GC(31) Eden regions: 281->0(281)
[2026-09-18T20:36:34.694+0000][46.159s][info][gc,heap     ] GC(31) Survivor regions: 7->26(36)
[2026-09-18T20:36:34.694+0000][46.159s][info][gc,heap     ] GC(31) Old regions: 134->134
[2026-09-18T20:36:34.694+0000][46.159s][info][gc,heap     ] GC(31) Humongous regions: 0->0
[2026-09-18T20:36:34.694+0000][46.159s][info][gc,metaspace] GC(31) Metaspace: 155415K(156928K)->155415K(156928K) NonClass: 130326K(131200K)->130326K(131200K) Class: 25088K(25728K)->25088K(25728K)
[2026-09-18T20:36:34.694+0000][46.159s][info][gc          ] GC(31) Pause Young (Prepare Mixed) (G1 Evacuation Pause) 3372M->1280M(4096M) 72.272ms
[2026-09-18T20:36:34.694+0000][46.159s][info][gc,cpu      ] GC(31) User=0.29s Sys=0.00s Real=0.07s
[2026-09-18T20:36:39.425+0000][50.889s][info][gc,start    ] GC(32) Pause Young (Mixed) (G1 Evacuation Pause)
[2026-09-18T20:36:39.425+0000][50.889s][info][gc,task     ] GC(32) Using 4 workers of 4 for evacuation
[2026-09-18T20:36:39.529+0000][50.993s][info][gc,phases   ] GC(32)   Pre Evacuate Collection Set: 0.38ms
[2026-09-18T20:36:39.529+0000][50.993s][info][gc,phases   ] GC(32)   Merge Heap Roots: 0.27ms
[2026-09-18T20:36:39.529+0000][50.993s][info][gc,phases   ] GC(32)   Evacuate Collection Set: 102.58ms
[2026-09-18T20:36:39.529+0000][50.993s][info][gc,phases   ] GC(32)   Post Evacuate Collection Set: 0.85ms
[2026-09-18T20:36:39.529+0000][50.993s][info][gc,phases   ] GC(32)   Other: 0.10ms
[2026-09-18T20:36:39.529+0000][50.993s][info][gc,heap     ] GC(32) Eden regions: 281->0(158)
[2026-09-18T20:36:39.529+0000][50.993s][info][gc,heap     ] GC(32) Survivor regions: 26->24(39)
[2026-09-18T20:36:39.529+0000][50.993s][info][gc,heap     ] GC(32) Old regions: 134->156
[2026-09-18T20:36:39.529+0000][50.993s][info][gc,heap     ] GC(32) Humongous regions: 9->0
[2026-09-18T20:36:39.529+0000][50.993s][info][gc,metaspace] GC(32) Metaspace: 157713K(159232K)->157713K(159232K) NonClass: 132110K(132992K)->132110K(132992K) Class: 25602K(26240K)->25602K(26240K)
[2026-09-18T20:36:39.529+0000][50.993s][info][gc          ] GC(32) Pause Young (Mixed) (G1 Evacuation Pause) 3600M->1440M(4096M) 104.334ms
[2026-09-18T20:36:39.529+0000][50.993s][info][gc,cpu      ] GC(32) User=0.40s Sys=0.01s Real=0.10s
[2026-09-18T20:36:43.936+0000][55.401s][info][gc,start    ] GC(33) Pause Young (Concurrent Start) (G1 Evacuation Pause)
[2026-09-18T20:36:43.936+0000][55.401s][info][gc,task     ] GC(33) Using 4 workers of 4 for evacuation
[2026-09-18T20:36:44.035+0000][55.499s][info][gc,phases   ] GC(33)   Pre Evacuate Collection Set: 0.15ms
[2026-09-18T20:36:44.035+0000][55.499s][info][gc,phases   ] GC(33)   Merge Heap Roots: 1.79ms
[2026-09-18T20:36:44.035+0000][55.499s][info][gc,phases   ] GC(33)   Evacuate Collection Set: 94.77ms
[2026-09-18T20:36:44.035+0000][55.499s][info][gc,phases   ] GC(33)   Post Evacuate Collection Set: 1.79ms
[2026-09-18T20:36:44.035+0000][55.499s][info][gc,phases   ] GC(33)   Other: 0.10ms
[2026-09-18T20:36:44.035+0000][55.499s][info][gc,heap     ] GC(33) Eden regions: 57->0(227)
[2026-09-18T20:36:44.035+0000][55.499s][info][gc,heap     ] GC(33) Survivor regions: 24->11(11)
[2026-09-18T20:36:44.035+0000][55.499s][info][gc,heap     ] GC(33) Old regions: 156->182
[2026-09-18T20:36:44.035+0000][55.499s][info][gc,heap     ] GC(33) Humongous regions: 0->0
[2026-09-18T20:36:44.035+0000][55.499s][info][gc,metaspace] GC(33) Metaspace: 163521K(165184K)->163521K(165184K) NonClass: 137283K(138240K)->137283K(138240K) Class: 26237K(26944K)->26237K(26944K)
[2026-09-18T20:36:44.035+0000][55.499s][info][gc          ] GC(33) Pause Young (Concurrent Start) (G1 Evacuation Pause) 1896M->1544M(4096M) 98.760ms
[2026-09-18T20:36:44.035+0000][55.499s][info][gc,cpu      ] GC(33) User=0.38s Sys=0.00s Real=0.10s
[2026-09-18T20:36:44.035+0000][55.499s][info][gc          ] GC(34) Concurrent Mark Cycle
[2026-09-18T20:36:44.035+0000][55.499s][info][gc,marking  ] GC(34) Concurrent Scan Root Regions
[2026-09-18T20:36:44.196+0000][55.660s][info][gc,marking  ] GC(34) Concurrent Scan Root Regions 160.410ms
[2026-09-18T20:36:44.196+0000][55.660s][info][gc,marking  ] GC(34) Concurrent Mark
[2026-09-18T20:36:44.196+0000][55.660s][info][gc,marking  ] GC(34) Concurrent Mark From Roots
[2026-09-18T20:36:44.196+0000][55.660s][info][gc,task     ] GC(34) Using 1 workers of 1 for marking
[2026-09-18T20:36:46.189+0000][57.653s][info][gc,marking  ] GC(34) Concurrent Mark From Roots 1993.100ms
[2026-09-18T20:36:46.189+0000][57.653s][info][gc,marking  ] GC(34) Concurrent Preclean
[2026-09-18T20:36:46.189+0000][57.654s][info][gc,marking  ] GC(34) Concurrent Preclean 0.782ms
[2026-09-18T20:36:46.190+0000][57.654s][info][gc,start    ] GC(34) Pause Remark
[2026-09-18T20:36:46.213+0000][57.677s][info][gc          ] GC(34) Pause Remark 1832M->1832M(4096M) 22.907ms
[2026-09-18T20:36:46.213+0000][57.677s][info][gc,cpu      ] GC(34) User=0.07s Sys=0.00s Real=0.02s
[2026-09-18T20:36:46.213+0000][57.677s][info][gc,marking  ] GC(34) Concurrent Mark 2017.379ms
[2026-09-18T20:36:46.213+0000][57.677s][info][gc,marking  ] GC(34) Concurrent Rebuild Remembered Sets and Scrub Regions
[2026-09-18T20:36:47.177+0000][58.642s][info][gc,marking  ] GC(34) Concurrent Rebuild Remembered Sets and Scrub Regions 964.495ms
[2026-09-18T20:36:47.180+0000][58.645s][info][gc,start    ] GC(34) Pause Cleanup
[2026-09-18T20:36:47.181+0000][58.645s][info][gc          ] GC(34) Pause Cleanup 1972M->1972M(4096M) 0.185ms
[2026-09-18T20:36:47.181+0000][58.645s][info][gc,cpu      ] GC(34) User=0.00s Sys=0.00s Real=0.00s
[2026-09-18T20:36:47.181+0000][58.645s][info][gc,marking  ] GC(34) Concurrent Clear Claimed Marks
[2026-09-18T20:36:47.181+0000][58.645s][info][gc,marking  ] GC(34) Concurrent Clear Claimed Marks 0.186ms
[2026-09-18T20:36:47.181+0000][58.645s][info][gc,marking  ] GC(34) Concurrent Cleanup for Next Mark
[2026-09-18T20:36:47.185+0000][58.649s][info][gc,marking  ] GC(34) Concurrent Cleanup for Next Mark 3.865ms
[2026-09-18T20:36:47.185+0000][58.649s][info][gc          ] GC(34) Concurrent Mark Cycle 3149.697ms
[2026-09-18T20:36:50.264+0000][61.728s][info][gc,start    ] GC(35) Pause Young (Prepare Mixed) (G1 Evacuation Pause)
[2026-09-18T20:36:50.264+0000][61.728s][info][gc,task     ] GC(35) Using 4 workers of 4 for evacuation
[2026-09-18T20:36:50.368+0000][61.832s][info][gc,phases   ] GC(35)   Pre Evacuate Collection Set: 0.18ms
[2026-09-18T20:36:50.368+0000][61.832s][info][gc,phases   ] GC(35)   Merge Heap Roots: 1.13ms
[2026-09-18T20:36:50.368+0000][61.832s][info][gc,phases   ] GC(35)   Evacuate Collection Set: 101.52ms
[2026-09-18T20:36:50.368+0000][61.832s][info][gc,phases   ] GC(35)   Post Evacuate Collection Set: 0.91ms
[2026-09-18T20:36:50.368+0000][61.832s][info][gc,phases   ] GC(35)   Other: 0.06ms
[2026-09-18T20:36:50.368+0000][61.832s][info][gc,heap     ] GC(35) Eden regions: 141->0(228)
[2026-09-18T20:36:50.368+0000][61.832s][info][gc,heap     ] GC(35) Survivor regions: 11->19(19)
[2026-09-18T20:36:50.368+0000][61.832s][info][gc,heap     ] GC(35) Old regions: 182->196
[2026-09-18T20:36:50.368+0000][61.832s][info][gc,heap     ] GC(35) Humongous regions: 0->0
[2026-09-18T20:36:50.368+0000][61.832s][info][gc,metaspace] GC(35) Metaspace: 164600K(166272K)->164600K(166272K) NonClass: 138279K(139264K)->138279K(139264K) Class: 26321K(27008K)->26321K(27008K)
[2026-09-18T20:36:50.368+0000][61.832s][info][gc          ] GC(35) Pause Young (Prepare Mixed) (G1 Evacuation Pause) 2672M->1716M(4096M) 103.955ms
[2026-09-18T20:36:50.368+0000][61.832s][info][gc,cpu      ] GC(35) User=0.41s Sys=0.00s Real=0.10s
[2026-09-18T20:36:55.504+0000][66.968s][info][gc,start    ] GC(36) Pause Young (Mixed) (G1 Evacuation Pause)
[2026-09-18T20:36:55.504+0000][66.968s][info][gc,task     ] GC(36) Using 4 workers of 4 for evacuation
[2026-09-18T20:36:55.638+0000][67.102s][info][gc,phases   ] GC(36)   Pre Evacuate Collection Set: 0.14ms
[2026-09-18T20:36:55.638+0000][67.102s][info][gc,phases   ] GC(36)   Merge Heap Roots: 1.30ms
[2026-09-18T20:36:55.638+0000][67.102s][info][gc,phases   ] GC(36)   Evacuate Collection Set: 131.77ms
[2026-09-18T20:36:55.638+0000][67.102s][info][gc,phases   ] GC(36)   Post Evacuate Collection Set: 1.00ms
[2026-09-18T20:36:55.638+0000][67.102s][info][gc,phases   ] GC(36)   Other: 0.06ms
[2026-09-18T20:36:55.638+0000][67.102s][info][gc,heap     ] GC(36) Eden regions: 228->0(85)
[2026-09-18T20:36:55.638+0000][67.102s][info][gc,heap     ] GC(36) Survivor regions: 19->23(31)
[2026-09-18T20:36:55.638+0000][67.102s][info][gc,heap     ] GC(36) Old regions: 196->212
[2026-09-18T20:36:55.638+0000][67.102s][info][gc,heap     ] GC(36) Humongous regions: 0->0
[2026-09-18T20:36:55.638+0000][67.102s][info][gc,metaspace] GC(36) Metaspace: 165113K(166784K)->165113K(166784K) NonClass: 138754K(139712K)->138754K(139712K) Class: 26359K(27072K)->26359K(27072K)
[2026-09-18T20:36:55.638+0000][67.102s][info][gc          ] GC(36) Pause Young (Mixed) (G1 Evacuation Pause) 3540M->1872M(4096M) 134.475ms
[2026-09-18T20:36:55.638+0000][67.102s][info][gc,cpu      ] GC(36) User=0.53s Sys=0.00s Real=0.13s
[2026-09-18T20:36:56.488+0000][67.952s][info][gc,start    ] GC(37) Pause Young (Concurrent Start) (G1 Evacuation Pause)
[2026-09-18T20:36:56.488+0000][67.952s][info][gc,task     ] GC(37) Using 4 workers of 4 for evacuation
[2026-09-18T20:36:56.580+0000][68.044s][info][gc,phases   ] GC(37)   Pre Evacuate Collection Set: 0.17ms
[2026-09-18T20:36:56.580+0000][68.044s][info][gc,phases   ] GC(37)   Merge Heap Roots: 1.27ms
[2026-09-18T20:36:56.580+0000][68.044s][info][gc,phases   ] GC(37)   Evacuate Collection Set: 90.01ms
[2026-09-18T20:36:56.580+0000][68.044s][info][gc,phases   ] GC(37)   Post Evacuate Collection Set: 0.94ms
[2026-09-18T20:36:56.580+0000][68.044s][info][gc,phases   ] GC(37)   Other: 0.09ms
[2026-09-18T20:36:56.580+0000][68.044s][info][gc,heap     ] GC(37) Eden regions: 51->0(211)
[2026-09-18T20:36:56.580+0000][68.044s][info][gc,heap     ] GC(37) Survivor regions: 23->7(10)
[2026-09-18T20:36:56.580+0000][68.044s][info][gc,heap     ] GC(37) Old regions: 212->233
[2026-09-18T20:36:56.580+0000][68.044s][info][gc,heap     ] GC(37) Humongous regions: 0->0
[2026-09-18T20:36:56.580+0000][68.044s][info][gc,metaspace] GC(37) Metaspace: 165187K(166848K)->165187K(166848K) NonClass: 138819K(139776K)->138819K(139776K) Class: 26368K(27072K)->26368K(27072K)
[2026-09-18T20:36:56.580+0000][68.045s][info][gc          ] GC(37) Pause Young (Concurrent Start) (G1 Evacuation Pause) 2280M->1912M(4096M) 92.661ms
[2026-09-18T20:36:56.580+0000][68.045s][info][gc          ] GC(38) Concurrent Mark Cycle
[2026-09-18T20:36:56.580+0000][68.045s][info][gc,marking  ] GC(38) Concurrent Scan Root Regions
[2026-09-18T20:36:56.581+0000][68.045s][info][gc,cpu      ] GC(37) User=0.37s Sys=0.00s Real=0.10s
[2026-09-18T20:36:56.821+0000][68.285s][info][gc,marking  ] GC(38) Concurrent Scan Root Regions 240.387ms
[2026-09-18T20:36:56.821+0000][68.285s][info][gc,marking  ] GC(38) Concurrent Mark
[2026-09-18T20:36:56.821+0000][68.285s][info][gc,marking  ] GC(38) Concurrent Mark From Roots
[2026-09-18T20:36:56.821+0000][68.285s][info][gc,task     ] GC(38) Using 1 workers of 1 for marking
[2026-09-18T20:36:59.112+0000][70.576s][info][gc,marking  ] GC(38) Concurrent Mark From Roots 2291.466ms
[2026-09-18T20:36:59.112+0000][70.577s][info][gc,marking  ] GC(38) Concurrent Preclean
[2026-09-18T20:36:59.113+0000][70.577s][info][gc,marking  ] GC(38) Concurrent Preclean 0.960ms
[2026-09-18T20:36:59.113+0000][70.578s][info][gc,start    ] GC(38) Pause Remark
[2026-09-18T20:36:59.152+0000][70.616s][info][gc          ] GC(38) Pause Remark 3031M->3031M(4096M) 38.240ms
[2026-09-18T20:36:59.152+0000][70.616s][info][gc,cpu      ] GC(38) User=0.11s Sys=0.00s Real=0.04s
[2026-09-18T20:36:59.152+0000][70.616s][info][gc,marking  ] GC(38) Concurrent Mark 2331.187ms
[2026-09-18T20:36:59.152+0000][70.616s][info][gc,marking  ] GC(38) Concurrent Rebuild Remembered Sets and Scrub Regions
[2026-09-18T20:36:59.768+0000][71.232s][info][gc,start    ] GC(39) Pause Young (Normal) (G1 Evacuation Pause)
[2026-09-18T20:36:59.768+0000][71.232s][info][gc,task     ] GC(39) Using 4 workers of 4 for evacuation
[2026-09-18T20:36:59.863+0000][71.328s][info][gc,phases   ] GC(39)   Pre Evacuate Collection Set: 0.12ms
[2026-09-18T20:36:59.863+0000][71.328s][info][gc,phases   ] GC(39)   Merge Heap Roots: 1.52ms
[2026-09-18T20:36:59.863+0000][71.328s][info][gc,phases   ] GC(39)   Evacuate Collection Set: 92.32ms
[2026-09-18T20:36:59.863+0000][71.328s][info][gc,phases   ] GC(39)   Post Evacuate Collection Set: 1.25ms
[2026-09-18T20:36:59.863+0000][71.328s][info][gc,phases   ] GC(39)   Other: 0.08ms
[2026-09-18T20:36:59.863+0000][71.328s][info][gc,heap     ] GC(39) Eden regions: 172->0(117)
[2026-09-18T20:36:59.863+0000][71.328s][info][gc,heap     ] GC(39) Survivor regions: 7->20(23)
[2026-09-18T20:36:59.863+0000][71.328s][info][gc,heap     ] GC(39) Old regions: 233->233
[2026-09-18T20:36:59.863+0000][71.328s][info][gc,heap     ] GC(39) Humongous regions: 0->0
[2026-09-18T20:36:59.863+0000][71.328s][info][gc,metaspace] GC(39) Metaspace: 165170K(166912K)->165170K(166912K) NonClass: 138830K(139840K)->138830K(139840K) Class: 26340K(27072K)->26340K(27072K)
[2026-09-18T20:36:59.863+0000][71.328s][info][gc          ] GC(39) Pause Young (Normal) (G1 Evacuation Pause) 3288M->2016M(4096M) 95.443ms
[2026-09-18T20:36:59.863+0000][71.328s][info][gc,cpu      ] GC(39) User=0.39s Sys=0.00s Real=0.10s
[2026-09-18T20:37:00.604+0000][72.068s][info][gc,start    ] GC(40) Pause Young (Normal) (G1 Evacuation Pause)
[2026-09-18T20:37:00.604+0000][72.068s][info][gc,task     ] GC(40) Using 4 workers of 4 for evacuation
[2026-09-18T20:37:00.696+0000][72.161s][info][gc,phases   ] GC(40)   Pre Evacuate Collection Set: 0.15ms
[2026-09-18T20:37:00.696+0000][72.161s][info][gc,phases   ] GC(40)   Merge Heap Roots: 1.75ms
[2026-09-18T20:37:00.696+0000][72.161s][info][gc,phases   ] GC(40)   Evacuate Collection Set: 89.05ms
[2026-09-18T20:37:00.696+0000][72.161s][info][gc,phases   ] GC(40)   Post Evacuate Collection Set: 1.39ms
[2026-09-18T20:37:00.696+0000][72.161s][info][gc,phases   ] GC(40)   Other: 0.05ms
[2026-09-18T20:37:00.696+0000][72.161s][info][gc,heap     ] GC(40) Eden regions: 51->0(198)
[2026-09-18T20:37:00.696+0000][72.161s][info][gc,heap     ] GC(40) Survivor regions: 20->5(9)
[2026-09-18T20:37:00.696+0000][72.161s][info][gc,heap     ] GC(40) Old regions: 233->251
[2026-09-18T20:37:00.696+0000][72.161s][info][gc,heap     ] GC(40) Humongous regions: 0->0
[2026-09-18T20:37:00.696+0000][72.161s][info][gc,metaspace] GC(40) Metaspace: 165173K(166912K)->165173K(166912K) NonClass: 138833K(139840K)->138833K(139840K) Class: 26340K(27072K)->26340K(27072K)
[2026-09-18T20:37:00.696+0000][72.161s][info][gc          ] GC(40) Pause Young (Normal) (G1 Evacuation Pause) 2424M->2043M(4096M) 92.542ms
[2026-09-18T20:37:00.696+0000][72.161s][info][gc,cpu      ] GC(40) User=0.36s Sys=0.00s Real=0.09s
[2026-09-18T20:37:00.892+0000][72.356s][info][gc,marking  ] GC(38) Concurrent Rebuild Remembered Sets and Scrub Regions 1740.272ms
[2026-09-18T20:37:00.892+0000][72.357s][info][gc,start    ] GC(38) Pause Cleanup
[2026-09-18T20:37:00.893+0000][72.357s][info][gc          ] GC(38) Pause Cleanup 2141M->2141M(4096M) 0.184ms
[2026-09-18T20:37:00.893+0000][72.357s][info][gc,cpu      ] GC(38) User=0.00s Sys=0.00s Real=0.00s
[2026-09-18T20:37:00.893+0000][72.357s][info][gc,marking  ] GC(38) Concurrent Clear Claimed Marks
[2026-09-18T20:37:00.893+0000][72.357s][info][gc,marking  ] GC(38) Concurrent Clear Claimed Marks 0.211ms
[2026-09-18T20:37:00.893+0000][72.357s][info][gc,marking  ] GC(38) Concurrent Cleanup for Next Mark
[2026-09-18T20:37:00.902+0000][72.366s][info][gc,marking  ] GC(38) Concurrent Cleanup for Next Mark 8.882ms
[2026-09-18T20:37:00.902+0000][72.366s][info][gc          ] GC(38) Concurrent Mark Cycle 4321.565ms
[2026-09-18T20:37:03.165+0000][74.630s][info][gc,start    ] GC(41) Pause Young (Prepare Mixed) (G1 Evacuation Pause)
[2026-09-18T20:37:03.165+0000][74.630s][info][gc,task     ] GC(41) Using 4 workers of 4 for evacuation
[2026-09-18T20:37:03.253+0000][74.717s][info][gc,phases   ] GC(41)   Pre Evacuate Collection Set: 0.13ms
[2026-09-18T20:37:03.253+0000][74.717s][info][gc,phases   ] GC(41)   Merge Heap Roots: 1.84ms
[2026-09-18T20:37:03.253+0000][74.717s][info][gc,phases   ] GC(41)   Evacuate Collection Set: 84.16ms
[2026-09-18T20:37:03.253+0000][74.717s][info][gc,phases   ] GC(41)   Post Evacuate Collection Set: 1.05ms
[2026-09-18T20:37:03.253+0000][74.717s][info][gc,phases   ] GC(41)   Other: 0.07ms
[2026-09-18T20:37:03.253+0000][74.717s][info][gc,heap     ] GC(41) Eden regions: 198->0(188)
[2026-09-18T20:37:03.253+0000][74.717s][info][gc,heap     ] GC(41) Survivor regions: 5->18(26)
[2026-09-18T20:37:03.253+0000][74.717s][info][gc,heap     ] GC(41) Old regions: 251->251
[2026-09-18T20:37:03.253+0000][74.717s][info][gc,heap     ] GC(41) Humongous regions: 0->0
[2026-09-18T20:37:03.253+0000][74.717s][info][gc,metaspace] GC(41) Metaspace: 165188K(166912K)->165188K(166912K) NonClass: 138844K(139840K)->138844K(139840K) Class: 26343K(27072K)->26343K(27072K)
[2026-09-18T20:37:03.253+0000][74.717s][info][gc          ] GC(41) Pause Young (Prepare Mixed) (G1 Evacuation Pause) 3627M->2143M(4096M) 87.410ms
[2026-09-18T20:37:03.253+0000][74.717s][info][gc,cpu      ] GC(41) User=0.35s Sys=0.00s Real=0.09s
[2026-09-18T20:37:05.441+0000][76.906s][info][gc,start    ] GC(42) Pause Young (Mixed) (G1 Evacuation Pause)
[2026-09-18T20:37:05.441+0000][76.906s][info][gc,task     ] GC(42) Using 4 workers of 4 for evacuation
[2026-09-18T20:37:05.568+0000][77.032s][info][gc,phases   ] GC(42)   Pre Evacuate Collection Set: 0.20ms
[2026-09-18T20:37:05.568+0000][77.032s][info][gc,phases   ] GC(42)   Merge Heap Roots: 3.83ms
[2026-09-18T20:37:05.568+0000][77.032s][info][gc,phases   ] GC(42)   Evacuate Collection Set: 121.19ms
[2026-09-18T20:37:05.568+0000][77.032s][info][gc,phases   ] GC(42)   Post Evacuate Collection Set: 1.17ms
[2026-09-18T20:37:05.568+0000][77.032s][info][gc,phases   ] GC(42)   Other: 0.06ms
[2026-09-18T20:37:05.568+0000][77.032s][info][gc,heap     ] GC(42) Eden regions: 188->0(184)
[2026-09-18T20:37:05.568+0000][77.032s][info][gc,heap     ] GC(42) Survivor regions: 18->14(26)
[2026-09-18T20:37:05.568+0000][77.032s][info][gc,heap     ] GC(42) Old regions: 251->262
[2026-09-18T20:37:05.568+0000][77.032s][info][gc,heap     ] GC(42) Humongous regions: 0->0
[2026-09-18T20:37:05.568+0000][77.032s][info][gc,metaspace] GC(42) Metaspace: 165206K(166976K)->165206K(166976K) NonClass: 138860K(139904K)->138860K(139904K) Class: 26345K(27072K)->26345K(27072K)
[2026-09-18T20:37:05.568+0000][77.032s][info][gc          ] GC(42) Pause Young (Mixed) (G1 Evacuation Pause) 3647M->2201M(4096M) 126.617ms
[2026-09-18T20:37:05.568+0000][77.032s][info][gc,cpu      ] GC(42) User=0.50s Sys=0.00s Real=0.12s
[2026-09-18T20:37:07.625+0000][79.089s][info][gc,start    ] GC(43) Pause Young (Concurrent Start) (G1 Evacuation Pause)
[2026-09-18T20:37:07.625+0000][79.089s][info][gc,task     ] GC(43) Using 4 workers of 4 for evacuation
[2026-09-18T20:37:07.729+0000][79.193s][info][gc,phases   ] GC(43)   Pre Evacuate Collection Set: 0.18ms
[2026-09-18T20:37:07.729+0000][79.193s][info][gc,phases   ] GC(43)   Merge Heap Roots: 1.86ms
[2026-09-18T20:37:07.729+0000][79.193s][info][gc,phases   ] GC(43)   Evacuate Collection Set: 100.73ms
[2026-09-18T20:37:07.729+0000][79.193s][info][gc,phases   ] GC(43)   Post Evacuate Collection Set: 1.10ms
[2026-09-18T20:37:07.729+0000][79.193s][info][gc,phases   ] GC(43)   Other: 0.08ms
[2026-09-18T20:37:07.729+0000][79.194s][info][gc,heap     ] GC(43) Eden regions: 184->0(136)
[2026-09-18T20:37:07.729+0000][79.194s][info][gc,heap     ] GC(43) Survivor regions: 14->23(25)
[2026-09-18T20:37:07.729+0000][79.194s][info][gc,heap     ] GC(43) Old regions: 262->262
[2026-09-18T20:37:07.729+0000][79.194s][info][gc,heap     ] GC(43) Humongous regions: 0->0
[2026-09-18T20:37:07.729+0000][79.194s][info][gc,metaspace] GC(43) Metaspace: 165261K(166976K)->165261K(166976K) NonClass: 138882K(139904K)->138882K(139904K) Class: 26379K(27072K)->26379K(27072K)
[2026-09-18T20:37:07.729+0000][79.194s][info][gc          ] GC(43) Pause Young (Concurrent Start) (G1 Evacuation Pause) 3673M->2277M(4096M) 104.148ms
[2026-09-18T20:37:07.729+0000][79.194s][info][gc,cpu      ] GC(43) User=0.42s Sys=0.00s Real=0.11s
[2026-09-18T20:37:07.729+0000][79.194s][info][gc          ] GC(44) Concurrent Mark Cycle
[2026-09-18T20:37:07.729+0000][79.194s][info][gc,marking  ] GC(44) Concurrent Scan Root Regions
[2026-09-18T20:37:07.881+0000][79.346s][info][gc,marking  ] GC(44) Concurrent Scan Root Regions 152.067ms
[2026-09-18T20:37:07.881+0000][79.346s][info][gc,marking  ] GC(44) Concurrent Mark
[2026-09-18T20:37:07.881+0000][79.346s][info][gc,marking  ] GC(44) Concurrent Mark From Roots
[2026-09-18T20:37:07.881+0000][79.346s][info][gc,task     ] GC(44) Using 1 workers of 1 for marking
[2026-09-18T20:37:09.437+0000][80.902s][info][gc,start    ] GC(45) Pause Young (Normal) (G1 Evacuation Pause)
[2026-09-18T20:37:09.437+0000][80.902s][info][gc,task     ] GC(45) Using 4 workers of 4 for evacuation
[2026-09-18T20:37:09.561+0000][81.025s][info][gc,phases   ] GC(45)   Pre Evacuate Collection Set: 0.14ms
[2026-09-18T20:37:09.561+0000][81.025s][info][gc,phases   ] GC(45)   Merge Heap Roots: 1.84ms
[2026-09-18T20:37:09.561+0000][81.025s][info][gc,phases   ] GC(45)   Evacuate Collection Set: 120.14ms
[2026-09-18T20:37:09.561+0000][81.025s][info][gc,phases   ] GC(45)   Post Evacuate Collection Set: 1.03ms
[2026-09-18T20:37:09.561+0000][81.025s][info][gc,phases   ] GC(45)   Other: 0.05ms
[2026-09-18T20:37:09.561+0000][81.025s][info][gc,heap     ] GC(45) Eden regions: 129->0(172)
[2026-09-18T20:37:09.561+0000][81.025s][info][gc,heap     ] GC(45) Survivor regions: 23->10(19)
[2026-09-18T20:37:09.561+0000][81.025s][info][gc,heap     ] GC(45) Old regions: 262->283
[2026-09-18T20:37:09.561+0000][81.025s][info][gc,heap     ] GC(45) Humongous regions: 0->0
[2026-09-18T20:37:09.561+0000][81.025s][info][gc,metaspace] GC(45) Metaspace: 165272K(166976K)->165272K(166976K) NonClass: 138888K(139904K)->138888K(139904K) Class: 26384K(27072K)->26384K(27072K)
[2026-09-18T20:37:09.561+0000][81.025s][info][gc          ] GC(45) Pause Young (Normal) (G1 Evacuation Pause) 3309M->2336M(4096M) 123.347ms
[2026-09-18T20:37:09.561+0000][81.025s][info][gc,cpu      ] GC(45) User=0.49s Sys=0.00s Real=0.13s
[2026-09-18T20:37:10.427+0000][81.892s][info][gc,marking  ] GC(44) Concurrent Mark From Roots 2546.039ms
[2026-09-18T20:37:10.428+0000][81.892s][info][gc,marking  ] GC(44) Concurrent Preclean
[2026-09-18T20:37:10.428+0000][81.893s][info][gc,marking  ] GC(44) Concurrent Preclean 0.857ms
[2026-09-18T20:37:10.429+0000][81.893s][info][gc,start    ] GC(44) Pause Remark
[2026-09-18T20:37:10.452+0000][81.916s][info][gc          ] GC(44) Pause Remark 2896M->2896M(4096M) 23.412ms
[2026-09-18T20:37:10.452+0000][81.916s][info][gc,cpu      ] GC(44) User=0.07s Sys=0.00s Real=0.03s
[2026-09-18T20:37:10.452+0000][81.916s][info][gc,marking  ] GC(44) Concurrent Mark 2570.695ms
[2026-09-18T20:37:10.452+0000][81.916s][info][gc,marking  ] GC(44) Concurrent Rebuild Remembered Sets and Scrub Regions
[2026-09-18T20:37:11.962+0000][83.426s][info][gc,start    ] GC(46) Pause Young (Normal) (G1 Evacuation Pause)
[2026-09-18T20:37:11.962+0000][83.426s][info][gc,task     ] GC(46) Using 4 workers of 4 for evacuation
[2026-09-18T20:37:12.063+0000][83.527s][info][gc,phases   ] GC(46)   Pre Evacuate Collection Set: 0.16ms
[2026-09-18T20:37:12.063+0000][83.527s][info][gc,phases   ] GC(46)   Merge Heap Roots: 2.02ms
[2026-09-18T20:37:12.063+0000][83.527s][info][gc,phases   ] GC(46)   Evacuate Collection Set: 97.44ms
[2026-09-18T20:37:12.063+0000][83.527s][info][gc,phases   ] GC(46)   Post Evacuate Collection Set: 1.62ms
[2026-09-18T20:37:12.063+0000][83.527s][info][gc,phases   ] GC(46)   Other: 0.07ms
[2026-09-18T20:37:12.063+0000][83.527s][info][gc,heap     ] GC(46) Eden regions: 172->0(165)
[2026-09-18T20:37:12.063+0000][83.527s][info][gc,heap     ] GC(46) Survivor regions: 10->19(23)
[2026-09-18T20:37:12.063+0000][83.527s][info][gc,heap     ] GC(46) Old regions: 283->283
[2026-09-18T20:37:12.063+0000][83.527s][info][gc,heap     ] GC(46) Humongous regions: 0->0
[2026-09-18T20:37:12.063+0000][83.527s][info][gc,metaspace] GC(46) Metaspace: 165273K(166976K)->165273K(166976K) NonClass: 138889K(139904K)->138889K(139904K) Class: 26384K(27072K)->26384K(27072K)
[2026-09-18T20:37:12.063+0000][83.527s][info][gc          ] GC(46) Pause Young (Normal) (G1 Evacuation Pause) 3712M->2412M(4096M) 101.458ms
[2026-09-18T20:37:12.063+0000][83.527s][info][gc,cpu      ] GC(46) User=0.40s Sys=0.00s Real=0.10s
[2026-09-18T20:37:12.270+0000][83.734s][info][gc,marking  ] GC(44) Concurrent Rebuild Remembered Sets and Scrub Regions 1817.411ms
[2026-09-18T20:37:12.270+0000][83.734s][info][gc,start    ] GC(44) Pause Cleanup
[2026-09-18T20:37:12.270+0000][83.734s][info][gc          ] GC(44) Pause Cleanup 2504M->2504M(4096M) 0.208ms
[2026-09-18T20:37:12.270+0000][83.734s][info][gc,cpu      ] GC(44) User=0.00s Sys=0.00s Real=0.00s
[2026-09-18T20:37:12.273+0000][83.737s][info][gc,marking  ] GC(44) Concurrent Clear Claimed Marks
[2026-09-18T20:37:12.273+0000][83.738s][info][gc,marking  ] GC(44) Concurrent Clear Claimed Marks 0.222ms
[2026-09-18T20:37:12.273+0000][83.738s][info][gc,marking  ] GC(44) Concurrent Cleanup for Next Mark
[2026-09-18T20:37:12.281+0000][83.745s][info][gc,marking  ] GC(44) Concurrent Cleanup for Next Mark 7.765ms
[2026-09-18T20:37:12.281+0000][83.745s][info][gc          ] GC(44) Concurrent Mark Cycle 4551.905ms
[2026-09-18T20:37:13.407+0000][84.872s][info][gc,start    ] GC(47) Pause Young (Prepare Mixed) (G1 Evacuation Pause)
[2026-09-18T20:37:13.407+0000][84.872s][info][gc,task     ] GC(47) Using 4 workers of 4 for evacuation
[2026-09-18T20:37:13.526+0000][84.990s][info][gc,phases   ] GC(47)   Pre Evacuate Collection Set: 0.15ms
[2026-09-18T20:37:13.526+0000][84.990s][info][gc,phases   ] GC(47)   Merge Heap Roots: 2.33ms
[2026-09-18T20:37:13.526+0000][84.990s][info][gc,phases   ] GC(47)   Evacuate Collection Set: 114.23ms
[2026-09-18T20:37:13.526+0000][84.990s][info][gc,phases   ] GC(47)   Post Evacuate Collection Set: 1.35ms
[2026-09-18T20:37:13.526+0000][84.990s][info][gc,phases   ] GC(47)   Other: 0.07ms
[2026-09-18T20:37:13.526+0000][84.990s][info][gc,heap     ] GC(47) Eden regions: 131->0(165)
[2026-09-18T20:37:13.526+0000][84.990s][info][gc,heap     ] GC(47) Survivor regions: 19->8(19)
[2026-09-18T20:37:13.526+0000][84.990s][info][gc,heap     ] GC(47) Old regions: 283->298
[2026-09-18T20:37:13.526+0000][84.990s][info][gc,heap     ] GC(47) Humongous regions: 0->0
[2026-09-18T20:37:13.526+0000][84.990s][info][gc,metaspace] GC(47) Metaspace: 165280K(166976K)->165280K(166976K) NonClass: 138895K(139904K)->138895K(139904K) Class: 26385K(27072K)->26385K(27072K)
[2026-09-18T20:37:13.526+0000][84.990s][info][gc          ] GC(47) Pause Young (Prepare Mixed) (G1 Evacuation Pause) 3460M->2448M(4096M) 118.265ms
[2026-09-18T20:37:13.526+0000][84.990s][info][gc,cpu      ] GC(47) User=0.46s Sys=0.00s Real=0.12s
[2026-09-18T20:37:15.166+0000][86.631s][info][gc,start    ] GC(48) Pause Young (Mixed) (G1 Evacuation Pause)
[2026-09-18T20:37:15.166+0000][86.631s][info][gc,task     ] GC(48) Using 4 workers of 4 for evacuation
[2026-09-18T20:37:15.276+0000][86.740s][info][gc,phases   ] GC(48)   Pre Evacuate Collection Set: 0.14ms
[2026-09-18T20:37:15.276+0000][86.740s][info][gc,phases   ] GC(48)   Merge Heap Roots: 2.94ms
[2026-09-18T20:37:15.276+0000][86.740s][info][gc,phases   ] GC(48)   Evacuate Collection Set: 105.29ms
[2026-09-18T20:37:15.276+0000][86.740s][info][gc,phases   ] GC(48)   Post Evacuate Collection Set: 1.16ms
[2026-09-18T20:37:15.276+0000][86.740s][info][gc,phases   ] GC(48)   Other: 0.07ms
[2026-09-18T20:37:15.276+0000][86.740s][info][gc,heap     ] GC(48) Eden regions: 165->0(160)
[2026-09-18T20:37:15.276+0000][86.740s][info][gc,heap     ] GC(48) Survivor regions: 8->16(22)
[2026-09-18T20:37:15.276+0000][86.740s][info][gc,heap     ] GC(48) Old regions: 298->296
[2026-09-18T20:37:15.276+0000][86.740s][info][gc,heap     ] GC(48) Humongous regions: 0->0
[2026-09-18T20:37:15.276+0000][86.740s][info][gc,metaspace] GC(48) Metaspace: 165281K(166976K)->165281K(166976K) NonClass: 138895K(139904K)->138895K(139904K) Class: 26385K(27072K)->26385K(27072K)
[2026-09-18T20:37:15.276+0000][86.740s][info][gc          ] GC(48) Pause Young (Mixed) (G1 Evacuation Pause) 3768M->2496M(4096M) 109.787ms
[2026-09-18T20:37:15.276+0000][86.740s][info][gc,cpu      ] GC(48) User=0.43s Sys=0.00s Real=0.11s
[2026-09-18T20:37:16.875+0000][88.340s][info][gc,start    ] GC(49) Pause Young (Concurrent Start) (G1 Evacuation Pause)
[2026-09-18T20:37:16.875+0000][88.340s][info][gc,task     ] GC(49) Using 4 workers of 4 for evacuation
[2026-09-18T20:37:16.996+0000][88.460s][info][gc,phases   ] GC(49)   Pre Evacuate Collection Set: 0.18ms
[2026-09-18T20:37:16.996+0000][88.460s][info][gc,phases   ] GC(49)   Merge Heap Roots: 2.62ms
[2026-09-18T20:37:16.996+0000][88.460s][info][gc,phases   ] GC(49)   Evacuate Collection Set: 116.31ms
[2026-09-18T20:37:16.996+0000][88.460s][info][gc,phases   ] GC(49)   Post Evacuate Collection Set: 1.27ms
[2026-09-18T20:37:16.996+0000][88.460s][info][gc,phases   ] GC(49)   Other: 0.09ms
[2026-09-18T20:37:16.996+0000][88.460s][info][gc,heap     ] GC(49) Eden regions: 160->0(154)
[2026-09-18T20:37:16.996+0000][88.460s][info][gc,heap     ] GC(49) Survivor regions: 16->19(22)
[2026-09-18T20:37:16.996+0000][88.460s][info][gc,heap     ] GC(49) Old regions: 296->301
[2026-09-18T20:37:16.996+0000][88.460s][info][gc,heap     ] GC(49) Humongous regions: 0->0
[2026-09-18T20:37:16.996+0000][88.460s][info][gc,metaspace] GC(49) Metaspace: 165291K(166976K)->165291K(166976K) NonClass: 138903K(139904K)->138903K(139904K) Class: 26388K(27072K)->26388K(27072K)
[2026-09-18T20:37:16.996+0000][88.460s][info][gc          ] GC(49) Pause Young (Concurrent Start) (G1 Evacuation Pause) 3776M->2556M(4096M) 120.626ms
[2026-09-18T20:37:16.996+0000][88.460s][info][gc,cpu      ] GC(49) User=0.48s Sys=0.00s Real=0.12s
[2026-09-18T20:37:16.996+0000][88.460s][info][gc          ] GC(50) Concurrent Mark Cycle
[2026-09-18T20:37:16.996+0000][88.460s][info][gc,marking  ] GC(50) Concurrent Scan Root Regions
[2026-09-18T20:37:17.121+0000][88.585s][info][gc,marking  ] GC(50) Concurrent Scan Root Regions 124.940ms
[2026-09-18T20:37:17.121+0000][88.585s][info][gc,marking  ] GC(50) Concurrent Mark
[2026-09-18T20:37:17.121+0000][88.585s][info][gc,marking  ] GC(50) Concurrent Mark From Roots
[2026-09-18T20:37:17.121+0000][88.585s][info][gc,task     ] GC(50) Using 1 workers of 1 for marking
[2026-09-18T20:37:19.010+0000][90.475s][info][gc,start    ] GC(51) Pause Young (Normal) (G1 Evacuation Pause)
[2026-09-18T20:37:19.010+0000][90.475s][info][gc,task     ] GC(51) Using 4 workers of 4 for evacuation
[2026-09-18T20:37:19.161+0000][90.625s][info][gc,phases   ] GC(51)   Pre Evacuate Collection Set: 0.16ms
[2026-09-18T20:37:19.161+0000][90.625s][info][gc,phases   ] GC(51)   Merge Heap Roots: 4.31ms
[2026-09-18T20:37:19.161+0000][90.625s][info][gc,phases   ] GC(51)   Evacuate Collection Set: 143.83ms
[2026-09-18T20:37:19.161+0000][90.625s][info][gc,phases   ] GC(51)   Post Evacuate Collection Set: 2.05ms
[2026-09-18T20:37:19.161+0000][90.625s][info][gc,phases   ] GC(51)   Other: 0.06ms
[2026-09-18T20:37:19.161+0000][90.625s][info][gc,heap     ] GC(51) Eden regions: 154->0(199)
[2026-09-18T20:37:19.161+0000][90.625s][info][gc,heap     ] GC(51) Survivor regions: 19->19(22)
[2026-09-18T20:37:19.161+0000][90.625s][info][gc,heap     ] GC(51) Old regions: 301->309
[2026-09-18T20:37:19.161+0000][90.625s][info][gc,heap     ] GC(51) Humongous regions: 0->0
[2026-09-18T20:37:19.161+0000][90.625s][info][gc,metaspace] GC(51) Metaspace: 165299K(166976K)->165299K(166976K) NonClass: 138903K(139904K)->138903K(139904K) Class: 26395K(27072K)->26395K(27072K)
[2026-09-18T20:37:19.161+0000][90.625s][info][gc          ] GC(51) Pause Young (Normal) (G1 Evacuation Pause) 3788M->2620M(4560M) 150.602ms
[2026-09-18T20:37:19.161+0000][90.625s][info][gc,cpu      ] GC(51) User=0.60s Sys=0.00s Real=0.15s
[2026-09-18T20:37:20.309+0000][91.773s][info][gc,marking  ] GC(50) Concurrent Mark From Roots 3188.049ms
[2026-09-18T20:37:20.309+0000][91.773s][info][gc,marking  ] GC(50) Concurrent Preclean
[2026-09-18T20:37:20.310+0000][91.774s][info][gc,marking  ] GC(50) Concurrent Preclean 1.021ms
[2026-09-18T20:37:20.310+0000][91.775s][info][gc,start    ] GC(50) Pause Remark
[2026-09-18T20:37:20.323+0000][91.787s][info][gc          ] GC(50) Pause Remark 3284M->3284M(4560M) 12.633ms
[2026-09-18T20:37:20.323+0000][91.787s][info][gc,cpu      ] GC(50) User=0.04s Sys=0.00s Real=0.01s
[2026-09-18T20:37:20.323+0000][91.787s][info][gc,marking  ] GC(50) Concurrent Mark 3201.911ms
[2026-09-18T20:37:20.323+0000][91.787s][info][gc,marking  ] GC(50) Concurrent Rebuild Remembered Sets and Scrub Regions
[2026-09-18T20:37:21.651+0000][93.116s][info][gc,start    ] GC(52) Pause Young (Normal) (G1 Evacuation Pause)
[2026-09-18T20:37:21.651+0000][93.116s][info][gc,task     ] GC(52) Using 4 workers of 4 for evacuation
[2026-09-18T20:37:21.788+0000][93.252s][info][gc,phases   ] GC(52)   Pre Evacuate Collection Set: 0.14ms
[2026-09-18T20:37:21.788+0000][93.252s][info][gc,phases   ] GC(52)   Merge Heap Roots: 3.63ms
[2026-09-18T20:37:21.788+0000][93.252s][info][gc,phases   ] GC(52)   Evacuate Collection Set: 130.52ms
[2026-09-18T20:37:21.788+0000][93.252s][info][gc,phases   ] GC(52)   Post Evacuate Collection Set: 1.82ms
[2026-09-18T20:37:21.788+0000][93.252s][info][gc,phases   ] GC(52)   Other: 0.05ms
[2026-09-18T20:37:21.788+0000][93.252s][info][gc,heap     ] GC(52) Eden regions: 172->0(192)
[2026-09-18T20:37:21.788+0000][93.252s][info][gc,heap     ] GC(52) Survivor regions: 19->19(24)
[2026-09-18T20:37:21.788+0000][93.252s][info][gc,heap     ] GC(52) Old regions: 309->317
[2026-09-18T20:37:21.788+0000][93.252s][info][gc,heap     ] GC(52) Humongous regions: 0->0
[2026-09-18T20:37:21.788+0000][93.252s][info][gc,metaspace] GC(52) Metaspace: 165377K(167040K)->165377K(167040K) NonClass: 138938K(139904K)->138938K(139904K) Class: 26438K(27136K)->26438K(27136K)
[2026-09-18T20:37:21.788+0000][93.252s][info][gc          ] GC(52) Pause Young (Normal) (G1 Evacuation Pause) 3996M->2678M(4560M) 136.316ms
[2026-09-18T20:37:21.788+0000][93.252s][info][gc,cpu      ] GC(52) User=0.54s Sys=0.00s Real=0.13s
[2026-09-18T20:37:23.009+0000][94.473s][info][gc,marking  ] GC(50) Concurrent Rebuild Remembered Sets and Scrub Regions 2685.843ms
[2026-09-18T20:37:23.009+0000][94.473s][info][gc,start    ] GC(50) Pause Cleanup
[2026-09-18T20:37:23.009+0000][94.474s][info][gc          ] GC(50) Pause Cleanup 3422M->3422M(4560M) 0.242ms
[2026-09-18T20:37:23.009+0000][94.474s][info][gc,cpu      ] GC(50) User=0.00s Sys=0.00s Real=0.01s
[2026-09-18T20:37:23.009+0000][94.474s][info][gc,marking  ] GC(50) Concurrent Clear Claimed Marks
[2026-09-18T20:37:23.010+0000][94.474s][info][gc,marking  ] GC(50) Concurrent Clear Claimed Marks 0.209ms
[2026-09-18T20:37:23.010+0000][94.474s][info][gc,marking  ] GC(50) Concurrent Cleanup for Next Mark
[2026-09-18T20:37:23.016+0000][94.480s][info][gc,marking  ] GC(50) Concurrent Cleanup for Next Mark 6.589ms
[2026-09-18T20:37:23.016+0000][94.480s][info][gc          ] GC(50) Concurrent Mark Cycle 6020.160ms
[2026-09-18T20:37:23.889+0000][95.354s][info][gc,start    ] GC(53) Pause Young (Prepare Mixed) (G1 Evacuation Pause)
[2026-09-18T20:37:23.889+0000][95.354s][info][gc,task     ] GC(53) Using 4 workers of 4 for evacuation
[2026-09-18T20:37:24.017+0000][95.481s][info][gc,phases   ] GC(53)   Pre Evacuate Collection Set: 0.13ms
[2026-09-18T20:37:24.017+0000][95.481s][info][gc,phases   ] GC(53)   Merge Heap Roots: 3.20ms
[2026-09-18T20:37:24.017+0000][95.481s][info][gc,phases   ] GC(53)   Evacuate Collection Set: 122.74ms
[2026-09-18T20:37:24.017+0000][95.481s][info][gc,phases   ] GC(53)   Post Evacuate Collection Set: 1.20ms
[2026-09-18T20:37:24.017+0000][95.481s][info][gc,phases   ] GC(53)   Other: 0.08ms
[2026-09-18T20:37:24.017+0000][95.481s][info][gc,heap     ] GC(53) Eden regions: 173->0(186)
[2026-09-18T20:37:24.017+0000][95.481s][info][gc,heap     ] GC(53) Survivor regions: 19->19(24)
[2026-09-18T20:37:24.017+0000][95.481s][info][gc,heap     ] GC(53) Old regions: 317->325
[2026-09-18T20:37:24.017+0000][95.481s][info][gc,heap     ] GC(53) Humongous regions: 0->0
[2026-09-18T20:37:24.017+0000][95.481s][info][gc,metaspace] GC(53) Metaspace: 165395K(167040K)->165395K(167040K) NonClass: 138954K(139904K)->138954K(139904K) Class: 26440K(27136K)->26440K(27136K)
[2026-09-18T20:37:24.017+0000][95.481s][info][gc          ] GC(53) Pause Young (Prepare Mixed) (G1 Evacuation Pause) 4062M->2742M(4560M) 127.491ms
[2026-09-18T20:37:24.017+0000][95.481s][info][gc,cpu      ] GC(53) User=0.51s Sys=0.00s Real=0.12s
[2026-09-18T20:37:25.577+0000][97.041s][info][gc,start    ] GC(54) Pause Young (Mixed) (G1 Evacuation Pause)
[2026-09-18T20:37:25.577+0000][97.041s][info][gc,task     ] GC(54) Using 4 workers of 4 for evacuation
[2026-09-18T20:37:25.710+0000][97.174s][info][gc,phases   ] GC(54)   Pre Evacuate Collection Set: 0.17ms
[2026-09-18T20:37:25.710+0000][97.174s][info][gc,phases   ] GC(54)   Merge Heap Roots: 3.27ms
[2026-09-18T20:37:25.710+0000][97.174s][info][gc,phases   ] GC(54)   Evacuate Collection Set: 128.74ms
[2026-09-18T20:37:25.710+0000][97.174s][info][gc,phases   ] GC(54)   Post Evacuate Collection Set: 1.24ms
[2026-09-18T20:37:25.710+0000][97.174s][info][gc,phases   ] GC(54)   Other: 0.07ms
[2026-09-18T20:37:25.710+0000][97.174s][info][gc,heap     ] GC(54) Eden regions: 164->0(186)
[2026-09-18T20:37:25.710+0000][97.174s][info][gc,heap     ] GC(54) Survivor regions: 19->17(23)
[2026-09-18T20:37:25.710+0000][97.175s][info][gc,heap     ] GC(54) Old regions: 325->329
[2026-09-18T20:37:25.710+0000][97.175s][info][gc,heap     ] GC(54) Humongous regions: 0->0
[2026-09-18T20:37:25.710+0000][97.175s][info][gc,metaspace] GC(54) Metaspace: 165460K(167104K)->165460K(167104K) NonClass: 139019K(139968K)->139019K(139968K) Class: 26440K(27136K)->26440K(27136K)
[2026-09-18T20:37:25.710+0000][97.175s][info][gc          ] GC(54) Pause Young (Mixed) (G1 Evacuation Pause) 4054M->2764M(4560M) 133.654ms
[2026-09-18T20:37:25.710+0000][97.175s][info][gc,cpu      ] GC(54) User=0.53s Sys=0.00s Real=0.14s
[2026-09-18T20:37:27.535+0000][98.999s][info][gc,start    ] GC(55) Pause Young (Concurrent Start) (G1 Evacuation Pause)
[2026-09-18T20:37:27.535+0000][98.999s][info][gc,task     ] GC(55) Using 4 workers of 4 for evacuation
[2026-09-18T20:37:27.663+0000][99.127s][info][gc,phases   ] GC(55)   Pre Evacuate Collection Set: 0.18ms
[2026-09-18T20:37:27.663+0000][99.127s][info][gc,phases   ] GC(55)   Merge Heap Roots: 3.55ms
[2026-09-18T20:37:27.663+0000][99.127s][info][gc,phases   ] GC(55)   Evacuate Collection Set: 122.93ms
[2026-09-18T20:37:27.663+0000][99.127s][info][gc,phases   ] GC(55)   Post Evacuate Collection Set: 1.25ms
[2026-09-18T20:37:27.663+0000][99.127s][info][gc,phases   ] GC(55)   Other: 0.10ms
[2026-09-18T20:37:27.663+0000][99.127s][info][gc,heap     ] GC(55) Eden regions: 186->0(181)
[2026-09-18T20:37:27.663+0000][99.127s][info][gc,heap     ] GC(55) Survivor regions: 17->16(26)
[2026-09-18T20:37:27.663+0000][99.127s][info][gc,heap     ] GC(55) Old regions: 329->336
[2026-09-18T20:37:27.663+0000][99.127s][info][gc,heap     ] GC(55) Humongous regions: 0->0
[2026-09-18T20:37:27.663+0000][99.127s][info][gc,metaspace] GC(55) Metaspace: 165486K(167104K)->165486K(167104K) NonClass: 139041K(139968K)->139041K(139968K) Class: 26444K(27136K)->26444K(27136K)
[2026-09-18T20:37:27.663+0000][99.127s][info][gc          ] GC(55) Pause Young (Concurrent Start) (G1 Evacuation Pause) 4252M->2816M(4560M) 128.185ms
[2026-09-18T20:37:27.663+0000][99.127s][info][gc,cpu      ] GC(55) User=0.51s Sys=0.00s Real=0.13s
[2026-09-18T20:37:27.663+0000][99.127s][info][gc          ] GC(56) Concurrent Mark Cycle
[2026-09-18T20:37:27.663+0000][99.127s][info][gc,marking  ] GC(56) Concurrent Scan Root Regions
[2026-09-18T20:37:27.763+0000][99.227s][info][gc,marking  ] GC(56) Concurrent Scan Root Regions 99.793ms
[2026-09-18T20:37:27.763+0000][99.227s][info][gc,marking  ] GC(56) Concurrent Mark
[2026-09-18T20:37:27.763+0000][99.227s][info][gc,marking  ] GC(56) Concurrent Mark From Roots
[2026-09-18T20:37:27.763+0000][99.227s][info][gc,task     ] GC(56) Using 1 workers of 1 for marking
[2026-09-18T20:37:30.051+0000][101.516s][info][gc,start    ] GC(57) Pause Young (Normal) (G1 Evacuation Pause)
[2026-09-18T20:37:30.051+0000][101.516s][info][gc,task     ] GC(57) Using 4 workers of 4 for evacuation
[2026-09-18T20:37:30.187+0000][101.651s][info][gc,phases   ] GC(57)   Pre Evacuate Collection Set: 0.17ms
[2026-09-18T20:37:30.187+0000][101.651s][info][gc,phases   ] GC(57)   Merge Heap Roots: 4.65ms
[2026-09-18T20:37:30.187+0000][101.651s][info][gc,phases   ] GC(57)   Evacuate Collection Set: 129.37ms
[2026-09-18T20:37:30.187+0000][101.651s][info][gc,phases   ] GC(57)   Post Evacuate Collection Set: 1.28ms
[2026-09-18T20:37:30.187+0000][101.651s][info][gc,phases   ] GC(57)   Other: 0.07ms
[2026-09-18T20:37:30.187+0000][101.651s][info][gc,heap     ] GC(57) Eden regions: 181->0(174)
[2026-09-18T20:37:30.187+0000][101.651s][info][gc,heap     ] GC(57) Survivor regions: 16->18(25)
[2026-09-18T20:37:30.187+0000][101.651s][info][gc,heap     ] GC(57) Old regions: 336->342
[2026-09-18T20:37:30.187+0000][101.651s][info][gc,heap     ] GC(57) Humongous regions: 0->0
[2026-09-18T20:37:30.187+0000][101.651s][info][gc,metaspace] GC(57) Metaspace: 165522K(167168K)->165522K(167168K) NonClass: 139073K(140032K)->139073K(140032K) Class: 26449K(27136K)->26449K(27136K)
[2026-09-18T20:37:30.187+0000][101.651s][info][gc          ] GC(57) Pause Young (Normal) (G1 Evacuation Pause) 4264M->2873M(4560M) 135.699ms
[2026-09-18T20:37:30.187+0000][101.651s][info][gc,cpu      ] GC(57) User=0.54s Sys=0.00s Real=0.13s
[2026-09-18T20:37:31.327+0000][102.791s][info][gc,marking  ] GC(56) Concurrent Mark From Roots 3564.347ms
[2026-09-18T20:37:31.327+0000][102.791s][info][gc,marking  ] GC(56) Concurrent Preclean
[2026-09-18T20:37:31.328+0000][102.792s][info][gc,marking  ] GC(56) Concurrent Preclean 1.068ms
[2026-09-18T20:37:31.328+0000][102.793s][info][gc,start    ] GC(56) Pause Remark
[2026-09-18T20:37:31.342+0000][102.806s][info][gc          ] GC(56) Pause Remark 3593M->3593M(4800M) 13.201ms
[2026-09-18T20:37:31.342+0000][102.806s][info][gc,cpu      ] GC(56) User=0.04s Sys=0.00s Real=0.02s
[2026-09-18T20:37:31.342+0000][102.806s][info][gc,marking  ] GC(56) Concurrent Mark 3578.963ms
[2026-09-18T20:37:31.342+0000][102.806s][info][gc,marking  ] GC(56) Concurrent Rebuild Remembered Sets and Scrub Regions
[2026-09-18T20:37:32.456+0000][103.920s][info][gc,start    ] GC(58) Pause Young (Normal) (G1 Evacuation Pause)
[2026-09-18T20:37:32.456+0000][103.920s][info][gc,task     ] GC(58) Using 4 workers of 4 for evacuation
[2026-09-18T20:37:32.602+0000][104.066s][info][gc,phases   ] GC(58)   Pre Evacuate Collection Set: 0.15ms
[2026-09-18T20:37:32.602+0000][104.066s][info][gc,phases   ] GC(58)   Merge Heap Roots: 3.50ms
[2026-09-18T20:37:32.602+0000][104.066s][info][gc,phases   ] GC(58)   Evacuate Collection Set: 139.66ms
[2026-09-18T20:37:32.602+0000][104.066s][info][gc,phases   ] GC(58)   Post Evacuate Collection Set: 2.30ms
[2026-09-18T20:37:32.602+0000][104.066s][info][gc,phases   ] GC(58)   Other: 0.08ms
[2026-09-18T20:37:32.602+0000][104.066s][info][gc,heap     ] GC(58) Eden regions: 174->0(192)
[2026-09-18T20:37:32.602+0000][104.066s][info][gc,heap     ] GC(58) Survivor regions: 18->19(24)
[2026-09-18T20:37:32.602+0000][104.066s][info][gc,heap     ] GC(58) Old regions: 342->349
[2026-09-18T20:37:32.602+0000][104.066s][info][gc,heap     ] GC(58) Humongous regions: 0->0
[2026-09-18T20:37:32.602+0000][104.066s][info][gc,metaspace] GC(58) Metaspace: 165530K(167168K)->165530K(167168K) NonClass: 139081K(140032K)->139081K(140032K) Class: 26449K(27136K)->26449K(27136K)
[2026-09-18T20:37:32.602+0000][104.066s][info][gc          ] GC(58) Pause Young (Normal) (G1 Evacuation Pause) 4265M->2934M(4800M) 145.860ms
[2026-09-18T20:37:32.602+0000][104.066s][info][gc,cpu      ] GC(58) User=0.57s Sys=0.00s Real=0.15s
[2026-09-18T20:37:33.743+0000][105.207s][info][gc,marking  ] GC(56) Concurrent Rebuild Remembered Sets and Scrub Regions 2401.591ms
[2026-09-18T20:37:33.743+0000][105.208s][info][gc,start    ] GC(56) Pause Cleanup
[2026-09-18T20:37:33.744+0000][105.208s][info][gc          ] GC(56) Pause Cleanup 3642M->3642M(4800M) 0.189ms
[2026-09-18T20:37:33.744+0000][105.208s][info][gc,cpu      ] GC(56) User=0.00s Sys=0.00s Real=0.00s
[2026-09-18T20:37:33.746+0000][105.210s][info][gc,marking  ] GC(56) Concurrent Clear Claimed Marks
[2026-09-18T20:37:33.746+0000][105.211s][info][gc,marking  ] GC(56) Concurrent Clear Claimed Marks 0.224ms
[2026-09-18T20:37:33.746+0000][105.211s][info][gc,marking  ] GC(56) Concurrent Cleanup for Next Mark
[2026-09-18T20:37:33.755+0000][105.219s][info][gc,marking  ] GC(56) Concurrent Cleanup for Next Mark 8.299ms
[2026-09-18T20:37:33.755+0000][105.219s][info][gc          ] GC(56) Concurrent Mark Cycle 6091.987ms
[2026-09-18T20:37:34.885+0000][106.349s][info][gc,start    ] GC(59) Pause Young (Prepare Mixed) (G1 Evacuation Pause)
[2026-09-18T20:37:34.885+0000][106.349s][info][gc,task     ] GC(59) Using 4 workers of 4 for evacuation
[2026-09-18T20:37:35.025+0000][106.489s][info][gc,phases   ] GC(59)   Pre Evacuate Collection Set: 0.15ms
[2026-09-18T20:37:35.025+0000][106.489s][info][gc,phases   ] GC(59)   Merge Heap Roots: 3.73ms
[2026-09-18T20:37:35.025+0000][106.489s][info][gc,phases   ] GC(59)   Evacuate Collection Set: 134.47ms
[2026-09-18T20:37:35.025+0000][106.489s][info][gc,phases   ] GC(59)   Post Evacuate Collection Set: 1.36ms
[2026-09-18T20:37:35.025+0000][106.489s][info][gc,phases   ] GC(59)   Other: 0.06ms
[2026-09-18T20:37:35.025+0000][106.489s][info][gc,heap     ] GC(59) Eden regions: 192->0(186)
[2026-09-18T20:37:35.025+0000][106.489s][info][gc,heap     ] GC(59) Survivor regions: 19->19(27)
[2026-09-18T20:37:35.025+0000][106.489s][info][gc,heap     ] GC(59) Old regions: 349->356
[2026-09-18T20:37:35.025+0000][106.489s][info][gc,heap     ] GC(59) Humongous regions: 0->0
[2026-09-18T20:37:35.025+0000][106.489s][info][gc,metaspace] GC(59) Metaspace: 165659K(167296K)->165659K(167296K) NonClass: 139197K(140160K)->139197K(140160K) Class: 26462K(27136K)->26462K(27136K)
[2026-09-18T20:37:35.025+0000][106.489s][info][gc          ] GC(59) Pause Young (Prepare Mixed) (G1 Evacuation Pause) 4470M->2992M(4800M) 139.916ms
[2026-09-18T20:37:35.025+0000][106.489s][info][gc,cpu      ] GC(59) User=0.56s Sys=0.00s Real=0.14s
[2026-09-18T20:37:36.639+0000][108.104s][info][gc,start    ] GC(60) Pause Young (Mixed) (G1 Evacuation Pause)
[2026-09-18T20:37:36.640+0000][108.104s][info][gc,task     ] GC(60) Using 4 workers of 4 for evacuation
[2026-09-18T20:37:36.787+0000][108.251s][info][gc,phases   ] GC(60)   Pre Evacuate Collection Set: 0.15ms
[2026-09-18T20:37:36.787+0000][108.251s][info][gc,phases   ] GC(60)   Merge Heap Roots: 3.64ms
[2026-09-18T20:37:36.787+0000][108.251s][info][gc,phases   ] GC(60)   Evacuate Collection Set: 142.40ms
[2026-09-18T20:37:36.787+0000][108.251s][info][gc,phases   ] GC(60)   Post Evacuate Collection Set: 1.36ms
[2026-09-18T20:37:36.787+0000][108.251s][info][gc,phases   ] GC(60)   Other: 0.05ms
[2026-09-18T20:37:36.787+0000][108.251s][info][gc,heap     ] GC(60) Eden regions: 167->0(184)
[2026-09-18T20:37:36.787+0000][108.251s][info][gc,heap     ] GC(60) Survivor regions: 19->18(24)
[2026-09-18T20:37:36.787+0000][108.251s][info][gc,heap     ] GC(60) Old regions: 356->360
[2026-09-18T20:37:36.787+0000][108.251s][info][gc,heap     ] GC(60) Humongous regions: 0->0
[2026-09-18T20:37:36.787+0000][108.251s][info][gc,metaspace] GC(60) Metaspace: 165680K(167296K)->165680K(167296K) NonClass: 139217K(140160K)->139217K(140160K) Class: 26463K(27136K)->26463K(27136K)
[2026-09-18T20:37:36.787+0000][108.251s][info][gc          ] GC(60) Pause Young (Mixed) (G1 Evacuation Pause) 4328M->3018M(4800M) 147.784ms
[2026-09-18T20:37:36.787+0000][108.252s][info][gc,cpu      ] GC(60) User=0.58s Sys=0.00s Real=0.14s
[2026-09-18T20:37:38.562+0000][110.027s][info][gc,start    ] GC(61) Pause Young (Concurrent Start) (G1 Evacuation Pause)
[2026-09-18T20:37:38.562+0000][110.027s][info][gc,task     ] GC(61) Using 4 workers of 4 for evacuation
[2026-09-18T20:37:38.703+0000][110.167s][info][gc,phases   ] GC(61)   Pre Evacuate Collection Set: 0.19ms
[2026-09-18T20:37:38.703+0000][110.167s][info][gc,phases   ] GC(61)   Merge Heap Roots: 3.71ms
[2026-09-18T20:37:38.703+0000][110.167s][info][gc,phases   ] GC(61)   Evacuate Collection Set: 134.81ms
[2026-09-18T20:37:38.703+0000][110.167s][info][gc,phases   ] GC(61)   Post Evacuate Collection Set: 1.90ms
[2026-09-18T20:37:38.703+0000][110.167s][info][gc,phases   ] GC(61)   Other: 0.08ms
[2026-09-18T20:37:38.703+0000][110.167s][info][gc,heap     ] GC(61) Eden regions: 184->0(227)
[2026-09-18T20:37:38.703+0000][110.167s][info][gc,heap     ] GC(61) Survivor regions: 18->16(26)
[2026-09-18T20:37:38.703+0000][110.167s][info][gc,heap     ] GC(61) Old regions: 360->367
[2026-09-18T20:37:38.703+0000][110.167s][info][gc,heap     ] GC(61) Humongous regions: 0->0
[2026-09-18T20:37:38.703+0000][110.167s][info][gc,metaspace] GC(61) Metaspace: 165699K(167296K)->165699K(167296K) NonClass: 139236K(140160K)->139236K(140160K) Class: 26463K(27136K)->26463K(27136K)
[2026-09-18T20:37:38.703+0000][110.168s][info][gc          ] GC(61) Pause Young (Concurrent Start) (G1 Evacuation Pause) 4490M->3060M(5192M) 140.877ms
[2026-09-18T20:37:38.703+0000][110.168s][info][gc,cpu      ] GC(61) User=0.55s Sys=0.00s Real=0.14s
[2026-09-18T20:37:38.703+0000][110.168s][info][gc          ] GC(62) Concurrent Mark Cycle
[2026-09-18T20:37:38.703+0000][110.168s][info][gc,marking  ] GC(62) Concurrent Scan Root Regions
[2026-09-18T20:37:38.783+0000][110.247s][info][gc,marking  ] GC(62) Concurrent Scan Root Regions 79.532ms
[2026-09-18T20:37:38.783+0000][110.247s][info][gc,marking  ] GC(62) Concurrent Mark
[2026-09-18T20:37:38.783+0000][110.247s][info][gc,marking  ] GC(62) Concurrent Mark From Roots
[2026-09-18T20:37:38.783+0000][110.247s][info][gc,task     ] GC(62) Using 1 workers of 1 for marking
[2026-09-18T20:37:41.604+0000][113.069s][info][gc,start    ] GC(63) Pause Young (Normal) (G1 Evacuation Pause)
[2026-09-18T20:37:41.604+0000][113.069s][info][gc,task     ] GC(63) Using 4 workers of 4 for evacuation
[2026-09-18T20:37:41.745+0000][113.209s][info][gc,phases   ] GC(63)   Pre Evacuate Collection Set: 0.15ms
[2026-09-18T20:37:41.745+0000][113.209s][info][gc,phases   ] GC(63)   Merge Heap Roots: 4.31ms
[2026-09-18T20:37:41.745+0000][113.209s][info][gc,phases   ] GC(63)   Evacuate Collection Set: 134.27ms
[2026-09-18T20:37:41.745+0000][113.209s][info][gc,phases   ] GC(63)   Post Evacuate Collection Set: 1.46ms
[2026-09-18T20:37:41.745+0000][113.209s][info][gc,phases   ] GC(63)   Other: 0.06ms
[2026-09-18T20:37:41.745+0000][113.209s][info][gc,heap     ] GC(63) Eden regions: 227->0(221)
[2026-09-18T20:37:41.745+0000][113.209s][info][gc,heap     ] GC(63) Survivor regions: 16->23(31)
[2026-09-18T20:37:41.745+0000][113.209s][info][gc,heap     ] GC(63) Old regions: 367->367
[2026-09-18T20:37:41.745+0000][113.209s][info][gc,heap     ] GC(63) Humongous regions: 0->0
[2026-09-18T20:37:41.745+0000][113.209s][info][gc,metaspace] GC(63) Metaspace: 165719K(167296K)->165719K(167296K) NonClass: 139255K(140160K)->139255K(140160K) Class: 26464K(27136K)->26464K(27136K)
[2026-09-18T20:37:41.745+0000][113.209s][info][gc          ] GC(63) Pause Young (Normal) (G1 Evacuation Pause) 4876M->3120M(5192M) 140.402ms
[2026-09-18T20:37:41.745+0000][113.209s][info][gc,cpu      ] GC(63) User=0.56s Sys=0.00s Real=0.14s
[2026-09-18T20:37:42.923+0000][114.387s][info][gc,marking  ] GC(62) Concurrent Mark From Roots 4140.134ms
[2026-09-18T20:37:42.923+0000][114.387s][info][gc,marking  ] GC(62) Concurrent Preclean
[2026-09-18T20:37:42.924+0000][114.388s][info][gc,marking  ] GC(62) Concurrent Preclean 0.922ms
[2026-09-18T20:37:42.924+0000][114.388s][info][gc,start    ] GC(62) Pause Remark
[2026-09-18T20:37:42.942+0000][114.406s][info][gc          ] GC(62) Pause Remark 3804M->3804M(5200M) 17.515ms
[2026-09-18T20:37:42.942+0000][114.406s][info][gc,cpu      ] GC(62) User=0.06s Sys=0.00s Real=0.02s
[2026-09-18T20:37:42.942+0000][114.406s][info][gc,marking  ] GC(62) Concurrent Mark 4158.916ms
[2026-09-18T20:37:42.942+0000][114.406s][info][gc,marking  ] GC(62) Concurrent Rebuild Remembered Sets and Scrub Regions
[2026-09-18T20:37:44.414+0000][115.879s][info][gc,start    ] GC(64) Pause Young (Normal) (G1 Evacuation Pause)
[2026-09-18T20:37:44.414+0000][115.879s][info][gc,task     ] GC(64) Using 4 workers of 4 for evacuation
[2026-09-18T20:37:44.592+0000][116.056s][info][gc,phases   ] GC(64)   Pre Evacuate Collection Set: 0.16ms
[2026-09-18T20:37:44.592+0000][116.056s][info][gc,phases   ] GC(64)   Merge Heap Roots: 4.77ms
[2026-09-18T20:37:44.592+0000][116.056s][info][gc,phases   ] GC(64)   Evacuate Collection Set: 168.78ms
[2026-09-18T20:37:44.592+0000][116.056s][info][gc,phases   ] GC(64)   Post Evacuate Collection Set: 3.45ms
[2026-09-18T20:37:44.592+0000][116.056s][info][gc,phases   ] GC(64)   Other: 0.06ms
[2026-09-18T20:37:44.592+0000][116.056s][info][gc,heap     ] GC(64) Eden regions: 200->0(214)
[2026-09-18T20:37:44.592+0000][116.056s][info][gc,heap     ] GC(64) Survivor regions: 23->20(28)
[2026-09-18T20:37:44.592+0000][116.056s][info][gc,heap     ] GC(64) Old regions: 367->378
[2026-09-18T20:37:44.592+0000][116.056s][info][gc,heap     ] GC(64) Humongous regions: 0->0
[2026-09-18T20:37:44.592+0000][116.056s][info][gc,metaspace] GC(64) Metaspace: 165764K(167360K)->165764K(167360K) NonClass: 139300K(140224K)->139300K(140224K) Class: 26464K(27136K)->26464K(27136K)
[2026-09-18T20:37:44.592+0000][116.056s][info][gc          ] GC(64) Pause Young (Normal) (G1 Evacuation Pause) 4720M->3181M(5200M) 177.394ms
[2026-09-18T20:37:44.592+0000][116.056s][info][gc,cpu      ] GC(64) User=0.69s Sys=0.00s Real=0.18s
[2026-09-18T20:37:44.747+0000][116.212s][info][gc,start    ] GC(65) Pause Young (Normal) (G1 Evacuation Pause)
[2026-09-18T20:37:44.747+0000][116.212s][info][gc,task     ] GC(65) Using 4 workers of 4 for evacuation
[2026-09-18T20:37:44.900+0000][116.365s][info][gc,phases   ] GC(65)   Pre Evacuate Collection Set: 0.16ms
[2026-09-18T20:37:44.900+0000][116.365s][info][gc,phases   ] GC(65)   Merge Heap Roots: 4.94ms
[2026-09-18T20:37:44.900+0000][116.365s][info][gc,phases   ] GC(65)   Evacuate Collection Set: 145.98ms
[2026-09-18T20:37:44.900+0000][116.365s][info][gc,phases   ] GC(65)   Post Evacuate Collection Set: 1.74ms
[2026-09-18T20:37:44.900+0000][116.365s][info][gc,phases   ] GC(65)   Other: 0.06ms
[2026-09-18T20:37:44.900+0000][116.365s][info][gc,heap     ] GC(65) Eden regions: 14->0(213)
[2026-09-18T20:37:44.900+0000][116.365s][info][gc,heap     ] GC(65) Survivor regions: 20->2(5)
[2026-09-18T20:37:44.900+0000][116.365s][info][gc,heap     ] GC(65) Old regions: 378->397
[2026-09-18T20:37:44.900+0000][116.365s][info][gc,heap     ] GC(65) Humongous regions: 0->0
[2026-09-18T20:37:44.900+0000][116.365s][info][gc,metaspace] GC(65) Metaspace: 165764K(167360K)->165764K(167360K) NonClass: 139300K(140224K)->139300K(140224K) Class: 26464K(27136K)->26464K(27136K)
[2026-09-18T20:37:44.900+0000][116.365s][info][gc          ] GC(65) Pause Young (Normal) (G1 Evacuation Pause) 3293M->3192M(5200M) 153.009ms
[2026-09-18T20:37:44.900+0000][116.365s][info][gc,cpu      ] GC(65) User=0.60s Sys=0.00s Real=0.16s
[2026-09-18T20:37:46.010+0000][117.475s][info][gc,marking  ] GC(62) Concurrent Rebuild Remembered Sets and Scrub Regions 3068.593ms
[2026-09-18T20:37:46.011+0000][117.475s][info][gc,start    ] GC(62) Pause Cleanup
[2026-09-18T20:37:46.011+0000][117.475s][info][gc          ] GC(62) Pause Cleanup 3898M->3898M(5200M) 0.248ms
[2026-09-18T20:37:46.011+0000][117.475s][info][gc,cpu      ] GC(62) User=0.00s Sys=0.00s Real=0.00s
[2026-09-18T20:37:46.011+0000][117.475s][info][gc,marking  ] GC(62) Concurrent Clear Claimed Marks
[2026-09-18T20:37:46.011+0000][117.475s][info][gc,marking  ] GC(62) Concurrent Clear Claimed Marks 0.228ms
[2026-09-18T20:37:46.011+0000][117.475s][info][gc,marking  ] GC(62) Concurrent Cleanup for Next Mark
[2026-09-18T20:37:46.017+0000][117.482s][info][gc,marking  ] GC(62) Concurrent Cleanup for Next Mark 6.146ms
[2026-09-18T20:37:46.017+0000][117.482s][info][gc          ] GC(62) Concurrent Mark Cycle 7314.066ms
[2026-09-18T20:37:47.376+0000][118.840s][info][gc,start    ] GC(66) Pause Young (Prepare Mixed) (G1 Evacuation Pause)
[2026-09-18T20:37:47.376+0000][118.840s][info][gc,task     ] GC(66) Using 4 workers of 4 for evacuation
[2026-09-18T20:37:47.494+0000][118.958s][info][gc,phases   ] GC(66)   Pre Evacuate Collection Set: 0.14ms
[2026-09-18T20:37:47.494+0000][118.958s][info][gc,phases   ] GC(66)   Merge Heap Roots: 3.47ms
[2026-09-18T20:37:47.494+0000][118.958s][info][gc,phases   ] GC(66)   Evacuate Collection Set: 112.65ms
[2026-09-18T20:37:47.494+0000][118.958s][info][gc,phases   ] GC(66)   Post Evacuate Collection Set: 1.40ms
[2026-09-18T20:37:47.494+0000][118.958s][info][gc,phases   ] GC(66)   Other: 0.07ms
[2026-09-18T20:37:47.494+0000][118.958s][info][gc,heap     ] GC(66) Eden regions: 213->0(204)
[2026-09-18T20:37:47.494+0000][118.958s][info][gc,heap     ] GC(66) Survivor regions: 2->12(27)
[2026-09-18T20:37:47.494+0000][118.958s][info][gc,heap     ] GC(66) Old regions: 397->397
[2026-09-18T20:37:47.494+0000][118.958s][info][gc,heap     ] GC(66) Humongous regions: 0->0
[2026-09-18T20:37:47.494+0000][118.958s][info][gc,metaspace] GC(66) Metaspace: 165811K(167488K)->165811K(167488K) NonClass: 139340K(140288K)->139340K(140288K) Class: 26471K(27200K)->26471K(27200K)
[2026-09-18T20:37:47.494+0000][118.958s][info][gc          ] GC(66) Pause Young (Prepare Mixed) (G1 Evacuation Pause) 4896M->3272M(5200M) 117.891ms
[2026-09-18T20:37:47.494+0000][118.958s][info][gc,cpu      ] GC(66) User=0.47s Sys=0.00s Real=0.12s
[2026-09-18T20:37:49.442+0000][120.907s][info][gc,start    ] GC(67) Pause Young (Mixed) (G1 Evacuation Pause)
[2026-09-18T20:37:49.443+0000][120.907s][info][gc,task     ] GC(67) Using 4 workers of 4 for evacuation
[2026-09-18T20:37:49.582+0000][121.046s][info][gc,phases   ] GC(67)   Pre Evacuate Collection Set: 0.16ms
[2026-09-18T20:37:49.582+0000][121.046s][info][gc,phases   ] GC(67)   Merge Heap Roots: 4.23ms
[2026-09-18T20:37:49.582+0000][121.046s][info][gc,phases   ] GC(67)   Evacuate Collection Set: 133.25ms
[2026-09-18T20:37:49.582+0000][121.046s][info][gc,phases   ] GC(67)   Post Evacuate Collection Set: 1.44ms
[2026-09-18T20:37:49.582+0000][121.046s][info][gc,phases   ] GC(67)   Other: 0.08ms
[2026-09-18T20:37:49.582+0000][121.046s][info][gc,heap     ] GC(67) Eden regions: 204->0(142)
[2026-09-18T20:37:49.582+0000][121.046s][info][gc,heap     ] GC(67) Survivor regions: 12->16(27)
[2026-09-18T20:37:49.582+0000][121.046s][info][gc,heap     ] GC(67) Old regions: 397->394
[2026-09-18T20:37:49.582+0000][121.046s][info][gc,heap     ] GC(67) Humongous regions: 0->0
[2026-09-18T20:37:49.582+0000][121.046s][info][gc,metaspace] GC(67) Metaspace: 165852K(167552K)->165852K(167552K) NonClass: 139371K(140352K)->139371K(140352K) Class: 26480K(27200K)->26480K(27200K)
[2026-09-18T20:37:49.582+0000][121.046s][info][gc          ] GC(67) Pause Young (Mixed) (G1 Evacuation Pause) 4904M->3279M(5200M) 139.310ms
[2026-09-18T20:37:49.582+0000][121.046s][info][gc,cpu      ] GC(67) User=0.56s Sys=0.00s Real=0.14s
[2026-09-18T20:37:51.724+0000][123.188s][info][gc,start    ] GC(68) Pause Young (Concurrent Start) (G1 Evacuation Pause)
[2026-09-18T20:37:51.724+0000][123.188s][info][gc,task     ] GC(68) Using 4 workers of 4 for evacuation
[2026-09-18T20:37:51.876+0000][123.341s][info][gc,phases   ] GC(68)   Pre Evacuate Collection Set: 0.20ms
[2026-09-18T20:37:51.876+0000][123.341s][info][gc,phases   ] GC(68)   Merge Heap Roots: 5.77ms
[2026-09-18T20:37:51.876+0000][123.341s][info][gc,phases   ] GC(68)   Evacuate Collection Set: 144.58ms
[2026-09-18T20:37:51.876+0000][123.341s][info][gc,phases   ] GC(68)   Post Evacuate Collection Set: 1.69ms
[2026-09-18T20:37:51.876+0000][123.341s][info][gc,phases   ] GC(68)   Other: 0.09ms
[2026-09-18T20:37:51.876+0000][123.341s][info][gc,heap     ] GC(68) Eden regions: 206->0(204)
[2026-09-18T20:37:51.876+0000][123.341s][info][gc,heap     ] GC(68) Survivor regions: 16->11(28)
[2026-09-18T20:37:51.876+0000][123.341s][info][gc,heap     ] GC(68) Old regions: 394->402
[2026-09-18T20:37:51.876+0000][123.341s][info][gc,heap     ] GC(68) Humongous regions: 0->0
[2026-09-18T20:37:51.876+0000][123.341s][info][gc,metaspace] GC(68) Metaspace: 165886K(167616K)->165886K(167616K) NonClass: 139405K(140416K)->139405K(140416K) Class: 26480K(27200K)->26480K(27200K)
[2026-09-18T20:37:51.876+0000][123.341s][info][gc          ] GC(68) Pause Young (Concurrent Start) (G1 Evacuation Pause) 4927M->3294M(5200M) 152.502ms
[2026-09-18T20:37:51.876+0000][123.341s][info][gc,cpu      ] GC(68) User=0.59s Sys=0.01s Real=0.15s
[2026-09-18T20:37:51.876+0000][123.341s][info][gc          ] GC(69) Concurrent Mark Cycle
[2026-09-18T20:37:51.877+0000][123.341s][info][gc,marking  ] GC(69) Concurrent Scan Root Regions
[2026-09-18T20:37:52.030+0000][123.494s][info][gc,marking  ] GC(69) Concurrent Scan Root Regions 153.674ms
[2026-09-18T20:37:52.030+0000][123.494s][info][gc,marking  ] GC(69) Concurrent Mark
[2026-09-18T20:37:52.030+0000][123.495s][info][gc,marking  ] GC(69) Concurrent Mark From Roots
[2026-09-18T20:37:52.030+0000][123.495s][info][gc,task     ] GC(69) Using 1 workers of 1 for marking
[2026-09-18T20:37:55.019+0000][126.484s][info][gc,start    ] GC(70) Pause Young (Normal) (G1 Evacuation Pause)
[2026-09-18T20:37:55.019+0000][126.484s][info][gc,task     ] GC(70) Using 4 workers of 4 for evacuation
[2026-09-18T20:37:55.136+0000][126.601s][info][gc,phases   ] GC(70)   Pre Evacuate Collection Set: 0.19ms
[2026-09-18T20:37:55.136+0000][126.601s][info][gc,phases   ] GC(70)   Merge Heap Roots: 4.21ms
[2026-09-18T20:37:55.136+0000][126.601s][info][gc,phases   ] GC(70)   Evacuate Collection Set: 110.84ms
[2026-09-18T20:37:55.136+0000][126.601s][info][gc,phases   ] GC(70)   Post Evacuate Collection Set: 1.62ms
[2026-09-18T20:37:55.136+0000][126.601s][info][gc,phases   ] GC(70)   Other: 0.06ms
[2026-09-18T20:37:55.136+0000][126.601s][info][gc,heap     ] GC(70) Eden regions: 204->0(203)
[2026-09-18T20:37:55.136+0000][126.601s][info][gc,heap     ] GC(70) Survivor regions: 11->12(27)
[2026-09-18T20:37:55.136+0000][126.601s][info][gc,heap     ] GC(70) Old regions: 402->402
[2026-09-18T20:37:55.136+0000][126.601s][info][gc,heap     ] GC(70) Humongous regions: 0->0
[2026-09-18T20:37:55.136+0000][126.601s][info][gc,metaspace] GC(70) Metaspace: 165902K(167616K)->165902K(167616K) NonClass: 139421K(140416K)->139421K(140416K) Class: 26481K(27200K)->26481K(27200K)
[2026-09-18T20:37:55.136+0000][126.601s][info][gc          ] GC(70) Pause Young (Normal) (G1 Evacuation Pause) 4926M->3302M(5200M) 117.075ms
[2026-09-18T20:37:55.136+0000][126.601s][info][gc,cpu      ] GC(70) User=0.47s Sys=0.00s Real=0.11s
[2026-09-18T20:37:56.877+0000][128.342s][info][gc,marking  ] GC(69) Concurrent Mark From Roots 4847.088ms
[2026-09-18T20:37:56.877+0000][128.342s][info][gc,marking  ] GC(69) Concurrent Preclean
[2026-09-18T20:37:56.879+0000][128.343s][info][gc,marking  ] GC(69) Concurrent Preclean 1.166ms
[2026-09-18T20:37:56.879+0000][128.343s][info][gc,start    ] GC(69) Pause Remark
[2026-09-18T20:37:56.889+0000][128.353s][info][gc          ] GC(69) Pause Remark 4334M->4334M(5520M) 10.343ms
[2026-09-18T20:37:56.889+0000][128.353s][info][gc,cpu      ] GC(69) User=0.04s Sys=0.00s Real=0.02s
[2026-09-18T20:37:56.889+0000][128.354s][info][gc,marking  ] GC(69) Concurrent Mark 4859.016ms
[2026-09-18T20:37:56.889+0000][128.354s][info][gc,marking  ] GC(69) Concurrent Rebuild Remembered Sets and Scrub Regions
[2026-09-18T20:37:57.869+0000][129.333s][info][gc,start    ] GC(71) Pause Young (Normal) (G1 Evacuation Pause)
[2026-09-18T20:37:57.869+0000][129.333s][info][gc,task     ] GC(71) Using 4 workers of 4 for evacuation
[2026-09-18T20:37:58.005+0000][129.470s][info][gc,phases   ] GC(71)   Pre Evacuate Collection Set: 0.21ms
[2026-09-18T20:37:58.005+0000][129.470s][info][gc,phases   ] GC(71)   Merge Heap Roots: 4.19ms
[2026-09-18T20:37:58.005+0000][129.470s][info][gc,phases   ] GC(71)   Evacuate Collection Set: 129.75ms
[2026-09-18T20:37:58.005+0000][129.470s][info][gc,phases   ] GC(71)   Post Evacuate Collection Set: 2.13ms
[2026-09-18T20:37:58.005+0000][129.470s][info][gc,phases   ] GC(71)   Other: 0.06ms
[2026-09-18T20:37:58.005+0000][129.470s][info][gc,heap     ] GC(71) Eden regions: 201->0(240)
[2026-09-18T20:37:58.005+0000][129.470s][info][gc,heap     ] GC(71) Survivor regions: 12->13(27)
[2026-09-18T20:37:58.005+0000][129.470s][info][gc,heap     ] GC(71) Old regions: 402->402
[2026-09-18T20:37:58.005+0000][129.470s][info][gc,heap     ] GC(71) Humongous regions: 0->0
[2026-09-18T20:37:58.005+0000][129.470s][info][gc,metaspace] GC(71) Metaspace: 165933K(167680K)->165933K(167680K) NonClass: 139451K(140480K)->139451K(140480K) Class: 26481K(27200K)->26481K(27200K)
[2026-09-18T20:37:58.005+0000][129.470s][info][gc          ] GC(71) Pause Young (Normal) (G1 Evacuation Pause) 4910M->3314M(5520M) 136.481ms
[2026-09-18T20:37:58.005+0000][129.470s][info][gc,cpu      ] GC(71) User=0.54s Sys=0.00s Real=0.14s
[2026-09-18T20:37:59.458+0000][130.922s][info][gc,marking  ] GC(69) Concurrent Rebuild Remembered Sets and Scrub Regions 2568.278ms
[2026-09-18T20:37:59.458+0000][130.922s][info][gc,start    ] GC(69) Pause Cleanup
[2026-09-18T20:37:59.458+0000][130.922s][info][gc          ] GC(69) Pause Cleanup 4150M->4150M(5520M) 0.231ms
[2026-09-18T20:37:59.458+0000][130.922s][info][gc,cpu      ] GC(69) User=0.00s Sys=0.00s Real=0.00s
[2026-09-18T20:37:59.461+0000][130.925s][info][gc,marking  ] GC(69) Concurrent Clear Claimed Marks
[2026-09-18T20:37:59.461+0000][130.926s][info][gc,marking  ] GC(69) Concurrent Clear Claimed Marks 0.235ms
[2026-09-18T20:37:59.461+0000][130.926s][info][gc,marking  ] GC(69) Concurrent Cleanup for Next Mark
[2026-09-18T20:37:59.470+0000][130.934s][info][gc,marking  ] GC(69) Concurrent Cleanup for Next Mark 8.608ms
[2026-09-18T20:37:59.470+0000][130.934s][info][gc          ] GC(69) Concurrent Mark Cycle 7593.586ms
[2026-09-18T20:38:00.805+0000][132.270s][info][gc,start    ] GC(72) Pause Young (Prepare Mixed) (G1 Evacuation Pause)
[2026-09-18T20:38:00.805+0000][132.270s][info][gc,task     ] GC(72) Using 4 workers of 4 for evacuation
[2026-09-18T20:38:00.934+0000][132.399s][info][gc,phases   ] GC(72)   Pre Evacuate Collection Set: 0.17ms
[2026-09-18T20:38:00.934+0000][132.399s][info][gc,phases   ] GC(72)   Merge Heap Roots: 4.94ms
[2026-09-18T20:38:00.934+0000][132.399s][info][gc,phases   ] GC(72)   Evacuate Collection Set: 122.23ms
[2026-09-18T20:38:00.934+0000][132.399s][info][gc,phases   ] GC(72)   Post Evacuate Collection Set: 1.59ms
[2026-09-18T20:38:00.934+0000][132.399s][info][gc,phases   ] GC(72)   Other: 0.06ms
[2026-09-18T20:38:00.934+0000][132.399s][info][gc,heap     ] GC(72) Eden regions: 240->0(238)
[2026-09-18T20:38:00.934+0000][132.399s][info][gc,heap     ] GC(72) Survivor regions: 13->15(32)
[2026-09-18T20:38:00.934+0000][132.399s][info][gc,heap     ] GC(72) Old regions: 402->402
[2026-09-18T20:38:00.934+0000][132.399s][info][gc,heap     ] GC(72) Humongous regions: 0->0
[2026-09-18T20:38:00.934+0000][132.399s][info][gc,metaspace] GC(72) Metaspace: 165991K(167680K)->165991K(167680K) NonClass: 139499K(140480K)->139499K(140480K) Class: 26491K(27200K)->26491K(27200K)
[2026-09-18T20:38:00.935+0000][132.399s][info][gc          ] GC(72) Pause Young (Prepare Mixed) (G1 Evacuation Pause) 5234M->3326M(5520M) 129.148ms
[2026-09-18T20:38:00.935+0000][132.399s][info][gc,cpu      ] GC(72) User=0.51s Sys=0.00s Real=0.13s
[2026-09-18T20:38:03.158+0000][134.623s][info][gc,start    ] GC(73) Pause Young (Mixed) (G1 Evacuation Pause)
[2026-09-18T20:38:03.158+0000][134.623s][info][gc,task     ] GC(73) Using 4 workers of 4 for evacuation
[2026-09-18T20:38:03.301+0000][134.765s][info][gc,phases   ] GC(73)   Pre Evacuate Collection Set: 0.17ms
[2026-09-18T20:38:03.301+0000][134.765s][info][gc,phases   ] GC(73)   Merge Heap Roots: 5.06ms
[2026-09-18T20:38:03.301+0000][134.765s][info][gc,phases   ] GC(73)   Evacuate Collection Set: 135.54ms
[2026-09-18T20:38:03.301+0000][134.765s][info][gc,phases   ] GC(73)   Post Evacuate Collection Set: 1.60ms
[2026-09-18T20:38:03.301+0000][134.765s][info][gc,phases   ] GC(73)   Other: 0.06ms
[2026-09-18T20:38:03.301+0000][134.765s][info][gc,heap     ] GC(73) Eden regions: 238->0(243)
[2026-09-18T20:38:03.301+0000][134.765s][info][gc,heap     ] GC(73) Survivor regions: 15->16(32)
[2026-09-18T20:38:03.301+0000][134.765s][info][gc,heap     ] GC(73) Old regions: 402->396
[2026-09-18T20:38:03.301+0000][134.765s][info][gc,heap     ] GC(73) Humongous regions: 0->0
[2026-09-18T20:38:03.301+0000][134.765s][info][gc,metaspace] GC(73) Metaspace: 166001K(167680K)->166001K(167680K) NonClass: 139509K(140480K)->139509K(140480K) Class: 26491K(27200K)->26491K(27200K)
[2026-09-18T20:38:03.301+0000][134.765s][info][gc          ] GC(73) Pause Young (Mixed) (G1 Evacuation Pause) 5230M->3289M(5520M) 142.584ms
[2026-09-18T20:38:03.301+0000][134.765s][info][gc,cpu      ] GC(73) User=0.57s Sys=0.00s Real=0.15s
[2026-09-18T20:38:05.620+0000][137.084s][info][gc,start    ] GC(74) Pause Young (Concurrent Start) (G1 Evacuation Pause)
[2026-09-18T20:38:05.620+0000][137.084s][info][gc,task     ] GC(74) Using 4 workers of 4 for evacuation
[2026-09-18T20:38:05.758+0000][137.222s][info][gc,phases   ] GC(74)   Pre Evacuate Collection Set: 0.19ms
[2026-09-18T20:38:05.758+0000][137.222s][info][gc,phases   ] GC(74)   Merge Heap Roots: 5.07ms
[2026-09-18T20:38:05.758+0000][137.223s][info][gc,phases   ] GC(74)   Evacuate Collection Set: 131.12ms
[2026-09-18T20:38:05.758+0000][137.223s][info][gc,phases   ] GC(74)   Post Evacuate Collection Set: 1.51ms
[2026-09-18T20:38:05.758+0000][137.223s][info][gc,phases   ] GC(74)   Other: 0.11ms
[2026-09-18T20:38:05.758+0000][137.223s][info][gc,heap     ] GC(74) Eden regions: 243->0(241)
[2026-09-18T20:38:05.758+0000][137.223s][info][gc,heap     ] GC(74) Survivor regions: 16->18(33)
[2026-09-18T20:38:05.758+0000][137.223s][info][gc,heap     ] GC(74) Old regions: 396->396
[2026-09-18T20:38:05.758+0000][137.223s][info][gc,heap     ] GC(74) Humongous regions: 0->0
[2026-09-18T20:38:05.758+0000][137.223s][info][gc,metaspace] GC(74) Metaspace: 166025K(167744K)->166025K(167744K) NonClass: 139533K(140544K)->139533K(140544K) Class: 26492K(27200K)->26492K(27200K)
[2026-09-18T20:38:05.759+0000][137.223s][info][gc          ] GC(74) Pause Young (Concurrent Start) (G1 Evacuation Pause) 5233M->3309M(5520M) 138.481ms
[2026-09-18T20:38:05.759+0000][137.223s][info][gc          ] GC(75) Concurrent Mark Cycle
[2026-09-18T20:38:05.759+0000][137.223s][info][gc,marking  ] GC(75) Concurrent Scan Root Regions
[2026-09-18T20:38:05.759+0000][137.223s][info][gc,cpu      ] GC(74) User=0.55s Sys=0.00s Real=0.13s
[2026-09-18T20:38:05.886+0000][137.350s][info][gc,marking  ] GC(75) Concurrent Scan Root Regions 126.973ms
[2026-09-18T20:38:05.886+0000][137.350s][info][gc,marking  ] GC(75) Concurrent Mark
[2026-09-18T20:38:05.886+0000][137.350s][info][gc,marking  ] GC(75) Concurrent Mark From Roots
[2026-09-18T20:38:05.886+0000][137.350s][info][gc,task     ] GC(75) Using 1 workers of 1 for marking
[2026-09-18T20:38:08.779+0000][140.243s][info][gc,start    ] GC(76) Pause Young (Normal) (G1 Evacuation Pause)
[2026-09-18T20:38:08.779+0000][140.243s][info][gc,task     ] GC(76) Using 4 workers of 4 for evacuation
[2026-09-18T20:38:08.920+0000][140.384s][info][gc,phases   ] GC(76)   Pre Evacuate Collection Set: 0.23ms
[2026-09-18T20:38:08.920+0000][140.384s][info][gc,phases   ] GC(76)   Merge Heap Roots: 5.19ms
[2026-09-18T20:38:08.920+0000][140.384s][info][gc,phases   ] GC(76)   Evacuate Collection Set: 133.79ms
[2026-09-18T20:38:08.920+0000][140.384s][info][gc,phases   ] GC(76)   Post Evacuate Collection Set: 1.62ms
[2026-09-18T20:38:08.920+0000][140.384s][info][gc,phases   ] GC(76)   Other: 0.06ms
[2026-09-18T20:38:08.920+0000][140.384s][info][gc,heap     ] GC(76) Eden regions: 241->0(239)
[2026-09-18T20:38:08.920+0000][140.384s][info][gc,heap     ] GC(76) Survivor regions: 18->17(33)
[2026-09-18T20:38:08.920+0000][140.384s][info][gc,heap     ] GC(76) Old regions: 396->399
[2026-09-18T20:38:08.920+0000][140.384s][info][gc,heap     ] GC(76) Humongous regions: 0->0
[2026-09-18T20:38:08.920+0000][140.384s][info][gc,metaspace] GC(76) Metaspace: 166040K(167744K)->166040K(167744K) NonClass: 139548K(140544K)->139548K(140544K) Class: 26492K(27200K)->26492K(27200K)
[2026-09-18T20:38:08.920+0000][140.384s][info][gc          ] GC(76) Pause Young (Normal) (G1 Evacuation Pause) 5237M->3322M(5520M) 141.061ms
[2026-09-18T20:38:08.920+0000][140.384s][info][gc,cpu      ] GC(76) User=0.56s Sys=0.00s Real=0.15s
[2026-09-18T20:38:10.128+0000][141.592s][info][gc,marking  ] GC(75) Concurrent Mark From Roots 4242.320ms
[2026-09-18T20:38:10.128+0000][141.592s][info][gc,marking  ] GC(75) Concurrent Preclean
[2026-09-18T20:38:10.129+0000][141.593s][info][gc,marking  ] GC(75) Concurrent Preclean 0.954ms
[2026-09-18T20:38:10.129+0000][141.593s][info][gc,start    ] GC(75) Pause Remark
[2026-09-18T20:38:10.139+0000][141.603s][info][gc          ] GC(75) Pause Remark 3994M->3994M(5552M) 9.555ms
[2026-09-18T20:38:10.139+0000][141.603s][info][gc,cpu      ] GC(75) User=0.03s Sys=0.00s Real=0.01s
[2026-09-18T20:38:10.139+0000][141.603s][info][gc,marking  ] GC(75) Concurrent Mark 4253.015ms
[2026-09-18T20:38:10.139+0000][141.603s][info][gc,marking  ] GC(75) Concurrent Rebuild Remembered Sets and Scrub Regions
[2026-09-18T20:38:12.522+0000][143.986s][info][gc,start    ] GC(77) Pause Young (Normal) (G1 Evacuation Pause)
[2026-09-18T20:38:12.522+0000][143.987s][info][gc,task     ] GC(77) Using 4 workers of 4 for evacuation
[2026-09-18T20:38:12.661+0000][144.125s][info][gc,phases   ] GC(77)   Pre Evacuate Collection Set: 0.15ms
[2026-09-18T20:38:12.661+0000][144.125s][info][gc,phases   ] GC(77)   Merge Heap Roots: 5.23ms
[2026-09-18T20:38:12.661+0000][144.125s][info][gc,phases   ] GC(77)   Evacuate Collection Set: 131.28ms
[2026-09-18T20:38:12.661+0000][144.125s][info][gc,phases   ] GC(77)   Post Evacuate Collection Set: 2.15ms
[2026-09-18T20:38:12.661+0000][144.125s][info][gc,phases   ] GC(77)   Other: 0.07ms
[2026-09-18T20:38:12.661+0000][144.125s][info][gc,heap     ] GC(77) Eden regions: 238->0(241)
[2026-09-18T20:38:12.661+0000][144.125s][info][gc,heap     ] GC(77) Survivor regions: 17->18(32)
[2026-09-18T20:38:12.661+0000][144.125s][info][gc,heap     ] GC(77) Old regions: 399->399
[2026-09-18T20:38:12.661+0000][144.125s][info][gc,heap     ] GC(77) Humongous regions: 0->0
[2026-09-18T20:38:12.661+0000][144.126s][info][gc,metaspace] GC(77) Metaspace: 166066K(167744K)->166066K(167744K) NonClass: 139573K(140544K)->139573K(140544K) Class: 26493K(27200K)->26493K(27200K)
[2026-09-18T20:38:12.661+0000][144.126s][info][gc          ] GC(77) Pause Young (Normal) (G1 Evacuation Pause) 5226M->3330M(5552M) 139.044ms
[2026-09-18T20:38:12.661+0000][144.126s][info][gc,cpu      ] GC(77) User=0.55s Sys=0.00s Real=0.14s
[2026-09-18T20:38:12.870+0000][144.335s][info][gc,marking  ] GC(75) Concurrent Rebuild Remembered Sets and Scrub Regions 2731.727ms
[2026-09-18T20:38:12.875+0000][144.340s][info][gc,start    ] GC(75) Pause Cleanup
[2026-09-18T20:38:12.876+0000][144.340s][info][gc          ] GC(75) Pause Cleanup 3362M->3362M(5552M) 0.285ms
[2026-09-18T20:38:12.876+0000][144.340s][info][gc,cpu      ] GC(75) User=0.00s Sys=0.00s Real=0.00s
[2026-09-18T20:38:12.881+0000][144.345s][info][gc,marking  ] GC(75) Concurrent Clear Claimed Marks
[2026-09-18T20:38:12.881+0000][144.346s][info][gc,marking  ] GC(75) Concurrent Clear Claimed Marks 0.228ms
[2026-09-18T20:38:12.881+0000][144.346s][info][gc,marking  ] GC(75) Concurrent Cleanup for Next Mark
[2026-09-18T20:38:12.893+0000][144.357s][info][gc,marking  ] GC(75) Concurrent Cleanup for Next Mark 11.758ms
[2026-09-18T20:38:12.893+0000][144.357s][info][gc          ] GC(75) Concurrent Mark Cycle 7134.681ms
[2026-09-18T20:38:15.402+0000][146.867s][info][gc,start    ] GC(78) Pause Young (Prepare Mixed) (G1 Evacuation Pause)
[2026-09-18T20:38:15.402+0000][146.867s][info][gc,task     ] GC(78) Using 4 workers of 4 for evacuation
[2026-09-18T20:38:15.536+0000][147.000s][info][gc,phases   ] GC(78)   Pre Evacuate Collection Set: 0.19ms
[2026-09-18T20:38:15.536+0000][147.000s][info][gc,phases   ] GC(78)   Merge Heap Roots: 5.25ms
[2026-09-18T20:38:15.536+0000][147.000s][info][gc,phases   ] GC(78)   Evacuate Collection Set: 126.35ms
[2026-09-18T20:38:15.536+0000][147.000s][info][gc,phases   ] GC(78)   Post Evacuate Collection Set: 1.70ms
[2026-09-18T20:38:15.536+0000][147.000s][info][gc,phases   ] GC(78)   Other: 0.06ms
[2026-09-18T20:38:15.536+0000][147.000s][info][gc,heap     ] GC(78) Eden regions: 241->0(240)
[2026-09-18T20:38:15.536+0000][147.000s][info][gc,heap     ] GC(78) Survivor regions: 18->19(33)
[2026-09-18T20:38:15.536+0000][147.000s][info][gc,heap     ] GC(78) Old regions: 399->399
[2026-09-18T20:38:15.536+0000][147.000s][info][gc,heap     ] GC(78) Humongous regions: 0->0
[2026-09-18T20:38:15.536+0000][147.000s][info][gc,metaspace] GC(78) Metaspace: 166098K(167744K)->166098K(167744K) NonClass: 139604K(140544K)->139604K(140544K) Class: 26493K(27200K)->26493K(27200K)
[2026-09-18T20:38:15.536+0000][147.000s][info][gc          ] GC(78) Pause Young (Prepare Mixed) (G1 Evacuation Pause) 5258M->3338M(5552M) 133.723ms
[2026-09-18T20:38:15.536+0000][147.000s][info][gc,cpu      ] GC(78) User=0.53s Sys=0.00s Real=0.13s
[2026-09-18T20:38:17.955+0000][149.419s][info][gc,start    ] GC(79) Pause Young (Mixed) (G1 Evacuation Pause)
[2026-09-18T20:38:17.955+0000][149.419s][info][gc,task     ] GC(79) Using 4 workers of 4 for evacuation
[2026-09-18T20:38:18.121+0000][149.585s][info][gc,phases   ] GC(79)   Pre Evacuate Collection Set: 0.28ms
[2026-09-18T20:38:18.121+0000][149.585s][info][gc,phases   ] GC(79)   Merge Heap Roots: 5.33ms
[2026-09-18T20:38:18.121+0000][149.585s][info][gc,phases   ] GC(79)   Evacuate Collection Set: 158.39ms
[2026-09-18T20:38:18.121+0000][149.585s][info][gc,phases   ] GC(79)   Post Evacuate Collection Set: 1.84ms
[2026-09-18T20:38:18.121+0000][149.585s][info][gc,phases   ] GC(79)   Other: 0.06ms
[2026-09-18T20:38:18.121+0000][149.585s][info][gc,heap     ] GC(79) Eden regions: 240->0(242)
[2026-09-18T20:38:18.121+0000][149.585s][info][gc,heap     ] GC(79) Survivor regions: 19->19(33)
[2026-09-18T20:38:18.121+0000][149.585s][info][gc,heap     ] GC(79) Old regions: 399->397
[2026-09-18T20:38:18.121+0000][149.585s][info][gc,heap     ] GC(79) Humongous regions: 0->0
[2026-09-18T20:38:18.121+0000][149.585s][info][gc,metaspace] GC(79) Metaspace: 166132K(167808K)->166132K(167808K) NonClass: 139639K(140608K)->139639K(140608K) Class: 26493K(27200K)->26493K(27200K)
[2026-09-18T20:38:18.121+0000][149.585s][info][gc          ] GC(79) Pause Young (Mixed) (G1 Evacuation Pause) 5258M->3322M(5552M) 166.045ms
[2026-09-18T20:38:18.121+0000][149.585s][info][gc,cpu      ] GC(79) User=0.66s Sys=0.00s Real=0.17s
[2026-09-18T20:38:20.472+0000][151.936s][info][gc,start    ] GC(80) Pause Young (Concurrent Start) (G1 Evacuation Pause)
[2026-09-18T20:38:20.472+0000][151.936s][info][gc,task     ] GC(80) Using 4 workers of 4 for evacuation
[2026-09-18T20:38:20.608+0000][152.072s][info][gc,phases   ] GC(80)   Pre Evacuate Collection Set: 0.15ms
[2026-09-18T20:38:20.608+0000][152.072s][info][gc,phases   ] GC(80)   Merge Heap Roots: 4.76ms
[2026-09-18T20:38:20.608+0000][152.072s][info][gc,phases   ] GC(80)   Evacuate Collection Set: 129.78ms
[2026-09-18T20:38:20.608+0000][152.072s][info][gc,phases   ] GC(80)   Post Evacuate Collection Set: 1.54ms
[2026-09-18T20:38:20.608+0000][152.072s][info][gc,phases   ] GC(80)   Other: 0.09ms
[2026-09-18T20:38:20.608+0000][152.072s][info][gc,heap     ] GC(80) Eden regions: 242->0(240)
[2026-09-18T20:38:20.608+0000][152.072s][info][gc,heap     ] GC(80) Survivor regions: 19->19(33)
[2026-09-18T20:38:20.608+0000][152.072s][info][gc,heap     ] GC(80) Old regions: 397->399
[2026-09-18T20:38:20.608+0000][152.072s][info][gc,heap     ] GC(80) Humongous regions: 0->0
[2026-09-18T20:38:20.608+0000][152.072s][info][gc,metaspace] GC(80) Metaspace: 166140K(167808K)->166140K(167808K) NonClass: 139646K(140608K)->139646K(140608K) Class: 26493K(27200K)->26493K(27200K)
[2026-09-18T20:38:20.608+0000][152.072s][info][gc          ] GC(80) Pause Young (Concurrent Start) (G1 Evacuation Pause) 5258M->3337M(5552M) 136.541ms
[2026-09-18T20:38:20.608+0000][152.072s][info][gc          ] GC(81) Concurrent Mark Cycle
[2026-09-18T20:38:20.608+0000][152.072s][info][gc,marking  ] GC(81) Concurrent Scan Root Regions
[2026-09-18T20:38:20.608+0000][152.073s][info][gc,cpu      ] GC(80) User=0.55s Sys=0.00s Real=0.13s
[2026-09-18T20:38:20.752+0000][152.216s][info][gc,marking  ] GC(81) Concurrent Scan Root Regions 143.422ms
[2026-09-18T20:38:20.752+0000][152.216s][info][gc,marking  ] GC(81) Concurrent Mark
[2026-09-18T20:38:20.752+0000][152.216s][info][gc,marking  ] GC(81) Concurrent Mark From Roots
[2026-09-18T20:38:20.752+0000][152.216s][info][gc,task     ] GC(81) Using 1 workers of 1 for marking
[2026-09-18T20:38:23.651+0000][155.116s][info][gc,start    ] GC(82) Pause Young (Normal) (G1 Evacuation Pause)
[2026-09-18T20:38:23.651+0000][155.116s][info][gc,task     ] GC(82) Using 4 workers of 4 for evacuation
[2026-09-18T20:38:23.790+0000][155.255s][info][gc,phases   ] GC(82)   Pre Evacuate Collection Set: 0.23ms
[2026-09-18T20:38:23.790+0000][155.255s][info][gc,phases   ] GC(82)   Merge Heap Roots: 5.17ms
[2026-09-18T20:38:23.790+0000][155.255s][info][gc,phases   ] GC(82)   Evacuate Collection Set: 131.73ms
[2026-09-18T20:38:23.790+0000][155.255s][info][gc,phases   ] GC(82)   Post Evacuate Collection Set: 1.79ms
[2026-09-18T20:38:23.790+0000][155.255s][info][gc,phases   ] GC(82)   Other: 0.05ms
[2026-09-18T20:38:23.790+0000][155.255s][info][gc,heap     ] GC(82) Eden regions: 240->0(239)
[2026-09-18T20:38:23.790+0000][155.255s][info][gc,heap     ] GC(82) Survivor regions: 19->19(33)
[2026-09-18T20:38:23.790+0000][155.255s][info][gc,heap     ] GC(82) Old regions: 399->400
[2026-09-18T20:38:23.790+0000][155.255s][info][gc,heap     ] GC(82) Humongous regions: 0->0
[2026-09-18T20:38:23.790+0000][155.255s][info][gc,metaspace] GC(82) Metaspace: 166171K(167872K)->166171K(167872K) NonClass: 139677K(140672K)->139677K(140672K) Class: 26493K(27200K)->26493K(27200K)
[2026-09-18T20:38:23.791+0000][155.255s][info][gc          ] GC(82) Pause Young (Normal) (G1 Evacuation Pause) 5257M->3347M(5552M) 139.122ms
[2026-09-18T20:38:23.791+0000][155.255s][info][gc,cpu      ] GC(82) User=0.55s Sys=0.00s Real=0.14s
[2026-09-18T20:38:25.238+0000][156.702s][info][gc,marking  ] GC(81) Concurrent Mark From Roots 4486.250ms
[2026-09-18T20:38:25.238+0000][156.702s][info][gc,marking  ] GC(81) Concurrent Preclean
[2026-09-18T20:38:25.239+0000][156.704s][info][gc,marking  ] GC(81) Concurrent Preclean 1.379ms
[2026-09-18T20:38:25.240+0000][156.704s][info][gc,start    ] GC(81) Pause Remark
[2026-09-18T20:38:25.249+0000][156.713s][info][gc          ] GC(81) Pause Remark 4247M->4247M(5592M) 9.090ms
[2026-09-18T20:38:25.249+0000][156.713s][info][gc,cpu      ] GC(81) User=0.03s Sys=0.00s Real=0.00s
[2026-09-18T20:38:25.249+0000][156.713s][info][gc,marking  ] GC(81) Concurrent Mark 4497.045ms
[2026-09-18T20:38:25.249+0000][156.713s][info][gc,marking  ] GC(81) Concurrent Rebuild Remembered Sets and Scrub Regions
[2026-09-18T20:38:26.908+0000][158.373s][info][gc,start    ] GC(83) Pause Young (Normal) (G1 Evacuation Pause)
[2026-09-18T20:38:26.909+0000][158.373s][info][gc,task     ] GC(83) Using 4 workers of 4 for evacuation
[2026-09-18T20:38:27.064+0000][158.528s][info][gc,phases   ] GC(83)   Pre Evacuate Collection Set: 0.16ms
[2026-09-18T20:38:27.064+0000][158.528s][info][gc,phases   ] GC(83)   Merge Heap Roots: 5.28ms
[2026-09-18T20:38:27.064+0000][158.528s][info][gc,phases   ] GC(83)   Evacuate Collection Set: 146.99ms
[2026-09-18T20:38:27.064+0000][158.528s][info][gc,phases   ] GC(83)   Post Evacuate Collection Set: 3.07ms
[2026-09-18T20:38:27.064+0000][158.528s][info][gc,phases   ] GC(83)   Other: 0.08ms
[2026-09-18T20:38:27.064+0000][158.528s][info][gc,heap     ] GC(83) Eden regions: 239->0(243)
[2026-09-18T20:38:27.064+0000][158.528s][info][gc,heap     ] GC(83) Survivor regions: 19->18(33)
[2026-09-18T20:38:27.064+0000][158.528s][info][gc,heap     ] GC(83) Old regions: 400->402
[2026-09-18T20:38:27.064+0000][158.528s][info][gc,heap     ] GC(83) Humongous regions: 0->0
[2026-09-18T20:38:27.064+0000][158.528s][info][gc,metaspace] GC(83) Metaspace: 166175K(167872K)->166175K(167872K) NonClass: 139681K(140672K)->139681K(140672K) Class: 26493K(27200K)->26493K(27200K)
[2026-09-18T20:38:27.064+0000][158.528s][info][gc          ] GC(83) Pause Young (Normal) (G1 Evacuation Pause) 5259M->3355M(5592M) 155.873ms
[2026-09-18T20:38:27.064+0000][158.529s][info][gc,cpu      ] GC(83) User=0.60s Sys=0.00s Real=0.16s
[2026-09-18T20:38:28.424+0000][159.889s][info][gc,marking  ] GC(81) Concurrent Rebuild Remembered Sets and Scrub Regions 3175.565ms
[2026-09-18T20:38:28.425+0000][159.889s][info][gc,start    ] GC(81) Pause Cleanup
[2026-09-18T20:38:28.425+0000][159.889s][info][gc          ] GC(81) Pause Cleanup 4203M->4203M(5592M) 0.216ms
[2026-09-18T20:38:28.425+0000][159.889s][info][gc,cpu      ] GC(81) User=0.00s Sys=0.00s Real=0.00s
[2026-09-18T20:38:28.425+0000][159.889s][info][gc,marking  ] GC(81) Concurrent Clear Claimed Marks
[2026-09-18T20:38:28.425+0000][159.889s][info][gc,marking  ] GC(81) Concurrent Clear Claimed Marks 0.221ms
[2026-09-18T20:38:28.425+0000][159.889s][info][gc,marking  ] GC(81) Concurrent Cleanup for Next Mark
[2026-09-18T20:38:28.431+0000][159.895s][info][gc,marking  ] GC(81) Concurrent Cleanup for Next Mark 5.458ms
[2026-09-18T20:38:28.431+0000][159.895s][info][gc          ] GC(81) Concurrent Mark Cycle 7822.323ms
[2026-09-18T20:38:29.820+0000][161.284s][info][gc,start    ] GC(84) Pause Young (Prepare Mixed) (G1 Evacuation Pause)
[2026-09-18T20:38:29.820+0000][161.284s][info][gc,task     ] GC(84) Using 4 workers of 4 for evacuation
[2026-09-18T20:38:29.959+0000][161.423s][info][gc,phases   ] GC(84)   Pre Evacuate Collection Set: 0.19ms
[2026-09-18T20:38:29.959+0000][161.423s][info][gc,phases   ] GC(84)   Merge Heap Roots: 5.89ms
[2026-09-18T20:38:29.959+0000][161.423s][info][gc,phases   ] GC(84)   Evacuate Collection Set: 131.54ms
[2026-09-18T20:38:29.959+0000][161.423s][info][gc,phases   ] GC(84)   Post Evacuate Collection Set: 1.55ms
[2026-09-18T20:38:29.959+0000][161.423s][info][gc,phases   ] GC(84)   Other: 0.06ms
[2026-09-18T20:38:29.959+0000][161.423s][info][gc,heap     ] GC(84) Eden regions: 243->0(242)
[2026-09-18T20:38:29.959+0000][161.423s][info][gc,heap     ] GC(84) Survivor regions: 18->18(33)
[2026-09-18T20:38:29.959+0000][161.423s][info][gc,heap     ] GC(84) Old regions: 402->403
[2026-09-18T20:38:29.959+0000][161.423s][info][gc,heap     ] GC(84) Humongous regions: 0->0
[2026-09-18T20:38:29.959+0000][161.423s][info][gc,metaspace] GC(84) Metaspace: 166202K(167872K)->166202K(167872K) NonClass: 139701K(140672K)->139701K(140672K) Class: 26501K(27200K)->26501K(27200K)
[2026-09-18T20:38:29.959+0000][161.423s][info][gc          ] GC(84) Pause Young (Prepare Mixed) (G1 Evacuation Pause) 5299M->3365M(5592M) 139.398ms
[2026-09-18T20:38:29.959+0000][161.423s][info][gc,cpu      ] GC(84) User=0.55s Sys=0.00s Real=0.14s
[2026-09-18T20:38:32.332+0000][163.797s][info][gc,start    ] GC(85) Pause Young (Mixed) (G1 Evacuation Pause)
[2026-09-18T20:38:32.333+0000][163.797s][info][gc,task     ] GC(85) Using 4 workers of 4 for evacuation
[2026-09-18T20:38:32.486+0000][163.950s][info][gc,phases   ] GC(85)   Pre Evacuate Collection Set: 0.19ms
[2026-09-18T20:38:32.486+0000][163.950s][info][gc,phases   ] GC(85)   Merge Heap Roots: 5.18ms
[2026-09-18T20:38:32.486+0000][163.950s][info][gc,phases   ] GC(85)   Evacuate Collection Set: 146.04ms
[2026-09-18T20:38:32.486+0000][163.950s][info][gc,phases   ] GC(85)   Post Evacuate Collection Set: 1.72ms
[2026-09-18T20:38:32.486+0000][163.950s][info][gc,phases   ] GC(85)   Other: 0.06ms
[2026-09-18T20:38:32.486+0000][163.950s][info][gc,heap     ] GC(85) Eden regions: 242->0(243)
[2026-09-18T20:38:32.486+0000][163.950s][info][gc,heap     ] GC(85) Survivor regions: 18->18(33)
[2026-09-18T20:38:32.486+0000][163.950s][info][gc,heap     ] GC(85) Old regions: 403->402
[2026-09-18T20:38:32.486+0000][163.950s][info][gc,heap     ] GC(85) Humongous regions: 0->0
[2026-09-18T20:38:32.486+0000][163.950s][info][gc,metaspace] GC(85) Metaspace: 166214K(167872K)->166214K(167872K) NonClass: 139712K(140672K)->139712K(140672K) Class: 26501K(27200K)->26501K(27200K)
[2026-09-18T20:38:32.486+0000][163.950s][info][gc          ] GC(85) Pause Young (Mixed) (G1 Evacuation Pause) 5301M->3359M(5592M) 153.361ms
[2026-09-18T20:38:32.486+0000][163.950s][info][gc,cpu      ] GC(85) User=0.61s Sys=0.00s Real=0.15s
[2026-09-18T20:38:35.118+0000][166.582s][info][gc,start    ] GC(86) Pause Young (Concurrent Start) (G1 Evacuation Pause)
[2026-09-18T20:38:35.118+0000][166.582s][info][gc,task     ] GC(86) Using 4 workers of 4 for evacuation
[2026-09-18T20:38:35.254+0000][166.718s][info][gc,phases   ] GC(86)   Pre Evacuate Collection Set: 0.22ms
[2026-09-18T20:38:35.254+0000][166.718s][info][gc,phases   ] GC(86)   Merge Heap Roots: 6.56ms
[2026-09-18T20:38:35.254+0000][166.718s][info][gc,phases   ] GC(86)   Evacuate Collection Set: 127.54ms
[2026-09-18T20:38:35.254+0000][166.718s][info][gc,phases   ] GC(86)   Post Evacuate Collection Set: 1.58ms
[2026-09-18T20:38:35.254+0000][166.718s][info][gc,phases   ] GC(86)   Other: 0.10ms
[2026-09-18T20:38:35.254+0000][166.718s][info][gc,heap     ] GC(86) Eden regions: 243->0(241)
[2026-09-18T20:38:35.254+0000][166.718s][info][gc,heap     ] GC(86) Survivor regions: 18->18(33)
[2026-09-18T20:38:35.254+0000][166.718s][info][gc,heap     ] GC(86) Old regions: 402->404
[2026-09-18T20:38:35.254+0000][166.718s][info][gc,heap     ] GC(86) Humongous regions: 0->0
[2026-09-18T20:38:35.254+0000][166.718s][info][gc,metaspace] GC(86) Metaspace: 166223K(167872K)->166223K(167872K) NonClass: 139722K(140672K)->139722K(140672K) Class: 26501K(27200K)->26501K(27200K)
[2026-09-18T20:38:35.254+0000][166.718s][info][gc          ] GC(86) Pause Young (Concurrent Start) (G1 Evacuation Pause) 5303M->3370M(5592M) 136.159ms
[2026-09-18T20:38:35.254+0000][166.718s][info][gc,cpu      ] GC(86) User=0.53s Sys=0.00s Real=0.14s
[2026-09-18T20:38:35.254+0000][166.718s][info][gc          ] GC(87) Concurrent Mark Cycle
[2026-09-18T20:38:35.254+0000][166.718s][info][gc,marking  ] GC(87) Concurrent Scan Root Regions
[2026-09-18T20:38:35.375+0000][166.839s][info][gc,marking  ] GC(87) Concurrent Scan Root Regions 120.376ms
[2026-09-18T20:38:35.375+0000][166.839s][info][gc,marking  ] GC(87) Concurrent Mark
[2026-09-18T20:38:35.375+0000][166.839s][info][gc,marking  ] GC(87) Concurrent Mark From Roots
[2026-09-18T20:38:35.375+0000][166.839s][info][gc,task     ] GC(87) Using 1 workers of 1 for marking
[2026-09-18T20:38:38.289+0000][169.754s][info][gc,start    ] GC(88) Pause Young (Normal) (G1 Evacuation Pause)
[2026-09-18T20:38:38.289+0000][169.754s][info][gc,task     ] GC(88) Using 4 workers of 4 for evacuation
[2026-09-18T20:38:38.424+0000][169.889s][info][gc,phases   ] GC(88)   Pre Evacuate Collection Set: 0.16ms
[2026-09-18T20:38:38.424+0000][169.889s][info][gc,phases   ] GC(88)   Merge Heap Roots: 5.10ms
[2026-09-18T20:38:38.424+0000][169.889s][info][gc,phases   ] GC(88)   Evacuate Collection Set: 127.80ms
[2026-09-18T20:38:38.424+0000][169.889s][info][gc,phases   ] GC(88)   Post Evacuate Collection Set: 1.75ms
[2026-09-18T20:38:38.424+0000][169.889s][info][gc,phases   ] GC(88)   Other: 0.06ms
[2026-09-18T20:38:38.424+0000][169.889s][info][gc,heap     ] GC(88) Eden regions: 241->0(240)
[2026-09-18T20:38:38.424+0000][169.889s][info][gc,heap     ] GC(88) Survivor regions: 18->18(33)
[2026-09-18T20:38:38.424+0000][169.889s][info][gc,heap     ] GC(88) Old regions: 404->405
[2026-09-18T20:38:38.424+0000][169.889s][info][gc,heap     ] GC(88) Humongous regions: 0->0
[2026-09-18T20:38:38.424+0000][169.889s][info][gc,metaspace] GC(88) Metaspace: 166241K(167872K)->166241K(167872K) NonClass: 139740K(140672K)->139740K(140672K) Class: 26501K(27200K)->26501K(27200K)
[2026-09-18T20:38:38.424+0000][169.889s][info][gc          ] GC(88) Pause Young (Normal) (G1 Evacuation Pause) 5298M->3380M(5592M) 135.051ms
[2026-09-18T20:38:38.424+0000][169.889s][info][gc,cpu      ] GC(88) User=0.54s Sys=0.00s Real=0.13s
[2026-09-18T20:38:40.323+0000][171.787s][info][gc,marking  ] GC(87) Concurrent Mark From Roots 4948.360ms
[2026-09-18T20:38:40.323+0000][171.787s][info][gc,marking  ] GC(87) Concurrent Preclean
[2026-09-18T20:38:40.324+0000][171.789s][info][gc,marking  ] GC(87) Concurrent Preclean 1.297ms
[2026-09-18T20:38:40.326+0000][171.790s][info][gc,start    ] GC(87) Pause Remark
[2026-09-18T20:38:40.338+0000][171.802s][info][gc          ] GC(87) Pause Remark 4580M->4580M(5640M) 11.820ms
[2026-09-18T20:38:40.338+0000][171.802s][info][gc,cpu      ] GC(87) User=0.04s Sys=0.00s Real=0.01s
[2026-09-18T20:38:40.338+0000][171.802s][info][gc,marking  ] GC(87) Concurrent Mark 4963.604ms
[2026-09-18T20:38:40.338+0000][171.802s][info][gc,marking  ] GC(87) Concurrent Rebuild Remembered Sets and Scrub Regions
[2026-09-18T20:38:41.441+0000][172.906s][info][gc,start    ] GC(89) Pause Young (Normal) (G1 Evacuation Pause)
[2026-09-18T20:38:41.442+0000][172.906s][info][gc,task     ] GC(89) Using 4 workers of 4 for evacuation
[2026-09-18T20:38:41.584+0000][173.049s][info][gc,phases   ] GC(89)   Pre Evacuate Collection Set: 0.16ms
[2026-09-18T20:38:41.584+0000][173.049s][info][gc,phases   ] GC(89)   Merge Heap Roots: 4.98ms
[2026-09-18T20:38:41.584+0000][173.049s][info][gc,phases   ] GC(89)   Evacuate Collection Set: 135.11ms
[2026-09-18T20:38:41.584+0000][173.049s][info][gc,phases   ] GC(89)   Post Evacuate Collection Set: 2.51ms
[2026-09-18T20:38:41.584+0000][173.049s][info][gc,phases   ] GC(89)   Other: 0.06ms
[2026-09-18T20:38:41.584+0000][173.049s][info][gc,heap     ] GC(89) Eden regions: 240->0(245)
[2026-09-18T20:38:41.584+0000][173.049s][info][gc,heap     ] GC(89) Survivor regions: 18->19(33)
[2026-09-18T20:38:41.584+0000][173.049s][info][gc,heap     ] GC(89) Old regions: 405->405
[2026-09-18T20:38:41.584+0000][173.049s][info][gc,heap     ] GC(89) Humongous regions: 0->0
[2026-09-18T20:38:41.584+0000][173.049s][info][gc,metaspace] GC(89) Metaspace: 166255K(167936K)->166255K(167936K) NonClass: 139754K(140736K)->139754K(140736K) Class: 26501K(27200K)->26501K(27200K)
[2026-09-18T20:38:41.584+0000][173.049s][info][gc          ] GC(89) Pause Young (Normal) (G1 Evacuation Pause) 5300M->3388M(5640M) 142.982ms
[2026-09-18T20:38:41.584+0000][173.049s][info][gc,cpu      ] GC(89) User=0.56s Sys=0.00s Real=0.14s
[2026-09-18T20:38:43.488+0000][174.953s][info][gc,marking  ] GC(87) Concurrent Rebuild Remembered Sets and Scrub Regions 3150.045ms
[2026-09-18T20:38:43.489+0000][174.953s][info][gc,start    ] GC(87) Pause Cleanup
[2026-09-18T20:38:43.489+0000][174.953s][info][gc          ] GC(87) Pause Cleanup 4564M->4564M(5640M) 0.245ms
[2026-09-18T20:38:43.489+0000][174.953s][info][gc,cpu      ] GC(87) User=0.00s Sys=0.00s Real=0.00s
[2026-09-18T20:38:43.489+0000][174.953s][info][gc,marking  ] GC(87) Concurrent Clear Claimed Marks
[2026-09-18T20:38:43.489+0000][174.953s][info][gc,marking  ] GC(87) Concurrent Clear Claimed Marks 0.252ms
[2026-09-18T20:38:43.489+0000][174.953s][info][gc,marking  ] GC(87) Concurrent Cleanup for Next Mark
[2026-09-18T20:38:43.495+0000][174.960s][info][gc,marking  ] GC(87) Concurrent Cleanup for Next Mark 6.149ms
[2026-09-18T20:38:43.495+0000][174.960s][info][gc          ] GC(87) Concurrent Mark Cycle 8241.132ms
[2026-09-18T20:38:44.434+0000][175.898s][info][gc,start    ] GC(90) Pause Young (Prepare Mixed) (G1 Evacuation Pause)
[2026-09-18T20:38:44.434+0000][175.898s][info][gc,task     ] GC(90) Using 4 workers of 4 for evacuation
[2026-09-18T20:38:44.570+0000][176.035s][info][gc,phases   ] GC(90)   Pre Evacuate Collection Set: 0.17ms
[2026-09-18T20:38:44.571+0000][176.035s][info][gc,phases   ] GC(90)   Merge Heap Roots: 4.75ms
[2026-09-18T20:38:44.571+0000][176.035s][info][gc,phases   ] GC(90)   Evacuate Collection Set: 130.35ms
[2026-09-18T20:38:44.571+0000][176.035s][info][gc,phases   ] GC(90)   Post Evacuate Collection Set: 1.52ms
[2026-09-18T20:38:44.571+0000][176.035s][info][gc,phases   ] GC(90)   Other: 0.06ms
[2026-09-18T20:38:44.571+0000][176.035s][info][gc,heap     ] GC(90) Eden regions: 245->0(244)
[2026-09-18T20:38:44.571+0000][176.035s][info][gc,heap     ] GC(90) Survivor regions: 19->18(33)
[2026-09-18T20:38:44.571+0000][176.035s][info][gc,heap     ] GC(90) Old regions: 405->407
[2026-09-18T20:38:44.571+0000][176.035s][info][gc,heap     ] GC(90) Humongous regions: 0->0
[2026-09-18T20:38:44.571+0000][176.035s][info][gc,metaspace] GC(90) Metaspace: 166264K(167936K)->166264K(167936K) NonClass: 139763K(140736K)->139763K(140736K) Class: 26501K(27200K)->26501K(27200K)
[2026-09-18T20:38:44.571+0000][176.035s][info][gc          ] GC(90) Pause Young (Prepare Mixed) (G1 Evacuation Pause) 5348M->3396M(5640M) 137.049ms
[2026-09-18T20:38:44.571+0000][176.035s][info][gc,cpu      ] GC(90) User=0.54s Sys=0.00s Real=0.14s
[2026-09-18T20:38:46.943+0000][178.407s][info][gc,start    ] GC(91) Pause Young (Mixed) (G1 Evacuation Pause)
[2026-09-18T20:38:46.943+0000][178.407s][info][gc,task     ] GC(91) Using 4 workers of 4 for evacuation
[2026-09-18T20:38:47.096+0000][178.560s][info][gc,phases   ] GC(91)   Pre Evacuate Collection Set: 0.15ms
[2026-09-18T20:38:47.096+0000][178.560s][info][gc,phases   ] GC(91)   Merge Heap Roots: 4.91ms
[2026-09-18T20:38:47.096+0000][178.560s][info][gc,phases   ] GC(91)   Evacuate Collection Set: 146.24ms
[2026-09-18T20:38:47.096+0000][178.560s][info][gc,phases   ] GC(91)   Post Evacuate Collection Set: 1.79ms
[2026-09-18T20:38:47.096+0000][178.560s][info][gc,phases   ] GC(91)   Other: 0.06ms
[2026-09-18T20:38:47.096+0000][178.560s][info][gc,heap     ] GC(91) Eden regions: 244->0(245)
[2026-09-18T20:38:47.096+0000][178.560s][info][gc,heap     ] GC(91) Survivor regions: 18->19(33)
[2026-09-18T20:38:47.096+0000][178.560s][info][gc,heap     ] GC(91) Old regions: 407->405
[2026-09-18T20:38:47.096+0000][178.560s][info][gc,heap     ] GC(91) Humongous regions: 0->0
[2026-09-18T20:38:47.096+0000][178.560s][info][gc,metaspace] GC(91) Metaspace: 166273K(167936K)->166273K(167936K) NonClass: 139771K(140736K)->139771K(140736K) Class: 26501K(27200K)->26501K(27200K)
[2026-09-18T20:38:47.096+0000][178.560s][info][gc          ] GC(91) Pause Young (Mixed) (G1 Evacuation Pause) 5348M->3388M(5640M) 153.346ms
[2026-09-18T20:38:47.096+0000][178.561s][info][gc,cpu      ] GC(91) User=0.59s Sys=0.01s Real=0.15s
[2026-09-18T20:38:49.418+0000][180.882s][info][gc,start    ] GC(92) Pause Young (Concurrent Start) (G1 Evacuation Pause)
[2026-09-18T20:38:49.418+0000][180.882s][info][gc,task     ] GC(92) Using 4 workers of 4 for evacuation
[2026-09-18T20:38:49.553+0000][181.017s][info][gc,phases   ] GC(92)   Pre Evacuate Collection Set: 0.22ms
[2026-09-18T20:38:49.553+0000][181.018s][info][gc,phases   ] GC(92)   Merge Heap Roots: 5.10ms
[2026-09-18T20:38:49.553+0000][181.018s][info][gc,phases   ] GC(92)   Evacuate Collection Set: 128.39ms
[2026-09-18T20:38:49.553+0000][181.018s][info][gc,phases   ] GC(92)   Post Evacuate Collection Set: 1.65ms
[2026-09-18T20:38:49.553+0000][181.018s][info][gc,phases   ] GC(92)   Other: 0.09ms
[2026-09-18T20:38:49.553+0000][181.018s][info][gc,heap     ] GC(92) Eden regions: 245->0(244)
[2026-09-18T20:38:49.553+0000][181.018s][info][gc,heap     ] GC(92) Survivor regions: 19->18(33)
[2026-09-18T20:38:49.553+0000][181.018s][info][gc,heap     ] GC(92) Old regions: 405->407
[2026-09-18T20:38:49.553+0000][181.018s][info][gc,heap     ] GC(92) Humongous regions: 0->0
[2026-09-18T20:38:49.553+0000][181.018s][info][gc,metaspace] GC(92) Metaspace: 166280K(167936K)->166280K(167936K) NonClass: 139778K(140736K)->139778K(140736K) Class: 26501K(27200K)->26501K(27200K)
[2026-09-18T20:38:49.553+0000][181.018s][info][gc          ] GC(92) Pause Young (Concurrent Start) (G1 Evacuation Pause) 5348M->3396M(5640M) 135.608ms
[2026-09-18T20:38:49.553+0000][181.018s][info][gc          ] GC(93) Concurrent Mark Cycle
[2026-09-18T20:38:49.553+0000][181.018s][info][gc,marking  ] GC(93) Concurrent Scan Root Regions
[2026-09-18T20:38:49.554+0000][181.018s][info][gc,cpu      ] GC(92) User=0.54s Sys=0.00s Real=0.14s
[2026-09-18T20:38:49.698+0000][181.163s][info][gc,marking  ] GC(93) Concurrent Scan Root Regions 144.947ms
[2026-09-18T20:38:49.698+0000][181.163s][info][gc,marking  ] GC(93) Concurrent Mark
[2026-09-18T20:38:49.698+0000][181.163s][info][gc,marking  ] GC(93) Concurrent Mark From Roots
[2026-09-18T20:38:49.698+0000][181.163s][info][gc,task     ] GC(93) Using 1 workers of 1 for marking
[2026-09-18T20:38:52.633+0000][184.097s][info][gc,start    ] GC(94) Pause Young (Normal) (G1 Evacuation Pause)
[2026-09-18T20:38:52.633+0000][184.097s][info][gc,task     ] GC(94) Using 4 workers of 4 for evacuation
[2026-09-18T20:38:52.770+0000][184.234s][info][gc,phases   ] GC(94)   Pre Evacuate Collection Set: 0.17ms
[2026-09-18T20:38:52.770+0000][184.234s][info][gc,phases   ] GC(94)   Merge Heap Roots: 5.05ms
[2026-09-18T20:38:52.770+0000][184.234s][info][gc,phases   ] GC(94)   Evacuate Collection Set: 129.35ms
[2026-09-18T20:38:52.770+0000][184.234s][info][gc,phases   ] GC(94)   Post Evacuate Collection Set: 1.66ms
[2026-09-18T20:38:52.770+0000][184.234s][info][gc,phases   ] GC(94)   Other: 0.06ms
[2026-09-18T20:38:52.770+0000][184.234s][info][gc,heap     ] GC(94) Eden regions: 244->0(242)
[2026-09-18T20:38:52.770+0000][184.234s][info][gc,heap     ] GC(94) Survivor regions: 18->18(33)
[2026-09-18T20:38:52.770+0000][184.234s][info][gc,heap     ] GC(94) Old regions: 407->409
[2026-09-18T20:38:52.770+0000][184.234s][info][gc,heap     ] GC(94) Humongous regions: 0->0
[2026-09-18T20:38:52.770+0000][184.234s][info][gc,metaspace] GC(94) Metaspace: 166282K(167936K)->166282K(167936K) NonClass: 139781K(140736K)->139781K(140736K) Class: 26501K(27200K)->26501K(27200K)
[2026-09-18T20:38:52.770+0000][184.234s][info][gc          ] GC(94) Pause Young (Normal) (G1 Evacuation Pause) 5348M->3409M(5640M) 136.446ms
[2026-09-18T20:38:52.770+0000][184.234s][info][gc,cpu      ] GC(94) User=0.55s Sys=0.00s Real=0.14s
[2026-09-18T20:38:54.066+0000][185.531s][info][gc,marking  ] GC(93) Concurrent Mark From Roots 4367.884ms
[2026-09-18T20:38:54.066+0000][185.531s][info][gc,marking  ] GC(93) Concurrent Preclean
[2026-09-18T20:38:54.067+0000][185.532s][info][gc,marking  ] GC(93) Concurrent Preclean 1.018ms
[2026-09-18T20:38:54.067+0000][185.532s][info][gc,start    ] GC(93) Pause Remark
[2026-09-18T20:38:54.077+0000][185.541s][info][gc          ] GC(93) Pause Remark 4145M->4145M(5696M) 9.590ms
[2026-09-18T20:38:54.077+0000][185.541s][info][gc,cpu      ] GC(93) User=0.02s Sys=0.00s Real=0.01s
[2026-09-18T20:38:54.077+0000][185.541s][info][gc,marking  ] GC(93) Concurrent Mark 4378.855ms
[2026-09-18T20:38:54.077+0000][185.541s][info][gc,marking  ] GC(93) Concurrent Rebuild Remembered Sets and Scrub Regions
[2026-09-18T20:38:55.759+0000][187.224s][info][gc,start    ] GC(95) Pause Young (Normal) (G1 Evacuation Pause)
[2026-09-18T20:38:55.760+0000][187.224s][info][gc,task     ] GC(95) Using 4 workers of 4 for evacuation
[2026-09-18T20:38:55.902+0000][187.366s][info][gc,phases   ] GC(95)   Pre Evacuate Collection Set: 0.16ms
[2026-09-18T20:38:55.902+0000][187.366s][info][gc,phases   ] GC(95)   Merge Heap Roots: 4.96ms
[2026-09-18T20:38:55.902+0000][187.366s][info][gc,phases   ] GC(95)   Evacuate Collection Set: 135.16ms
[2026-09-18T20:38:55.902+0000][187.366s][info][gc,phases   ] GC(95)   Post Evacuate Collection Set: 2.20ms
[2026-09-18T20:38:55.902+0000][187.366s][info][gc,phases   ] GC(95)   Other: 0.06ms
[2026-09-18T20:38:55.902+0000][187.366s][info][gc,heap     ] GC(95) Eden regions: 241->0(247)
[2026-09-18T20:38:55.902+0000][187.366s][info][gc,heap     ] GC(95) Survivor regions: 18->18(33)
[2026-09-18T20:38:55.902+0000][187.366s][info][gc,heap     ] GC(95) Old regions: 409->410
[2026-09-18T20:38:55.902+0000][187.366s][info][gc,heap     ] GC(95) Humongous regions: 0->0
[2026-09-18T20:38:55.902+0000][187.366s][info][gc,metaspace] GC(95) Metaspace: 166288K(167936K)->166288K(167936K) NonClass: 139786K(140736K)->139786K(140736K) Class: 26502K(27200K)->26502K(27200K)
[2026-09-18T20:38:55.902+0000][187.366s][info][gc          ] GC(95) Pause Young (Normal) (G1 Evacuation Pause) 5337M->3414M(5696M) 142.717ms
[2026-09-18T20:38:55.902+0000][187.366s][info][gc,cpu      ] GC(95) User=0.57s Sys=0.00s Real=0.14s
[2026-09-18T20:38:57.206+0000][188.671s][info][gc,marking  ] GC(93) Concurrent Rebuild Remembered Sets and Scrub Regions 3129.245ms
[2026-09-18T20:38:57.210+0000][188.675s][info][gc,start    ] GC(93) Pause Cleanup
[2026-09-18T20:38:57.211+0000][188.675s][info][gc          ] GC(93) Pause Cleanup 4198M->4198M(5696M) 0.248ms
[2026-09-18T20:38:57.211+0000][188.675s][info][gc,cpu      ] GC(93) User=0.00s Sys=0.00s Real=0.00s
[2026-09-18T20:38:57.211+0000][188.675s][info][gc,marking  ] GC(93) Concurrent Clear Claimed Marks
[2026-09-18T20:38:57.211+0000][188.675s][info][gc,marking  ] GC(93) Concurrent Clear Claimed Marks 0.225ms
[2026-09-18T20:38:57.211+0000][188.675s][info][gc,marking  ] GC(93) Concurrent Cleanup for Next Mark
[2026-09-18T20:38:57.222+0000][188.686s][info][gc,marking  ] GC(93) Concurrent Cleanup for Next Mark 10.666ms
[2026-09-18T20:38:57.222+0000][188.686s][info][gc          ] GC(93) Concurrent Mark Cycle 7668.284ms
[2026-09-18T20:38:58.870+0000][190.334s][info][gc,start    ] GC(96) Pause Young (Prepare Mixed) (G1 Evacuation Pause)
[2026-09-18T20:38:58.870+0000][190.334s][info][gc,task     ] GC(96) Using 4 workers of 4 for evacuation
[2026-09-18T20:38:59.004+0000][190.468s][info][gc,phases   ] GC(96)   Pre Evacuate Collection Set: 0.19ms
[2026-09-18T20:38:59.004+0000][190.468s][info][gc,phases   ] GC(96)   Merge Heap Roots: 6.07ms
[2026-09-18T20:38:59.004+0000][190.468s][info][gc,phases   ] GC(96)   Evacuate Collection Set: 125.95ms
[2026-09-18T20:38:59.004+0000][190.468s][info][gc,phases   ] GC(96)   Post Evacuate Collection Set: 1.68ms
[2026-09-18T20:38:59.004+0000][190.468s][info][gc,phases   ] GC(96)   Other: 0.07ms
[2026-09-18T20:38:59.004+0000][190.468s][info][gc,heap     ] GC(96) Eden regions: 247->0(246)
[2026-09-18T20:38:59.004+0000][190.468s][info][gc,heap     ] GC(96) Survivor regions: 18->19(34)
[2026-09-18T20:38:59.004+0000][190.468s][info][gc,heap     ] GC(96) Old regions: 410->410
[2026-09-18T20:38:59.004+0000][190.468s][info][gc,heap     ] GC(96) Humongous regions: 0->0
[2026-09-18T20:38:59.004+0000][190.468s][info][gc,metaspace] GC(96) Metaspace: 166406K(168064K)->166406K(168064K) NonClass: 139889K(140864K)->139889K(140864K) Class: 26517K(27200K)->26517K(27200K)
[2026-09-18T20:38:59.004+0000][190.468s][info][gc          ] GC(96) Pause Young (Prepare Mixed) (G1 Evacuation Pause) 5390M->3426M(5696M) 134.135ms
[2026-09-18T20:38:59.004+0000][190.468s][info][gc,cpu      ] GC(96) User=0.54s Sys=0.00s Real=0.13s
[2026-09-18T20:39:01.528+0000][192.993s][info][gc,start    ] GC(97) Pause Young (Mixed) (G1 Evacuation Pause)
[2026-09-18T20:39:01.528+0000][192.993s][info][gc,task     ] GC(97) Using 4 workers of 4 for evacuation
[2026-09-18T20:39:01.718+0000][193.183s][info][gc,phases   ] GC(97)   Pre Evacuate Collection Set: 0.21ms
[2026-09-18T20:39:01.718+0000][193.183s][info][gc,phases   ] GC(97)   Merge Heap Roots: 6.15ms
[2026-09-18T20:39:01.718+0000][193.183s][info][gc,phases   ] GC(97)   Evacuate Collection Set: 181.50ms
[2026-09-18T20:39:01.718+0000][193.183s][info][gc,phases   ] GC(97)   Post Evacuate Collection Set: 2.01ms
[2026-09-18T20:39:01.718+0000][193.183s][info][gc,phases   ] GC(97)   Other: 0.08ms
[2026-09-18T20:39:01.718+0000][193.183s][info][gc,heap     ] GC(97) Eden regions: 246->0(247)
[2026-09-18T20:39:01.718+0000][193.183s][info][gc,heap     ] GC(97) Survivor regions: 19->19(34)
[2026-09-18T20:39:01.718+0000][193.183s][info][gc,heap     ] GC(97) Old regions: 410->409
[2026-09-18T20:39:01.718+0000][193.183s][info][gc,heap     ] GC(97) Humongous regions: 0->0
[2026-09-18T20:39:01.718+0000][193.183s][info][gc,metaspace] GC(97) Metaspace: 166535K(168256K)->166535K(168256K) NonClass: 140005K(140992K)->140005K(140992K) Class: 26530K(27264K)->26530K(27264K)
[2026-09-18T20:39:01.718+0000][193.183s][info][gc          ] GC(97) Pause Young (Mixed) (G1 Evacuation Pause) 5394M->3418M(5696M) 190.108ms
[2026-09-18T20:39:01.718+0000][193.183s][info][gc,cpu      ] GC(97) User=0.60s Sys=0.03s Real=0.19s
[2026-09-18T20:39:04.133+0000][195.598s][info][gc,start    ] GC(98) Pause Young (Concurrent Start) (G1 Evacuation Pause)
[2026-09-18T20:39:04.133+0000][195.598s][info][gc,task     ] GC(98) Using 4 workers of 4 for evacuation
[2026-09-18T20:39:04.274+0000][195.738s][info][gc,phases   ] GC(98)   Pre Evacuate Collection Set: 0.18ms
[2026-09-18T20:39:04.274+0000][195.738s][info][gc,phases   ] GC(98)   Merge Heap Roots: 5.20ms
[2026-09-18T20:39:04.274+0000][195.738s][info][gc,phases   ] GC(98)   Evacuate Collection Set: 133.26ms
[2026-09-18T20:39:04.274+0000][195.738s][info][gc,phases   ] GC(98)   Post Evacuate Collection Set: 1.54ms
[2026-09-18T20:39:04.274+0000][195.738s][info][gc,phases   ] GC(98)   Other: 0.09ms
[2026-09-18T20:39:04.274+0000][195.738s][info][gc,heap     ] GC(98) Eden regions: 247->0(246)
[2026-09-18T20:39:04.274+0000][195.738s][info][gc,heap     ] GC(98) Survivor regions: 19->19(34)
[2026-09-18T20:39:04.274+0000][195.738s][info][gc,heap     ] GC(98) Old regions: 409->410
[2026-09-18T20:39:04.274+0000][195.738s][info][gc,heap     ] GC(98) Humongous regions: 0->0
[2026-09-18T20:39:04.274+0000][195.738s][info][gc,metaspace] GC(98) Metaspace: 166540K(168256K)->166540K(168256K) NonClass: 140009K(140992K)->140009K(140992K) Class: 26530K(27264K)->26530K(27264K)
[2026-09-18T20:39:04.274+0000][195.738s][info][gc          ] GC(98) Pause Young (Concurrent Start) (G1 Evacuation Pause) 5394M->3428M(5696M) 140.421ms
[2026-09-18T20:39:04.274+0000][195.738s][info][gc,cpu      ] GC(98) User=0.56s Sys=0.00s Real=0.14s
[2026-09-18T20:39:04.274+0000][195.738s][info][gc          ] GC(99) Concurrent Mark Cycle
[2026-09-18T20:39:04.274+0000][195.738s][info][gc,marking  ] GC(99) Concurrent Scan Root Regions
[2026-09-18T20:39:04.424+0000][195.888s][info][gc,marking  ] GC(99) Concurrent Scan Root Regions 150.424ms
[2026-09-18T20:39:04.424+0000][195.888s][info][gc,marking  ] GC(99) Concurrent Mark
[2026-09-18T20:39:04.424+0000][195.889s][info][gc,marking  ] GC(99) Concurrent Mark From Roots
[2026-09-18T20:39:04.424+0000][195.889s][info][gc,task     ] GC(99) Using 1 workers of 1 for marking
[2026-09-18T20:39:07.312+0000][198.776s][info][gc,start    ] GC(100) Pause Young (Normal) (G1 Evacuation Pause)
[2026-09-18T20:39:07.312+0000][198.776s][info][gc,task     ] GC(100) Using 4 workers of 4 for evacuation
[2026-09-18T20:39:07.451+0000][198.915s][info][gc,phases   ] GC(100)   Pre Evacuate Collection Set: 0.16ms
[2026-09-18T20:39:07.451+0000][198.915s][info][gc,phases   ] GC(100)   Merge Heap Roots: 4.97ms
[2026-09-18T20:39:07.451+0000][198.915s][info][gc,phases   ] GC(100)   Evacuate Collection Set: 132.05ms
[2026-09-18T20:39:07.451+0000][198.915s][info][gc,phases   ] GC(100)   Post Evacuate Collection Set: 1.61ms
[2026-09-18T20:39:07.451+0000][198.915s][info][gc,phases   ] GC(100)   Other: 0.06ms
[2026-09-18T20:39:07.451+0000][198.915s][info][gc,heap     ] GC(100) Eden regions: 246->0(243)
[2026-09-18T20:39:07.451+0000][198.915s][info][gc,heap     ] GC(100) Survivor regions: 19->20(34)
[2026-09-18T20:39:07.451+0000][198.915s][info][gc,heap     ] GC(100) Old regions: 410->412
[2026-09-18T20:39:07.451+0000][198.915s][info][gc,heap     ] GC(100) Humongous regions: 0->0
[2026-09-18T20:39:07.451+0000][198.915s][info][gc,metaspace] GC(100) Metaspace: 166549K(168256K)->166549K(168256K) NonClass: 140018K(140992K)->140018K(140992K) Class: 26531K(27264K)->26531K(27264K)
[2026-09-18T20:39:07.451+0000][198.915s][info][gc          ] GC(100) Pause Young (Normal) (G1 Evacuation Pause) 5396M->3446M(5696M) 139.004ms
[2026-09-18T20:39:07.451+0000][198.915s][info][gc,cpu      ] GC(100) User=0.56s Sys=0.00s Real=0.14s
[2026-09-18T20:39:09.036+0000][200.501s][info][gc,marking  ] GC(99) Concurrent Mark From Roots 4612.172ms
[2026-09-18T20:39:09.036+0000][200.501s][info][gc,marking  ] GC(99) Concurrent Preclean
[2026-09-18T20:39:09.038+0000][200.502s][info][gc,marking  ] GC(99) Concurrent Preclean 1.205ms
[2026-09-18T20:39:09.038+0000][200.502s][info][gc,start    ] GC(99) Pause Remark
[2026-09-18T20:39:09.047+0000][200.511s][info][gc          ] GC(99) Pause Remark 4386M->4386M(5760M) 8.849ms
[2026-09-18T20:39:09.047+0000][200.511s][info][gc,cpu      ] GC(99) User=0.03s Sys=0.00s Real=0.01s
[2026-09-18T20:39:09.047+0000][200.511s][info][gc,marking  ] GC(99) Concurrent Mark 4622.565ms
[2026-09-18T20:39:09.047+0000][200.511s][info][gc,marking  ] GC(99) Concurrent Rebuild Remembered Sets and Scrub Regions
[2026-09-18T20:39:10.614+0000][202.079s][info][gc,start    ] GC(101) Pause Young (Normal) (G1 Evacuation Pause)
[2026-09-18T20:39:10.614+0000][202.079s][info][gc,task     ] GC(101) Using 4 workers of 4 for evacuation
[2026-09-18T20:39:10.768+0000][202.233s][info][gc,phases   ] GC(101)   Pre Evacuate Collection Set: 0.20ms
[2026-09-18T20:39:10.768+0000][202.233s][info][gc,phases   ] GC(101)   Merge Heap Roots: 6.44ms
[2026-09-18T20:39:10.768+0000][202.233s][info][gc,phases   ] GC(101)   Evacuate Collection Set: 144.46ms
[2026-09-18T20:39:10.768+0000][202.233s][info][gc,phases   ] GC(101)   Post Evacuate Collection Set: 2.70ms
[2026-09-18T20:39:10.768+0000][202.233s][info][gc,phases   ] GC(101)   Other: 0.06ms
[2026-09-18T20:39:10.768+0000][202.233s][info][gc,heap     ] GC(101) Eden regions: 244->0(252)
[2026-09-18T20:39:10.768+0000][202.233s][info][gc,heap     ] GC(101) Survivor regions: 20->18(33)
[2026-09-18T20:39:10.768+0000][202.233s][info][gc,heap     ] GC(101) Old regions: 412->414
[2026-09-18T20:39:10.768+0000][202.233s][info][gc,heap     ] GC(101) Humongous regions: 0->0
[2026-09-18T20:39:10.768+0000][202.233s][info][gc,metaspace] GC(101) Metaspace: 166594K(168320K)->166594K(168320K) NonClass: 140051K(140992K)->140051K(140992K) Class: 26543K(27328K)->26543K(27328K)
[2026-09-18T20:39:10.768+0000][202.233s][info][gc          ] GC(101) Pause Young (Normal) (G1 Evacuation Pause) 5398M->3451M(5760M) 154.013ms
[2026-09-18T20:39:10.768+0000][202.233s][info][gc,cpu      ] GC(101) User=0.61s Sys=0.00s Real=0.15s
[2026-09-18T20:39:12.205+0000][203.669s][info][gc,marking  ] GC(99) Concurrent Rebuild Remembered Sets and Scrub Regions 3157.876ms
[2026-09-18T20:39:12.205+0000][203.669s][info][gc,start    ] GC(99) Pause Cleanup
[2026-09-18T20:39:12.205+0000][203.669s][info][gc          ] GC(99) Pause Cleanup 4315M->4315M(5760M) 0.208ms
[2026-09-18T20:39:12.205+0000][203.669s][info][gc,cpu      ] GC(99) User=0.00s Sys=0.00s Real=0.00s
[2026-09-18T20:39:12.205+0000][203.669s][info][gc,marking  ] GC(99) Concurrent Clear Claimed Marks
[2026-09-18T20:39:12.205+0000][203.670s][info][gc,marking  ] GC(99) Concurrent Clear Claimed Marks 0.231ms
[2026-09-18T20:39:12.205+0000][203.670s][info][gc,marking  ] GC(99) Concurrent Cleanup for Next Mark
[2026-09-18T20:39:12.211+0000][203.675s][info][gc,marking  ] GC(99) Concurrent Cleanup for Next Mark 5.629ms
[2026-09-18T20:39:12.211+0000][203.675s][info][gc          ] GC(99) Concurrent Mark Cycle 7937.358ms
[2026-09-18T20:39:13.468+0000][204.932s][info][gc,start    ] GC(102) Pause Young (Prepare Mixed) (G1 Evacuation Pause)
[2026-09-18T20:39:13.468+0000][204.932s][info][gc,task     ] GC(102) Using 4 workers of 4 for evacuation
[2026-09-18T20:39:13.609+0000][205.074s][info][gc,phases   ] GC(102)   Pre Evacuate Collection Set: 0.16ms
[2026-09-18T20:39:13.610+0000][205.074s][info][gc,phases   ] GC(102)   Merge Heap Roots: 4.82ms
[2026-09-18T20:39:13.610+0000][205.074s][info][gc,phases   ] GC(102)   Evacuate Collection Set: 134.27ms
[2026-09-18T20:39:13.610+0000][205.074s][info][gc,phases   ] GC(102)   Post Evacuate Collection Set: 2.11ms
[2026-09-18T20:39:13.610+0000][205.074s][info][gc,phases   ] GC(102)   Other: 0.06ms
[2026-09-18T20:39:13.610+0000][205.074s][info][gc,heap     ] GC(102) Eden regions: 252->0(251)
[2026-09-18T20:39:13.610+0000][205.074s][info][gc,heap     ] GC(102) Survivor regions: 18->18(34)
[2026-09-18T20:39:13.610+0000][205.074s][info][gc,heap     ] GC(102) Old regions: 414->415
[2026-09-18T20:39:13.610+0000][205.074s][info][gc,heap     ] GC(102) Humongous regions: 0->0
[2026-09-18T20:39:13.610+0000][205.074s][info][gc,metaspace] GC(102) Metaspace: 166598K(168320K)->166598K(168320K) NonClass: 140055K(140992K)->140055K(140992K) Class: 26543K(27328K)->26543K(27328K)
[2026-09-18T20:39:13.610+0000][205.074s][info][gc          ] GC(102) Pause Young (Prepare Mixed) (G1 Evacuation Pause) 5467M->3461M(5760M) 141.609ms
[2026-09-18T20:39:13.610+0000][205.074s][info][gc,cpu      ] GC(102) User=0.54s Sys=0.00s Real=0.15s
[2026-09-18T20:39:16.187+0000][207.652s][info][gc,start    ] GC(103) Pause Young (Mixed) (G1 Evacuation Pause)
[2026-09-18T20:39:16.187+0000][207.652s][info][gc,task     ] GC(103) Using 4 workers of 4 for evacuation
[2026-09-18T20:39:16.339+0000][207.803s][info][gc,phases   ] GC(103)   Pre Evacuate Collection Set: 0.18ms
[2026-09-18T20:39:16.339+0000][207.804s][info][gc,phases   ] GC(103)   Merge Heap Roots: 5.62ms
[2026-09-18T20:39:16.339+0000][207.804s][info][gc,phases   ] GC(103)   Evacuate Collection Set: 141.27ms
[2026-09-18T20:39:16.339+0000][207.804s][info][gc,phases   ] GC(103)   Merge Optional Heap Roots: 0.10ms
[2026-09-18T20:39:16.339+0000][207.804s][info][gc,phases   ] GC(103)   Evacuate Optional Collection Set: 2.56ms
[2026-09-18T20:39:16.339+0000][207.804s][info][gc,phases   ] GC(103)   Post Evacuate Collection Set: 1.98ms
[2026-09-18T20:39:16.339+0000][207.804s][info][gc,phases   ] GC(103)   Other: 0.07ms
[2026-09-18T20:39:16.339+0000][207.804s][info][gc,heap     ] GC(103) Eden regions: 251->0(252)
[2026-09-18T20:39:16.339+0000][207.804s][info][gc,heap     ] GC(103) Survivor regions: 18->18(34)
[2026-09-18T20:39:16.339+0000][207.804s][info][gc,heap     ] GC(103) Old regions: 415->414
[2026-09-18T20:39:16.339+0000][207.804s][info][gc,heap     ] GC(103) Humongous regions: 0->0
[2026-09-18T20:39:16.339+0000][207.804s][info][gc,metaspace] GC(103) Metaspace: 166642K(168384K)->166642K(168384K) NonClass: 140099K(141056K)->140099K(141056K) Class: 26543K(27328K)->26543K(27328K)
[2026-09-18T20:39:16.339+0000][207.804s][info][gc          ] GC(103) Pause Young (Mixed) (G1 Evacuation Pause) 5469M->3451M(5760M) 151.950ms
[2026-09-18T20:39:16.339+0000][207.804s][info][gc,cpu      ] GC(103) User=0.60s Sys=0.00s Real=0.16s
[2026-09-18T20:39:18.728+0000][210.192s][info][gc,start    ] GC(104) Pause Young (Concurrent Start) (G1 Evacuation Pause)
[2026-09-18T20:39:18.728+0000][210.192s][info][gc,task     ] GC(104) Using 4 workers of 4 for evacuation
[2026-09-18T20:39:18.863+0000][210.327s][info][gc,phases   ] GC(104)   Pre Evacuate Collection Set: 0.19ms
[2026-09-18T20:39:18.863+0000][210.328s][info][gc,phases   ] GC(104)   Merge Heap Roots: 5.06ms
[2026-09-18T20:39:18.863+0000][210.328s][info][gc,phases   ] GC(104)   Evacuate Collection Set: 128.40ms
[2026-09-18T20:39:18.863+0000][210.328s][info][gc,phases   ] GC(104)   Post Evacuate Collection Set: 1.54ms
[2026-09-18T20:39:18.863+0000][210.328s][info][gc,phases   ] GC(104)   Other: 0.10ms
[2026-09-18T20:39:18.863+0000][210.328s][info][gc,heap     ] GC(104) Eden regions: 252->0(250)
[2026-09-18T20:39:18.863+0000][210.328s][info][gc,heap     ] GC(104) Survivor regions: 18->20(34)
[2026-09-18T20:39:18.863+0000][210.328s][info][gc,heap     ] GC(104) Old regions: 414->414
[2026-09-18T20:39:18.863+0000][210.328s][info][gc,heap     ] GC(104) Humongous regions: 0->0
[2026-09-18T20:39:18.863+0000][210.328s][info][gc,metaspace] GC(104) Metaspace: 166652K(168384K)->166652K(168384K) NonClass: 140108K(141056K)->140108K(141056K) Class: 26543K(27328K)->26543K(27328K)
[2026-09-18T20:39:18.863+0000][210.328s][info][gc          ] GC(104) Pause Young (Concurrent Start) (G1 Evacuation Pause) 5467M->3467M(5760M) 135.490ms
[2026-09-18T20:39:18.863+0000][210.328s][info][gc,cpu      ] GC(104) User=0.53s Sys=0.00s Real=0.14s
[2026-09-18T20:39:18.863+0000][210.328s][info][gc          ] GC(105) Concurrent Mark Cycle
[2026-09-18T20:39:18.863+0000][210.328s][info][gc,marking  ] GC(105) Concurrent Scan Root Regions
[2026-09-18T20:39:18.958+0000][210.422s][info][gc,marking  ] GC(105) Concurrent Scan Root Regions 94.533ms
[2026-09-18T20:39:18.958+0000][210.422s][info][gc,marking  ] GC(105) Concurrent Mark
[2026-09-18T20:39:18.958+0000][210.422s][info][gc,marking  ] GC(105) Concurrent Mark From Roots
[2026-09-18T20:39:18.958+0000][210.422s][info][gc,task     ] GC(105) Using 1 workers of 1 for marking
[2026-09-18T20:39:22.022+0000][213.486s][info][gc,start    ] GC(106) Pause Young (Normal) (G1 Evacuation Pause)
[2026-09-18T20:39:22.022+0000][213.486s][info][gc,task     ] GC(106) Using 4 workers of 4 for evacuation
[2026-09-18T20:39:22.170+0000][213.634s][info][gc,phases   ] GC(106)   Pre Evacuate Collection Set: 0.19ms
[2026-09-18T20:39:22.170+0000][213.634s][info][gc,phases   ] GC(106)   Merge Heap Roots: 8.12ms
[2026-09-18T20:39:22.170+0000][213.634s][info][gc,phases   ] GC(106)   Evacuate Collection Set: 137.74ms
[2026-09-18T20:39:22.170+0000][213.634s][info][gc,phases   ] GC(106)   Post Evacuate Collection Set: 1.65ms
[2026-09-18T20:39:22.170+0000][213.634s][info][gc,phases   ] GC(106)   Other: 0.05ms
[2026-09-18T20:39:22.170+0000][213.634s][info][gc,heap     ] GC(106) Eden regions: 250->0(249)
[2026-09-18T20:39:22.170+0000][213.634s][info][gc,heap     ] GC(106) Survivor regions: 20->18(34)
[2026-09-18T20:39:22.170+0000][213.634s][info][gc,heap     ] GC(106) Old regions: 414->417
[2026-09-18T20:39:22.170+0000][213.634s][info][gc,heap     ] GC(106) Humongous regions: 0->0
[2026-09-18T20:39:22.170+0000][213.634s][info][gc,metaspace] GC(106) Metaspace: 166660K(168384K)->166660K(168384K) NonClass: 140116K(141056K)->140116K(141056K) Class: 26544K(27328K)->26544K(27328K)
[2026-09-18T20:39:22.170+0000][213.634s][info][gc          ] GC(106) Pause Young (Normal) (G1 Evacuation Pause) 5467M->3472M(5760M) 147.914ms
[2026-09-18T20:39:22.170+0000][213.634s][info][gc,cpu      ] GC(106) User=0.55s Sys=0.03s Real=0.15s
[2026-09-18T20:39:23.479+0000][214.943s][info][gc,marking  ] GC(105) Concurrent Mark From Roots 4520.962ms
[2026-09-18T20:39:23.479+0000][214.943s][info][gc,marking  ] GC(105) Concurrent Preclean
[2026-09-18T20:39:23.480+0000][214.945s][info][gc,marking  ] GC(105) Concurrent Preclean 1.290ms
[2026-09-18T20:39:23.481+0000][214.945s][info][gc,start    ] GC(105) Pause Remark
[2026-09-18T20:39:23.489+0000][214.954s][info][gc          ] GC(105) Pause Remark 4264M->4264M(5800M) 8.806ms
[2026-09-18T20:39:23.489+0000][214.954s][info][gc,cpu      ] GC(105) User=0.02s Sys=0.00s Real=0.01s
[2026-09-18T20:39:23.489+0000][214.954s][info][gc,marking  ] GC(105) Concurrent Mark 4531.491ms
[2026-09-18T20:39:23.489+0000][214.954s][info][gc,marking  ] GC(105) Concurrent Rebuild Remembered Sets and Scrub Regions
[2026-09-18T20:39:25.372+0000][216.836s][info][gc,start    ] GC(107) Pause Young (Normal) (G1 Evacuation Pause)
[2026-09-18T20:39:25.372+0000][216.836s][info][gc,task     ] GC(107) Using 4 workers of 4 for evacuation
[2026-09-18T20:39:25.517+0000][216.981s][info][gc,phases   ] GC(107)   Pre Evacuate Collection Set: 0.15ms
[2026-09-18T20:39:25.517+0000][216.981s][info][gc,phases   ] GC(107)   Merge Heap Roots: 4.95ms
[2026-09-18T20:39:25.517+0000][216.981s][info][gc,phases   ] GC(107)   Evacuate Collection Set: 138.12ms
[2026-09-18T20:39:25.517+0000][216.981s][info][gc,phases   ] GC(107)   Post Evacuate Collection Set: 2.16ms
[2026-09-18T20:39:25.517+0000][216.981s][info][gc,phases   ] GC(107)   Other: 0.07ms
[2026-09-18T20:39:25.517+0000][216.981s][info][gc,heap     ] GC(107) Eden regions: 248->0(251)
[2026-09-18T20:39:25.517+0000][216.981s][info][gc,heap     ] GC(107) Survivor regions: 18->20(34)
[2026-09-18T20:39:25.517+0000][216.981s][info][gc,heap     ] GC(107) Old regions: 417->417
[2026-09-18T20:39:25.517+0000][216.981s][info][gc,heap     ] GC(107) Humongous regions: 0->0
[2026-09-18T20:39:25.517+0000][216.981s][info][gc,metaspace] GC(107) Metaspace: 166681K(168384K)->166681K(168384K) NonClass: 140134K(141056K)->140134K(141056K) Class: 26546K(27328K)->26546K(27328K)
[2026-09-18T20:39:25.517+0000][216.981s][info][gc          ] GC(107) Pause Young (Normal) (G1 Evacuation Pause) 5456M->3484M(5800M) 145.624ms
[2026-09-18T20:39:25.517+0000][216.981s][info][gc,cpu      ] GC(107) User=0.58s Sys=0.00s Real=0.14s
[2026-09-18T20:39:26.616+0000][218.080s][info][gc,marking  ] GC(105) Concurrent Rebuild Remembered Sets and Scrub Regions 3126.275ms
[2026-09-18T20:39:26.616+0000][218.080s][info][gc,start    ] GC(105) Pause Cleanup
[2026-09-18T20:39:26.616+0000][218.081s][info][gc          ] GC(105) Pause Cleanup 4128M->4128M(5800M) 0.276ms
[2026-09-18T20:39:26.616+0000][218.081s][info][gc,cpu      ] GC(105) User=0.00s Sys=0.00s Real=0.00s
[2026-09-18T20:39:26.616+0000][218.081s][info][gc,marking  ] GC(105) Concurrent Clear Claimed Marks
[2026-09-18T20:39:26.617+0000][218.081s][info][gc,marking  ] GC(105) Concurrent Clear Claimed Marks 0.223ms
[2026-09-18T20:39:26.617+0000][218.081s][info][gc,marking  ] GC(105) Concurrent Cleanup for Next Mark
[2026-09-18T20:39:26.623+0000][218.087s][info][gc,marking  ] GC(105) Concurrent Cleanup for Next Mark 5.983ms
[2026-09-18T20:39:26.623+0000][218.087s][info][gc          ] GC(105) Concurrent Mark Cycle 7759.189ms
[2026-09-18T20:39:28.317+0000][219.782s][info][gc,start    ] GC(108) Pause Young (Prepare Mixed) (G1 Evacuation Pause)
[2026-09-18T20:39:28.317+0000][219.782s][info][gc,task     ] GC(108) Using 4 workers of 4 for evacuation
[2026-09-18T20:39:28.456+0000][219.920s][info][gc,phases   ] GC(108)   Pre Evacuate Collection Set: 0.16ms
[2026-09-18T20:39:28.456+0000][219.920s][info][gc,phases   ] GC(108)   Merge Heap Roots: 5.35ms
[2026-09-18T20:39:28.456+0000][219.920s][info][gc,phases   ] GC(108)   Evacuate Collection Set: 131.21ms
[2026-09-18T20:39:28.456+0000][219.920s][info][gc,phases   ] GC(108)   Post Evacuate Collection Set: 1.65ms
[2026-09-18T20:39:28.456+0000][219.920s][info][gc,phases   ] GC(108)   Other: 0.07ms
[2026-09-18T20:39:28.456+0000][219.920s][info][gc,heap     ] GC(108) Eden regions: 251->0(252)
[2026-09-18T20:39:28.456+0000][219.920s][info][gc,heap     ] GC(108) Survivor regions: 20->17(34)
[2026-09-18T20:39:28.456+0000][219.920s][info][gc,heap     ] GC(108) Old regions: 417->419
[2026-09-18T20:39:28.456+0000][219.920s][info][gc,heap     ] GC(108) Humongous regions: 0->0
[2026-09-18T20:39:28.456+0000][219.920s][info][gc,metaspace] GC(108) Metaspace: 166688K(168384K)->166688K(168384K) NonClass: 140142K(141056K)->140142K(141056K) Class: 26546K(27328K)->26546K(27328K)
[2026-09-18T20:39:28.456+0000][219.920s][info][gc          ] GC(108) Pause Young (Prepare Mixed) (G1 Evacuation Pause) 5492M->3487M(5800M) 138.602ms
[2026-09-18T20:39:28.456+0000][219.920s][info][gc,cpu      ] GC(108) User=0.55s Sys=0.00s Real=0.14s
[2026-09-18T20:39:30.798+0000][222.262s][info][gc,start    ] GC(109) Pause Young (Mixed) (G1 Evacuation Pause)
[2026-09-18T20:39:30.798+0000][222.262s][info][gc,task     ] GC(109) Using 4 workers of 4 for evacuation
[2026-09-18T20:39:30.944+0000][222.408s][info][gc,phases   ] GC(109)   Pre Evacuate Collection Set: 0.12ms
[2026-09-18T20:39:30.944+0000][222.408s][info][gc,phases   ] GC(109)   Merge Heap Roots: 5.15ms
[2026-09-18T20:39:30.944+0000][222.408s][info][gc,phases   ] GC(109)   Evacuate Collection Set: 139.14ms
[2026-09-18T20:39:30.944+0000][222.408s][info][gc,phases   ] GC(109)   Post Evacuate Collection Set: 1.59ms
[2026-09-18T20:39:30.944+0000][222.408s][info][gc,phases   ] GC(109)   Other: 0.06ms
[2026-09-18T20:39:30.944+0000][222.408s][info][gc,heap     ] GC(109) Eden regions: 252->0(252)
[2026-09-18T20:39:30.944+0000][222.408s][info][gc,heap     ] GC(109) Survivor regions: 17->19(34)
[2026-09-18T20:39:30.944+0000][222.408s][info][gc,heap     ] GC(109) Old regions: 419->417
[2026-09-18T20:39:30.944+0000][222.408s][info][gc,heap     ] GC(109) Humongous regions: 0->0
[2026-09-18T20:39:30.944+0000][222.408s][info][gc,metaspace] GC(109) Metaspace: 166692K(168384K)->166692K(168384K) NonClass: 140145K(141056K)->140145K(141056K) Class: 26546K(27328K)->26546K(27328K)
[2026-09-18T20:39:30.944+0000][222.408s][info][gc          ] GC(109) Pause Young (Mixed) (G1 Evacuation Pause) 5503M->3484M(5800M) 146.220ms
[2026-09-18T20:39:30.944+0000][222.408s][info][gc,cpu      ] GC(109) User=0.58s Sys=0.00s Real=0.15s
[2026-09-18T20:39:33.462+0000][224.926s][info][gc,start    ] GC(110) Pause Young (Concurrent Start) (G1 Evacuation Pause)
[2026-09-18T20:39:33.462+0000][224.926s][info][gc,task     ] GC(110) Using 4 workers of 4 for evacuation
[2026-09-18T20:39:33.599+0000][225.063s][info][gc,phases   ] GC(110)   Pre Evacuate Collection Set: 0.18ms
[2026-09-18T20:39:33.599+0000][225.063s][info][gc,phases   ] GC(110)   Merge Heap Roots: 5.16ms
[2026-09-18T20:39:33.599+0000][225.063s][info][gc,phases   ] GC(110)   Evacuate Collection Set: 129.61ms
[2026-09-18T20:39:33.599+0000][225.063s][info][gc,phases   ] GC(110)   Post Evacuate Collection Set: 1.68ms
[2026-09-18T20:39:33.599+0000][225.063s][info][gc,phases   ] GC(110)   Other: 0.08ms
[2026-09-18T20:39:33.599+0000][225.063s][info][gc,heap     ] GC(110) Eden regions: 252->0(251)
[2026-09-18T20:39:33.599+0000][225.063s][info][gc,heap     ] GC(110) Survivor regions: 19->18(34)
[2026-09-18T20:39:33.599+0000][225.063s][info][gc,heap     ] GC(110) Old regions: 417->419
[2026-09-18T20:39:33.599+0000][225.063s][info][gc,heap     ] GC(110) Humongous regions: 0->0
[2026-09-18T20:39:33.599+0000][225.063s][info][gc,metaspace] GC(110) Metaspace: 166716K(168512K)->166716K(168512K) NonClass: 140169K(141184K)->140169K(141184K) Class: 26546K(27328K)->26546K(27328K)
[2026-09-18T20:39:33.599+0000][225.063s][info][gc          ] GC(110) Pause Young (Concurrent Start) (G1 Evacuation Pause) 5500M->3491M(5800M) 136.870ms
[2026-09-18T20:39:33.599+0000][225.063s][info][gc,cpu      ] GC(110) User=0.55s Sys=0.00s Real=0.13s
[2026-09-18T20:39:33.599+0000][225.063s][info][gc          ] GC(111) Concurrent Mark Cycle
[2026-09-18T20:39:33.599+0000][225.063s][info][gc,marking  ] GC(111) Concurrent Scan Root Regions
[2026-09-18T20:39:33.756+0000][225.220s][info][gc,marking  ] GC(111) Concurrent Scan Root Regions 157.405ms
[2026-09-18T20:39:33.756+0000][225.221s][info][gc,marking  ] GC(111) Concurrent Mark
[2026-09-18T20:39:33.756+0000][225.221s][info][gc,marking  ] GC(111) Concurrent Mark From Roots
[2026-09-18T20:39:33.756+0000][225.221s][info][gc,task     ] GC(111) Using 1 workers of 1 for marking
[2026-09-18T20:39:36.878+0000][228.343s][info][gc,start    ] GC(112) Pause Young (Normal) (G1 Evacuation Pause)
[2026-09-18T20:39:36.878+0000][228.343s][info][gc,task     ] GC(112) Using 4 workers of 4 for evacuation
[2026-09-18T20:39:37.013+0000][228.478s][info][gc,phases   ] GC(112)   Pre Evacuate Collection Set: 0.17ms
[2026-09-18T20:39:37.013+0000][228.478s][info][gc,phases   ] GC(112)   Merge Heap Roots: 5.09ms
[2026-09-18T20:39:37.013+0000][228.478s][info][gc,phases   ] GC(112)   Evacuate Collection Set: 127.96ms
[2026-09-18T20:39:37.013+0000][228.478s][info][gc,phases   ] GC(112)   Post Evacuate Collection Set: 1.62ms
[2026-09-18T20:39:37.013+0000][228.478s][info][gc,phases   ] GC(112)   Other: 0.05ms
[2026-09-18T20:39:37.013+0000][228.478s][info][gc,heap     ] GC(112) Eden regions: 251->0(250)
[2026-09-18T20:39:37.013+0000][228.478s][info][gc,heap     ] GC(112) Survivor regions: 18->19(34)
[2026-09-18T20:39:37.013+0000][228.478s][info][gc,heap     ] GC(112) Old regions: 419->419
[2026-09-18T20:39:37.013+0000][228.478s][info][gc,heap     ] GC(112) Humongous regions: 0->0
[2026-09-18T20:39:37.013+0000][228.478s][info][gc,metaspace] GC(112) Metaspace: 166727K(168512K)->166727K(168512K) NonClass: 140180K(141184K)->140180K(141184K) Class: 26546K(27328K)->26546K(27328K)
[2026-09-18T20:39:37.013+0000][228.478s][info][gc          ] GC(112) Pause Young (Normal) (G1 Evacuation Pause) 5499M->3499M(5800M) 135.049ms
[2026-09-18T20:39:37.013+0000][228.478s][info][gc,cpu      ] GC(112) User=0.53s Sys=0.00s Real=0.14s
[2026-09-18T20:39:38.561+0000][230.025s][info][gc,marking  ] GC(111) Concurrent Mark From Roots 4804.243ms
[2026-09-18T20:39:38.561+0000][230.025s][info][gc,marking  ] GC(111) Concurrent Preclean
[2026-09-18T20:39:38.562+0000][230.026s][info][gc,marking  ] GC(111) Concurrent Preclean 1.010ms
[2026-09-18T20:39:38.562+0000][230.026s][info][gc,start    ] GC(111) Pause Remark
[2026-09-18T20:39:38.570+0000][230.034s][info][gc          ] GC(111) Pause Remark 4443M->4443M(5840M) 8.128ms
[2026-09-18T20:39:38.570+0000][230.034s][info][gc,cpu      ] GC(111) User=0.03s Sys=0.00s Real=0.01s
[2026-09-18T20:39:38.571+0000][230.035s][info][gc,marking  ] GC(111) Concurrent Mark 4814.522ms
[2026-09-18T20:39:38.571+0000][230.035s][info][gc,marking  ] GC(111) Concurrent Rebuild Remembered Sets and Scrub Regions
[2026-09-18T20:39:40.156+0000][231.620s][info][gc,start    ] GC(113) Pause Young (Normal) (G1 Evacuation Pause)
[2026-09-18T20:39:40.156+0000][231.620s][info][gc,task     ] GC(113) Using 4 workers of 4 for evacuation
[2026-09-18T20:39:40.310+0000][231.775s][info][gc,phases   ] GC(113)   Pre Evacuate Collection Set: 0.18ms
[2026-09-18T20:39:40.310+0000][231.775s][info][gc,phases   ] GC(113)   Merge Heap Roots: 5.43ms
[2026-09-18T20:39:40.310+0000][231.775s][info][gc,phases   ] GC(113)   Evacuate Collection Set: 146.00ms
[2026-09-18T20:39:40.310+0000][231.775s][info][gc,phases   ] GC(113)   Post Evacuate Collection Set: 2.40ms
[2026-09-18T20:39:40.310+0000][231.775s][info][gc,phases   ] GC(113)   Other: 0.09ms
[2026-09-18T20:39:40.310+0000][231.775s][info][gc,heap     ] GC(113) Eden regions: 250->0(254)
[2026-09-18T20:39:40.310+0000][231.775s][info][gc,heap     ] GC(113) Survivor regions: 19->19(34)
[2026-09-18T20:39:40.310+0000][231.775s][info][gc,heap     ] GC(113) Old regions: 419->420
[2026-09-18T20:39:40.310+0000][231.775s][info][gc,heap     ] GC(113) Humongous regions: 0->0
[2026-09-18T20:39:40.310+0000][231.775s][info][gc,metaspace] GC(113) Metaspace: 166791K(168576K)->166791K(168576K) NonClass: 140227K(141248K)->140227K(141248K) Class: 26564K(27328K)->26564K(27328K)
[2026-09-18T20:39:40.310+0000][231.775s][info][gc          ] GC(113) Pause Young (Normal) (G1 Evacuation Pause) 5499M->3503M(5840M) 154.289ms
[2026-09-18T20:39:40.310+0000][231.775s][info][gc,cpu      ] GC(113) User=0.61s Sys=0.01s Real=0.16s
[2026-09-18T20:39:41.729+0000][233.194s][info][gc,marking  ] GC(111) Concurrent Rebuild Remembered Sets and Scrub Regions 3158.623ms
[2026-09-18T20:39:41.733+0000][233.198s][info][gc,start    ] GC(111) Pause Cleanup
[2026-09-18T20:39:41.734+0000][233.198s][info][gc          ] GC(111) Pause Cleanup 4263M->4263M(5840M) 0.229ms
[2026-09-18T20:39:41.734+0000][233.198s][info][gc,cpu      ] GC(111) User=0.00s Sys=0.00s Real=0.00s
[2026-09-18T20:39:41.734+0000][233.199s][info][gc,marking  ] GC(111) Concurrent Clear Claimed Marks
[2026-09-18T20:39:41.734+0000][233.199s][info][gc,marking  ] GC(111) Concurrent Clear Claimed Marks 0.225ms
[2026-09-18T20:39:41.734+0000][233.199s][info][gc,marking  ] GC(111) Concurrent Cleanup for Next Mark
[2026-09-18T20:39:41.746+0000][233.210s][info][gc,marking  ] GC(111) Concurrent Cleanup for Next Mark 11.088ms
[2026-09-18T20:39:41.746+0000][233.210s][info][gc          ] GC(111) Concurrent Mark Cycle 8146.806ms
[2026-09-18T20:39:43.278+0000][234.742s][info][gc,start    ] GC(114) Pause Young (Prepare Mixed) (G1 Evacuation Pause)
[2026-09-18T20:39:43.278+0000][234.742s][info][gc,task     ] GC(114) Using 4 workers of 4 for evacuation
[2026-09-18T20:39:43.418+0000][234.883s][info][gc,phases   ] GC(114)   Pre Evacuate Collection Set: 0.16ms
[2026-09-18T20:39:43.419+0000][234.883s][info][gc,phases   ] GC(114)   Merge Heap Roots: 5.21ms
[2026-09-18T20:39:43.419+0000][234.883s][info][gc,phases   ] GC(114)   Evacuate Collection Set: 133.58ms
[2026-09-18T20:39:43.419+0000][234.883s][info][gc,phases   ] GC(114)   Post Evacuate Collection Set: 1.64ms
[2026-09-18T20:39:43.419+0000][234.883s][info][gc,phases   ] GC(114)   Other: 0.07ms
[2026-09-18T20:39:43.419+0000][234.883s][info][gc,heap     ] GC(114) Eden regions: 254->0(253)
[2026-09-18T20:39:43.419+0000][234.883s][info][gc,heap     ] GC(114) Survivor regions: 19->19(35)
[2026-09-18T20:39:43.419+0000][234.883s][info][gc,heap     ] GC(114) Old regions: 420->421
[2026-09-18T20:39:43.419+0000][234.883s][info][gc,heap     ] GC(114) Humongous regions: 0->0
[2026-09-18T20:39:43.419+0000][234.883s][info][gc,metaspace] GC(114) Metaspace: 166797K(168576K)->166797K(168576K) NonClass: 140232K(141248K)->140232K(141248K) Class: 26564K(27328K)->26564K(27328K)
[2026-09-18T20:39:43.419+0000][234.883s][info][gc          ] GC(114) Pause Young (Prepare Mixed) (G1 Evacuation Pause) 5535M->3512M(5840M) 140.840ms
[2026-09-18T20:39:43.419+0000][234.883s][info][gc,cpu      ] GC(114) User=0.55s Sys=0.00s Real=0.14s
[2026-09-18T20:39:45.823+0000][237.287s][info][gc,start    ] GC(115) Pause Young (Mixed) (G1 Evacuation Pause)
[2026-09-18T20:39:45.823+0000][237.287s][info][gc,task     ] GC(115) Using 4 workers of 4 for evacuation
[2026-09-18T20:39:45.976+0000][237.440s][info][gc,phases   ] GC(115)   Pre Evacuate Collection Set: 0.25ms
[2026-09-18T20:39:45.976+0000][237.440s][info][gc,phases   ] GC(115)   Merge Heap Roots: 5.79ms
[2026-09-18T20:39:45.976+0000][237.440s][info][gc,phases   ] GC(115)   Evacuate Collection Set: 145.58ms
[2026-09-18T20:39:45.976+0000][237.440s][info][gc,phases   ] GC(115)   Post Evacuate Collection Set: 1.55ms
[2026-09-18T20:39:45.976+0000][237.440s][info][gc,phases   ] GC(115)   Other: 0.08ms
[2026-09-18T20:39:45.976+0000][237.440s][info][gc,heap     ] GC(115) Eden regions: 253->0(254)
[2026-09-18T20:39:45.976+0000][237.440s][info][gc,heap     ] GC(115) Survivor regions: 19->19(34)
[2026-09-18T20:39:45.976+0000][237.440s][info][gc,heap     ] GC(115) Old regions: 421->420
[2026-09-18T20:39:45.976+0000][237.440s][info][gc,heap     ] GC(115) Humongous regions: 0->0
[2026-09-18T20:39:45.976+0000][237.440s][info][gc,metaspace] GC(115) Metaspace: 166806K(168576K)->166806K(168576K) NonClass: 140241K(141248K)->140241K(141248K) Class: 26564K(27328K)->26564K(27328K)
[2026-09-18T20:39:45.976+0000][237.440s][info][gc          ] GC(115) Pause Young (Mixed) (G1 Evacuation Pause) 5536M->3505M(5840M) 153.403ms
[2026-09-18T20:39:45.976+0000][237.440s][info][gc,cpu      ] GC(115) User=0.61s Sys=0.00s Real=0.15s
[2026-09-18T20:39:48.399+0000][239.863s][info][gc,start    ] GC(116) Pause Young (Concurrent Start) (G1 Evacuation Pause)
[2026-09-18T20:39:48.399+0000][239.863s][info][gc,task     ] GC(116) Using 4 workers of 4 for evacuation
[2026-09-18T20:39:48.541+0000][240.005s][info][gc,phases   ] GC(116)   Pre Evacuate Collection Set: 0.19ms
[2026-09-18T20:39:48.541+0000][240.005s][info][gc,phases   ] GC(116)   Merge Heap Roots: 5.15ms
[2026-09-18T20:39:48.541+0000][240.005s][info][gc,phases   ] GC(116)   Evacuate Collection Set: 135.35ms
[2026-09-18T20:39:48.541+0000][240.005s][info][gc,phases   ] GC(116)   Post Evacuate Collection Set: 1.56ms
[2026-09-18T20:39:48.541+0000][240.005s][info][gc,phases   ] GC(116)   Other: 0.08ms
[2026-09-18T20:39:48.541+0000][240.005s][info][gc,heap     ] GC(116) Eden regions: 254->0(252)
[2026-09-18T20:39:48.541+0000][240.005s][info][gc,heap     ] GC(116) Survivor regions: 19->19(35)
[2026-09-18T20:39:48.541+0000][240.005s][info][gc,heap     ] GC(116) Old regions: 420->422
[2026-09-18T20:39:48.541+0000][240.005s][info][gc,heap     ] GC(116) Humongous regions: 0->0
[2026-09-18T20:39:48.541+0000][240.005s][info][gc,metaspace] GC(116) Metaspace: 166810K(168576K)->166810K(168576K) NonClass: 140245K(141248K)->140245K(141248K) Class: 26564K(27328K)->26564K(27328K)
[2026-09-18T20:39:48.541+0000][240.005s][info][gc          ] GC(116) Pause Young (Concurrent Start) (G1 Evacuation Pause) 5537M->3519M(5840M) 142.485ms
[2026-09-18T20:39:48.541+0000][240.005s][info][gc,cpu      ] GC(116) User=0.57s Sys=0.00s Real=0.15s
[2026-09-18T20:39:48.541+0000][240.005s][info][gc          ] GC(117) Concurrent Mark Cycle
[2026-09-18T20:39:48.541+0000][240.005s][info][gc,marking  ] GC(117) Concurrent Scan Root Regions
[2026-09-18T20:39:48.617+0000][240.081s][info][gc,marking  ] GC(117) Concurrent Scan Root Regions 75.818ms
[2026-09-18T20:39:48.617+0000][240.081s][info][gc,marking  ] GC(117) Concurrent Mark
[2026-09-18T20:39:48.617+0000][240.081s][info][gc,marking  ] GC(117) Concurrent Mark From Roots
[2026-09-18T20:39:48.617+0000][240.081s][info][gc,task     ] GC(117) Using 1 workers of 1 for marking
[2026-09-18T20:39:51.967+0000][243.432s][info][gc,start    ] GC(118) Pause Young (Normal) (G1 Evacuation Pause)
[2026-09-18T20:39:51.967+0000][243.432s][info][gc,task     ] GC(118) Using 4 workers of 4 for evacuation
[2026-09-18T20:39:52.109+0000][243.573s][info][gc,phases   ] GC(118)   Pre Evacuate Collection Set: 0.18ms
[2026-09-18T20:39:52.109+0000][243.573s][info][gc,phases   ] GC(118)   Merge Heap Roots: 5.20ms
[2026-09-18T20:39:52.109+0000][243.573s][info][gc,phases   ] GC(118)   Evacuate Collection Set: 134.13ms
[2026-09-18T20:39:52.109+0000][243.573s][info][gc,phases   ] GC(118)   Post Evacuate Collection Set: 1.66ms
[2026-09-18T20:39:52.109+0000][243.573s][info][gc,phases   ] GC(118)   Other: 0.06ms
[2026-09-18T20:39:52.109+0000][243.573s][info][gc,heap     ] GC(118) Eden regions: 252->0(252)
[2026-09-18T20:39:52.109+0000][243.573s][info][gc,heap     ] GC(118) Survivor regions: 19->18(34)
[2026-09-18T20:39:52.109+0000][243.573s][info][gc,heap     ] GC(118) Old regions: 422->423
[2026-09-18T20:39:52.109+0000][243.573s][info][gc,heap     ] GC(118) Humongous regions: 0->0
[2026-09-18T20:39:52.109+0000][243.573s][info][gc,metaspace] GC(118) Metaspace: 166818K(168576K)->166818K(168576K) NonClass: 140253K(141248K)->140253K(141248K) Class: 26564K(27328K)->26564K(27328K)
[2026-09-18T20:39:52.109+0000][243.573s][info][gc          ] GC(118) Pause Young (Normal) (G1 Evacuation Pause) 5535M->3524M(5840M) 141.410ms
[2026-09-18T20:39:52.109+0000][243.573s][info][gc,cpu      ] GC(118) User=0.56s Sys=0.00s Real=0.14s
[2026-09-18T20:39:52.747+0000][244.211s][info][gc,marking  ] GC(117) Concurrent Mark From Roots 4130.097ms
[2026-09-18T20:39:52.747+0000][244.211s][info][gc,marking  ] GC(117) Concurrent Preclean
[2026-09-18T20:39:52.748+0000][244.213s][info][gc,marking  ] GC(117) Concurrent Preclean 1.183ms
[2026-09-18T20:39:52.749+0000][244.214s][info][gc,start    ] GC(117) Pause Remark
[2026-09-18T20:39:52.763+0000][244.228s][info][gc          ] GC(117) Pause Remark 3868M->3868M(5880M) 14.047ms
[2026-09-18T20:39:52.763+0000][244.228s][info][gc,cpu      ] GC(117) User=0.04s Sys=0.01s Real=0.01s
[2026-09-18T20:39:52.764+0000][244.228s][info][gc,marking  ] GC(117) Concurrent Mark 4146.635ms
[2026-09-18T20:39:52.764+0000][244.228s][info][gc,marking  ] GC(117) Concurrent Rebuild Remembered Sets and Scrub Regions
[2026-09-18T20:39:55.374+0000][246.839s][info][gc,start    ] GC(119) Pause Young (Normal) (G1 Evacuation Pause)
[2026-09-18T20:39:55.374+0000][246.839s][info][gc,task     ] GC(119) Using 4 workers of 4 for evacuation
[2026-09-18T20:39:55.520+0000][246.984s][info][gc,phases   ] GC(119)   Pre Evacuate Collection Set: 0.19ms
[2026-09-18T20:39:55.520+0000][246.984s][info][gc,phases   ] GC(119)   Merge Heap Roots: 5.49ms
[2026-09-18T20:39:55.520+0000][246.984s][info][gc,phases   ] GC(119)   Evacuate Collection Set: 137.69ms
[2026-09-18T20:39:55.520+0000][246.985s][info][gc,phases   ] GC(119)   Post Evacuate Collection Set: 2.29ms
[2026-09-18T20:39:55.520+0000][246.985s][info][gc,phases   ] GC(119)   Other: 0.06ms
[2026-09-18T20:39:55.520+0000][246.985s][info][gc,heap     ] GC(119) Eden regions: 251->0(254)
[2026-09-18T20:39:55.520+0000][246.985s][info][gc,heap     ] GC(119) Survivor regions: 18->19(34)
[2026-09-18T20:39:55.520+0000][246.985s][info][gc,heap     ] GC(119) Old regions: 423->424
[2026-09-18T20:39:55.520+0000][246.985s][info][gc,heap     ] GC(119) Humongous regions: 0->0
[2026-09-18T20:39:55.520+0000][246.985s][info][gc,metaspace] GC(119) Metaspace: 166824K(168576K)->166824K(168576K) NonClass: 140259K(141248K)->140259K(141248K) Class: 26564K(27328K)->26564K(27328K)
[2026-09-18T20:39:55.520+0000][246.985s][info][gc          ] GC(119) Pause Young (Normal) (G1 Evacuation Pause) 5532M->3538M(5880M) 145.878ms
[2026-09-18T20:39:55.520+0000][246.985s][info][gc,cpu      ] GC(119) User=0.58s Sys=0.00s Real=0.15s
[2026-09-18T20:39:56.007+0000][247.471s][info][gc,marking  ] GC(117) Concurrent Rebuild Remembered Sets and Scrub Regions 3243.236ms
[2026-09-18T20:39:56.007+0000][247.471s][info][gc,start    ] GC(117) Pause Cleanup
[2026-09-18T20:39:56.007+0000][247.472s][info][gc          ] GC(117) Pause Cleanup 3810M->3810M(5880M) 0.318ms
[2026-09-18T20:39:56.008+0000][247.472s][info][gc,cpu      ] GC(117) User=0.00s Sys=0.00s Real=0.00s
[2026-09-18T20:39:56.008+0000][247.472s][info][gc,marking  ] GC(117) Concurrent Clear Claimed Marks
[2026-09-18T20:39:56.008+0000][247.472s][info][gc,marking  ] GC(117) Concurrent Clear Claimed Marks 0.225ms
[2026-09-18T20:39:56.008+0000][247.472s][info][gc,marking  ] GC(117) Concurrent Cleanup for Next Mark
[2026-09-18T20:39:56.014+0000][247.478s][info][gc,marking  ] GC(117) Concurrent Cleanup for Next Mark 6.079ms
[2026-09-18T20:39:56.014+0000][247.478s][info][gc          ] GC(117) Concurrent Mark Cycle 7472.751ms
[2026-09-18T20:39:58.452+0000][249.917s][info][gc,start    ] GC(120) Pause Young (Prepare Mixed) (G1 Evacuation Pause)
[2026-09-18T20:39:58.452+0000][249.917s][info][gc,task     ] GC(120) Using 4 workers of 4 for evacuation
[2026-09-18T20:39:58.591+0000][250.055s][info][gc,phases   ] GC(120)   Pre Evacuate Collection Set: 0.21ms
[2026-09-18T20:39:58.591+0000][250.055s][info][gc,phases   ] GC(120)   Merge Heap Roots: 5.78ms
[2026-09-18T20:39:58.591+0000][250.055s][info][gc,phases   ] GC(120)   Evacuate Collection Set: 130.86ms
[2026-09-18T20:39:58.591+0000][250.055s][info][gc,phases   ] GC(120)   Post Evacuate Collection Set: 1.78ms
[2026-09-18T20:39:58.591+0000][250.055s][info][gc,phases   ] GC(120)   Other: 0.08ms
[2026-09-18T20:39:58.591+0000][250.055s][info][gc,heap     ] GC(120) Eden regions: 254->0(253)
[2026-09-18T20:39:58.591+0000][250.056s][info][gc,heap     ] GC(120) Survivor regions: 19->20(35)
[2026-09-18T20:39:58.591+0000][250.056s][info][gc,heap     ] GC(120) Old regions: 424->424
[2026-09-18T20:39:58.591+0000][250.056s][info][gc,heap     ] GC(120) Humongous regions: 0->0
[2026-09-18T20:39:58.591+0000][250.056s][info][gc,metaspace] GC(120) Metaspace: 166883K(168640K)->166883K(168640K) NonClass: 140318K(141312K)->140318K(141312K) Class: 26564K(27328K)->26564K(27328K)
[2026-09-18T20:39:58.591+0000][250.056s][info][gc          ] GC(120) Pause Young (Prepare Mixed) (G1 Evacuation Pause) 5570M->3546M(5880M) 138.938ms
[2026-09-18T20:39:58.591+0000][250.056s][info][gc,cpu      ] GC(120) User=0.55s Sys=0.00s Real=0.14s
[2026-09-18T20:40:01.058+0000][252.523s][info][gc,start    ] GC(121) Pause Young (Mixed) (G1 Evacuation Pause)
[2026-09-18T20:40:01.058+0000][252.523s][info][gc,task     ] GC(121) Using 4 workers of 4 for evacuation
[2026-09-18T20:40:01.217+0000][252.681s][info][gc,phases   ] GC(121)   Pre Evacuate Collection Set: 0.17ms
[2026-09-18T20:40:01.217+0000][252.681s][info][gc,phases   ] GC(121)   Merge Heap Roots: 5.30ms
[2026-09-18T20:40:01.217+0000][252.681s][info][gc,phases   ] GC(121)   Evacuate Collection Set: 151.46ms
[2026-09-18T20:40:01.217+0000][252.681s][info][gc,phases   ] GC(121)   Post Evacuate Collection Set: 1.62ms
[2026-09-18T20:40:01.217+0000][252.681s][info][gc,phases   ] GC(121)   Other: 0.07ms
[2026-09-18T20:40:01.217+0000][252.681s][info][gc,heap     ] GC(121) Eden regions: 253->0(254)
[2026-09-18T20:40:01.217+0000][252.681s][info][gc,heap     ] GC(121) Survivor regions: 20->20(35)
[2026-09-18T20:40:01.217+0000][252.681s][info][gc,heap     ] GC(121) Old regions: 424->423
[2026-09-18T20:40:01.217+0000][252.681s][info][gc,heap     ] GC(121) Humongous regions: 0->0
[2026-09-18T20:40:01.217+0000][252.681s][info][gc,metaspace] GC(121) Metaspace: 166888K(168640K)->166888K(168640K) NonClass: 140323K(141312K)->140323K(141312K) Class: 26564K(27328K)->26564K(27328K)
[2026-09-18T20:40:01.217+0000][252.681s][info][gc          ] GC(121) Pause Young (Mixed) (G1 Evacuation Pause) 5570M->3543M(5880M) 158.771ms
[2026-09-18T20:40:01.217+0000][252.681s][info][gc,cpu      ] GC(121) User=0.63s Sys=0.00s Real=0.16s
[2026-09-18T20:40:03.794+0000][255.259s][info][gc,start    ] GC(122) Pause Young (Concurrent Start) (G1 Evacuation Pause)
[2026-09-18T20:40:03.794+0000][255.259s][info][gc,task     ] GC(122) Using 4 workers of 4 for evacuation
[2026-09-18T20:40:03.942+0000][255.407s][info][gc,phases   ] GC(122)   Pre Evacuate Collection Set: 0.17ms
[2026-09-18T20:40:03.942+0000][255.407s][info][gc,phases   ] GC(122)   Merge Heap Roots: 5.52ms
[2026-09-18T20:40:03.942+0000][255.407s][info][gc,phases   ] GC(122)   Evacuate Collection Set: 140.42ms
[2026-09-18T20:40:03.942+0000][255.407s][info][gc,phases   ] GC(122)   Post Evacuate Collection Set: 1.64ms
[2026-09-18T20:40:03.942+0000][255.407s][info][gc,phases   ] GC(122)   Other: 0.07ms
[2026-09-18T20:40:03.942+0000][255.407s][info][gc,heap     ] GC(122) Eden regions: 254->0(252)
[2026-09-18T20:40:03.942+0000][255.407s][info][gc,heap     ] GC(122) Survivor regions: 20->20(35)
[2026-09-18T20:40:03.942+0000][255.407s][info][gc,heap     ] GC(122) Old regions: 423->425
[2026-09-18T20:40:03.942+0000][255.407s][info][gc,heap     ] GC(122) Humongous regions: 0->0
[2026-09-18T20:40:03.942+0000][255.407s][info][gc,metaspace] GC(122) Metaspace: 166894K(168640K)->166894K(168640K) NonClass: 140330K(141312K)->140330K(141312K) Class: 26564K(27328K)->26564K(27328K)
[2026-09-18T20:40:03.942+0000][255.407s][info][gc          ] GC(122) Pause Young (Concurrent Start) (G1 Evacuation Pause) 5575M->3555M(5880M) 148.000ms
[2026-09-18T20:40:03.942+0000][255.407s][info][gc,cpu      ] GC(122) User=0.59s Sys=0.01s Real=0.15s
[2026-09-18T20:40:03.942+0000][255.407s][info][gc          ] GC(123) Concurrent Mark Cycle
[2026-09-18T20:40:03.942+0000][255.407s][info][gc,marking  ] GC(123) Concurrent Scan Root Regions
[2026-09-18T20:40:04.020+0000][255.484s][info][gc,marking  ] GC(123) Concurrent Scan Root Regions 77.614ms
[2026-09-18T20:40:04.020+0000][255.484s][info][gc,marking  ] GC(123) Concurrent Mark
[2026-09-18T20:40:04.020+0000][255.484s][info][gc,marking  ] GC(123) Concurrent Mark From Roots
[2026-09-18T20:40:04.020+0000][255.484s][info][gc,task     ] GC(123) Using 1 workers of 1 for marking
[2026-09-18T20:40:07.393+0000][258.858s][info][gc,start    ] GC(124) Pause Young (Normal) (G1 Evacuation Pause)
[2026-09-18T20:40:07.393+0000][258.858s][info][gc,task     ] GC(124) Using 4 workers of 4 for evacuation
[2026-09-18T20:40:07.535+0000][258.999s][info][gc,phases   ] GC(124)   Pre Evacuate Collection Set: 0.18ms
[2026-09-18T20:40:07.535+0000][258.999s][info][gc,phases   ] GC(124)   Merge Heap Roots: 5.39ms
[2026-09-18T20:40:07.535+0000][258.999s][info][gc,phases   ] GC(124)   Evacuate Collection Set: 134.10ms
[2026-09-18T20:40:07.535+0000][258.999s][info][gc,phases   ] GC(124)   Post Evacuate Collection Set: 1.96ms
[2026-09-18T20:40:07.535+0000][258.999s][info][gc,phases   ] GC(124)   Other: 0.08ms
[2026-09-18T20:40:07.535+0000][258.999s][info][gc,heap     ] GC(124) Eden regions: 252->0(252)
[2026-09-18T20:40:07.535+0000][258.999s][info][gc,heap     ] GC(124) Survivor regions: 20->18(34)
[2026-09-18T20:40:07.535+0000][258.999s][info][gc,heap     ] GC(124) Old regions: 425->427
[2026-09-18T20:40:07.535+0000][259.000s][info][gc,heap     ] GC(124) Humongous regions: 0->0
[2026-09-18T20:40:07.535+0000][259.000s][info][gc,metaspace] GC(124) Metaspace: 166908K(168640K)->166908K(168640K) NonClass: 140343K(141312K)->140343K(141312K) Class: 26565K(27328K)->26565K(27328K)
[2026-09-18T20:40:07.535+0000][259.000s][info][gc          ] GC(124) Pause Young (Normal) (G1 Evacuation Pause) 5571M->3560M(5880M) 141.907ms
[2026-09-18T20:40:07.535+0000][259.000s][info][gc,cpu      ] GC(124) User=0.56s Sys=0.00s Real=0.14s
[2026-09-18T20:40:08.571+0000][260.036s][info][gc,marking  ] GC(123) Concurrent Mark From Roots 4551.135ms
[2026-09-18T20:40:08.571+0000][260.036s][info][gc,marking  ] GC(123) Concurrent Preclean
[2026-09-18T20:40:08.572+0000][260.037s][info][gc,marking  ] GC(123) Concurrent Preclean 1.017ms
[2026-09-18T20:40:08.573+0000][260.037s][info][gc,start    ] GC(123) Pause Remark
[2026-09-18T20:40:08.581+0000][260.045s][info][gc          ] GC(123) Pause Remark 4192M->4192M(5936M) 8.104ms
[2026-09-18T20:40:08.581+0000][260.045s][info][gc,cpu      ] GC(123) User=0.02s Sys=0.00s Real=0.01s
[2026-09-18T20:40:08.581+0000][260.045s][info][gc,marking  ] GC(123) Concurrent Mark 4560.580ms
[2026-09-18T20:40:08.581+0000][260.045s][info][gc,marking  ] GC(123) Concurrent Rebuild Remembered Sets and Scrub Regions
[2026-09-18T20:40:11.089+0000][262.553s][info][gc,start    ] GC(125) Pause Young (Normal) (G1 Evacuation Pause)
[2026-09-18T20:40:11.089+0000][262.553s][info][gc,task     ] GC(125) Using 4 workers of 4 for evacuation
[2026-09-18T20:40:11.237+0000][262.701s][info][gc,phases   ] GC(125)   Pre Evacuate Collection Set: 0.20ms
[2026-09-18T20:40:11.237+0000][262.701s][info][gc,phases   ] GC(125)   Merge Heap Roots: 6.17ms
[2026-09-18T20:40:11.237+0000][262.701s][info][gc,phases   ] GC(125)   Evacuate Collection Set: 139.33ms
[2026-09-18T20:40:11.237+0000][262.701s][info][gc,phases   ] GC(125)   Post Evacuate Collection Set: 2.44ms
[2026-09-18T20:40:11.237+0000][262.701s][info][gc,phases   ] GC(125)   Other: 0.06ms
[2026-09-18T20:40:11.237+0000][262.701s][info][gc,heap     ] GC(125) Eden regions: 252->0(256)
[2026-09-18T20:40:11.237+0000][262.701s][info][gc,heap     ] GC(125) Survivor regions: 18->19(34)
[2026-09-18T20:40:11.237+0000][262.701s][info][gc,heap     ] GC(125) Old regions: 427->429
[2026-09-18T20:40:11.237+0000][262.701s][info][gc,heap     ] GC(125) Humongous regions: 0->0
[2026-09-18T20:40:11.237+0000][262.701s][info][gc,metaspace] GC(125) Metaspace: 167055K(168832K)->167055K(168832K) NonClass: 140472K(141440K)->140472K(141440K) Class: 26582K(27392K)->26582K(27392K)
[2026-09-18T20:40:11.237+0000][262.701s][info][gc          ] GC(125) Pause Young (Normal) (G1 Evacuation Pause) 5576M->3573M(5936M) 148.347ms
[2026-09-18T20:40:11.237+0000][262.701s][info][gc,cpu      ] GC(125) User=0.58s Sys=0.00s Real=0.15s
[2026-09-18T20:40:11.528+0000][262.992s][info][gc,marking  ] GC(123) Concurrent Rebuild Remembered Sets and Scrub Regions 2947.310ms
[2026-09-18T20:40:11.528+0000][262.993s][info][gc,start    ] GC(123) Pause Cleanup
[2026-09-18T20:40:11.528+0000][262.993s][info][gc          ] GC(123) Pause Cleanup 3645M->3645M(5936M) 0.223ms
[2026-09-18T20:40:11.528+0000][262.993s][info][gc,cpu      ] GC(123) User=0.00s Sys=0.00s Real=0.00s
[2026-09-18T20:40:11.529+0000][262.993s][info][gc,marking  ] GC(123) Concurrent Clear Claimed Marks
[2026-09-18T20:40:11.529+0000][262.993s][info][gc,marking  ] GC(123) Concurrent Clear Claimed Marks 0.230ms
[2026-09-18T20:40:11.529+0000][262.993s][info][gc,marking  ] GC(123) Concurrent Cleanup for Next Mark
[2026-09-18T20:40:11.535+0000][262.999s][info][gc,marking  ] GC(123) Concurrent Cleanup for Next Mark 6.139ms
[2026-09-18T20:40:11.535+0000][262.999s][info][gc          ] GC(123) Concurrent Mark Cycle 7592.490ms
[2026-09-18T20:40:14.216+0000][265.680s][info][gc,start    ] GC(126) Pause Young (Prepare Mixed) (G1 Evacuation Pause)
[2026-09-18T20:40:14.216+0000][265.680s][info][gc,task     ] GC(126) Using 4 workers of 4 for evacuation
[2026-09-18T20:40:14.356+0000][265.821s][info][gc,phases   ] GC(126)   Pre Evacuate Collection Set: 0.20ms
[2026-09-18T20:40:14.357+0000][265.821s][info][gc,phases   ] GC(126)   Merge Heap Roots: 5.33ms
[2026-09-18T20:40:14.357+0000][265.821s][info][gc,phases   ] GC(126)   Evacuate Collection Set: 133.33ms
[2026-09-18T20:40:14.357+0000][265.821s][info][gc,phases   ] GC(126)   Post Evacuate Collection Set: 1.75ms
[2026-09-18T20:40:14.357+0000][265.821s][info][gc,phases   ] GC(126)   Other: 0.06ms
[2026-09-18T20:40:14.357+0000][265.821s][info][gc,heap     ] GC(126) Eden regions: 256->0(256)
[2026-09-18T20:40:14.357+0000][265.821s][info][gc,heap     ] GC(126) Survivor regions: 19->19(35)
[2026-09-18T20:40:14.357+0000][265.821s][info][gc,heap     ] GC(126) Old regions: 429->429
[2026-09-18T20:40:14.357+0000][265.821s][info][gc,heap     ] GC(126) Humongous regions: 0->0
[2026-09-18T20:40:14.357+0000][265.821s][info][gc,metaspace] GC(126) Metaspace: 167078K(168832K)->167078K(168832K) NonClass: 140494K(141440K)->140494K(141440K) Class: 26583K(27392K)->26583K(27392K)
[2026-09-18T20:40:14.357+0000][265.821s][info][gc          ] GC(126) Pause Young (Prepare Mixed) (G1 Evacuation Pause) 5621M->3577M(5936M) 140.833ms
[2026-09-18T20:40:14.357+0000][265.821s][info][gc,cpu      ] GC(126) User=0.56s Sys=0.00s Real=0.14s
[2026-09-18T20:40:16.914+0000][268.379s][info][gc,start    ] GC(127) Pause Young (Mixed) (G1 Evacuation Pause)
[2026-09-18T20:40:16.914+0000][268.379s][info][gc,task     ] GC(127) Using 4 workers of 4 for evacuation
[2026-09-18T20:40:17.071+0000][268.535s][info][gc,phases   ] GC(127)   Pre Evacuate Collection Set: 0.17ms
[2026-09-18T20:40:17.071+0000][268.535s][info][gc,phases   ] GC(127)   Merge Heap Roots: 6.12ms
[2026-09-18T20:40:17.071+0000][268.535s][info][gc,phases   ] GC(127)   Evacuate Collection Set: 148.73ms
[2026-09-18T20:40:17.071+0000][268.535s][info][gc,phases   ] GC(127)   Post Evacuate Collection Set: 1.60ms
[2026-09-18T20:40:17.071+0000][268.535s][info][gc,phases   ] GC(127)   Other: 0.06ms
[2026-09-18T20:40:17.071+0000][268.535s][info][gc,heap     ] GC(127) Eden regions: 256->0(257)
[2026-09-18T20:40:17.071+0000][268.535s][info][gc,heap     ] GC(127) Survivor regions: 19->19(35)
[2026-09-18T20:40:17.071+0000][268.535s][info][gc,heap     ] GC(127) Old regions: 429->428
[2026-09-18T20:40:17.071+0000][268.536s][info][gc,heap     ] GC(127) Humongous regions: 0->0
[2026-09-18T20:40:17.071+0000][268.536s][info][gc,metaspace] GC(127) Metaspace: 167086K(168832K)->167086K(168832K) NonClass: 140503K(141440K)->140503K(141440K) Class: 26583K(27392K)->26583K(27392K)
[2026-09-18T20:40:17.071+0000][268.536s][info][gc          ] GC(127) Pause Young (Mixed) (G1 Evacuation Pause) 5625M->3571M(5936M) 156.894ms
[2026-09-18T20:40:17.071+0000][268.536s][info][gc,cpu      ] GC(127) User=0.62s Sys=0.00s Real=0.16s
[2026-09-18T20:40:19.660+0000][271.124s][info][gc,start    ] GC(128) Pause Young (Concurrent Start) (G1 Evacuation Pause)
[2026-09-18T20:40:19.660+0000][271.124s][info][gc,task     ] GC(128) Using 4 workers of 4 for evacuation
[2026-09-18T20:40:19.800+0000][271.264s][info][gc,phases   ] GC(128)   Pre Evacuate Collection Set: 0.27ms
[2026-09-18T20:40:19.800+0000][271.264s][info][gc,phases   ] GC(128)   Merge Heap Roots: 5.51ms
[2026-09-18T20:40:19.800+0000][271.264s][info][gc,phases   ] GC(128)   Evacuate Collection Set: 131.73ms
[2026-09-18T20:40:19.800+0000][271.264s][info][gc,phases   ] GC(128)   Post Evacuate Collection Set: 1.86ms
[2026-09-18T20:40:19.800+0000][271.264s][info][gc,phases   ] GC(128)   Other: 0.10ms
[2026-09-18T20:40:19.800+0000][271.264s][info][gc,heap     ] GC(128) Eden regions: 257->0(257)
[2026-09-18T20:40:19.800+0000][271.264s][info][gc,heap     ] GC(128) Survivor regions: 19->19(35)
[2026-09-18T20:40:19.800+0000][271.264s][info][gc,heap     ] GC(128) Old regions: 428->428
[2026-09-18T20:40:19.800+0000][271.264s][info][gc,heap     ] GC(128) Humongous regions: 0->0
[2026-09-18T20:40:19.800+0000][271.264s][info][gc,metaspace] GC(128) Metaspace: 167100K(168896K)->167100K(168896K) NonClass: 140517K(141504K)->140517K(141504K) Class: 26583K(27392K)->26583K(27392K)
[2026-09-18T20:40:19.800+0000][271.264s][info][gc          ] GC(128) Pause Young (Concurrent Start) (G1 Evacuation Pause) 5627M->3575M(5936M) 139.635ms
[2026-09-18T20:40:19.800+0000][271.264s][info][gc,cpu      ] GC(128) User=0.55s Sys=0.00s Real=0.14s
[2026-09-18T20:40:19.800+0000][271.264s][info][gc          ] GC(129) Concurrent Mark Cycle
[2026-09-18T20:40:19.800+0000][271.264s][info][gc,marking  ] GC(129) Concurrent Scan Root Regions
[2026-09-18T20:40:19.871+0000][271.336s][info][gc,marking  ] GC(129) Concurrent Scan Root Regions 71.574ms
[2026-09-18T20:40:19.871+0000][271.336s][info][gc,marking  ] GC(129) Concurrent Mark
[2026-09-18T20:40:19.871+0000][271.336s][info][gc,marking  ] GC(129) Concurrent Mark From Roots
[2026-09-18T20:40:19.871+0000][271.336s][info][gc,task     ] GC(129) Using 1 workers of 1 for marking
[2026-09-18T20:40:23.432+0000][274.896s][info][gc,start    ] GC(130) Pause Young (Normal) (G1 Evacuation Pause)
[2026-09-18T20:40:23.432+0000][274.896s][info][gc,task     ] GC(130) Using 4 workers of 4 for evacuation
[2026-09-18T20:40:23.575+0000][275.040s][info][gc,phases   ] GC(130)   Pre Evacuate Collection Set: 0.16ms
[2026-09-18T20:40:23.575+0000][275.040s][info][gc,phases   ] GC(130)   Merge Heap Roots: 5.41ms
[2026-09-18T20:40:23.575+0000][275.040s][info][gc,phases   ] GC(130)   Evacuate Collection Set: 133.83ms
[2026-09-18T20:40:23.575+0000][275.040s][info][gc,phases   ] GC(130)   Post Evacuate Collection Set: 4.15ms
[2026-09-18T20:40:23.575+0000][275.040s][info][gc,phases   ] GC(130)   Other: 0.06ms
[2026-09-18T20:40:23.575+0000][275.040s][info][gc,heap     ] GC(130) Eden regions: 257->0(256)
[2026-09-18T20:40:23.575+0000][275.040s][info][gc,heap     ] GC(130) Survivor regions: 19->19(35)
[2026-09-18T20:40:23.575+0000][275.040s][info][gc,heap     ] GC(130) Old regions: 428->429
[2026-09-18T20:40:23.575+0000][275.040s][info][gc,heap     ] GC(130) Humongous regions: 0->0
[2026-09-18T20:40:23.575+0000][275.040s][info][gc,metaspace] GC(130) Metaspace: 167138K(168960K)->167138K(168960K) NonClass: 140555K(141568K)->140555K(141568K) Class: 26583K(27392K)->26583K(27392K)
[2026-09-18T20:40:23.575+0000][275.040s][info][gc          ] GC(130) Pause Young (Normal) (G1 Evacuation Pause) 5631M->3583M(5936M) 143.782ms
[2026-09-18T20:40:23.575+0000][275.040s][info][gc,cpu      ] GC(130) User=0.57s Sys=0.00s Real=0.14s
[2026-09-18T20:40:24.415+0000][275.880s][info][gc,marking  ] GC(129) Concurrent Mark From Roots 4543.831ms
[2026-09-18T20:40:24.415+0000][275.880s][info][gc,marking  ] GC(129) Concurrent Preclean
[2026-09-18T20:40:24.417+0000][275.881s][info][gc,marking  ] GC(129) Concurrent Preclean 1.233ms
[2026-09-18T20:40:24.417+0000][275.881s][info][gc,start    ] GC(129) Pause Remark
[2026-09-18T20:40:24.427+0000][275.892s][info][gc          ] GC(129) Pause Remark 4099M->4099M(5976M) 10.532ms
[2026-09-18T20:40:24.427+0000][275.892s][info][gc,cpu      ] GC(129) User=0.02s Sys=0.00s Real=0.01s
[2026-09-18T20:40:24.430+0000][275.894s][info][gc,marking  ] GC(129) Concurrent Mark 4558.754ms
[2026-09-18T20:40:24.430+0000][275.894s][info][gc,marking  ] GC(129) Concurrent Rebuild Remembered Sets and Scrub Regions
[2026-09-18T20:40:26.915+0000][278.380s][info][gc,start    ] GC(131) Pause Young (Normal) (G1 Evacuation Pause)
[2026-09-18T20:40:26.915+0000][278.380s][info][gc,task     ] GC(131) Using 4 workers of 4 for evacuation
[2026-09-18T20:40:27.066+0000][278.530s][info][gc,phases   ] GC(131)   Pre Evacuate Collection Set: 0.25ms
[2026-09-18T20:40:27.066+0000][278.530s][info][gc,phases   ] GC(131)   Merge Heap Roots: 5.31ms
[2026-09-18T20:40:27.066+0000][278.530s][info][gc,phases   ] GC(131)   Evacuate Collection Set: 142.76ms
[2026-09-18T20:40:27.066+0000][278.530s][info][gc,phases   ] GC(131)   Post Evacuate Collection Set: 2.23ms
[2026-09-18T20:40:27.066+0000][278.530s][info][gc,phases   ] GC(131)   Other: 0.08ms
[2026-09-18T20:40:27.066+0000][278.530s][info][gc,heap     ] GC(131) Eden regions: 256->0(258)
[2026-09-18T20:40:27.066+0000][278.530s][info][gc,heap     ] GC(131) Survivor regions: 19->20(35)
[2026-09-18T20:40:27.066+0000][278.530s][info][gc,heap     ] GC(131) Old regions: 429->431
[2026-09-18T20:40:27.066+0000][278.530s][info][gc,heap     ] GC(131) Humongous regions: 0->0
[2026-09-18T20:40:27.066+0000][278.530s][info][gc,metaspace] GC(131) Metaspace: 167144K(168960K)->167144K(168960K) NonClass: 140561K(141568K)->140561K(141568K) Class: 26583K(27392K)->26583K(27392K)
[2026-09-18T20:40:27.066+0000][278.530s][info][gc          ] GC(131) Pause Young (Normal) (G1 Evacuation Pause) 5631M->3600M(5976M) 150.809ms
[2026-09-18T20:40:27.066+0000][278.530s][info][gc,cpu      ] GC(131) User=0.60s Sys=0.00s Real=0.15s
[2026-09-18T20:40:27.477+0000][278.942s][info][gc,marking  ] GC(129) Concurrent Rebuild Remembered Sets and Scrub Regions 3047.158ms
[2026-09-18T20:40:27.478+0000][278.942s][info][gc,start    ] GC(129) Pause Cleanup
[2026-09-18T20:40:27.478+0000][278.942s][info][gc          ] GC(129) Pause Cleanup 3716M->3716M(5976M) 0.241ms
[2026-09-18T20:40:27.478+0000][278.942s][info][gc,cpu      ] GC(129) User=0.00s Sys=0.00s Real=0.00s
[2026-09-18T20:40:27.478+0000][278.942s][info][gc,marking  ] GC(129) Concurrent Clear Claimed Marks
[2026-09-18T20:40:27.478+0000][278.942s][info][gc,marking  ] GC(129) Concurrent Clear Claimed Marks 0.260ms
[2026-09-18T20:40:27.478+0000][278.943s][info][gc,marking  ] GC(129) Concurrent Cleanup for Next Mark
[2026-09-18T20:40:27.484+0000][278.949s][info][gc,marking  ] GC(129) Concurrent Cleanup for Next Mark 6.065ms
[2026-09-18T20:40:27.484+0000][278.949s][info][gc          ] GC(129) Concurrent Mark Cycle 7684.560ms
[2026-09-18T20:40:29.877+0000][281.341s][info][gc,start    ] GC(132) Pause Young (Prepare Mixed) (G1 Evacuation Pause)
[2026-09-18T20:40:29.877+0000][281.341s][info][gc,task     ] GC(132) Using 4 workers of 4 for evacuation
[2026-09-18T20:40:30.022+0000][281.486s][info][gc,phases   ] GC(132)   Pre Evacuate Collection Set: 0.19ms
[2026-09-18T20:40:30.022+0000][281.486s][info][gc,phases   ] GC(132)   Merge Heap Roots: 5.66ms
[2026-09-18T20:40:30.022+0000][281.486s][info][gc,phases   ] GC(132)   Evacuate Collection Set: 137.70ms
[2026-09-18T20:40:30.022+0000][281.486s][info][gc,phases   ] GC(132)   Post Evacuate Collection Set: 1.66ms
[2026-09-18T20:40:30.022+0000][281.486s][info][gc,phases   ] GC(132)   Other: 0.07ms
[2026-09-18T20:40:30.022+0000][281.486s][info][gc,heap     ] GC(132) Eden regions: 258->0(257)
[2026-09-18T20:40:30.022+0000][281.486s][info][gc,heap     ] GC(132) Survivor regions: 20->19(35)
[2026-09-18T20:40:30.022+0000][281.486s][info][gc,heap     ] GC(132) Old regions: 431->433
[2026-09-18T20:40:30.022+0000][281.486s][info][gc,heap     ] GC(132) Humongous regions: 0->0
[2026-09-18T20:40:30.022+0000][281.486s][info][gc,metaspace] GC(132) Metaspace: 167155K(168960K)->167155K(168960K) NonClass: 140568K(141568K)->140568K(141568K) Class: 26587K(27392K)->26587K(27392K)
[2026-09-18T20:40:30.022+0000][281.486s][info][gc          ] GC(132) Pause Young (Prepare Mixed) (G1 Evacuation Pause) 5664M->3606M(5976M) 145.444ms
[2026-09-18T20:40:30.022+0000][281.486s][info][gc,cpu      ] GC(132) User=0.58s Sys=0.00s Real=0.15s
[2026-09-18T20:40:32.824+0000][284.289s][info][gc,start    ] GC(133) Pause Young (Mixed) (G1 Evacuation Pause)
[2026-09-18T20:40:32.824+0000][284.289s][info][gc,task     ] GC(133) Using 4 workers of 4 for evacuation
[2026-09-18T20:40:32.980+0000][284.444s][info][gc,phases   ] GC(133)   Pre Evacuate Collection Set: 0.20ms
[2026-09-18T20:40:32.980+0000][284.444s][info][gc,phases   ] GC(133)   Merge Heap Roots: 5.84ms
[2026-09-18T20:40:32.980+0000][284.444s][info][gc,phases   ] GC(133)   Evacuate Collection Set: 147.80ms
[2026-09-18T20:40:32.980+0000][284.444s][info][gc,phases   ] GC(133)   Post Evacuate Collection Set: 1.63ms
[2026-09-18T20:40:32.980+0000][284.444s][info][gc,phases   ] GC(133)   Other: 0.06ms
[2026-09-18T20:40:32.980+0000][284.444s][info][gc,heap     ] GC(133) Eden regions: 257->0(258)
[2026-09-18T20:40:32.980+0000][284.444s][info][gc,heap     ] GC(133) Survivor regions: 19->19(35)
[2026-09-18T20:40:32.980+0000][284.444s][info][gc,heap     ] GC(133) Old regions: 433->432
[2026-09-18T20:40:32.980+0000][284.444s][info][gc,heap     ] GC(133) Humongous regions: 0->0
[2026-09-18T20:40:32.980+0000][284.444s][info][gc,metaspace] GC(133) Metaspace: 167177K(168960K)->167177K(168960K) NonClass: 140588K(141568K)->140588K(141568K) Class: 26588K(27392K)->26588K(27392K)
[2026-09-18T20:40:32.980+0000][284.444s][info][gc          ] GC(133) Pause Young (Mixed) (G1 Evacuation Pause) 5662M->3604M(5976M) 155.690ms
[2026-09-18T20:40:32.980+0000][284.444s][info][gc,cpu      ] GC(133) User=0.62s Sys=0.00s Real=0.16s
[2026-09-18T20:40:35.607+0000][287.072s][info][gc,start    ] GC(134) Pause Young (Concurrent Start) (G1 Evacuation Pause)
[2026-09-18T20:40:35.607+0000][287.072s][info][gc,task     ] GC(134) Using 4 workers of 4 for evacuation
[2026-09-18T20:40:35.746+0000][287.210s][info][gc,phases   ] GC(134)   Pre Evacuate Collection Set: 0.24ms
[2026-09-18T20:40:35.746+0000][287.211s][info][gc,phases   ] GC(134)   Merge Heap Roots: 5.15ms
[2026-09-18T20:40:35.746+0000][287.211s][info][gc,phases   ] GC(134)   Evacuate Collection Set: 131.62ms
[2026-09-18T20:40:35.746+0000][287.211s][info][gc,phases   ] GC(134)   Post Evacuate Collection Set: 1.60ms
[2026-09-18T20:40:35.746+0000][287.211s][info][gc,phases   ] GC(134)   Other: 0.12ms
[2026-09-18T20:40:35.746+0000][287.211s][info][gc,heap     ] GC(134) Eden regions: 258->0(257)
[2026-09-18T20:40:35.746+0000][287.211s][info][gc,heap     ] GC(134) Survivor regions: 19->18(35)
[2026-09-18T20:40:35.746+0000][287.211s][info][gc,heap     ] GC(134) Old regions: 432->434
[2026-09-18T20:40:35.746+0000][287.211s][info][gc,heap     ] GC(134) Humongous regions: 0->0
[2026-09-18T20:40:35.746+0000][287.211s][info][gc,metaspace] GC(134) Metaspace: 167183K(168960K)->167183K(168960K) NonClass: 140595K(141568K)->140595K(141568K) Class: 26588K(27392K)->26588K(27392K)
[2026-09-18T20:40:35.746+0000][287.211s][info][gc          ] GC(134) Pause Young (Concurrent Start) (G1 Evacuation Pause) 5668M->3612M(5976M) 138.933ms
[2026-09-18T20:40:35.746+0000][287.211s][info][gc,cpu      ] GC(134) User=0.55s Sys=0.00s Real=0.14s
[2026-09-18T20:40:35.746+0000][287.211s][info][gc          ] GC(135) Concurrent Mark Cycle
[2026-09-18T20:40:35.746+0000][287.211s][info][gc,marking  ] GC(135) Concurrent Scan Root Regions
[2026-09-18T20:40:35.902+0000][287.366s][info][gc,marking  ] GC(135) Concurrent Scan Root Regions 155.808ms
[2026-09-18T20:40:35.902+0000][287.367s][info][gc,marking  ] GC(135) Concurrent Mark
[2026-09-18T20:40:35.902+0000][287.367s][info][gc,marking  ] GC(135) Concurrent Mark From Roots
[2026-09-18T20:40:35.902+0000][287.367s][info][gc,task     ] GC(135) Using 1 workers of 1 for marking
[2026-09-18T20:40:39.624+0000][291.089s][info][gc,start    ] GC(136) Pause Young (Normal) (G1 Evacuation Pause)
[2026-09-18T20:40:39.624+0000][291.089s][info][gc,task     ] GC(136) Using 4 workers of 4 for evacuation
[2026-09-18T20:40:39.761+0000][291.225s][info][gc,phases   ] GC(136)   Pre Evacuate Collection Set: 0.18ms
[2026-09-18T20:40:39.761+0000][291.225s][info][gc,phases   ] GC(136)   Merge Heap Roots: 5.27ms
[2026-09-18T20:40:39.761+0000][291.225s][info][gc,phases   ] GC(136)   Evacuate Collection Set: 129.60ms
[2026-09-18T20:40:39.761+0000][291.225s][info][gc,phases   ] GC(136)   Post Evacuate Collection Set: 1.62ms
[2026-09-18T20:40:39.761+0000][291.225s][info][gc,phases   ] GC(136)   Other: 0.06ms
[2026-09-18T20:40:39.761+0000][291.225s][info][gc,heap     ] GC(136) Eden regions: 257->0(256)
[2026-09-18T20:40:39.761+0000][291.225s][info][gc,heap     ] GC(136) Survivor regions: 18->19(35)
[2026-09-18T20:40:39.761+0000][291.225s][info][gc,heap     ] GC(136) Old regions: 434->434
[2026-09-18T20:40:39.761+0000][291.225s][info][gc,heap     ] GC(136) Humongous regions: 0->0
[2026-09-18T20:40:39.761+0000][291.225s][info][gc,metaspace] GC(136) Metaspace: 167198K(168960K)->167198K(168960K) NonClass: 140606K(141568K)->140606K(141568K) Class: 26592K(27392K)->26592K(27392K)
[2026-09-18T20:40:39.761+0000][291.226s][info][gc          ] GC(136) Pause Young (Normal) (G1 Evacuation Pause) 5668M->3620M(5976M) 136.906ms
[2026-09-18T20:40:39.761+0000][291.226s][info][gc,cpu      ] GC(136) User=0.54s Sys=0.00s Real=0.14s
[2026-09-18T20:40:39.991+0000][291.455s][info][gc,marking  ] GC(135) Concurrent Mark From Roots 4088.925ms
[2026-09-18T20:40:39.991+0000][291.455s][info][gc,marking  ] GC(135) Concurrent Preclean
[2026-09-18T20:40:39.992+0000][291.457s][info][gc,marking  ] GC(135) Concurrent Preclean 1.204ms
[2026-09-18T20:40:39.993+0000][291.457s][info][gc,start    ] GC(135) Pause Remark
[2026-09-18T20:40:40.001+0000][291.465s][info][gc          ] GC(135) Pause Remark 3756M->3756M(6040M) 7.995ms
[2026-09-18T20:40:40.001+0000][291.465s][info][gc,cpu      ] GC(135) User=0.03s Sys=0.00s Real=0.01s
[2026-09-18T20:40:40.001+0000][291.465s][info][gc,marking  ] GC(135) Concurrent Mark 4098.480ms
[2026-09-18T20:40:40.001+0000][291.465s][info][gc,marking  ] GC(135) Concurrent Rebuild Remembered Sets and Scrub Regions
[2026-09-18T20:40:42.875+0000][294.339s][info][gc,marking  ] GC(135) Concurrent Rebuild Remembered Sets and Scrub Regions 2873.850ms
[2026-09-18T20:40:42.875+0000][294.340s][info][gc,start    ] GC(135) Pause Cleanup
[2026-09-18T20:40:42.876+0000][294.340s][info][gc          ] GC(135) Pause Cleanup 5472M->5472M(6040M) 0.243ms
[2026-09-18T20:40:42.876+0000][294.340s][info][gc,cpu      ] GC(135) User=0.00s Sys=0.00s Real=0.00s
[2026-09-18T20:40:42.878+0000][294.342s][info][gc,marking  ] GC(135) Concurrent Clear Claimed Marks
[2026-09-18T20:40:42.878+0000][294.343s][info][gc,marking  ] GC(135) Concurrent Clear Claimed Marks 0.236ms
[2026-09-18T20:40:42.878+0000][294.343s][info][gc,marking  ] GC(135) Concurrent Cleanup for Next Mark
[2026-09-18T20:40:42.891+0000][294.355s][info][gc,marking  ] GC(135) Concurrent Cleanup for Next Mark 12.359ms
[2026-09-18T20:40:42.891+0000][294.355s][info][gc          ] GC(135) Concurrent Mark Cycle 7144.491ms
[2026-09-18T20:40:43.082+0000][294.547s][info][gc,start    ] GC(137) Pause Young (Prepare Mixed) (G1 Evacuation Pause)
[2026-09-18T20:40:43.082+0000][294.547s][info][gc,task     ] GC(137) Using 4 workers of 4 for evacuation
[2026-09-18T20:40:43.228+0000][294.692s][info][gc,phases   ] GC(137)   Pre Evacuate Collection Set: 0.18ms
[2026-09-18T20:40:43.228+0000][294.692s][info][gc,phases   ] GC(137)   Merge Heap Roots: 6.69ms
[2026-09-18T20:40:43.228+0000][294.692s][info][gc,phases   ] GC(137)   Evacuate Collection Set: 136.47ms
[2026-09-18T20:40:43.228+0000][294.692s][info][gc,phases   ] GC(137)   Post Evacuate Collection Set: 1.69ms
[2026-09-18T20:40:43.228+0000][294.692s][info][gc,phases   ] GC(137)   Other: 0.07ms
[2026-09-18T20:40:43.228+0000][294.692s][info][gc,heap     ] GC(137) Eden regions: 255->0(261)
[2026-09-18T20:40:43.228+0000][294.692s][info][gc,heap     ] GC(137) Survivor regions: 19->20(35)
[2026-09-18T20:40:43.228+0000][294.692s][info][gc,heap     ] GC(137) Old regions: 434->435
[2026-09-18T20:40:43.228+0000][294.692s][info][gc,heap     ] GC(137) Humongous regions: 0->0
[2026-09-18T20:40:43.228+0000][294.692s][info][gc,metaspace] GC(137) Metaspace: 167205K(168960K)->167205K(168960K) NonClass: 140612K(141568K)->140612K(141568K) Class: 26592K(27392K)->26592K(27392K)
[2026-09-18T20:40:43.228+0000][294.692s][info][gc          ] GC(137) Pause Young (Prepare Mixed) (G1 Evacuation Pause) 5660M->3634M(6040M) 145.269ms
[2026-09-18T20:40:43.228+0000][294.692s][info][gc,cpu      ] GC(137) User=0.57s Sys=0.00s Real=0.14s
[2026-09-18T20:40:45.851+0000][297.315s][info][gc,start    ] GC(138) Pause Young (Mixed) (G1 Evacuation Pause)
[2026-09-18T20:40:45.851+0000][297.315s][info][gc,task     ] GC(138) Using 4 workers of 4 for evacuation
[2026-09-18T20:40:46.045+0000][297.509s][info][gc,phases   ] GC(138)   Pre Evacuate Collection Set: 0.24ms
[2026-09-18T20:40:46.045+0000][297.509s][info][gc,phases   ] GC(138)   Merge Heap Roots: 7.39ms
[2026-09-18T20:40:46.045+0000][297.509s][info][gc,phases   ] GC(138)   Evacuate Collection Set: 184.65ms
[2026-09-18T20:40:46.045+0000][297.509s][info][gc,phases   ] GC(138)   Post Evacuate Collection Set: 1.92ms
[2026-09-18T20:40:46.045+0000][297.509s][info][gc,phases   ] GC(138)   Other: 0.09ms
[2026-09-18T20:40:46.045+0000][297.509s][info][gc,heap     ] GC(138) Eden regions: 261->0(263)
[2026-09-18T20:40:46.045+0000][297.509s][info][gc,heap     ] GC(138) Survivor regions: 20->19(36)
[2026-09-18T20:40:46.045+0000][297.509s][info][gc,heap     ] GC(138) Old regions: 435->434
[2026-09-18T20:40:46.045+0000][297.509s][info][gc,heap     ] GC(138) Humongous regions: 0->0
[2026-09-18T20:40:46.045+0000][297.509s][info][gc,metaspace] GC(138) Metaspace: 167224K(169024K)->167224K(169024K) NonClass: 140631K(141632K)->140631K(141632K) Class: 26592K(27392K)->26592K(27392K)
[2026-09-18T20:40:46.045+0000][297.509s][info][gc          ] GC(138) Pause Young (Mixed) (G1 Evacuation Pause) 5722M->3622M(6040M) 194.461ms
[2026-09-18T20:40:46.045+0000][297.509s][info][gc,cpu      ] GC(138) User=0.77s Sys=0.00s Real=0.19s
[2026-09-18T20:40:48.941+0000][300.406s][info][gc,start    ] GC(139) Pause Young (Concurrent Start) (G1 Evacuation Pause)
[2026-09-18T20:40:48.941+0000][300.406s][info][gc,task     ] GC(139) Using 4 workers of 4 for evacuation
[2026-09-18T20:40:49.079+0000][300.543s][info][gc,phases   ] GC(139)   Pre Evacuate Collection Set: 0.17ms
[2026-09-18T20:40:49.079+0000][300.543s][info][gc,phases   ] GC(139)   Merge Heap Roots: 5.43ms
[2026-09-18T20:40:49.079+0000][300.543s][info][gc,phases   ] GC(139)   Evacuate Collection Set: 129.68ms
[2026-09-18T20:40:49.079+0000][300.543s][info][gc,phases   ] GC(139)   Post Evacuate Collection Set: 1.75ms
[2026-09-18T20:40:49.079+0000][300.543s][info][gc,phases   ] GC(139)   Other: 0.09ms
[2026-09-18T20:40:49.079+0000][300.543s][info][gc,heap     ] GC(139) Eden regions: 263->0(261)
[2026-09-18T20:40:49.079+0000][300.543s][info][gc,heap     ] GC(139) Survivor regions: 19->20(36)
[2026-09-18T20:40:49.079+0000][300.543s][info][gc,heap     ] GC(139) Old regions: 434->435
[2026-09-18T20:40:49.079+0000][300.543s][info][gc,heap     ] GC(139) Humongous regions: 0->0
[2026-09-18T20:40:49.079+0000][300.543s][info][gc,metaspace] GC(139) Metaspace: 167228K(169024K)->167228K(169024K) NonClass: 140634K(141632K)->140634K(141632K) Class: 26593K(27392K)->26593K(27392K)
[2026-09-18T20:40:49.079+0000][300.543s][info][gc          ] GC(139) Pause Young (Concurrent Start) (G1 Evacuation Pause) 5726M->3636M(6040M) 137.291ms
[2026-09-18T20:40:49.079+0000][300.543s][info][gc,cpu      ] GC(139) User=0.55s Sys=0.00s Real=0.13s
[2026-09-18T20:40:49.079+0000][300.543s][info][gc          ] GC(140) Concurrent Mark Cycle
[2026-09-18T20:40:49.079+0000][300.543s][info][gc,marking  ] GC(140) Concurrent Scan Root Regions
[2026-09-18T20:40:49.249+0000][300.713s][info][gc,marking  ] GC(140) Concurrent Scan Root Regions 169.839ms
[2026-09-18T20:40:49.249+0000][300.713s][info][gc,marking  ] GC(140) Concurrent Mark
[2026-09-18T20:40:49.249+0000][300.713s][info][gc,marking  ] GC(140) Concurrent Mark From Roots
[2026-09-18T20:40:49.249+0000][300.713s][info][gc,task     ] GC(140) Using 1 workers of 1 for marking
[2026-09-18T20:40:52.401+0000][303.865s][info][gc,start    ] GC(141) Pause Young (Normal) (G1 Evacuation Pause)
[2026-09-18T20:40:52.401+0000][303.865s][info][gc,task     ] GC(141) Using 4 workers of 4 for evacuation
[2026-09-18T20:40:52.549+0000][304.013s][info][gc,phases   ] GC(141)   Pre Evacuate Collection Set: 0.16ms
[2026-09-18T20:40:52.549+0000][304.013s][info][gc,phases   ] GC(141)   Merge Heap Roots: 5.83ms
[2026-09-18T20:40:52.549+0000][304.013s][info][gc,phases   ] GC(141)   Evacuate Collection Set: 140.14ms
[2026-09-18T20:40:52.549+0000][304.013s][info][gc,phases   ] GC(141)   Post Evacuate Collection Set: 1.74ms
[2026-09-18T20:40:52.549+0000][304.013s][info][gc,phases   ] GC(141)   Other: 0.06ms
[2026-09-18T20:40:52.549+0000][304.013s][info][gc,heap     ] GC(141) Eden regions: 261->0(260)
[2026-09-18T20:40:52.549+0000][304.013s][info][gc,heap     ] GC(141) Survivor regions: 20->19(36)
[2026-09-18T20:40:52.549+0000][304.013s][info][gc,heap     ] GC(141) Old regions: 435->437
[2026-09-18T20:40:52.549+0000][304.013s][info][gc,heap     ] GC(141) Humongous regions: 0->0
[2026-09-18T20:40:52.549+0000][304.013s][info][gc,metaspace] GC(141) Metaspace: 167235K(169024K)->167235K(169024K) NonClass: 140641K(141632K)->140641K(141632K) Class: 26593K(27392K)->26593K(27392K)
[2026-09-18T20:40:52.549+0000][304.013s][info][gc          ] GC(141) Pause Young (Normal) (G1 Evacuation Pause) 5724M->3641M(6040M) 148.087ms
[2026-09-18T20:40:52.549+0000][304.013s][info][gc,cpu      ] GC(141) User=0.55s Sys=0.03s Real=0.14s
[2026-09-18T20:40:53.971+0000][305.435s][info][gc,marking  ] GC(140) Concurrent Mark From Roots 4722.135ms
[2026-09-18T20:40:53.971+0000][305.435s][info][gc,marking  ] GC(140) Concurrent Preclean
[2026-09-18T20:40:53.972+0000][305.436s][info][gc,marking  ] GC(140) Concurrent Preclean 1.216ms
[2026-09-18T20:40:53.972+0000][305.436s][info][gc,start    ] GC(140) Pause Remark
[2026-09-18T20:40:53.982+0000][305.446s][info][gc          ] GC(140) Pause Remark 4453M->4453M(6080M) 9.384ms
[2026-09-18T20:40:53.982+0000][305.446s][info][gc,cpu      ] GC(140) User=0.03s Sys=0.00s Real=0.01s
[2026-09-18T20:40:53.982+0000][305.446s][info][gc,marking  ] GC(140) Concurrent Mark 4733.109ms
[2026-09-18T20:40:53.982+0000][305.446s][info][gc,marking  ] GC(140) Concurrent Rebuild Remembered Sets and Scrub Regions
[2026-09-18T20:40:56.232+0000][307.697s][info][gc,start    ] GC(142) Pause Young (Normal) (G1 Evacuation Pause)
[2026-09-18T20:40:56.233+0000][307.697s][info][gc,task     ] GC(142) Using 4 workers of 4 for evacuation
[2026-09-18T20:40:56.374+0000][307.838s][info][gc,phases   ] GC(142)   Pre Evacuate Collection Set: 0.17ms
[2026-09-18T20:40:56.374+0000][307.838s][info][gc,phases   ] GC(142)   Merge Heap Roots: 5.35ms
[2026-09-18T20:40:56.374+0000][307.838s][info][gc,phases   ] GC(142)   Evacuate Collection Set: 133.42ms
[2026-09-18T20:40:56.374+0000][307.838s][info][gc,phases   ] GC(142)   Post Evacuate Collection Set: 2.32ms
[2026-09-18T20:40:56.374+0000][307.838s][info][gc,phases   ] GC(142)   Other: 0.06ms
[2026-09-18T20:40:56.374+0000][307.838s][info][gc,heap     ] GC(142) Eden regions: 261->0(265)
[2026-09-18T20:40:56.374+0000][307.838s][info][gc,heap     ] GC(142) Survivor regions: 19->19(35)
[2026-09-18T20:40:56.374+0000][307.838s][info][gc,heap     ] GC(142) Old regions: 437->438
[2026-09-18T20:40:56.374+0000][307.838s][info][gc,heap     ] GC(142) Humongous regions: 0->0
[2026-09-18T20:40:56.374+0000][307.838s][info][gc,metaspace] GC(142) Metaspace: 167242K(169024K)->167242K(169024K) NonClass: 140648K(141632K)->140648K(141632K) Class: 26593K(27392K)->26593K(27392K)
[2026-09-18T20:40:56.374+0000][307.838s][info][gc          ] GC(142) Pause Young (Normal) (G1 Evacuation Pause) 5729M->3650M(6080M) 141.472ms
[2026-09-18T20:40:56.374+0000][307.838s][info][gc,cpu      ] GC(142) User=0.56s Sys=0.00s Real=0.14s
[2026-09-18T20:40:57.066+0000][308.530s][info][gc,marking  ] GC(140) Concurrent Rebuild Remembered Sets and Scrub Regions 3084.421ms
[2026-09-18T20:40:57.066+0000][308.531s][info][gc,start    ] GC(140) Pause Cleanup
[2026-09-18T20:40:57.067+0000][308.531s][info][gc          ] GC(140) Pause Cleanup 4082M->4082M(6080M) 0.293ms
[2026-09-18T20:40:57.067+0000][308.531s][info][gc,cpu      ] GC(140) User=0.00s Sys=0.00s Real=0.00s
[2026-09-18T20:40:57.067+0000][308.531s][info][gc,marking  ] GC(140) Concurrent Clear Claimed Marks
[2026-09-18T20:40:57.067+0000][308.531s][info][gc,marking  ] GC(140) Concurrent Clear Claimed Marks 0.232ms
[2026-09-18T20:40:57.067+0000][308.531s][info][gc,marking  ] GC(140) Concurrent Cleanup for Next Mark
[2026-09-18T20:40:57.073+0000][308.538s][info][gc,marking  ] GC(140) Concurrent Cleanup for Next Mark 6.313ms
[2026-09-18T20:40:57.073+0000][308.538s][info][gc          ] GC(140) Concurrent Mark Cycle 7994.656ms
[2026-09-18T20:40:59.554+0000][311.019s][info][gc,start    ] GC(143) Pause Young (Prepare Mixed) (G1 Evacuation Pause)
[2026-09-18T20:40:59.554+0000][311.019s][info][gc,task     ] GC(143) Using 4 workers of 4 for evacuation
[2026-09-18T20:40:59.696+0000][311.160s][info][gc,phases   ] GC(143)   Pre Evacuate Collection Set: 0.13ms
[2026-09-18T20:40:59.696+0000][311.160s][info][gc,phases   ] GC(143)   Merge Heap Roots: 6.12ms
[2026-09-18T20:40:59.696+0000][311.160s][info][gc,phases   ] GC(143)   Evacuate Collection Set: 133.51ms
[2026-09-18T20:40:59.696+0000][311.160s][info][gc,phases   ] GC(143)   Post Evacuate Collection Set: 1.67ms
[2026-09-18T20:40:59.696+0000][311.160s][info][gc,phases   ] GC(143)   Other: 0.06ms
[2026-09-18T20:40:59.696+0000][311.160s][info][gc,heap     ] GC(143) Eden regions: 265->0(263)
[2026-09-18T20:40:59.696+0000][311.160s][info][gc,heap     ] GC(143) Survivor regions: 19->21(36)
[2026-09-18T20:40:59.696+0000][311.160s][info][gc,heap     ] GC(143) Old regions: 438->438
[2026-09-18T20:40:59.696+0000][311.160s][info][gc,heap     ] GC(143) Humongous regions: 0->0
[2026-09-18T20:40:59.696+0000][311.160s][info][gc,metaspace] GC(143) Metaspace: 167264K(169024K)->167264K(169024K) NonClass: 140670K(141632K)->140670K(141632K) Class: 26593K(27392K)->26593K(27392K)
[2026-09-18T20:40:59.696+0000][311.160s][info][gc          ] GC(143) Pause Young (Prepare Mixed) (G1 Evacuation Pause) 5770M->3662M(6080M) 141.680ms
[2026-09-18T20:40:59.696+0000][311.160s][info][gc,cpu      ] GC(143) User=0.56s Sys=0.00s Real=0.14s
[2026-09-18T20:41:02.492+0000][313.957s][info][gc,start    ] GC(144) Pause Young (Mixed) (G1 Evacuation Pause)
[2026-09-18T20:41:02.492+0000][313.957s][info][gc,task     ] GC(144) Using 4 workers of 4 for evacuation
[2026-09-18T20:41:02.652+0000][314.116s][info][gc,phases   ] GC(144)   Pre Evacuate Collection Set: 0.24ms
[2026-09-18T20:41:02.652+0000][314.116s][info][gc,phases   ] GC(144)   Merge Heap Roots: 6.72ms
[2026-09-18T20:41:02.652+0000][314.116s][info][gc,phases   ] GC(144)   Evacuate Collection Set: 147.49ms
[2026-09-18T20:41:02.652+0000][314.116s][info][gc,phases   ] GC(144)   Merge Optional Heap Roots: 0.16ms
[2026-09-18T20:41:02.652+0000][314.116s][info][gc,phases   ] GC(144)   Evacuate Optional Collection Set: 2.75ms
[2026-09-18T20:41:02.652+0000][314.116s][info][gc,phases   ] GC(144)   Post Evacuate Collection Set: 1.94ms
[2026-09-18T20:41:02.652+0000][314.116s][info][gc,phases   ] GC(144)   Other: 0.06ms
[2026-09-18T20:41:02.652+0000][314.116s][info][gc,heap     ] GC(144) Eden regions: 263->0(266)
[2026-09-18T20:41:02.652+0000][314.116s][info][gc,heap     ] GC(144) Survivor regions: 21->19(36)
[2026-09-18T20:41:02.652+0000][314.116s][info][gc,heap     ] GC(144) Old regions: 438->437
[2026-09-18T20:41:02.652+0000][314.116s][info][gc,heap     ] GC(144) Humongous regions: 0->0
[2026-09-18T20:41:02.652+0000][314.116s][info][gc,metaspace] GC(144) Metaspace: 167267K(169024K)->167267K(169024K) NonClass: 140673K(141632K)->140673K(141632K) Class: 26593K(27392K)->26593K(27392K)
[2026-09-18T20:41:02.652+0000][314.116s][info][gc          ] GC(144) Pause Young (Mixed) (G1 Evacuation Pause) 5766M->3646M(6080M) 159.550ms
[2026-09-18T20:41:02.652+0000][314.116s][info][gc,cpu      ] GC(144) User=0.63s Sys=0.00s Real=0.16s
[2026-09-18T20:41:05.311+0000][316.776s][info][gc,start    ] GC(145) Pause Young (Concurrent Start) (G1 Evacuation Pause)
[2026-09-18T20:41:05.311+0000][316.776s][info][gc,task     ] GC(145) Using 4 workers of 4 for evacuation
[2026-09-18T20:41:05.453+0000][316.917s][info][gc,phases   ] GC(145)   Pre Evacuate Collection Set: 0.22ms
[2026-09-18T20:41:05.453+0000][316.917s][info][gc,phases   ] GC(145)   Merge Heap Roots: 6.91ms
[2026-09-18T20:41:05.453+0000][316.917s][info][gc,phases   ] GC(145)   Evacuate Collection Set: 132.71ms
[2026-09-18T20:41:05.453+0000][316.917s][info][gc,phases   ] GC(145)   Post Evacuate Collection Set: 1.60ms
[2026-09-18T20:41:05.453+0000][316.917s][info][gc,phases   ] GC(145)   Other: 0.10ms
[2026-09-18T20:41:05.453+0000][316.917s][info][gc,heap     ] GC(145) Eden regions: 266->0(263)
[2026-09-18T20:41:05.453+0000][316.917s][info][gc,heap     ] GC(145) Survivor regions: 19->20(36)
[2026-09-18T20:41:05.453+0000][316.917s][info][gc,heap     ] GC(145) Old regions: 437->439
[2026-09-18T20:41:05.453+0000][316.917s][info][gc,heap     ] GC(145) Humongous regions: 0->0
[2026-09-18T20:41:05.453+0000][316.917s][info][gc,metaspace] GC(145) Metaspace: 167286K(169088K)->167286K(169088K) NonClass: 140692K(141696K)->140692K(141696K) Class: 26593K(27392K)->26593K(27392K)
[2026-09-18T20:41:05.453+0000][316.917s][info][gc          ] GC(145) Pause Young (Concurrent Start) (G1 Evacuation Pause) 5774M->3668M(6080M) 141.698ms
[2026-09-18T20:41:05.453+0000][316.917s][info][gc          ] GC(146) Concurrent Mark Cycle
[2026-09-18T20:41:05.453+0000][316.917s][info][gc,marking  ] GC(146) Concurrent Scan Root Regions
[2026-09-18T20:41:05.453+0000][316.917s][info][gc,cpu      ] GC(145) User=0.56s Sys=0.00s Real=0.14s
[2026-09-18T20:41:05.530+0000][316.994s][info][gc,marking  ] GC(146) Concurrent Scan Root Regions 76.634ms
[2026-09-18T20:41:05.530+0000][316.994s][info][gc,marking  ] GC(146) Concurrent Mark
[2026-09-18T20:41:05.530+0000][316.994s][info][gc,marking  ] GC(146) Concurrent Mark From Roots
[2026-09-18T20:41:05.530+0000][316.994s][info][gc,task     ] GC(146) Using 1 workers of 1 for marking
[2026-09-18T20:41:09.136+0000][320.601s][info][gc,start    ] GC(147) Pause Young (Normal) (G1 Evacuation Pause)
[2026-09-18T20:41:09.136+0000][320.601s][info][gc,task     ] GC(147) Using 4 workers of 4 for evacuation
[2026-09-18T20:41:09.279+0000][320.743s][info][gc,phases   ] GC(147)   Pre Evacuate Collection Set: 0.22ms
[2026-09-18T20:41:09.279+0000][320.743s][info][gc,phases   ] GC(147)   Merge Heap Roots: 5.98ms
[2026-09-18T20:41:09.279+0000][320.743s][info][gc,phases   ] GC(147)   Evacuate Collection Set: 134.52ms
[2026-09-18T20:41:09.279+0000][320.743s][info][gc,phases   ] GC(147)   Post Evacuate Collection Set: 1.65ms
[2026-09-18T20:41:09.279+0000][320.743s][info][gc,phases   ] GC(147)   Other: 0.06ms
[2026-09-18T20:41:09.279+0000][320.743s][info][gc,heap     ] GC(147) Eden regions: 263->0(261)
[2026-09-18T20:41:09.279+0000][320.743s][info][gc,heap     ] GC(147) Survivor regions: 20->20(36)
[2026-09-18T20:41:09.279+0000][320.743s][info][gc,heap     ] GC(147) Old regions: 439->441
[2026-09-18T20:41:09.279+0000][320.743s][info][gc,heap     ] GC(147) Humongous regions: 0->0
[2026-09-18T20:41:09.279+0000][320.743s][info][gc,metaspace] GC(147) Metaspace: 167289K(169088K)->167289K(169088K) NonClass: 140695K(141696K)->140695K(141696K) Class: 26593K(27392K)->26593K(27392K)
[2026-09-18T20:41:09.279+0000][320.743s][info][gc          ] GC(147) Pause Young (Normal) (G1 Evacuation Pause) 5772M->3681M(6080M) 142.624ms
[2026-09-18T20:41:09.279+0000][320.743s][info][gc,cpu      ] GC(147) User=0.56s Sys=0.00s Real=0.14s
[2026-09-18T20:41:10.079+0000][321.543s][info][gc,marking  ] GC(146) Concurrent Mark From Roots 4549.198ms
[2026-09-18T20:41:10.079+0000][321.543s][info][gc,marking  ] GC(146) Concurrent Preclean
[2026-09-18T20:41:10.080+0000][321.545s][info][gc,marking  ] GC(146) Concurrent Preclean 1.204ms
[2026-09-18T20:41:10.081+0000][321.545s][info][gc,start    ] GC(146) Pause Remark
[2026-09-18T20:41:10.089+0000][321.553s][info][gc          ] GC(146) Pause Remark 4105M->4105M(6152M) 8.355ms
[2026-09-18T20:41:10.089+0000][321.553s][info][gc,cpu      ] GC(146) User=0.03s Sys=0.00s Real=0.00s
[2026-09-18T20:41:10.089+0000][321.553s][info][gc,marking  ] GC(146) Concurrent Mark 4559.176ms
[2026-09-18T20:41:10.089+0000][321.553s][info][gc,marking  ] GC(146) Concurrent Rebuild Remembered Sets and Scrub Regions
[2026-09-18T20:41:12.961+0000][324.425s][info][gc,start    ] GC(148) Pause Young (Normal) (G1 Evacuation Pause)
[2026-09-18T20:41:12.961+0000][324.425s][info][gc,task     ] GC(148) Using 4 workers of 4 for evacuation
[2026-09-18T20:41:13.113+0000][324.578s][info][gc,phases   ] GC(148)   Pre Evacuate Collection Set: 0.16ms
[2026-09-18T20:41:13.113+0000][324.578s][info][gc,phases   ] GC(148)   Merge Heap Roots: 6.26ms
[2026-09-18T20:41:13.113+0000][324.578s][info][gc,phases   ] GC(148)   Evacuate Collection Set: 143.43ms
[2026-09-18T20:41:13.113+0000][324.578s][info][gc,phases   ] GC(148)   Post Evacuate Collection Set: 2.33ms
[2026-09-18T20:41:13.113+0000][324.578s][info][gc,phases   ] GC(148)   Other: 0.07ms
[2026-09-18T20:41:13.113+0000][324.578s][info][gc,heap     ] GC(148) Eden regions: 260->0(268)
[2026-09-18T20:41:13.113+0000][324.578s][info][gc,heap     ] GC(148) Survivor regions: 20->19(35)
[2026-09-18T20:41:13.113+0000][324.578s][info][gc,heap     ] GC(148) Old regions: 441->443
[2026-09-18T20:41:13.113+0000][324.578s][info][gc,heap     ] GC(148) Humongous regions: 0->0
[2026-09-18T20:41:13.113+0000][324.578s][info][gc,metaspace] GC(148) Metaspace: 167302K(169088K)->167302K(169088K) NonClass: 140708K(141696K)->140708K(141696K) Class: 26593K(27392K)->26593K(27392K)
[2026-09-18T20:41:13.113+0000][324.578s][info][gc          ] GC(148) Pause Young (Normal) (G1 Evacuation Pause) 5761M->3690M(6152M) 152.406ms
[2026-09-18T20:41:13.113+0000][324.578s][info][gc,cpu      ] GC(148) User=0.57s Sys=0.03s Real=0.15s
[2026-09-18T20:41:13.325+0000][324.790s][info][gc,marking  ] GC(146) Concurrent Rebuild Remembered Sets and Scrub Regions 3236.180ms
[2026-09-18T20:41:13.326+0000][324.790s][info][gc,start    ] GC(146) Pause Cleanup
[2026-09-18T20:41:13.326+0000][324.790s][info][gc          ] GC(146) Pause Cleanup 3786M->3786M(6152M) 0.258ms
[2026-09-18T20:41:13.326+0000][324.790s][info][gc,cpu      ] GC(146) User=0.00s Sys=0.00s Real=0.00s
[2026-09-18T20:41:13.328+0000][324.792s][info][gc,marking  ] GC(146) Concurrent Clear Claimed Marks
[2026-09-18T20:41:13.328+0000][324.793s][info][gc,marking  ] GC(146) Concurrent Clear Claimed Marks 0.264ms
[2026-09-18T20:41:13.328+0000][324.793s][info][gc,marking  ] GC(146) Concurrent Cleanup for Next Mark
[2026-09-18T20:41:13.335+0000][324.799s][info][gc,marking  ] GC(146) Concurrent Cleanup for Next Mark 6.326ms
[2026-09-18T20:41:13.335+0000][324.799s][info][gc          ] GC(146) Concurrent Mark Cycle 7881.655ms
[2026-09-18T20:41:16.093+0000][327.558s][info][gc,start    ] GC(149) Pause Young (Prepare Mixed) (G1 Evacuation Pause)
[2026-09-18T20:41:16.093+0000][327.558s][info][gc,task     ] GC(149) Using 4 workers of 4 for evacuation
[2026-09-18T20:41:16.233+0000][327.698s][info][gc,phases   ] GC(149)   Pre Evacuate Collection Set: 0.23ms
[2026-09-18T20:41:16.233+0000][327.698s][info][gc,phases   ] GC(149)   Merge Heap Roots: 5.68ms
[2026-09-18T20:41:16.233+0000][327.698s][info][gc,phases   ] GC(149)   Evacuate Collection Set: 132.50ms
[2026-09-18T20:41:16.233+0000][327.698s][info][gc,phases   ] GC(149)   Post Evacuate Collection Set: 1.59ms
[2026-09-18T20:41:16.233+0000][327.698s][info][gc,phases   ] GC(149)   Other: 0.06ms
[2026-09-18T20:41:16.233+0000][327.698s][info][gc,heap     ] GC(149) Eden regions: 268->0(267)
[2026-09-18T20:41:16.233+0000][327.698s][info][gc,heap     ] GC(149) Survivor regions: 19->20(36)
[2026-09-18T20:41:16.233+0000][327.698s][info][gc,heap     ] GC(149) Old regions: 443->443
[2026-09-18T20:41:16.233+0000][327.698s][info][gc,heap     ] GC(149) Humongous regions: 0->0
[2026-09-18T20:41:16.233+0000][327.698s][info][gc,metaspace] GC(149) Metaspace: 167304K(169088K)->167304K(169088K) NonClass: 140710K(141696K)->140710K(141696K) Class: 26593K(27392K)->26593K(27392K)
[2026-09-18T20:41:16.234+0000][327.698s][info][gc          ] GC(149) Pause Young (Prepare Mixed) (G1 Evacuation Pause) 5834M->3694M(6152M) 140.234ms
[2026-09-18T20:41:16.234+0000][327.698s][info][gc,cpu      ] GC(149) User=0.56s Sys=0.00s Real=0.14s
[2026-09-18T20:41:18.968+0000][330.432s][info][gc,start    ] GC(150) Pause Young (Mixed) (G1 Evacuation Pause)
[2026-09-18T20:41:18.968+0000][330.432s][info][gc,task     ] GC(150) Using 4 workers of 4 for evacuation
[2026-09-18T20:41:19.138+0000][330.603s][info][gc,phases   ] GC(150)   Pre Evacuate Collection Set: 0.15ms
[2026-09-18T20:41:19.138+0000][330.603s][info][gc,phases   ] GC(150)   Merge Heap Roots: 5.92ms
[2026-09-18T20:41:19.138+0000][330.603s][info][gc,phases   ] GC(150)   Evacuate Collection Set: 162.20ms
[2026-09-18T20:41:19.138+0000][330.603s][info][gc,phases   ] GC(150)   Post Evacuate Collection Set: 2.08ms
[2026-09-18T20:41:19.138+0000][330.603s][info][gc,phases   ] GC(150)   Other: 0.06ms
[2026-09-18T20:41:19.138+0000][330.603s][info][gc,heap     ] GC(150) Eden regions: 267->0(268)
[2026-09-18T20:41:19.138+0000][330.603s][info][gc,heap     ] GC(150) Survivor regions: 20->20(36)
[2026-09-18T20:41:19.138+0000][330.603s][info][gc,heap     ] GC(150) Old regions: 443->442
[2026-09-18T20:41:19.138+0000][330.603s][info][gc,heap     ] GC(150) Humongous regions: 0->0
[2026-09-18T20:41:19.138+0000][330.603s][info][gc,metaspace] GC(150) Metaspace: 167305K(169088K)->167305K(169088K) NonClass: 140711K(141696K)->140711K(141696K) Class: 26593K(27392K)->26593K(27392K)
[2026-09-18T20:41:19.139+0000][330.603s][info][gc          ] GC(150) Pause Young (Mixed) (G1 Evacuation Pause) 5830M->3691M(6152M) 170.625ms
[2026-09-18T20:41:19.139+0000][330.603s][info][gc,cpu      ] GC(150) User=0.67s Sys=0.01s Real=0.17s
[2026-09-18T20:41:21.930+0000][333.394s][info][gc,start    ] GC(151) Pause Young (Concurrent Start) (G1 Evacuation Pause)
[2026-09-18T20:41:21.930+0000][333.394s][info][gc,task     ] GC(151) Using 4 workers of 4 for evacuation
[2026-09-18T20:41:22.073+0000][333.537s][info][gc,phases   ] GC(151)   Pre Evacuate Collection Set: 0.24ms
[2026-09-18T20:41:22.073+0000][333.537s][info][gc,phases   ] GC(151)   Merge Heap Roots: 5.32ms
[2026-09-18T20:41:22.073+0000][333.537s][info][gc,phases   ] GC(151)   Evacuate Collection Set: 135.67ms
[2026-09-18T20:41:22.073+0000][333.537s][info][gc,phases   ] GC(151)   Post Evacuate Collection Set: 1.53ms
[2026-09-18T20:41:22.073+0000][333.537s][info][gc,phases   ] GC(151)   Other: 0.11ms
[2026-09-18T20:41:22.073+0000][333.537s][info][gc,heap     ] GC(151) Eden regions: 268->0(266)
[2026-09-18T20:41:22.073+0000][333.537s][info][gc,heap     ] GC(151) Survivor regions: 20->20(36)
[2026-09-18T20:41:22.073+0000][333.537s][info][gc,heap     ] GC(151) Old regions: 442->444
[2026-09-18T20:41:22.073+0000][333.537s][info][gc,heap     ] GC(151) Humongous regions: 0->0
[2026-09-18T20:41:22.073+0000][333.537s][info][gc,metaspace] GC(151) Metaspace: 167308K(169088K)->167308K(169088K) NonClass: 140714K(141696K)->140714K(141696K) Class: 26593K(27392K)->26593K(27392K)
[2026-09-18T20:41:22.073+0000][333.537s][info][gc          ] GC(151) Pause Young (Concurrent Start) (G1 Evacuation Pause) 5835M->3709M(6152M) 143.061ms
[2026-09-18T20:41:22.073+0000][333.537s][info][gc,cpu      ] GC(151) User=0.57s Sys=0.00s Real=0.14s
[2026-09-18T20:41:22.077+0000][333.541s][info][gc          ] GC(152) Concurrent Mark Cycle
[2026-09-18T20:41:22.077+0000][333.541s][info][gc,marking  ] GC(152) Concurrent Scan Root Regions
[2026-09-18T20:41:22.242+0000][333.706s][info][gc,marking  ] GC(152) Concurrent Scan Root Regions 164.935ms
[2026-09-18T20:41:22.242+0000][333.706s][info][gc,marking  ] GC(152) Concurrent Mark
[2026-09-18T20:41:22.242+0000][333.706s][info][gc,marking  ] GC(152) Concurrent Mark From Roots
[2026-09-18T20:41:22.242+0000][333.706s][info][gc,task     ] GC(152) Using 1 workers of 1 for marking
[2026-09-18T20:41:25.883+0000][337.347s][info][gc,start    ] GC(153) Pause Young (Normal) (G1 Evacuation Pause)
[2026-09-18T20:41:25.883+0000][337.347s][info][gc,task     ] GC(153) Using 4 workers of 4 for evacuation
[2026-09-18T20:41:26.023+0000][337.487s][info][gc,phases   ] GC(153)   Pre Evacuate Collection Set: 0.25ms
[2026-09-18T20:41:26.023+0000][337.487s][info][gc,phases   ] GC(153)   Merge Heap Roots: 5.53ms
[2026-09-18T20:41:26.023+0000][337.487s][info][gc,phases   ] GC(153)   Evacuate Collection Set: 132.23ms
[2026-09-18T20:41:26.023+0000][337.487s][info][gc,phases   ] GC(153)   Post Evacuate Collection Set: 1.83ms
[2026-09-18T20:41:26.023+0000][337.487s][info][gc,phases   ] GC(153)   Other: 0.07ms
[2026-09-18T20:41:26.023+0000][337.487s][info][gc,heap     ] GC(153) Eden regions: 266->0(265)
[2026-09-18T20:41:26.023+0000][337.487s][info][gc,heap     ] GC(153) Survivor regions: 20->20(36)
[2026-09-18T20:41:26.023+0000][337.487s][info][gc,heap     ] GC(153) Old regions: 444->445
[2026-09-18T20:41:26.023+0000][337.487s][info][gc,heap     ] GC(153) Humongous regions: 0->0
[2026-09-18T20:41:26.023+0000][337.487s][info][gc,metaspace] GC(153) Metaspace: 167323K(169088K)->167323K(169088K) NonClass: 140729K(141696K)->140729K(141696K) Class: 26593K(27392K)->26593K(27392K)
[2026-09-18T20:41:26.023+0000][337.487s][info][gc          ] GC(153) Pause Young (Normal) (G1 Evacuation Pause) 5837M->3715M(6152M) 140.084ms
[2026-09-18T20:41:26.023+0000][337.487s][info][gc,cpu      ] GC(153) User=0.56s Sys=0.00s Real=0.14s
[2026-09-18T20:41:26.693+0000][338.157s][info][gc,marking  ] GC(152) Concurrent Mark From Roots 4450.612ms
[2026-09-18T20:41:26.693+0000][338.157s][info][gc,marking  ] GC(152) Concurrent Preclean
[2026-09-18T20:41:26.694+0000][338.158s][info][gc,marking  ] GC(152) Concurrent Preclean 1.143ms
[2026-09-18T20:41:26.694+0000][338.159s][info][gc,start    ] GC(152) Pause Remark
[2026-09-18T20:41:26.703+0000][338.167s][info][gc          ] GC(152) Pause Remark 4063M->4063M(6200M) 8.447ms
[2026-09-18T20:41:26.703+0000][338.167s][info][gc,cpu      ] GC(152) User=0.03s Sys=0.00s Real=0.01s
[2026-09-18T20:41:26.705+0000][338.169s][info][gc,marking  ] GC(152) Concurrent Mark 4462.856ms
[2026-09-18T20:41:26.705+0000][338.169s][info][gc,marking  ] GC(152) Concurrent Rebuild Remembered Sets and Scrub Regions
[2026-09-18T20:41:29.654+0000][341.118s][info][gc,marking  ] GC(152) Concurrent Rebuild Remembered Sets and Scrub Regions 2948.603ms
[2026-09-18T20:41:29.656+0000][341.121s][info][gc,start    ] GC(152) Pause Cleanup
[2026-09-18T20:41:29.657+0000][341.121s][info][gc          ] GC(152) Pause Cleanup 5779M->5779M(6200M) 0.334ms
[2026-09-18T20:41:29.657+0000][341.121s][info][gc,cpu      ] GC(152) User=0.00s Sys=0.00s Real=0.00s
[2026-09-18T20:41:29.658+0000][341.123s][info][gc,marking  ] GC(152) Concurrent Clear Claimed Marks
[2026-09-18T20:41:29.658+0000][341.123s][info][gc,marking  ] GC(152) Concurrent Clear Claimed Marks 0.242ms
[2026-09-18T20:41:29.658+0000][341.123s][info][gc,marking  ] GC(152) Concurrent Cleanup for Next Mark
[2026-09-18T20:41:29.671+0000][341.136s][info][gc,marking  ] GC(152) Concurrent Cleanup for Next Mark 12.841ms
[2026-09-18T20:41:29.671+0000][341.136s][info][gc          ] GC(152) Concurrent Mark Cycle 7594.216ms
[2026-09-18T20:41:29.718+0000][341.183s][info][gc,start    ] GC(154) Pause Young (Prepare Mixed) (G1 Evacuation Pause)
[2026-09-18T20:41:29.718+0000][341.183s][info][gc,task     ] GC(154) Using 4 workers of 4 for evacuation
[2026-09-18T20:41:29.861+0000][341.325s][info][gc,phases   ] GC(154)   Pre Evacuate Collection Set: 0.18ms
[2026-09-18T20:41:29.861+0000][341.325s][info][gc,phases   ] GC(154)   Merge Heap Roots: 5.49ms
[2026-09-18T20:41:29.861+0000][341.325s][info][gc,phases   ] GC(154)   Evacuate Collection Set: 134.64ms
[2026-09-18T20:41:29.861+0000][341.325s][info][gc,phases   ] GC(154)   Post Evacuate Collection Set: 1.84ms
[2026-09-18T20:41:29.861+0000][341.325s][info][gc,phases   ] GC(154)   Other: 0.06ms
[2026-09-18T20:41:29.861+0000][341.325s][info][gc,heap     ] GC(154) Eden regions: 264->0(269)
[2026-09-18T20:41:29.861+0000][341.325s][info][gc,heap     ] GC(154) Survivor regions: 20->20(36)
[2026-09-18T20:41:29.861+0000][341.325s][info][gc,heap     ] GC(154) Old regions: 445->446
[2026-09-18T20:41:29.861+0000][341.325s][info][gc,heap     ] GC(154) Humongous regions: 0->0
[2026-09-18T20:41:29.861+0000][341.325s][info][gc,metaspace] GC(154) Metaspace: 167328K(169088K)->167328K(169088K) NonClass: 140734K(141696K)->140734K(141696K) Class: 26593K(27392K)->26593K(27392K)
[2026-09-18T20:41:29.861+0000][341.325s][info][gc          ] GC(154) Pause Young (Prepare Mixed) (G1 Evacuation Pause) 5827M->3727M(6200M) 142.388ms
[2026-09-18T20:41:29.861+0000][341.325s][info][gc,cpu      ] GC(154) User=0.56s Sys=0.00s Real=0.15s
[2026-09-18T20:41:32.919+0000][344.383s][info][gc,start    ] GC(155) Pause Young (Mixed) (G1 Evacuation Pause)
[2026-09-18T20:41:32.919+0000][344.383s][info][gc,task     ] GC(155) Using 4 workers of 4 for evacuation
[2026-09-18T20:41:33.084+0000][344.548s][info][gc,phases   ] GC(155)   Pre Evacuate Collection Set: 0.23ms
[2026-09-18T20:41:33.084+0000][344.548s][info][gc,phases   ] GC(155)   Merge Heap Roots: 6.14ms
[2026-09-18T20:41:33.084+0000][344.548s][info][gc,phases   ] GC(155)   Evacuate Collection Set: 157.27ms
[2026-09-18T20:41:33.084+0000][344.548s][info][gc,phases   ] GC(155)   Post Evacuate Collection Set: 1.66ms
[2026-09-18T20:41:33.084+0000][344.548s][info][gc,phases   ] GC(155)   Other: 0.07ms
[2026-09-18T20:41:33.084+0000][344.548s][info][gc,heap     ] GC(155) Eden regions: 269->0(270)
[2026-09-18T20:41:33.084+0000][344.548s][info][gc,heap     ] GC(155) Survivor regions: 20->21(37)
[2026-09-18T20:41:33.084+0000][344.548s][info][gc,heap     ] GC(155) Old regions: 446->444
[2026-09-18T20:41:33.084+0000][344.548s][info][gc,heap     ] GC(155) Humongous regions: 0->0
[2026-09-18T20:41:33.084+0000][344.548s][info][gc,metaspace] GC(155) Metaspace: 167361K(169088K)->167361K(169088K) NonClass: 140766K(141696K)->140766K(141696K) Class: 26595K(27392K)->26595K(27392K)
[2026-09-18T20:41:33.084+0000][344.548s][info][gc          ] GC(155) Pause Young (Mixed) (G1 Evacuation Pause) 5879M->3718M(6200M) 165.536ms
[2026-09-18T20:41:33.084+0000][344.548s][info][gc,cpu      ] GC(155) User=0.66s Sys=0.00s Real=0.17s
[2026-09-18T20:41:35.958+0000][347.423s][info][gc,start    ] GC(156) Pause Young (Concurrent Start) (G1 Evacuation Pause)
[2026-09-18T20:41:35.958+0000][347.423s][info][gc,task     ] GC(156) Using 4 workers of 4 for evacuation
[2026-09-18T20:41:36.103+0000][347.567s][info][gc,phases   ] GC(156)   Pre Evacuate Collection Set: 0.18ms
[2026-09-18T20:41:36.103+0000][347.567s][info][gc,phases   ] GC(156)   Merge Heap Roots: 5.35ms
[2026-09-18T20:41:36.103+0000][347.567s][info][gc,phases   ] GC(156)   Evacuate Collection Set: 137.01ms
[2026-09-18T20:41:36.103+0000][347.567s][info][gc,phases   ] GC(156)   Post Evacuate Collection Set: 1.70ms
[2026-09-18T20:41:36.103+0000][347.567s][info][gc,phases   ] GC(156)   Other: 0.11ms
[2026-09-18T20:41:36.103+0000][347.567s][info][gc,heap     ] GC(156) Eden regions: 270->0(268)
[2026-09-18T20:41:36.103+0000][347.567s][info][gc,heap     ] GC(156) Survivor regions: 21->21(37)
[2026-09-18T20:41:36.103+0000][347.567s][info][gc,heap     ] GC(156) Old regions: 444->446
[2026-09-18T20:41:36.103+0000][347.567s][info][gc,heap     ] GC(156) Humongous regions: 0->0
[2026-09-18T20:41:36.103+0000][347.567s][info][gc,metaspace] GC(156) Metaspace: 167397K(169152K)->167397K(169152K) NonClass: 140792K(141760K)->140792K(141760K) Class: 26604K(27392K)->26604K(27392K)
[2026-09-18T20:41:36.103+0000][347.567s][info][gc          ] GC(156) Pause Young (Concurrent Start) (G1 Evacuation Pause) 5878M->3730M(6200M) 144.535ms
[2026-09-18T20:41:36.103+0000][347.567s][info][gc,cpu      ] GC(156) User=0.57s Sys=0.00s Real=0.15s
[2026-09-18T20:41:36.103+0000][347.567s][info][gc          ] GC(157) Concurrent Mark Cycle
[2026-09-18T20:41:36.103+0000][347.567s][info][gc,marking  ] GC(157) Concurrent Scan Root Regions
[2026-09-18T20:41:36.272+0000][347.736s][info][gc,marking  ] GC(157) Concurrent Scan Root Regions 169.223ms
[2026-09-18T20:41:36.272+0000][347.736s][info][gc,marking  ] GC(157) Concurrent Mark
[2026-09-18T20:41:36.272+0000][347.737s][info][gc,marking  ] GC(157) Concurrent Mark From Roots
[2026-09-18T20:41:36.272+0000][347.737s][info][gc,task     ] GC(157) Using 1 workers of 1 for marking
[2026-09-18T20:41:40.077+0000][351.542s][info][gc,start    ] GC(158) Pause Young (Normal) (G1 Evacuation Pause)
[2026-09-18T20:41:40.077+0000][351.542s][info][gc,task     ] GC(158) Using 4 workers of 4 for evacuation
[2026-09-18T20:41:40.222+0000][351.687s][info][gc,phases   ] GC(158)   Pre Evacuate Collection Set: 0.25ms
[2026-09-18T20:41:40.222+0000][351.687s][info][gc,phases   ] GC(158)   Merge Heap Roots: 6.10ms
[2026-09-18T20:41:40.222+0000][351.687s][info][gc,phases   ] GC(158)   Evacuate Collection Set: 136.92ms
[2026-09-18T20:41:40.222+0000][351.687s][info][gc,phases   ] GC(158)   Post Evacuate Collection Set: 1.61ms
[2026-09-18T20:41:40.222+0000][351.687s][info][gc,phases   ] GC(158)   Other: 0.06ms
[2026-09-18T20:41:40.222+0000][351.687s][info][gc,heap     ] GC(158) Eden regions: 268->0(266)
[2026-09-18T20:41:40.222+0000][351.687s][info][gc,heap     ] GC(158) Survivor regions: 21->20(37)
[2026-09-18T20:41:40.222+0000][351.687s][info][gc,heap     ] GC(158) Old regions: 446->449
[2026-09-18T20:41:40.222+0000][351.687s][info][gc,heap     ] GC(158) Humongous regions: 0->0
[2026-09-18T20:41:40.222+0000][351.687s][info][gc,metaspace] GC(158) Metaspace: 167405K(169152K)->167405K(169152K) NonClass: 140800K(141760K)->140800K(141760K) Class: 26604K(27392K)->26604K(27392K)
[2026-09-18T20:41:40.222+0000][351.687s][info][gc          ] GC(158) Pause Young (Normal) (G1 Evacuation Pause) 5874M->3746M(6200M) 145.118ms
[2026-09-18T20:41:40.222+0000][351.687s][info][gc,cpu      ] GC(158) User=0.58s Sys=0.00s Real=0.15s
[2026-09-18T20:41:40.978+0000][352.442s][info][gc,marking  ] GC(157) Concurrent Mark From Roots 4705.322ms
[2026-09-18T20:41:40.978+0000][352.442s][info][gc,marking  ] GC(157) Concurrent Preclean
[2026-09-18T20:41:40.979+0000][352.443s][info][gc,marking  ] GC(157) Concurrent Preclean 1.187ms
[2026-09-18T20:41:40.979+0000][352.443s][info][gc,start    ] GC(157) Pause Remark
[2026-09-18T20:41:40.987+0000][352.452s][info][gc          ] GC(157) Pause Remark 4146M->4146M(6256M) 8.406ms
[2026-09-18T20:41:40.987+0000][352.452s][info][gc,cpu      ] GC(157) User=0.03s Sys=0.00s Real=0.01s
[2026-09-18T20:41:40.987+0000][352.452s][info][gc,marking  ] GC(157) Concurrent Mark 4715.264ms
[2026-09-18T20:41:40.988+0000][352.452s][info][gc,marking  ] GC(157) Concurrent Rebuild Remembered Sets and Scrub Regions
[2026-09-18T20:41:44.015+0000][355.479s][info][gc,start    ] GC(159) Pause Young (Normal) (G1 Evacuation Pause)
[2026-09-18T20:41:44.015+0000][355.479s][info][gc,task     ] GC(159) Using 4 workers of 4 for evacuation
[2026-09-18T20:41:44.162+0000][355.626s][info][gc,phases   ] GC(159)   Pre Evacuate Collection Set: 0.16ms
[2026-09-18T20:41:44.162+0000][355.626s][info][gc,phases   ] GC(159)   Merge Heap Roots: 5.43ms
[2026-09-18T20:41:44.162+0000][355.626s][info][gc,phases   ] GC(159)   Evacuate Collection Set: 138.98ms
[2026-09-18T20:41:44.162+0000][355.626s][info][gc,phases   ] GC(159)   Post Evacuate Collection Set: 2.26ms
[2026-09-18T20:41:44.162+0000][355.626s][info][gc,phases   ] GC(159)   Other: 0.06ms
[2026-09-18T20:41:44.162+0000][355.626s][info][gc,heap     ] GC(159) Eden regions: 266->0(272)
[2026-09-18T20:41:44.162+0000][355.626s][info][gc,heap     ] GC(159) Survivor regions: 20->20(36)
[2026-09-18T20:41:44.162+0000][355.626s][info][gc,heap     ] GC(159) Old regions: 449->450
[2026-09-18T20:41:44.162+0000][355.626s][info][gc,heap     ] GC(159) Humongous regions: 0->0
[2026-09-18T20:41:44.162+0000][355.626s][info][gc,metaspace] GC(159) Metaspace: 167420K(169152K)->167420K(169152K) NonClass: 140815K(141760K)->140815K(141760K) Class: 26604K(27392K)->26604K(27392K)
[2026-09-18T20:41:44.162+0000][355.626s][info][gc          ] GC(159) Pause Young (Normal) (G1 Evacuation Pause) 5874M->3752M(6256M) 147.067ms
[2026-09-18T20:41:44.162+0000][355.626s][info][gc,cpu      ] GC(159) User=0.59s Sys=0.00s Real=0.15s
[2026-09-18T20:41:44.202+0000][355.666s][info][gc,marking  ] GC(157) Concurrent Rebuild Remembered Sets and Scrub Regions 3214.665ms
[2026-09-18T20:41:44.203+0000][355.668s][info][gc,start    ] GC(157) Pause Cleanup
[2026-09-18T20:41:44.204+0000][355.668s][info][gc          ] GC(157) Pause Cleanup 3776M->3776M(6256M) 0.282ms
[2026-09-18T20:41:44.204+0000][355.668s][info][gc,cpu      ] GC(157) User=0.00s Sys=0.00s Real=0.00s
[2026-09-18T20:41:44.207+0000][355.671s][info][gc,marking  ] GC(157) Concurrent Clear Claimed Marks
[2026-09-18T20:41:44.207+0000][355.672s][info][gc,marking  ] GC(157) Concurrent Clear Claimed Marks 0.254ms
[2026-09-18T20:41:44.207+0000][355.672s][info][gc,marking  ] GC(157) Concurrent Cleanup for Next Mark
[2026-09-18T20:41:44.222+0000][355.686s][info][gc,marking  ] GC(157) Concurrent Cleanup for Next Mark 14.191ms
[2026-09-18T20:41:44.222+0000][355.686s][info][gc          ] GC(157) Concurrent Mark Cycle 8118.672ms
[2026-09-18T20:41:47.162+0000][358.626s][info][gc,start    ] GC(160) Pause Young (Prepare Mixed) (G1 Evacuation Pause)
[2026-09-18T20:41:47.162+0000][358.626s][info][gc,task     ] GC(160) Using 4 workers of 4 for evacuation
[2026-09-18T20:41:47.306+0000][358.770s][info][gc,phases   ] GC(160)   Pre Evacuate Collection Set: 0.21ms
[2026-09-18T20:41:47.306+0000][358.770s][info][gc,phases   ] GC(160)   Merge Heap Roots: 5.32ms
[2026-09-18T20:41:47.306+0000][358.770s][info][gc,phases   ] GC(160)   Evacuate Collection Set: 136.42ms
[2026-09-18T20:41:47.306+0000][358.770s][info][gc,phases   ] GC(160)   Post Evacuate Collection Set: 1.92ms
[2026-09-18T20:41:47.306+0000][358.770s][info][gc,phases   ] GC(160)   Other: 0.06ms
[2026-09-18T20:41:47.306+0000][358.770s][info][gc,heap     ] GC(160) Eden regions: 272->0(271)
[2026-09-18T20:41:47.306+0000][358.770s][info][gc,heap     ] GC(160) Survivor regions: 20->20(37)
[2026-09-18T20:41:47.306+0000][358.770s][info][gc,heap     ] GC(160) Old regions: 450->451
[2026-09-18T20:41:47.306+0000][358.770s][info][gc,heap     ] GC(160) Humongous regions: 0->0
[2026-09-18T20:41:47.306+0000][358.770s][info][gc,metaspace] GC(160) Metaspace: 167436K(169152K)->167436K(169152K) NonClass: 140831K(141760K)->140831K(141760K) Class: 26604K(27392K)->26604K(27392K)
[2026-09-18T20:41:47.306+0000][358.771s][info][gc          ] GC(160) Pause Young (Prepare Mixed) (G1 Evacuation Pause) 5928M->3763M(6256M) 144.168ms
[2026-09-18T20:41:47.306+0000][358.771s][info][gc,cpu      ] GC(160) User=0.55s Sys=0.00s Real=0.14s
[2026-09-18T20:41:50.237+0000][361.702s][info][gc,start    ] GC(161) Pause Young (Mixed) (G1 Evacuation Pause)
[2026-09-18T20:41:50.238+0000][361.702s][info][gc,task     ] GC(161) Using 4 workers of 4 for evacuation
[2026-09-18T20:41:50.395+0000][361.860s][info][gc,phases   ] GC(161)   Pre Evacuate Collection Set: 0.18ms
[2026-09-18T20:41:50.395+0000][361.860s][info][gc,phases   ] GC(161)   Merge Heap Roots: 5.98ms
[2026-09-18T20:41:50.395+0000][361.860s][info][gc,phases   ] GC(161)   Evacuate Collection Set: 149.94ms
[2026-09-18T20:41:50.395+0000][361.860s][info][gc,phases   ] GC(161)   Post Evacuate Collection Set: 1.55ms
[2026-09-18T20:41:50.395+0000][361.860s][info][gc,phases   ] GC(161)   Other: 0.07ms
[2026-09-18T20:41:50.395+0000][361.860s][info][gc,heap     ] GC(161) Eden regions: 271->0(272)
[2026-09-18T20:41:50.395+0000][361.860s][info][gc,heap     ] GC(161) Survivor regions: 20->20(37)
[2026-09-18T20:41:50.395+0000][361.860s][info][gc,heap     ] GC(161) Old regions: 451->450
[2026-09-18T20:41:50.395+0000][361.860s][info][gc,heap     ] GC(161) Humongous regions: 0->0
[2026-09-18T20:41:50.395+0000][361.860s][info][gc,metaspace] GC(161) Metaspace: 167441K(169216K)->167441K(169216K) NonClass: 140836K(141824K)->140836K(141824K) Class: 26604K(27392K)->26604K(27392K)
[2026-09-18T20:41:50.395+0000][361.860s][info][gc          ] GC(161) Pause Young (Mixed) (G1 Evacuation Pause) 5931M->3751M(6256M) 157.956ms
[2026-09-18T20:41:50.395+0000][361.860s][info][gc,cpu      ] GC(161) User=0.63s Sys=0.00s Real=0.16s
[2026-09-18T20:41:53.647+0000][365.112s][info][gc,start    ] GC(162) Pause Young (Concurrent Start) (G1 Evacuation Pause)
[2026-09-18T20:41:53.647+0000][365.112s][info][gc,task     ] GC(162) Using 4 workers of 4 for evacuation
[2026-09-18T20:41:53.791+0000][365.255s][info][gc,phases   ] GC(162)   Pre Evacuate Collection Set: 0.28ms
[2026-09-18T20:41:53.791+0000][365.255s][info][gc,phases   ] GC(162)   Merge Heap Roots: 5.86ms
[2026-09-18T20:41:53.791+0000][365.255s][info][gc,phases   ] GC(162)   Evacuate Collection Set: 135.71ms
[2026-09-18T20:41:53.791+0000][365.255s][info][gc,phases   ] GC(162)   Post Evacuate Collection Set: 1.64ms
[2026-09-18T20:41:53.791+0000][365.255s][info][gc,phases   ] GC(162)   Other: 0.13ms
[2026-09-18T20:41:53.791+0000][365.255s][info][gc,heap     ] GC(162) Eden regions: 272->0(270)
[2026-09-18T20:41:53.791+0000][365.255s][info][gc,heap     ] GC(162) Survivor regions: 20->20(37)
[2026-09-18T20:41:53.791+0000][365.255s][info][gc,heap     ] GC(162) Old regions: 450->452
[2026-09-18T20:41:53.791+0000][365.255s][info][gc,heap     ] GC(162) Humongous regions: 0->0
[2026-09-18T20:41:53.791+0000][365.255s][info][gc,metaspace] GC(162) Metaspace: 167453K(169216K)->167453K(169216K) NonClass: 140844K(141824K)->140844K(141824K) Class: 26609K(27392K)->26609K(27392K)
[2026-09-18T20:41:53.791+0000][365.255s][info][gc          ] GC(162) Pause Young (Concurrent Start) (G1 Evacuation Pause) 5927M->3768M(6256M) 143.819ms
[2026-09-18T20:41:53.791+0000][365.255s][info][gc,cpu      ] GC(162) User=0.58s Sys=0.00s Real=0.15s
[2026-09-18T20:41:53.791+0000][365.256s][info][gc          ] GC(163) Concurrent Mark Cycle
[2026-09-18T20:41:53.791+0000][365.256s][info][gc,marking  ] GC(163) Concurrent Scan Root Regions
[2026-09-18T20:41:53.870+0000][365.335s][info][gc,marking  ] GC(163) Concurrent Scan Root Regions 79.215ms
[2026-09-18T20:41:53.871+0000][365.335s][info][gc,marking  ] GC(163) Concurrent Mark
[2026-09-18T20:41:53.871+0000][365.335s][info][gc,marking  ] GC(163) Concurrent Mark From Roots
[2026-09-18T20:41:53.871+0000][365.335s][info][gc,task     ] GC(163) Using 1 workers of 1 for marking
[2026-09-18T20:41:57.650+0000][369.115s][info][gc,start    ] GC(164) Pause Young (Normal) (G1 Evacuation Pause)
[2026-09-18T20:41:57.651+0000][369.115s][info][gc,task     ] GC(164) Using 4 workers of 4 for evacuation
[2026-09-18T20:41:57.792+0000][369.256s][info][gc,phases   ] GC(164)   Pre Evacuate Collection Set: 0.13ms
[2026-09-18T20:41:57.792+0000][369.256s][info][gc,phases   ] GC(164)   Merge Heap Roots: 6.72ms
[2026-09-18T20:41:57.792+0000][369.256s][info][gc,phases   ] GC(164)   Evacuate Collection Set: 132.62ms
[2026-09-18T20:41:57.792+0000][369.256s][info][gc,phases   ] GC(164)   Post Evacuate Collection Set: 1.55ms
[2026-09-18T20:41:57.792+0000][369.256s][info][gc,phases   ] GC(164)   Other: 0.05ms
[2026-09-18T20:41:57.792+0000][369.256s][info][gc,heap     ] GC(164) Eden regions: 270->0(268)
[2026-09-18T20:41:57.792+0000][369.256s][info][gc,heap     ] GC(164) Survivor regions: 20->20(37)
[2026-09-18T20:41:57.792+0000][369.256s][info][gc,heap     ] GC(164) Old regions: 452->454
[2026-09-18T20:41:57.792+0000][369.256s][info][gc,heap     ] GC(164) Humongous regions: 0->0
[2026-09-18T20:41:57.792+0000][369.256s][info][gc,metaspace] GC(164) Metaspace: 167454K(169216K)->167454K(169216K) NonClass: 140844K(141824K)->140844K(141824K) Class: 26609K(27392K)->26609K(27392K)
[2026-09-18T20:41:57.792+0000][369.256s][info][gc          ] GC(164) Pause Young (Normal) (G1 Evacuation Pause) 5928M->3786M(6256M) 141.250ms
[2026-09-18T20:41:57.792+0000][369.256s][info][gc,cpu      ] GC(164) User=0.55s Sys=0.00s Real=0.14s
[2026-09-18T20:41:58.655+0000][370.119s][info][gc,marking  ] GC(163) Concurrent Mark From Roots 4784.174ms
[2026-09-18T20:41:58.655+0000][370.119s][info][gc,marking  ] GC(163) Concurrent Preclean
[2026-09-18T20:41:58.656+0000][370.120s][info][gc,marking  ] GC(163) Concurrent Preclean 1.007ms
[2026-09-18T20:41:58.656+0000][370.120s][info][gc,start    ] GC(163) Pause Remark
[2026-09-18T20:41:58.665+0000][370.129s][info][gc          ] GC(163) Pause Remark 4230M->4230M(6320M) 9.239ms
[2026-09-18T20:41:58.665+0000][370.129s][info][gc,cpu      ] GC(163) User=0.03s Sys=0.00s Real=0.01s
[2026-09-18T20:41:58.668+0000][370.132s][info][gc,marking  ] GC(163) Concurrent Mark 4797.665ms
[2026-09-18T20:41:58.668+0000][370.132s][info][gc,marking  ] GC(163) Concurrent Rebuild Remembered Sets and Scrub Regions
[2026-09-18T20:42:01.485+0000][372.949s][info][gc,marking  ] GC(163) Concurrent Rebuild Remembered Sets and Scrub Regions 2816.518ms
[2026-09-18T20:42:01.485+0000][372.949s][info][gc,start    ] GC(163) Pause Cleanup
[2026-09-18T20:42:01.485+0000][372.950s][info][gc          ] GC(163) Pause Cleanup 5838M->5838M(6320M) 0.283ms
[2026-09-18T20:42:01.485+0000][372.950s][info][gc,cpu      ] GC(163) User=0.00s Sys=0.00s Real=0.00s
[2026-09-18T20:42:01.485+0000][372.950s][info][gc,marking  ] GC(163) Concurrent Clear Claimed Marks
[2026-09-18T20:42:01.486+0000][372.950s][info][gc,marking  ] GC(163) Concurrent Clear Claimed Marks 0.221ms
[2026-09-18T20:42:01.486+0000][372.950s][info][gc,marking  ] GC(163) Concurrent Cleanup for Next Mark
[2026-09-18T20:42:01.492+0000][372.956s][info][gc,marking  ] GC(163) Concurrent Cleanup for Next Mark 6.547ms
[2026-09-18T20:42:01.492+0000][372.956s][info][gc          ] GC(163) Concurrent Mark Cycle 7700.871ms
[2026-09-18T20:42:01.625+0000][373.090s][info][gc,start    ] GC(165) Pause Young (Prepare Mixed) (G1 Evacuation Pause)
[2026-09-18T20:42:01.625+0000][373.090s][info][gc,task     ] GC(165) Using 4 workers of 4 for evacuation
[2026-09-18T20:42:01.767+0000][373.231s][info][gc,phases   ] GC(165)   Pre Evacuate Collection Set: 0.15ms
[2026-09-18T20:42:01.767+0000][373.231s][info][gc,phases   ] GC(165)   Merge Heap Roots: 5.50ms
[2026-09-18T20:42:01.767+0000][373.231s][info][gc,phases   ] GC(165)   Evacuate Collection Set: 134.14ms
[2026-09-18T20:42:01.767+0000][373.231s][info][gc,phases   ] GC(165)   Post Evacuate Collection Set: 1.79ms
[2026-09-18T20:42:01.767+0000][373.231s][info][gc,phases   ] GC(165)   Other: 0.06ms
[2026-09-18T20:42:01.767+0000][373.231s][info][gc,heap     ] GC(165) Eden regions: 268->0(275)
[2026-09-18T20:42:01.767+0000][373.231s][info][gc,heap     ] GC(165) Survivor regions: 20->20(36)
[2026-09-18T20:42:01.767+0000][373.231s][info][gc,heap     ] GC(165) Old regions: 454->455
[2026-09-18T20:42:01.767+0000][373.231s][info][gc,heap     ] GC(165) Humongous regions: 0->0
[2026-09-18T20:42:01.767+0000][373.231s][info][gc,metaspace] GC(165) Metaspace: 167480K(169280K)->167480K(169280K) NonClass: 140871K(141888K)->140871K(141888K) Class: 26609K(27392K)->26609K(27392K)
[2026-09-18T20:42:01.767+0000][373.231s][info][gc          ] GC(165) Pause Young (Prepare Mixed) (G1 Evacuation Pause) 5930M->3791M(6320M) 141.849ms
[2026-09-18T20:42:01.767+0000][373.231s][info][gc,cpu      ] GC(165) User=0.56s Sys=0.00s Real=0.14s
[2026-09-18T20:42:05.005+0000][376.470s][info][gc,start    ] GC(166) Pause Young (Mixed) (G1 Evacuation Pause)
[2026-09-18T20:42:05.005+0000][376.470s][info][gc,task     ] GC(166) Using 4 workers of 4 for evacuation
[2026-09-18T20:42:05.172+0000][376.636s][info][gc,phases   ] GC(166)   Pre Evacuate Collection Set: 0.16ms
[2026-09-18T20:42:05.172+0000][376.636s][info][gc,phases   ] GC(166)   Merge Heap Roots: 6.01ms
[2026-09-18T20:42:05.172+0000][376.636s][info][gc,phases   ] GC(166)   Evacuate Collection Set: 158.17ms
[2026-09-18T20:42:05.172+0000][376.636s][info][gc,phases   ] GC(166)   Post Evacuate Collection Set: 1.73ms
[2026-09-18T20:42:05.172+0000][376.636s][info][gc,phases   ] GC(166)   Other: 0.06ms
[2026-09-18T20:42:05.172+0000][376.636s][info][gc,heap     ] GC(166) Eden regions: 275->0(278)
[2026-09-18T20:42:05.172+0000][376.636s][info][gc,heap     ] GC(166) Survivor regions: 20->19(37)
[2026-09-18T20:42:05.172+0000][376.636s][info][gc,heap     ] GC(166) Old regions: 455->453
[2026-09-18T20:42:05.172+0000][376.636s][info][gc,heap     ] GC(166) Humongous regions: 0->0
[2026-09-18T20:42:05.172+0000][376.636s][info][gc,metaspace] GC(166) Metaspace: 167488K(169280K)->167488K(169280K) NonClass: 140879K(141888K)->140879K(141888K) Class: 26609K(27392K)->26609K(27392K)
[2026-09-18T20:42:05.172+0000][376.636s][info][gc          ] GC(166) Pause Young (Mixed) (G1 Evacuation Pause) 5991M->3771M(6320M) 166.273ms
[2026-09-18T20:42:05.172+0000][376.636s][info][gc,cpu      ] GC(166) User=0.66s Sys=0.00s Real=0.17s
[2026-09-18T20:42:08.326+0000][379.790s][info][gc,start    ] GC(167) Pause Young (Concurrent Start) (G1 Evacuation Pause)
[2026-09-18T20:42:08.326+0000][379.790s][info][gc,task     ] GC(167) Using 4 workers of 4 for evacuation
[2026-09-18T20:42:08.466+0000][379.930s][info][gc,phases   ] GC(167)   Pre Evacuate Collection Set: 0.22ms
[2026-09-18T20:42:08.466+0000][379.930s][info][gc,phases   ] GC(167)   Merge Heap Roots: 5.72ms
[2026-09-18T20:42:08.466+0000][379.930s][info][gc,phases   ] GC(167)   Evacuate Collection Set: 132.22ms
[2026-09-18T20:42:08.466+0000][379.930s][info][gc,phases   ] GC(167)   Post Evacuate Collection Set: 1.63ms
[2026-09-18T20:42:08.466+0000][379.930s][info][gc,phases   ] GC(167)   Other: 0.11ms
[2026-09-18T20:42:08.466+0000][379.930s][info][gc,heap     ] GC(167) Eden regions: 278->0(277)
[2026-09-18T20:42:08.466+0000][379.930s][info][gc,heap     ] GC(167) Survivor regions: 19->20(38)
[2026-09-18T20:42:08.466+0000][379.930s][info][gc,heap     ] GC(167) Old regions: 453->453
[2026-09-18T20:42:08.466+0000][379.930s][info][gc,heap     ] GC(167) Humongous regions: 0->0
[2026-09-18T20:42:08.466+0000][379.930s][info][gc,metaspace] GC(167) Metaspace: 167507K(169280K)->167507K(169280K) NonClass: 140894K(141888K)->140894K(141888K) Class: 26613K(27392K)->26613K(27392K)
[2026-09-18T20:42:08.466+0000][379.930s][info][gc          ] GC(167) Pause Young (Concurrent Start) (G1 Evacuation Pause) 5995M->3783M(6320M) 140.051ms
[2026-09-18T20:42:08.466+0000][379.930s][info][gc          ] GC(168) Concurrent Mark Cycle
[2026-09-18T20:42:08.466+0000][379.930s][info][gc,marking  ] GC(168) Concurrent Scan Root Regions
[2026-09-18T20:42:08.466+0000][379.930s][info][gc,cpu      ] GC(167) User=0.56s Sys=0.00s Real=0.14s
[2026-09-18T20:42:08.545+0000][380.009s][info][gc,marking  ] GC(168) Concurrent Scan Root Regions 78.956ms
[2026-09-18T20:42:08.545+0000][380.009s][info][gc,marking  ] GC(168) Concurrent Mark
[2026-09-18T20:42:08.545+0000][380.009s][info][gc,marking  ] GC(168) Concurrent Mark From Roots
[2026-09-18T20:42:08.545+0000][380.009s][info][gc,task     ] GC(168) Using 1 workers of 1 for marking
[2026-09-18T20:42:12.564+0000][384.029s][info][gc,start    ] GC(169) Pause Young (Normal) (G1 Evacuation Pause)
[2026-09-18T20:42:12.564+0000][384.029s][info][gc,task     ] GC(169) Using 4 workers of 4 for evacuation
[2026-09-18T20:42:12.711+0000][384.176s][info][gc,phases   ] GC(169)   Pre Evacuate Collection Set: 0.20ms
[2026-09-18T20:42:12.711+0000][384.176s][info][gc,phases   ] GC(169)   Merge Heap Roots: 5.87ms
[2026-09-18T20:42:12.711+0000][384.176s][info][gc,phases   ] GC(169)   Evacuate Collection Set: 139.09ms
[2026-09-18T20:42:12.711+0000][384.176s][info][gc,phases   ] GC(169)   Post Evacuate Collection Set: 1.63ms
[2026-09-18T20:42:12.711+0000][384.176s][info][gc,phases   ] GC(169)   Other: 0.06ms
[2026-09-18T20:42:12.711+0000][384.176s][info][gc,heap     ] GC(169) Eden regions: 277->0(274)
[2026-09-18T20:42:12.711+0000][384.176s][info][gc,heap     ] GC(169) Survivor regions: 20->21(38)
[2026-09-18T20:42:12.711+0000][384.176s][info][gc,heap     ] GC(169) Old regions: 453->455
[2026-09-18T20:42:12.711+0000][384.176s][info][gc,heap     ] GC(169) Humongous regions: 0->0
[2026-09-18T20:42:12.711+0000][384.176s][info][gc,metaspace] GC(169) Metaspace: 167516K(169280K)->167516K(169280K) NonClass: 140903K(141888K)->140903K(141888K) Class: 26613K(27392K)->26613K(27392K)
[2026-09-18T20:42:12.711+0000][384.176s][info][gc          ] GC(169) Pause Young (Normal) (G1 Evacuation Pause) 5999M->3803M(6320M) 147.014ms
[2026-09-18T20:42:12.711+0000][384.176s][info][gc,cpu      ] GC(169) User=0.58s Sys=0.00s Real=0.15s
[2026-09-18T20:42:13.453+0000][384.917s][info][gc,marking  ] GC(168) Concurrent Mark From Roots 4908.073ms
[2026-09-18T20:42:13.453+0000][384.917s][info][gc,marking  ] GC(168) Concurrent Preclean
[2026-09-18T20:42:13.454+0000][384.918s][info][gc,marking  ] GC(168) Concurrent Preclean 1.025ms
[2026-09-18T20:42:13.454+0000][384.919s][info][gc,start    ] GC(168) Pause Remark
[2026-09-18T20:42:13.464+0000][384.928s][info][gc          ] GC(168) Pause Remark 4235M->4235M(6352M) 9.176ms
[2026-09-18T20:42:13.464+0000][384.928s][info][gc,cpu      ] GC(168) User=0.03s Sys=0.00s Real=0.01s
[2026-09-18T20:42:13.464+0000][384.928s][info][gc,marking  ] GC(168) Concurrent Mark 4918.590ms
[2026-09-18T20:42:13.464+0000][384.928s][info][gc,marking  ] GC(168) Concurrent Rebuild Remembered Sets and Scrub Regions
[2026-09-18T20:42:16.299+0000][387.763s][info][gc,marking  ] GC(168) Concurrent Rebuild Remembered Sets and Scrub Regions 2835.412ms
[2026-09-18T20:42:16.299+0000][387.764s][info][gc,start    ] GC(168) Pause Cleanup
[2026-09-18T20:42:16.300+0000][387.764s][info][gc          ] GC(168) Pause Cleanup 5783M->5783M(6352M) 0.267ms
[2026-09-18T20:42:16.300+0000][387.764s][info][gc,cpu      ] GC(168) User=0.00s Sys=0.00s Real=0.00s
[2026-09-18T20:42:16.302+0000][387.766s][info][gc,marking  ] GC(168) Concurrent Clear Claimed Marks
[2026-09-18T20:42:16.302+0000][387.767s][info][gc,marking  ] GC(168) Concurrent Clear Claimed Marks 0.233ms
[2026-09-18T20:42:16.302+0000][387.767s][info][gc,marking  ] GC(168) Concurrent Cleanup for Next Mark
[2026-09-18T20:42:16.310+0000][387.774s][info][gc,marking  ] GC(168) Concurrent Cleanup for Next Mark 7.248ms
[2026-09-18T20:42:16.310+0000][387.774s][info][gc          ] GC(168) Concurrent Mark Cycle 7843.698ms
[2026-09-18T20:42:16.521+0000][387.986s][info][gc,start    ] GC(170) Pause Young (Prepare Mixed) (G1 Evacuation Pause)
[2026-09-18T20:42:16.521+0000][387.986s][info][gc,task     ] GC(170) Using 4 workers of 4 for evacuation
[2026-09-18T20:42:16.669+0000][388.133s][info][gc,phases   ] GC(170)   Pre Evacuate Collection Set: 0.16ms
[2026-09-18T20:42:16.669+0000][388.133s][info][gc,phases   ] GC(170)   Merge Heap Roots: 6.22ms
[2026-09-18T20:42:16.669+0000][388.133s][info][gc,phases   ] GC(170)   Evacuate Collection Set: 139.18ms
[2026-09-18T20:42:16.669+0000][388.133s][info][gc,phases   ] GC(170)   Post Evacuate Collection Set: 1.67ms
[2026-09-18T20:42:16.669+0000][388.133s][info][gc,phases   ] GC(170)   Other: 0.12ms
[2026-09-18T20:42:16.669+0000][388.133s][info][gc,heap     ] GC(170) Eden regions: 273->0(277)
[2026-09-18T20:42:16.669+0000][388.133s][info][gc,heap     ] GC(170) Survivor regions: 21->20(37)
[2026-09-18T20:42:16.669+0000][388.133s][info][gc,heap     ] GC(170) Old regions: 455->456
[2026-09-18T20:42:16.669+0000][388.133s][info][gc,heap     ] GC(170) Humongous regions: 0->0
[2026-09-18T20:42:16.669+0000][388.133s][info][gc,metaspace] GC(170) Metaspace: 167524K(169344K)->167524K(169344K) NonClass: 140911K(141952K)->140911K(141952K) Class: 26613K(27392K)->26613K(27392K)
[2026-09-18T20:42:16.669+0000][388.133s][info][gc          ] GC(170) Pause Young (Prepare Mixed) (G1 Evacuation Pause) 5987M->3806M(6352M) 147.521ms
[2026-09-18T20:42:16.669+0000][388.133s][info][gc,cpu      ] GC(170) User=0.57s Sys=0.02s Real=0.14s
[2026-09-18T20:42:19.994+0000][391.458s][info][gc,start    ] GC(171) Pause Young (Mixed) (G1 Evacuation Pause)
[2026-09-18T20:42:19.994+0000][391.459s][info][gc,task     ] GC(171) Using 4 workers of 4 for evacuation
[2026-09-18T20:42:20.161+0000][391.625s][info][gc,phases   ] GC(171)   Pre Evacuate Collection Set: 0.15ms
[2026-09-18T20:42:20.161+0000][391.625s][info][gc,phases   ] GC(171)   Merge Heap Roots: 6.18ms
[2026-09-18T20:42:20.161+0000][391.625s][info][gc,phases   ] GC(171)   Evacuate Collection Set: 157.76ms
[2026-09-18T20:42:20.161+0000][391.625s][info][gc,phases   ] GC(171)   Post Evacuate Collection Set: 2.29ms
[2026-09-18T20:42:20.161+0000][391.625s][info][gc,phases   ] GC(171)   Other: 0.07ms
[2026-09-18T20:42:20.161+0000][391.625s][info][gc,heap     ] GC(171) Eden regions: 277->0(279)
[2026-09-18T20:42:20.161+0000][391.625s][info][gc,heap     ] GC(171) Survivor regions: 20->20(38)
[2026-09-18T20:42:20.161+0000][391.625s][info][gc,heap     ] GC(171) Old regions: 456->454
[2026-09-18T20:42:20.161+0000][391.625s][info][gc,heap     ] GC(171) Humongous regions: 0->0
[2026-09-18T20:42:20.161+0000][391.625s][info][gc,metaspace] GC(171) Metaspace: 167532K(169344K)->167532K(169344K) NonClass: 140919K(141952K)->140919K(141952K) Class: 26613K(27392K)->26613K(27392K)
[2026-09-18T20:42:20.161+0000][391.625s][info][gc          ] GC(171) Pause Young (Mixed) (G1 Evacuation Pause) 6022M->3790M(6352M) 166.606ms
[2026-09-18T20:42:20.161+0000][391.625s][info][gc,cpu      ] GC(171) User=0.67s Sys=0.00s Real=0.17s
[2026-09-18T20:42:23.486+0000][394.951s][info][gc,start    ] GC(172) Pause Young (Concurrent Start) (G1 Evacuation Pause)
[2026-09-18T20:42:23.486+0000][394.951s][info][gc,task     ] GC(172) Using 4 workers of 4 for evacuation
[2026-09-18T20:42:23.634+0000][395.098s][info][gc,phases   ] GC(172)   Pre Evacuate Collection Set: 0.22ms
[2026-09-18T20:42:23.634+0000][395.098s][info][gc,phases   ] GC(172)   Merge Heap Roots: 5.84ms
[2026-09-18T20:42:23.634+0000][395.098s][info][gc,phases   ] GC(172)   Evacuate Collection Set: 138.59ms
[2026-09-18T20:42:23.634+0000][395.098s][info][gc,phases   ] GC(172)   Post Evacuate Collection Set: 2.61ms
[2026-09-18T20:42:23.634+0000][395.098s][info][gc,phases   ] GC(172)   Other: 0.09ms
[2026-09-18T20:42:23.634+0000][395.098s][info][gc,heap     ] GC(172) Eden regions: 279->0(277)
[2026-09-18T20:42:23.634+0000][395.098s][info][gc,heap     ] GC(172) Survivor regions: 20->20(38)
[2026-09-18T20:42:23.634+0000][395.098s][info][gc,heap     ] GC(172) Old regions: 454->456
[2026-09-18T20:42:23.634+0000][395.098s][info][gc,heap     ] GC(172) Humongous regions: 0->0
[2026-09-18T20:42:23.634+0000][395.098s][info][gc,metaspace] GC(172) Metaspace: 167546K(169344K)->167546K(169344K) NonClass: 140931K(141952K)->140931K(141952K) Class: 26614K(27392K)->26614K(27392K)
[2026-09-18T20:42:23.634+0000][395.098s][info][gc          ] GC(172) Pause Young (Concurrent Start) (G1 Evacuation Pause) 6022M->3805M(6352M) 147.506ms
[2026-09-18T20:42:23.634+0000][395.098s][info][gc,cpu      ] GC(172) User=0.58s Sys=0.00s Real=0.15s
[2026-09-18T20:42:23.634+0000][395.098s][info][gc          ] GC(173) Concurrent Mark Cycle
[2026-09-18T20:42:23.634+0000][395.098s][info][gc,marking  ] GC(173) Concurrent Scan Root Regions
[2026-09-18T20:42:23.718+0000][395.182s][info][gc,marking  ] GC(173) Concurrent Scan Root Regions 83.641ms
[2026-09-18T20:42:23.718+0000][395.182s][info][gc,marking  ] GC(173) Concurrent Mark
[2026-09-18T20:42:23.718+0000][395.182s][info][gc,marking  ] GC(173) Concurrent Mark From Roots
[2026-09-18T20:42:23.718+0000][395.182s][info][gc,task     ] GC(173) Using 1 workers of 1 for marking
[2026-09-18T20:42:27.841+0000][399.306s][info][gc,marking  ] GC(173) Concurrent Mark From Roots 4123.780ms
[2026-09-18T20:42:27.841+0000][399.306s][info][gc,marking  ] GC(173) Concurrent Preclean
[2026-09-18T20:42:27.843+0000][399.307s][info][gc,marking  ] GC(173) Concurrent Preclean 1.211ms
[2026-09-18T20:42:27.843+0000][399.307s][info][gc,start    ] GC(173) Pause Remark
[2026-09-18T20:42:27.851+0000][399.315s][info][gc          ] GC(173) Pause Remark 5969M->5969M(6352M) 8.343ms
[2026-09-18T20:42:27.851+0000][399.315s][info][gc,cpu      ] GC(173) User=0.03s Sys=0.00s Real=0.01s
[2026-09-18T20:42:27.851+0000][399.316s][info][gc,marking  ] GC(173) Concurrent Mark 4133.664ms
[2026-09-18T20:42:27.851+0000][399.316s][info][gc,marking  ] GC(173) Concurrent Rebuild Remembered Sets and Scrub Regions
[2026-09-18T20:42:28.021+0000][399.486s][info][gc,start    ] GC(174) Pause Young (Normal) (G1 Evacuation Pause)
[2026-09-18T20:42:28.021+0000][399.486s][info][gc,task     ] GC(174) Using 4 workers of 4 for evacuation
[2026-09-18T20:42:28.174+0000][399.638s][info][gc,phases   ] GC(174)   Pre Evacuate Collection Set: 0.27ms
[2026-09-18T20:42:28.174+0000][399.638s][info][gc,phases   ] GC(174)   Merge Heap Roots: 6.08ms
[2026-09-18T20:42:28.174+0000][399.638s][info][gc,phases   ] GC(174)   Evacuate Collection Set: 143.53ms
[2026-09-18T20:42:28.174+0000][399.638s][info][gc,phases   ] GC(174)   Post Evacuate Collection Set: 2.25ms
[2026-09-18T20:42:28.174+0000][399.638s][info][gc,phases   ] GC(174)   Other: 0.08ms
[2026-09-18T20:42:28.174+0000][399.638s][info][gc,heap     ] GC(174) Eden regions: 277->0(275)
[2026-09-18T20:42:28.174+0000][399.638s][info][gc,heap     ] GC(174) Survivor regions: 20->20(38)
[2026-09-18T20:42:28.174+0000][399.638s][info][gc,heap     ] GC(174) Old regions: 456->458
[2026-09-18T20:42:28.174+0000][399.638s][info][gc,heap     ] GC(174) Humongous regions: 0->0
[2026-09-18T20:42:28.174+0000][399.638s][info][gc,metaspace] GC(174) Metaspace: 167553K(169344K)->167553K(169344K) NonClass: 140939K(141952K)->140939K(141952K) Class: 26614K(27392K)->26614K(27392K)
[2026-09-18T20:42:28.174+0000][399.638s][info][gc          ] GC(174) Pause Young (Normal) (G1 Evacuation Pause) 6021M->3813M(6352M) 152.360ms
[2026-09-18T20:42:28.174+0000][399.638s][info][gc,cpu      ] GC(174) User=0.60s Sys=0.00s Real=0.15s
[2026-09-18T20:42:30.935+0000][402.399s][info][gc,marking  ] GC(173) Concurrent Rebuild Remembered Sets and Scrub Regions 3083.896ms
[2026-09-18T20:42:30.935+0000][402.400s][info][gc,start    ] GC(173) Pause Cleanup
[2026-09-18T20:42:30.936+0000][402.400s][info][gc          ] GC(173) Pause Cleanup 5309M->5309M(6352M) 0.256ms
[2026-09-18T20:42:30.936+0000][402.400s][info][gc,cpu      ] GC(173) User=0.01s Sys=0.00s Real=0.00s
[2026-09-18T20:42:30.938+0000][402.402s][info][gc,marking  ] GC(173) Concurrent Clear Claimed Marks
[2026-09-18T20:42:30.938+0000][402.403s][info][gc,marking  ] GC(173) Concurrent Clear Claimed Marks 0.237ms
[2026-09-18T20:42:30.938+0000][402.403s][info][gc,marking  ] GC(173) Concurrent Cleanup for Next Mark
[2026-09-18T20:42:30.948+0000][402.412s][info][gc,marking  ] GC(173) Concurrent Cleanup for Next Mark 9.485ms
[2026-09-18T20:42:30.948+0000][402.412s][info][gc          ] GC(173) Concurrent Mark Cycle 7314.075ms
[2026-09-18T20:42:31.972+0000][403.436s][info][gc,start    ] GC(175) Pause Young (Prepare Mixed) (G1 Evacuation Pause)
[2026-09-18T20:42:31.972+0000][403.436s][info][gc,task     ] GC(175) Using 4 workers of 4 for evacuation
[2026-09-18T20:42:32.116+0000][403.580s][info][gc,phases   ] GC(175)   Pre Evacuate Collection Set: 0.18ms
[2026-09-18T20:42:32.116+0000][403.580s][info][gc,phases   ] GC(175)   Merge Heap Roots: 5.53ms
[2026-09-18T20:42:32.116+0000][403.580s][info][gc,phases   ] GC(175)   Evacuate Collection Set: 136.66ms
[2026-09-18T20:42:32.116+0000][403.580s][info][gc,phases   ] GC(175)   Post Evacuate Collection Set: 1.72ms
[2026-09-18T20:42:32.116+0000][403.580s][info][gc,phases   ] GC(175)   Other: 0.06ms
[2026-09-18T20:42:32.116+0000][403.580s][info][gc,heap     ] GC(175) Eden regions: 275->0(274)
[2026-09-18T20:42:32.116+0000][403.580s][info][gc,heap     ] GC(175) Survivor regions: 20->20(37)
[2026-09-18T20:42:32.116+0000][403.580s][info][gc,heap     ] GC(175) Old regions: 458->459
[2026-09-18T20:42:32.116+0000][403.580s][info][gc,heap     ] GC(175) Humongous regions: 0->0
[2026-09-18T20:42:32.116+0000][403.580s][info][gc,metaspace] GC(175) Metaspace: 167559K(169344K)->167559K(169344K) NonClass: 140945K(141952K)->140945K(141952K) Class: 26614K(27392K)->26614K(27392K)
[2026-09-18T20:42:32.116+0000][403.580s][info][gc          ] GC(175) Pause Young (Prepare Mixed) (G1 Evacuation Pause) 6013M->3829M(6352M) 144.313ms
[2026-09-18T20:42:32.116+0000][403.580s][info][gc,cpu      ] GC(175) User=0.57s Sys=0.00s Real=0.14s
[2026-09-18T20:42:35.141+0000][406.606s][info][gc,start    ] GC(176) Pause Young (Mixed) (G1 Evacuation Pause)
[2026-09-18T20:42:35.141+0000][406.606s][info][gc,task     ] GC(176) Using 4 workers of 4 for evacuation
[2026-09-18T20:42:35.311+0000][406.775s][info][gc,phases   ] GC(176)   Pre Evacuate Collection Set: 0.16ms
[2026-09-18T20:42:35.311+0000][406.775s][info][gc,phases   ] GC(176)   Merge Heap Roots: 5.92ms
[2026-09-18T20:42:35.311+0000][406.775s][info][gc,phases   ] GC(176)   Evacuate Collection Set: 161.42ms
[2026-09-18T20:42:35.311+0000][406.775s][info][gc,phases   ] GC(176)   Post Evacuate Collection Set: 1.64ms
[2026-09-18T20:42:35.311+0000][406.775s][info][gc,phases   ] GC(176)   Other: 0.06ms
[2026-09-18T20:42:35.311+0000][406.775s][info][gc,heap     ] GC(176) Eden regions: 274->0(276)
[2026-09-18T20:42:35.311+0000][406.775s][info][gc,heap     ] GC(176) Survivor regions: 20->20(37)
[2026-09-18T20:42:35.311+0000][406.775s][info][gc,heap     ] GC(176) Old regions: 459->457
[2026-09-18T20:42:35.311+0000][406.775s][info][gc,heap     ] GC(176) Humongous regions: 0->0
[2026-09-18T20:42:35.311+0000][406.775s][info][gc,metaspace] GC(176) Metaspace: 167564K(169344K)->167564K(169344K) NonClass: 140950K(141952K)->140950K(141952K) Class: 26614K(27392K)->26614K(27392K)
[2026-09-18T20:42:35.311+0000][406.775s][info][gc          ] GC(176) Pause Young (Mixed) (G1 Evacuation Pause) 6021M->3810M(6352M) 169.353ms
[2026-09-18T20:42:35.311+0000][406.775s][info][gc,cpu      ] GC(176) User=0.67s Sys=0.00s Real=0.17s
[2026-09-18T20:42:38.638+0000][410.103s][info][gc,start    ] GC(177) Pause Young (Concurrent Start) (G1 Evacuation Pause)
[2026-09-18T20:42:38.638+0000][410.103s][info][gc,task     ] GC(177) Using 4 workers of 4 for evacuation
[2026-09-18T20:42:38.784+0000][410.248s][info][gc,phases   ] GC(177)   Pre Evacuate Collection Set: 0.20ms
[2026-09-18T20:42:38.784+0000][410.248s][info][gc,phases   ] GC(177)   Merge Heap Roots: 5.55ms
[2026-09-18T20:42:38.784+0000][410.248s][info][gc,phases   ] GC(177)   Evacuate Collection Set: 138.00ms
[2026-09-18T20:42:38.784+0000][410.248s][info][gc,phases   ] GC(177)   Post Evacuate Collection Set: 1.68ms
[2026-09-18T20:42:38.784+0000][410.248s][info][gc,phases   ] GC(177)   Other: 0.09ms
[2026-09-18T20:42:38.784+0000][410.248s][info][gc,heap     ] GC(177) Eden regions: 276->0(274)
[2026-09-18T20:42:38.784+0000][410.248s][info][gc,heap     ] GC(177) Survivor regions: 20->20(37)
[2026-09-18T20:42:38.784+0000][410.248s][info][gc,heap     ] GC(177) Old regions: 457->459
[2026-09-18T20:42:38.784+0000][410.248s][info][gc,heap     ] GC(177) Humongous regions: 0->0
[2026-09-18T20:42:38.784+0000][410.248s][info][gc,metaspace] GC(177) Metaspace: 167604K(169408K)->167604K(169408K) NonClass: 140981K(142016K)->140981K(142016K) Class: 26623K(27392K)->26623K(27392K)
[2026-09-18T20:42:38.784+0000][410.248s][info][gc          ] GC(177) Pause Young (Concurrent Start) (G1 Evacuation Pause) 6018M->3832M(6352M) 145.664ms
[2026-09-18T20:42:38.784+0000][410.248s][info][gc,cpu      ] GC(177) User=0.58s Sys=0.00s Real=0.15s
[2026-09-18T20:42:38.784+0000][410.248s][info][gc          ] GC(178) Concurrent Mark Cycle
[2026-09-18T20:42:38.784+0000][410.248s][info][gc,marking  ] GC(178) Concurrent Scan Root Regions
[2026-09-18T20:42:38.908+0000][410.372s][info][gc,marking  ] GC(178) Concurrent Scan Root Regions 123.570ms
[2026-09-18T20:42:38.908+0000][410.372s][info][gc,marking  ] GC(178) Concurrent Mark
[2026-09-18T20:42:38.908+0000][410.372s][info][gc,marking  ] GC(178) Concurrent Mark From Roots
[2026-09-18T20:42:38.908+0000][410.372s][info][gc,task     ] GC(178) Using 1 workers of 1 for marking
[2026-09-18T20:42:42.983+0000][414.447s][info][gc,start    ] GC(179) Pause Young (Normal) (G1 Evacuation Pause)
[2026-09-18T20:42:42.983+0000][414.447s][info][gc,task     ] GC(179) Using 4 workers of 4 for evacuation
[2026-09-18T20:42:43.133+0000][414.597s][info][gc,phases   ] GC(179)   Pre Evacuate Collection Set: 0.23ms
[2026-09-18T20:42:43.133+0000][414.597s][info][gc,phases   ] GC(179)   Merge Heap Roots: 5.93ms
[2026-09-18T20:42:43.133+0000][414.598s][info][gc,phases   ] GC(179)   Evacuate Collection Set: 142.27ms
[2026-09-18T20:42:43.133+0000][414.598s][info][gc,phases   ] GC(179)   Post Evacuate Collection Set: 1.92ms
[2026-09-18T20:42:43.133+0000][414.598s][info][gc,phases   ] GC(179)   Other: 0.09ms
[2026-09-18T20:42:43.133+0000][414.598s][info][gc,heap     ] GC(179) Eden regions: 274->0(272)
[2026-09-18T20:42:43.133+0000][414.598s][info][gc,heap     ] GC(179) Survivor regions: 20->20(37)
[2026-09-18T20:42:43.133+0000][414.598s][info][gc,heap     ] GC(179) Old regions: 459->461
[2026-09-18T20:42:43.133+0000][414.598s][info][gc,heap     ] GC(179) Humongous regions: 0->0
[2026-09-18T20:42:43.133+0000][414.598s][info][gc,metaspace] GC(179) Metaspace: 167611K(169408K)->167611K(169408K) NonClass: 140988K(142016K)->140988K(142016K) Class: 26623K(27392K)->26623K(27392K)
[2026-09-18T20:42:43.133+0000][414.598s][info][gc          ] GC(179) Pause Young (Normal) (G1 Evacuation Pause) 6024M->3845M(6352M) 150.585ms
[2026-09-18T20:42:43.133+0000][414.598s][info][gc,cpu      ] GC(179) User=0.59s Sys=0.00s Real=0.15s
[2026-09-18T20:42:43.474+0000][414.938s][info][gc,marking  ] GC(178) Concurrent Mark From Roots 4566.137ms
[2026-09-18T20:42:43.474+0000][414.938s][info][gc,marking  ] GC(178) Concurrent Preclean
[2026-09-18T20:42:43.475+0000][414.939s][info][gc,marking  ] GC(178) Concurrent Preclean 1.180ms
[2026-09-18T20:42:43.475+0000][414.940s][info][gc,start    ] GC(178) Pause Remark
[2026-09-18T20:42:43.486+0000][414.950s][info][gc          ] GC(178) Pause Remark 4065M->4065M(6416M) 10.704ms
[2026-09-18T20:42:43.486+0000][414.950s][info][gc,cpu      ] GC(178) User=0.03s Sys=0.00s Real=0.01s
[2026-09-18T20:42:43.486+0000][414.950s][info][gc,marking  ] GC(178) Concurrent Mark 4578.384ms
[2026-09-18T20:42:43.486+0000][414.950s][info][gc,marking  ] GC(178) Concurrent Rebuild Remembered Sets and Scrub Regions
[2026-09-18T20:42:46.037+0000][417.501s][info][gc,marking  ] GC(178) Concurrent Rebuild Remembered Sets and Scrub Regions 2551.065ms
[2026-09-18T20:42:46.038+0000][417.502s][info][gc,start    ] GC(178) Pause Cleanup
[2026-09-18T20:42:46.038+0000][417.502s][info][gc          ] GC(178) Pause Cleanup 5309M->5309M(6416M) 0.264ms
[2026-09-18T20:42:46.038+0000][417.502s][info][gc,cpu      ] GC(178) User=0.00s Sys=0.00s Real=0.00s
[2026-09-18T20:42:46.040+0000][417.504s][info][gc,marking  ] GC(178) Concurrent Clear Claimed Marks
[2026-09-18T20:42:46.040+0000][417.505s][info][gc,marking  ] GC(178) Concurrent Clear Claimed Marks 0.230ms
[2026-09-18T20:42:46.040+0000][417.505s][info][gc,marking  ] GC(178) Concurrent Cleanup for Next Mark
[2026-09-18T20:42:46.053+0000][417.517s][info][gc,marking  ] GC(178) Concurrent Cleanup for Next Mark 12.493ms
[2026-09-18T20:42:46.053+0000][417.517s][info][gc          ] GC(178) Concurrent Mark Cycle 7268.948ms
[2026-09-18T20:42:47.185+0000][418.650s][info][gc,start    ] GC(180) Pause Young (Prepare Mixed) (G1 Evacuation Pause)
[2026-09-18T20:42:47.186+0000][418.650s][info][gc,task     ] GC(180) Using 4 workers of 4 for evacuation
[2026-09-18T20:42:47.340+0000][418.804s][info][gc,phases   ] GC(180)   Pre Evacuate Collection Set: 0.20ms
[2026-09-18T20:42:47.340+0000][418.804s][info][gc,phases   ] GC(180)   Merge Heap Roots: 5.90ms
[2026-09-18T20:42:47.340+0000][418.804s][info][gc,phases   ] GC(180)   Evacuate Collection Set: 146.47ms
[2026-09-18T20:42:47.340+0000][418.804s][info][gc,phases   ] GC(180)   Post Evacuate Collection Set: 1.75ms
[2026-09-18T20:42:47.340+0000][418.804s][info][gc,phases   ] GC(180)   Other: 0.07ms
[2026-09-18T20:42:47.340+0000][418.804s][info][gc,heap     ] GC(180) Eden regions: 272->0(278)
[2026-09-18T20:42:47.340+0000][418.804s][info][gc,heap     ] GC(180) Survivor regions: 20->21(37)
[2026-09-18T20:42:47.340+0000][418.804s][info][gc,heap     ] GC(180) Old regions: 461->462
[2026-09-18T20:42:47.340+0000][418.804s][info][gc,heap     ] GC(180) Humongous regions: 0->0
[2026-09-18T20:42:47.340+0000][418.804s][info][gc,metaspace] GC(180) Metaspace: 167619K(169408K)->167619K(169408K) NonClass: 140995K(142016K)->140995K(142016K) Class: 26623K(27392K)->26623K(27392K)
[2026-09-18T20:42:47.340+0000][418.804s][info][gc          ] GC(180) Pause Young (Prepare Mixed) (G1 Evacuation Pause) 6021M->3864M(6416M) 154.541ms
[2026-09-18T20:42:47.340+0000][418.804s][info][gc,cpu      ] GC(180) User=0.58s Sys=0.03s Real=0.16s
[2026-09-18T20:42:50.640+0000][422.105s][info][gc,start    ] GC(181) Pause Young (Mixed) (G1 Evacuation Pause)
[2026-09-18T20:42:50.640+0000][422.105s][info][gc,task     ] GC(181) Using 4 workers of 4 for evacuation
[2026-09-18T20:42:50.809+0000][422.273s][info][gc,phases   ] GC(181)   Pre Evacuate Collection Set: 0.17ms
[2026-09-18T20:42:50.809+0000][422.273s][info][gc,phases   ] GC(181)   Merge Heap Roots: 6.91ms
[2026-09-18T20:42:50.809+0000][422.273s][info][gc,phases   ] GC(181)   Evacuate Collection Set: 159.63ms
[2026-09-18T20:42:50.809+0000][422.273s][info][gc,phases   ] GC(181)   Post Evacuate Collection Set: 1.62ms
[2026-09-18T20:42:50.809+0000][422.273s][info][gc,phases   ] GC(181)   Other: 0.08ms
[2026-09-18T20:42:50.809+0000][422.273s][info][gc,heap     ] GC(181) Eden regions: 278->0(281)
[2026-09-18T20:42:50.809+0000][422.273s][info][gc,heap     ] GC(181) Survivor regions: 21->21(38)
[2026-09-18T20:42:50.809+0000][422.273s][info][gc,heap     ] GC(181) Old regions: 462->459
[2026-09-18T20:42:50.809+0000][422.273s][info][gc,heap     ] GC(181) Humongous regions: 0->0
[2026-09-18T20:42:50.809+0000][422.273s][info][gc,metaspace] GC(181) Metaspace: 167639K(169408K)->167639K(169408K) NonClass: 141015K(142016K)->141015K(142016K) Class: 26623K(27392K)->26623K(27392K)
[2026-09-18T20:42:50.809+0000][422.273s][info][gc          ] GC(181) Pause Young (Mixed) (G1 Evacuation Pause) 6088M->3836M(6416M) 168.554ms
[2026-09-18T20:42:50.809+0000][422.273s][info][gc,cpu      ] GC(181) User=0.66s Sys=0.00s Real=0.16s
[2026-09-18T20:42:54.169+0000][425.633s][info][gc,start    ] GC(182) Pause Young (Concurrent Start) (G1 Evacuation Pause)
[2026-09-18T20:42:54.169+0000][425.633s][info][gc,task     ] GC(182) Using 4 workers of 4 for evacuation
[2026-09-18T20:42:54.314+0000][425.779s][info][gc,phases   ] GC(182)   Pre Evacuate Collection Set: 0.20ms
[2026-09-18T20:42:54.314+0000][425.779s][info][gc,phases   ] GC(182)   Merge Heap Roots: 5.82ms
[2026-09-18T20:42:54.314+0000][425.779s][info][gc,phases   ] GC(182)   Evacuate Collection Set: 137.54ms
[2026-09-18T20:42:54.314+0000][425.779s][info][gc,phases   ] GC(182)   Post Evacuate Collection Set: 1.69ms
[2026-09-18T20:42:54.314+0000][425.779s][info][gc,phases   ] GC(182)   Other: 0.11ms
[2026-09-18T20:42:54.314+0000][425.779s][info][gc,heap     ] GC(182) Eden regions: 281->0(279)
[2026-09-18T20:42:54.314+0000][425.779s][info][gc,heap     ] GC(182) Survivor regions: 21->21(38)
[2026-09-18T20:42:54.314+0000][425.779s][info][gc,heap     ] GC(182) Old regions: 459->461
[2026-09-18T20:42:54.314+0000][425.779s][info][gc,heap     ] GC(182) Humongous regions: 0->0
[2026-09-18T20:42:54.314+0000][425.779s][info][gc,metaspace] GC(182) Metaspace: 167667K(169408K)->167667K(169408K) NonClass: 141044K(142016K)->141044K(142016K) Class: 26623K(27392K)->26623K(27392K)
[2026-09-18T20:42:54.314+0000][425.779s][info][gc          ] GC(182) Pause Young (Concurrent Start) (G1 Evacuation Pause) 6084M->3852M(6416M) 145.521ms
[2026-09-18T20:42:54.314+0000][425.779s][info][gc,cpu      ] GC(182) User=0.58s Sys=0.00s Real=0.15s
[2026-09-18T20:42:54.314+0000][425.779s][info][gc          ] GC(183) Concurrent Mark Cycle
[2026-09-18T20:42:54.314+0000][425.779s][info][gc,marking  ] GC(183) Concurrent Scan Root Regions
[2026-09-18T20:42:54.465+0000][425.929s][info][gc,marking  ] GC(183) Concurrent Scan Root Regions 150.121ms
[2026-09-18T20:42:54.465+0000][425.929s][info][gc,marking  ] GC(183) Concurrent Mark
[2026-09-18T20:42:54.465+0000][425.929s][info][gc,marking  ] GC(183) Concurrent Mark From Roots
[2026-09-18T20:42:54.465+0000][425.929s][info][gc,task     ] GC(183) Using 1 workers of 1 for marking
[2026-09-18T20:42:58.601+0000][430.065s][info][gc,marking  ] GC(183) Concurrent Mark From Roots 4136.551ms
[2026-09-18T20:42:58.601+0000][430.066s][info][gc,marking  ] GC(183) Concurrent Preclean
[2026-09-18T20:42:58.602+0000][430.067s][info][gc,marking  ] GC(183) Concurrent Preclean 1.116ms
[2026-09-18T20:42:58.603+0000][430.067s][info][gc,start    ] GC(183) Pause Remark
[2026-09-18T20:42:58.612+0000][430.076s][info][gc          ] GC(183) Pause Remark 6020M->6020M(6432M) 8.432ms
[2026-09-18T20:42:58.612+0000][430.076s][info][gc,cpu      ] GC(183) User=0.03s Sys=0.00s Real=0.01s
[2026-09-18T20:42:58.612+0000][430.076s][info][gc,marking  ] GC(183) Concurrent Mark 4146.920ms
[2026-09-18T20:42:58.612+0000][430.076s][info][gc,marking  ] GC(183) Concurrent Rebuild Remembered Sets and Scrub Regions
[2026-09-18T20:42:59.387+0000][430.851s][info][gc,start    ] GC(184) Pause Young (Normal) (G1 Evacuation Pause)
[2026-09-18T20:42:59.387+0000][430.851s][info][gc,task     ] GC(184) Using 4 workers of 4 for evacuation
[2026-09-18T20:42:59.551+0000][431.015s][info][gc,phases   ] GC(184)   Pre Evacuate Collection Set: 0.27ms
[2026-09-18T20:42:59.551+0000][431.015s][info][gc,phases   ] GC(184)   Merge Heap Roots: 5.60ms
[2026-09-18T20:42:59.551+0000][431.015s][info][gc,phases   ] GC(184)   Evacuate Collection Set: 155.70ms
[2026-09-18T20:42:59.551+0000][431.015s][info][gc,phases   ] GC(184)   Post Evacuate Collection Set: 2.19ms
[2026-09-18T20:42:59.551+0000][431.015s][info][gc,phases   ] GC(184)   Other: 0.06ms
[2026-09-18T20:42:59.551+0000][431.015s][info][gc,heap     ] GC(184) Eden regions: 279->0(278)
[2026-09-18T20:42:59.551+0000][431.015s][info][gc,heap     ] GC(184) Survivor regions: 21->22(38)
[2026-09-18T20:42:59.551+0000][431.015s][info][gc,heap     ] GC(184) Old regions: 461->463
[2026-09-18T20:42:59.551+0000][431.015s][info][gc,heap     ] GC(184) Humongous regions: 9->0
[2026-09-18T20:42:59.551+0000][431.015s][info][gc,metaspace] GC(184) Metaspace: 167713K(169472K)->167713K(169472K) NonClass: 141089K(142080K)->141089K(142080K) Class: 26624K(27392K)->26624K(27392K)
[2026-09-18T20:42:59.551+0000][431.015s][info][gc          ] GC(184) Pause Young (Normal) (G1 Evacuation Pause) 6156M->3870M(6432M) 163.970ms
[2026-09-18T20:42:59.551+0000][431.015s][info][gc,cpu      ] GC(184) User=0.62s Sys=0.03s Real=0.17s
[2026-09-18T20:43:01.955+0000][433.419s][info][gc,marking  ] GC(183) Concurrent Rebuild Remembered Sets and Scrub Regions 3343.589ms
[2026-09-18T20:43:01.956+0000][433.420s][info][gc,start    ] GC(183) Pause Cleanup
[2026-09-18T20:43:01.956+0000][433.421s][info][gc          ] GC(183) Pause Cleanup 5042M->5042M(6432M) 0.334ms
[2026-09-18T20:43:01.956+0000][433.421s][info][gc,cpu      ] GC(183) User=0.00s Sys=0.00s Real=0.00s
[2026-09-18T20:43:01.956+0000][433.421s][info][gc,marking  ] GC(183) Concurrent Clear Claimed Marks
[2026-09-18T20:43:01.957+0000][433.421s][info][gc,marking  ] GC(183) Concurrent Clear Claimed Marks 0.228ms
[2026-09-18T20:43:01.957+0000][433.421s][info][gc,marking  ] GC(183) Concurrent Cleanup for Next Mark
[2026-09-18T20:43:01.969+0000][433.433s][info][gc,marking  ] GC(183) Concurrent Cleanup for Next Mark 12.196ms
[2026-09-18T20:43:01.969+0000][433.433s][info][gc          ] GC(183) Concurrent Mark Cycle 7654.359ms
[2026-09-18T20:43:03.893+0000][435.357s][info][gc,start    ] GC(185) Pause Young (Prepare Mixed) (G1 Evacuation Pause)
[2026-09-18T20:43:03.893+0000][435.357s][info][gc,task     ] GC(185) Using 4 workers of 4 for evacuation
[2026-09-18T20:43:04.046+0000][435.510s][info][gc,phases   ] GC(185)   Pre Evacuate Collection Set: 0.16ms
[2026-09-18T20:43:04.046+0000][435.510s][info][gc,phases   ] GC(185)   Merge Heap Roots: 5.51ms
[2026-09-18T20:43:04.046+0000][435.510s][info][gc,phases   ] GC(185)   Evacuate Collection Set: 145.33ms
[2026-09-18T20:43:04.046+0000][435.510s][info][gc,phases   ] GC(185)   Post Evacuate Collection Set: 1.84ms
[2026-09-18T20:43:04.046+0000][435.510s][info][gc,phases   ] GC(185)   Other: 0.06ms
[2026-09-18T20:43:04.046+0000][435.510s][info][gc,heap     ] GC(185) Eden regions: 278->0(276)
[2026-09-18T20:43:04.046+0000][435.510s][info][gc,heap     ] GC(185) Survivor regions: 22->22(38)
[2026-09-18T20:43:04.046+0000][435.510s][info][gc,heap     ] GC(185) Old regions: 463->465
[2026-09-18T20:43:04.046+0000][435.510s][info][gc,heap     ] GC(185) Humongous regions: 0->0
[2026-09-18T20:43:04.046+0000][435.510s][info][gc,metaspace] GC(185) Metaspace: 170125K(171904K)->170125K(171904K) NonClass: 143267K(144256K)->143267K(144256K) Class: 26857K(27648K)->26857K(27648K)
[2026-09-18T20:43:04.046+0000][435.510s][info][gc          ] GC(185) Pause Young (Prepare Mixed) (G1 Evacuation Pause) 6094M->3894M(6432M) 153.050ms
[2026-09-18T20:43:04.046+0000][435.510s][info][gc,cpu      ] GC(185) User=0.61s Sys=0.00s Real=0.15s
[2026-09-18T20:43:07.780+0000][439.245s][info][gc,start    ] GC(186) Pause Young (Mixed) (G1 Evacuation Pause)
[2026-09-18T20:43:07.780+0000][439.245s][info][gc,task     ] GC(186) Using 4 workers of 4 for evacuation
[2026-09-18T20:43:07.953+0000][439.417s][info][gc,phases   ] GC(186)   Pre Evacuate Collection Set: 0.19ms
[2026-09-18T20:43:07.953+0000][439.417s][info][gc,phases   ] GC(186)   Merge Heap Roots: 6.51ms
[2026-09-18T20:43:07.953+0000][439.417s][info][gc,phases   ] GC(186)   Evacuate Collection Set: 164.20ms
[2026-09-18T20:43:07.953+0000][439.417s][info][gc,phases   ] GC(186)   Post Evacuate Collection Set: 1.76ms
[2026-09-18T20:43:07.953+0000][439.417s][info][gc,phases   ] GC(186)   Other: 0.08ms
[2026-09-18T20:43:07.953+0000][439.417s][info][gc,heap     ] GC(186) Eden regions: 276->0(281)
[2026-09-18T20:43:07.953+0000][439.418s][info][gc,heap     ] GC(186) Survivor regions: 22->19(38)
[2026-09-18T20:43:07.953+0000][439.418s][info][gc,heap     ] GC(186) Old regions: 465->463
[2026-09-18T20:43:07.953+0000][439.418s][info][gc,heap     ] GC(186) Humongous regions: 0->0
[2026-09-18T20:43:07.953+0000][439.418s][info][gc,metaspace] GC(186) Metaspace: 170169K(171904K)->170169K(171904K) NonClass: 143305K(144256K)->143305K(144256K) Class: 26863K(27648K)->26863K(27648K)
[2026-09-18T20:43:07.953+0000][439.418s][info][gc          ] GC(186) Pause Young (Mixed) (G1 Evacuation Pause) 6102M->3850M(6432M) 172.924ms
[2026-09-18T20:43:07.953+0000][439.418s][info][gc,cpu      ] GC(186) User=0.69s Sys=0.00s Real=0.17s
[2026-09-18T20:43:12.368+0000][443.832s][info][gc,start    ] GC(187) Pause Young (Concurrent Start) (G1 Evacuation Pause)
[2026-09-18T20:43:12.368+0000][443.832s][info][gc,task     ] GC(187) Using 4 workers of 4 for evacuation
[2026-09-18T20:43:12.514+0000][443.978s][info][gc,phases   ] GC(187)   Pre Evacuate Collection Set: 0.22ms
[2026-09-18T20:43:12.514+0000][443.978s][info][gc,phases   ] GC(187)   Merge Heap Roots: 4.31ms
[2026-09-18T20:43:12.514+0000][443.978s][info][gc,phases   ] GC(187)   Evacuate Collection Set: 139.60ms
[2026-09-18T20:43:12.514+0000][443.978s][info][gc,phases   ] GC(187)   Post Evacuate Collection Set: 1.90ms
[2026-09-18T20:43:12.514+0000][443.978s][info][gc,phases   ] GC(187)   Other: 0.08ms
[2026-09-18T20:43:12.514+0000][443.978s][info][gc,heap     ] GC(187) Eden regions: 281->0(279)
[2026-09-18T20:43:12.514+0000][443.978s][info][gc,heap     ] GC(187) Survivor regions: 19->21(38)
[2026-09-18T20:43:12.514+0000][443.978s][info][gc,heap     ] GC(187) Old regions: 463->463
[2026-09-18T20:43:12.514+0000][443.978s][info][gc,heap     ] GC(187) Humongous regions: 0->0
[2026-09-18T20:43:12.514+0000][443.978s][info][gc,metaspace] GC(187) Metaspace: 171281K(173056K)->171281K(173056K) NonClass: 144271K(145280K)->144271K(145280K) Class: 27009K(27776K)->27009K(27776K)
[2026-09-18T20:43:12.514+0000][443.978s][info][gc          ] GC(187) Pause Young (Concurrent Start) (G1 Evacuation Pause) 6098M->3870M(6432M) 146.279ms
[2026-09-18T20:43:12.514+0000][443.979s][info][gc,cpu      ] GC(187) User=0.58s Sys=0.00s Real=0.15s
[2026-09-18T20:43:12.514+0000][443.979s][info][gc          ] GC(188) Concurrent Mark Cycle
[2026-09-18T20:43:12.514+0000][443.979s][info][gc,marking  ] GC(188) Concurrent Scan Root Regions
[2026-09-18T20:43:12.612+0000][444.077s][info][gc,marking  ] GC(188) Concurrent Scan Root Regions 97.992ms
[2026-09-18T20:43:12.612+0000][444.077s][info][gc,marking  ] GC(188) Concurrent Mark
[2026-09-18T20:43:12.612+0000][444.077s][info][gc,marking  ] GC(188) Concurrent Mark From Roots
[2026-09-18T20:43:12.612+0000][444.077s][info][gc,task     ] GC(188) Using 1 workers of 1 for marking
[2026-09-18T20:43:15.779+0000][447.243s][info][gc,marking  ] GC(188) Concurrent Mark From Roots 3166.254ms
[2026-09-18T20:43:15.779+0000][447.243s][info][gc,marking  ] GC(188) Concurrent Preclean
[2026-09-18T20:43:15.780+0000][447.244s][info][gc,marking  ] GC(188) Concurrent Preclean 0.953ms
[2026-09-18T20:43:15.780+0000][447.244s][info][gc,start    ] GC(188) Pause Remark
[2026-09-18T20:43:15.790+0000][447.255s][info][gc          ] GC(188) Pause Remark 5422M->5422M(6456M) 10.686ms
[2026-09-18T20:43:15.790+0000][447.255s][info][gc,cpu      ] GC(188) User=0.04s Sys=0.00s Real=0.01s
[2026-09-18T20:43:15.790+0000][447.255s][info][gc,marking  ] GC(188) Concurrent Mark 3178.176ms
[2026-09-18T20:43:15.791+0000][447.255s][info][gc,marking  ] GC(188) Concurrent Rebuild Remembered Sets and Scrub Regions
[2026-09-18T20:43:17.317+0000][448.781s][info][gc,start    ] GC(189) Pause Young (Normal) (G1 Evacuation Pause)
[2026-09-18T20:43:17.317+0000][448.781s][info][gc,task     ] GC(189) Using 4 workers of 4 for evacuation
[2026-09-18T20:43:17.471+0000][448.935s][info][gc,phases   ] GC(189)   Pre Evacuate Collection Set: 0.19ms
[2026-09-18T20:43:17.471+0000][448.935s][info][gc,phases   ] GC(189)   Merge Heap Roots: 2.93ms
[2026-09-18T20:43:17.471+0000][448.935s][info][gc,phases   ] GC(189)   Evacuate Collection Set: 148.79ms
[2026-09-18T20:43:17.471+0000][448.935s][info][gc,phases   ] GC(189)   Post Evacuate Collection Set: 2.29ms
[2026-09-18T20:43:17.471+0000][448.935s][info][gc,phases   ] GC(189)   Other: 0.08ms
[2026-09-18T20:43:17.471+0000][448.935s][info][gc,heap     ] GC(189) Eden regions: 279->0(20)
[2026-09-18T20:43:17.471+0000][448.935s][info][gc,heap     ] GC(189) Survivor regions: 21->20(38)
[2026-09-18T20:43:17.471+0000][448.935s][info][gc,heap     ] GC(189) Old regions: 463->465
[2026-09-18T20:43:17.471+0000][448.935s][info][gc,heap     ] GC(189) Humongous regions: 0->0
[2026-09-18T20:43:17.471+0000][448.935s][info][gc,metaspace] GC(189) Metaspace: 171419K(173184K)->171419K(173184K) NonClass: 144404K(145408K)->144404K(145408K) Class: 27014K(27776K)->27014K(27776K)
[2026-09-18T20:43:17.471+0000][448.935s][info][gc          ] GC(189) Pause Young (Normal) (G1 Evacuation Pause) 6102M->3876M(6456M) 154.446ms
[2026-09-18T20:43:17.471+0000][448.935s][info][gc,cpu      ] GC(189) User=0.60s Sys=0.00s Real=0.16s
[2026-09-18T20:43:18.034+0000][449.498s][info][gc,marking  ] GC(188) Concurrent Rebuild Remembered Sets and Scrub Regions 2243.505ms
[2026-09-18T20:43:18.034+0000][449.499s][info][gc,start    ] GC(188) Pause Cleanup
[2026-09-18T20:43:18.035+0000][449.500s][info][gc          ] GC(188) Pause Cleanup 4136M->4136M(6456M) 1.013ms
[2026-09-18T20:43:18.035+0000][449.500s][info][gc,cpu      ] GC(188) User=0.00s Sys=0.00s Real=0.00s
[2026-09-18T20:43:18.035+0000][449.500s][info][gc,marking  ] GC(188) Concurrent Clear Claimed Marks
[2026-09-18T20:43:18.036+0000][449.500s][info][gc,marking  ] GC(188) Concurrent Clear Claimed Marks 0.212ms
[2026-09-18T20:43:18.036+0000][449.500s][info][gc,marking  ] GC(188) Concurrent Cleanup for Next Mark
[2026-09-18T20:43:18.042+0000][449.506s][info][gc,marking  ] GC(188) Concurrent Cleanup for Next Mark 6.484ms
[2026-09-18T20:43:18.042+0000][449.506s][info][gc          ] GC(188) Concurrent Mark Cycle 5527.899ms
[2026-09-18T20:43:21.839+0000][453.303s][info][gc,start    ] GC(190) Pause Young (Prepare Mixed) (G1 Evacuation Pause)
[2026-09-18T20:43:21.839+0000][453.303s][info][gc,task     ] GC(190) Using 4 workers of 4 for evacuation
[2026-09-18T20:43:21.991+0000][453.455s][info][gc,phases   ] GC(190)   Pre Evacuate Collection Set: 0.18ms
[2026-09-18T20:43:21.991+0000][453.455s][info][gc,phases   ] GC(190)   Merge Heap Roots: 2.52ms
[2026-09-18T20:43:21.991+0000][453.455s][info][gc,phases   ] GC(190)   Evacuate Collection Set: 146.53ms
[2026-09-18T20:43:21.991+0000][453.455s][info][gc,phases   ] GC(190)   Post Evacuate Collection Set: 2.08ms
[2026-09-18T20:43:21.991+0000][453.455s][info][gc,phases   ] GC(190)   Other: 0.07ms
[2026-09-18T20:43:21.991+0000][453.455s][info][gc,heap     ] GC(190) Eden regions: 281->0(280)
[2026-09-18T20:43:21.991+0000][453.455s][info][gc,heap     ] GC(190) Survivor regions: 20->19(38)
[2026-09-18T20:43:21.991+0000][453.455s][info][gc,heap     ] GC(190) Old regions: 465->467
[2026-09-18T20:43:21.991+0000][453.455s][info][gc,heap     ] GC(190) Humongous regions: 0->0
[2026-09-18T20:43:21.991+0000][453.455s][info][gc,metaspace] GC(190) Metaspace: 171478K(173312K)->171478K(173312K) NonClass: 144455K(145472K)->144455K(145472K) Class: 27023K(27840K)->27023K(27840K)
[2026-09-18T20:43:21.991+0000][453.455s][info][gc          ] GC(190) Pause Young (Prepare Mixed) (G1 Evacuation Pause) 6124M->3878M(6456M) 151.530ms
[2026-09-18T20:43:21.991+0000][453.455s][info][gc,cpu      ] GC(190) User=0.58s Sys=0.02s Real=0.15s
[2026-09-18T20:43:26.200+0000][457.665s][info][gc,start    ] GC(191) Pause Young (Mixed) (G1 Evacuation Pause)
[2026-09-18T20:43:26.201+0000][457.665s][info][gc,task     ] GC(191) Using 4 workers of 4 for evacuation
[2026-09-18T20:43:26.383+0000][457.847s][info][gc,phases   ] GC(191)   Pre Evacuate Collection Set: 0.18ms
[2026-09-18T20:43:26.383+0000][457.847s][info][gc,phases   ] GC(191)   Merge Heap Roots: 3.59ms
[2026-09-18T20:43:26.383+0000][457.847s][info][gc,phases   ] GC(191)   Evacuate Collection Set: 173.94ms
[2026-09-18T20:43:26.383+0000][457.847s][info][gc,phases   ] GC(191)   Merge Optional Heap Roots: 0.14ms
[2026-09-18T20:43:26.383+0000][457.847s][info][gc,phases   ] GC(191)   Evacuate Optional Collection Set: 2.05ms
[2026-09-18T20:43:26.383+0000][457.847s][info][gc,phases   ] GC(191)   Post Evacuate Collection Set: 2.36ms
[2026-09-18T20:43:26.383+0000][457.847s][info][gc,phases   ] GC(191)   Other: 0.06ms
[2026-09-18T20:43:26.383+0000][457.847s][info][gc,heap     ] GC(191) Eden regions: 280->0(22)
[2026-09-18T20:43:26.383+0000][457.847s][info][gc,heap     ] GC(191) Survivor regions: 19->18(38)
[2026-09-18T20:43:26.383+0000][457.847s][info][gc,heap     ] GC(191) Old regions: 467->461
[2026-09-18T20:43:26.383+0000][457.847s][info][gc,heap     ] GC(191) Humongous regions: 0->0
[2026-09-18T20:43:26.383+0000][457.847s][info][gc,metaspace] GC(191) Metaspace: 171508K(173312K)->171508K(173312K) NonClass: 144482K(145472K)->144482K(145472K) Class: 27026K(27840K)->27026K(27840K)
[2026-09-18T20:43:26.383+0000][457.847s][info][gc          ] GC(191) Pause Young (Mixed) (G1 Evacuation Pause) 6118M->3826M(6456M) 182.475ms
[2026-09-18T20:43:26.383+0000][457.847s][info][gc,cpu      ] GC(191) User=0.72s Sys=0.00s Real=0.18s
[2026-09-18T20:43:30.706+0000][462.170s][info][gc,start    ] GC(192) Pause Young (Concurrent Start) (G1 Evacuation Pause)
[2026-09-18T20:43:30.706+0000][462.170s][info][gc,task     ] GC(192) Using 4 workers of 4 for evacuation
[2026-09-18T20:43:30.862+0000][462.326s][info][gc,phases   ] GC(192)   Pre Evacuate Collection Set: 0.24ms
[2026-09-18T20:43:30.862+0000][462.326s][info][gc,phases   ] GC(192)   Merge Heap Roots: 2.94ms
[2026-09-18T20:43:30.862+0000][462.326s][info][gc,phases   ] GC(192)   Evacuate Collection Set: 150.77ms
[2026-09-18T20:43:30.862+0000][462.326s][info][gc,phases   ] GC(192)   Post Evacuate Collection Set: 2.01ms
[2026-09-18T20:43:30.862+0000][462.326s][info][gc,phases   ] GC(192)   Other: 0.13ms
[2026-09-18T20:43:30.862+0000][462.326s][info][gc,heap     ] GC(192) Eden regions: 287->0(22)
[2026-09-18T20:43:30.862+0000][462.326s][info][gc,heap     ] GC(192) Survivor regions: 18->18(39)
[2026-09-18T20:43:30.862+0000][462.326s][info][gc,heap     ] GC(192) Old regions: 461->461
[2026-09-18T20:43:30.862+0000][462.326s][info][gc,heap     ] GC(192) Humongous regions: 0->0
[2026-09-18T20:43:30.862+0000][462.326s][info][gc,metaspace] GC(192) Metaspace: 171532K(173312K)->171532K(173312K) NonClass: 144505K(145472K)->144505K(145472K) Class: 27026K(27840K)->27026K(27840K)
[2026-09-18T20:43:30.862+0000][462.326s][info][gc          ] GC(192) Pause Young (Concurrent Start) (G1 Evacuation Pause) 6122M->3822M(6456M) 156.260ms
[2026-09-18T20:43:30.862+0000][462.326s][info][gc,cpu      ] GC(192) User=0.62s Sys=0.00s Real=0.16s
[2026-09-18T20:43:30.862+0000][462.326s][info][gc          ] GC(193) Concurrent Mark Cycle
[2026-09-18T20:43:30.862+0000][462.326s][info][gc,marking  ] GC(193) Concurrent Scan Root Regions
[2026-09-18T20:43:30.939+0000][462.403s][info][gc,marking  ] GC(193) Concurrent Scan Root Regions 76.698ms
[2026-09-18T20:43:30.939+0000][462.403s][info][gc,marking  ] GC(193) Concurrent Mark
[2026-09-18T20:43:30.939+0000][462.403s][info][gc,marking  ] GC(193) Concurrent Mark From Roots
[2026-09-18T20:43:30.939+0000][462.403s][info][gc,task     ] GC(193) Using 1 workers of 1 for marking
[2026-09-18T20:43:33.883+0000][465.347s][info][gc,marking  ] GC(193) Concurrent Mark From Roots 2944.022ms
[2026-09-18T20:43:33.883+0000][465.347s][info][gc,marking  ] GC(193) Concurrent Preclean
[2026-09-18T20:43:33.884+0000][465.348s][info][gc,marking  ] GC(193) Concurrent Preclean 1.151ms
[2026-09-18T20:43:33.884+0000][465.348s][info][gc,start    ] GC(193) Pause Remark
[2026-09-18T20:43:33.895+0000][465.359s][info][gc          ] GC(193) Pause Remark 5374M->5374M(6456M) 11.264ms
[2026-09-18T20:43:33.895+0000][465.359s][info][gc,cpu      ] GC(193) User=0.05s Sys=0.00s Real=0.01s
[2026-09-18T20:43:33.895+0000][465.360s][info][gc,marking  ] GC(193) Concurrent Mark 2956.647ms
[2026-09-18T20:43:33.895+0000][465.360s][info][gc,marking  ] GC(193) Concurrent Rebuild Remembered Sets and Scrub Regions
[2026-09-18T20:43:34.688+0000][466.153s][info][gc,start    ] GC(194) Pause Young (Normal) (G1 Evacuation Pause)
[2026-09-18T20:43:34.688+0000][466.153s][info][gc,task     ] GC(194) Using 4 workers of 4 for evacuation
[2026-09-18T20:43:34.868+0000][466.332s][info][gc,phases   ] GC(194)   Pre Evacuate Collection Set: 0.17ms
[2026-09-18T20:43:34.868+0000][466.333s][info][gc,phases   ] GC(194)   Merge Heap Roots: 4.01ms
[2026-09-18T20:43:34.868+0000][466.333s][info][gc,phases   ] GC(194)   Evacuate Collection Set: 172.75ms
[2026-09-18T20:43:34.868+0000][466.333s][info][gc,phases   ] GC(194)   Post Evacuate Collection Set: 2.83ms
[2026-09-18T20:43:34.868+0000][466.333s][info][gc,phases   ] GC(194)   Other: 0.06ms
[2026-09-18T20:43:34.868+0000][466.333s][info][gc,heap     ] GC(194) Eden regions: 241->0(23)
[2026-09-18T20:43:34.868+0000][466.333s][info][gc,heap     ] GC(194) Survivor regions: 18->17(33)
[2026-09-18T20:43:34.868+0000][466.333s][info][gc,heap     ] GC(194) Old regions: 461->462
[2026-09-18T20:43:34.868+0000][466.333s][info][gc,heap     ] GC(194) Humongous regions: 0->0
[2026-09-18T20:43:34.868+0000][466.333s][info][gc,metaspace] GC(194) Metaspace: 171544K(173376K)->171544K(173376K) NonClass: 144517K(145536K)->144517K(145536K) Class: 27026K(27840K)->27026K(27840K)
[2026-09-18T20:43:34.868+0000][466.333s][info][gc          ] GC(194) Pause Young (Normal) (G1 Evacuation Pause) 5750M->3831M(6456M) 179.967ms
[2026-09-18T20:43:34.868+0000][466.333s][info][gc,cpu      ] GC(194) User=0.71s Sys=0.01s Real=0.18s
[2026-09-18T20:43:35.529+0000][466.994s][info][gc,start    ] GC(195) Pause Young (Normal) (G1 Evacuation Pause)
[2026-09-18T20:43:35.530+0000][466.994s][info][gc,task     ] GC(195) Using 4 workers of 4 for evacuation
[2026-09-18T20:43:35.706+0000][467.171s][info][gc,phases   ] GC(195)   Pre Evacuate Collection Set: 0.18ms
[2026-09-18T20:43:35.706+0000][467.171s][info][gc,phases   ] GC(195)   Merge Heap Roots: 4.46ms
[2026-09-18T20:43:35.706+0000][467.171s][info][gc,phases   ] GC(195)   Evacuate Collection Set: 169.66ms
[2026-09-18T20:43:35.706+0000][467.171s][info][gc,phases   ] GC(195)   Post Evacuate Collection Set: 2.41ms
[2026-09-18T20:43:35.706+0000][467.171s][info][gc,phases   ] GC(195)   Other: 0.06ms
[2026-09-18T20:43:35.706+0000][467.171s][info][gc,heap     ] GC(195) Eden regions: 35->0(286)
[2026-09-18T20:43:35.706+0000][467.171s][info][gc,heap     ] GC(195) Survivor regions: 17->4(7)
[2026-09-18T20:43:35.706+0000][467.171s][info][gc,heap     ] GC(195) Old regions: 462->476
[2026-09-18T20:43:35.706+0000][467.171s][info][gc,heap     ] GC(195) Humongous regions: 0->0
[2026-09-18T20:43:35.706+0000][467.171s][info][gc,metaspace] GC(195) Metaspace: 171544K(173376K)->171544K(173376K) NonClass: 144517K(145536K)->144517K(145536K) Class: 27026K(27840K)->27026K(27840K)
[2026-09-18T20:43:35.706+0000][467.171s][info][gc          ] GC(195) Pause Young (Normal) (G1 Evacuation Pause) 4111M->3840M(6456M) 176.900ms
[2026-09-18T20:43:35.706+0000][467.171s][info][gc,cpu      ] GC(195) User=0.70s Sys=0.00s Real=0.17s
[2026-09-18T20:43:36.307+0000][467.771s][info][gc,marking  ] GC(193) Concurrent Rebuild Remembered Sets and Scrub Regions 2411.623ms
[2026-09-18T20:43:36.307+0000][467.771s][info][gc,start    ] GC(193) Pause Cleanup
[2026-09-18T20:43:36.307+0000][467.772s][info][gc          ] GC(193) Pause Cleanup 4124M->4124M(6456M) 0.317ms
[2026-09-18T20:43:36.307+0000][467.772s][info][gc,cpu      ] GC(193) User=0.00s Sys=0.00s Real=0.00s
[2026-09-18T20:43:36.307+0000][467.772s][info][gc,marking  ] GC(193) Concurrent Clear Claimed Marks
[2026-09-18T20:43:36.308+0000][467.772s][info][gc,marking  ] GC(193) Concurrent Clear Claimed Marks 0.222ms
[2026-09-18T20:43:36.308+0000][467.772s][info][gc,marking  ] GC(193) Concurrent Cleanup for Next Mark
[2026-09-18T20:43:36.314+0000][467.779s][info][gc,marking  ] GC(193) Concurrent Cleanup for Next Mark 6.642ms
[2026-09-18T20:43:36.314+0000][467.779s][info][gc          ] GC(193) Concurrent Mark Cycle 5452.410ms
[2026-09-18T20:43:36.387+0000][467.851s][info][gc,start    ] GC(196) Pause Young (Prepare Mixed) (G1 Evacuation Pause)
[2026-09-18T20:43:36.387+0000][467.851s][info][gc,task     ] GC(196) Using 4 workers of 4 for evacuation
[2026-09-18T20:43:36.502+0000][467.966s][info][gc,phases   ] GC(196)   Pre Evacuate Collection Set: 0.18ms
[2026-09-18T20:43:36.502+0000][467.966s][info][gc,phases   ] GC(196)   Merge Heap Roots: 5.34ms
[2026-09-18T20:43:36.502+0000][467.966s][info][gc,phases   ] GC(196)   Evacuate Collection Set: 108.37ms
[2026-09-18T20:43:36.502+0000][467.966s][info][gc,phases   ] GC(196)   Post Evacuate Collection Set: 1.56ms
[2026-09-18T20:43:36.502+0000][467.966s][info][gc,phases   ] GC(196)   Other: 0.05ms
[2026-09-18T20:43:36.502+0000][467.966s][info][gc,heap     ] GC(196) Eden regions: 41->0(287)
[2026-09-18T20:43:36.502+0000][467.966s][info][gc,heap     ] GC(196) Survivor regions: 4->3(6)
[2026-09-18T20:43:36.502+0000][467.966s][info][gc,heap     ] GC(196) Old regions: 476->476
[2026-09-18T20:43:36.502+0000][467.966s][info][gc,heap     ] GC(196) Humongous regions: 0->0
[2026-09-18T20:43:36.502+0000][467.966s][info][gc,metaspace] GC(196) Metaspace: 171544K(173376K)->171544K(173376K) NonClass: 144518K(145536K)->144518K(145536K) Class: 27026K(27840K)->27026K(27840K)
[2026-09-18T20:43:36.502+0000][467.966s][info][gc          ] GC(196) Pause Young (Prepare Mixed) (G1 Evacuation Pause) 4168M->3831M(6456M) 115.658ms
[2026-09-18T20:43:36.502+0000][467.967s][info][gc,cpu      ] GC(196) User=0.45s Sys=0.00s Real=0.12s
[2026-09-18T20:43:37.514+0000][468.979s][info][gc,heap,exit] Heap
[2026-09-18T20:43:37.514+0000][468.979s][info][gc,heap,exit]  garbage-first heap   total 6610944K, used 4304142K [0x0000000580000000, 0x0000000800000000)
[2026-09-18T20:43:37.514+0000][468.979s][info][gc,heap,exit]   region size 8192K, 50 young (409600K), 3 survivors (24576K)
[2026-09-18T20:43:37.514+0000][468.979s][info][gc,heap,exit]  Metaspace       used 171652K, committed 173440K, reserved 1245184K
[2026-09-18T20:43:37.514+0000][468.979s][info][gc,heap,exit]   class space    used 27048K, committed 27840K, reserved 1048576K
