[2026-09-25T04:23:02.740+0000][0.079s][info][gc,init] CardTable entry size: 512
[2026-09-25T04:23:02.740+0000][0.079s][info][gc     ] Using Parallel
[2026-09-25T04:23:02.957+0000][0.296s][info][gc,init] Version: 21.0.12.1+1-LTS (release)
[2026-09-25T04:23:02.957+0000][0.296s][info][gc,init] CPUs: 4 total, 4 available
[2026-09-25T04:23:02.957+0000][0.296s][info][gc,init] Memory: 15988M
[2026-09-25T04:23:02.957+0000][0.296s][info][gc,init] Large Page Support: Disabled
[2026-09-25T04:23:02.957+0000][0.296s][info][gc,init] NUMA Support: Disabled
[2026-09-25T04:23:02.957+0000][0.296s][info][gc,init] Compressed Oops: Enabled (Zero based)
[2026-09-25T04:23:02.957+0000][0.296s][info][gc,init] Alignments: Space 512K, Generation 512K, Heap 2M
[2026-09-25T04:23:02.957+0000][0.296s][info][gc,init] Heap Min Capacity: 4G
[2026-09-25T04:23:02.957+0000][0.296s][info][gc,init] Heap Initial Capacity: 4G
[2026-09-25T04:23:02.957+0000][0.296s][info][gc,init] Heap Max Capacity: 10G
[2026-09-25T04:23:02.957+0000][0.296s][info][gc,init] Pre-touch: Disabled
[2026-09-25T04:23:02.957+0000][0.296s][info][gc,init] Parallel Workers: 4
[2026-09-25T04:23:02.965+0000][0.304s][info][gc,metaspace] CDS archive(s) mapped at: [0x00007fce55000000-0x00007fce55c9c000-0x00007fce55c9c000), size 13221888, SharedBaseAddress: 0x00007fce55000000, ArchiveRelocationMode: 1.
[2026-09-25T04:23:02.965+0000][0.304s][info][gc,metaspace] Compressed class space mapped at: 0x00007fce56000000-0x00007fce96000000, reserved size: 1073741824
[2026-09-25T04:23:02.965+0000][0.304s][info][gc,metaspace] Narrow klass base: 0x00007fce55000000, Narrow klass shift: 0, Narrow klass range: 0x100000000
[2026-09-25T04:23:05.910+0000][3.249s][info][gc,start    ] GC(0) Pause Young (Metadata GC Threshold)
[2026-09-25T04:23:05.918+0000][3.257s][info][gc,heap     ] GC(0) PSYoungGen: 919414K(1223168K)->12682K(1223168K) Eden: 919414K(1048576K)->0K(1048576K) From: 0K(174592K)->12682K(174592K)
[2026-09-25T04:23:05.918+0000][3.258s][info][gc,heap     ] GC(0) ParOldGen: 1073K(2796544K)->1145K(2796544K)
[2026-09-25T04:23:05.918+0000][3.258s][info][gc,metaspace] GC(0) Metaspace: 21090K(21504K)->21090K(21504K) NonClass: 18716K(18944K)->18716K(18944K) Class: 2374K(2560K)->2374K(2560K)
[2026-09-25T04:23:05.918+0000][3.258s][info][gc          ] GC(0) Pause Young (Metadata GC Threshold) 898M->13M(3925M) 8.727ms
[2026-09-25T04:23:05.918+0000][3.258s][info][gc,cpu      ] GC(0) User=0.03s Sys=0.00s Real=0.01s
[2026-09-25T04:23:05.918+0000][3.258s][info][gc,start    ] GC(1) Pause Full (Metadata GC Threshold)
[2026-09-25T04:23:05.919+0000][3.258s][info][gc,phases,start] GC(1) Marking Phase
[2026-09-25T04:23:05.927+0000][3.266s][info][gc,phases      ] GC(1) Marking Phase 8.651ms
[2026-09-25T04:23:05.927+0000][3.266s][info][gc,phases,start] GC(1) Summary Phase
[2026-09-25T04:23:05.927+0000][3.266s][info][gc,phases      ] GC(1) Summary Phase 0.008ms
[2026-09-25T04:23:05.927+0000][3.266s][info][gc,phases,start] GC(1) Adjust Roots
[2026-09-25T04:23:05.930+0000][3.269s][info][gc,phases      ] GC(1) Adjust Roots 3.133ms
[2026-09-25T04:23:05.930+0000][3.269s][info][gc,phases,start] GC(1) Compaction Phase
[2026-09-25T04:23:05.938+0000][3.277s][info][gc,phases      ] GC(1) Compaction Phase 7.884ms
[2026-09-25T04:23:05.938+0000][3.277s][info][gc,phases,start] GC(1) Post Compact
[2026-09-25T04:23:05.940+0000][3.279s][info][gc,phases      ] GC(1) Post Compact 1.276ms
[2026-09-25T04:23:05.940+0000][3.279s][info][gc,heap        ] GC(1) PSYoungGen: 12682K(1223168K)->0K(1223168K) Eden: 0K(1048576K)->0K(1048576K) From: 12682K(174592K)->0K(174592K)
[2026-09-25T04:23:05.940+0000][3.279s][info][gc,heap        ] GC(1) ParOldGen: 1145K(2796544K)->13577K(2796544K)
[2026-09-25T04:23:05.940+0000][3.279s][info][gc,metaspace   ] GC(1) Metaspace: 21090K(21504K)->21090K(21504K) NonClass: 18716K(18944K)->18716K(18944K) Class: 2374K(2560K)->2374K(2560K)
[2026-09-25T04:23:05.940+0000][3.279s][info][gc             ] GC(1) Pause Full (Metadata GC Threshold) 13M->13M(3925M) 21.076ms
[2026-09-25T04:23:05.940+0000][3.279s][info][gc,cpu         ] GC(1) User=0.05s Sys=0.01s Real=0.02s
[2026-09-25T04:23:07.095+0000][4.434s][info][gc,start       ] GC(2) Pause Young (Metadata GC Threshold)
[2026-09-25T04:23:07.122+0000][4.461s][info][gc,heap        ] GC(2) PSYoungGen: 433728K(1223168K)->51049K(1223168K) Eden: 433728K(1048576K)->0K(1048576K) From: 0K(174592K)->51049K(174592K)
[2026-09-25T04:23:07.122+0000][4.461s][info][gc,heap        ] GC(2) ParOldGen: 13577K(2796544K)->13585K(2796544K)
[2026-09-25T04:23:07.122+0000][4.461s][info][gc,metaspace   ] GC(2) Metaspace: 35374K(35840K)->35374K(35840K) NonClass: 31280K(31552K)->31280K(31552K) Class: 4093K(4288K)->4093K(4288K)
[2026-09-25T04:23:07.122+0000][4.461s][info][gc             ] GC(2) Pause Young (Metadata GC Threshold) 436M->63M(3925M) 26.595ms
[2026-09-25T04:23:07.122+0000][4.461s][info][gc,cpu         ] GC(2) User=0.07s Sys=0.03s Real=0.03s
[2026-09-25T04:23:07.122+0000][4.461s][info][gc,start       ] GC(3) Pause Full (Metadata GC Threshold)
[2026-09-25T04:23:07.122+0000][4.461s][info][gc,phases,start] GC(3) Marking Phase
[2026-09-25T04:23:07.153+0000][4.492s][info][gc,phases      ] GC(3) Marking Phase 30.681ms
[2026-09-25T04:23:07.153+0000][4.492s][info][gc,phases,start] GC(3) Summary Phase
[2026-09-25T04:23:07.153+0000][4.492s][info][gc,phases      ] GC(3) Summary Phase 0.014ms
[2026-09-25T04:23:07.153+0000][4.492s][info][gc,phases,start] GC(3) Adjust Roots
[2026-09-25T04:23:07.156+0000][4.495s][info][gc,phases      ] GC(3) Adjust Roots 3.530ms
[2026-09-25T04:23:07.156+0000][4.495s][info][gc,phases,start] GC(3) Compaction Phase
[2026-09-25T04:23:07.199+0000][4.538s][info][gc,phases      ] GC(3) Compaction Phase 42.195ms
[2026-09-25T04:23:07.199+0000][4.538s][info][gc,phases,start] GC(3) Post Compact
[2026-09-25T04:23:07.200+0000][4.539s][info][gc,phases      ] GC(3) Post Compact 1.133ms
[2026-09-25T04:23:07.200+0000][4.539s][info][gc,heap        ] GC(3) PSYoungGen: 51049K(1223168K)->0K(1223168K) Eden: 0K(1048576K)->0K(1048576K) From: 51049K(174592K)->0K(174592K)
[2026-09-25T04:23:07.200+0000][4.539s][info][gc,heap        ] GC(3) ParOldGen: 13585K(2796544K)->64237K(2796544K)
[2026-09-25T04:23:07.200+0000][4.539s][info][gc,metaspace   ] GC(3) Metaspace: 35374K(35840K)->35372K(35840K) NonClass: 31280K(31552K)->31278K(31552K) Class: 4093K(4288K)->4093K(4288K)
[2026-09-25T04:23:07.200+0000][4.539s][info][gc             ] GC(3) Pause Full (Metadata GC Threshold) 63M->62M(3925M) 77.701ms
[2026-09-25T04:23:07.200+0000][4.539s][info][gc,cpu         ] GC(3) User=0.25s Sys=0.02s Real=0.08s
[2026-09-25T04:23:09.040+0000][6.379s][info][gc,start       ] GC(4) Pause Young (Metadata GC Threshold)
[2026-09-25T04:23:09.071+0000][6.410s][info][gc,heap        ] GC(4) PSYoungGen: 362791K(1223168K)->43014K(1223168K) Eden: 362791K(1048576K)->0K(1048576K) From: 0K(174592K)->43014K(174592K)
[2026-09-25T04:23:09.071+0000][6.410s][info][gc,heap        ] GC(4) ParOldGen: 64237K(2796544K)->64253K(2796544K)
[2026-09-25T04:23:09.071+0000][6.410s][info][gc,metaspace   ] GC(4) Metaspace: 59176K(59776K)->59176K(59776K) NonClass: 50571K(50880K)->50571K(50880K) Class: 8604K(8896K)->8604K(8896K)
[2026-09-25T04:23:09.071+0000][6.410s][info][gc             ] GC(4) Pause Young (Metadata GC Threshold) 417M->104M(3925M) 30.847ms
[2026-09-25T04:23:09.071+0000][6.410s][info][gc,cpu         ] GC(4) User=0.11s Sys=0.01s Real=0.03s
[2026-09-25T04:23:09.071+0000][6.410s][info][gc,start       ] GC(5) Pause Full (Metadata GC Threshold)
[2026-09-25T04:23:09.071+0000][6.410s][info][gc,phases,start] GC(5) Marking Phase
[2026-09-25T04:23:09.123+0000][6.462s][info][gc,phases      ] GC(5) Marking Phase 52.455ms
[2026-09-25T04:23:09.123+0000][6.462s][info][gc,phases,start] GC(5) Summary Phase
[2026-09-25T04:23:09.123+0000][6.462s][info][gc,phases      ] GC(5) Summary Phase 0.008ms
[2026-09-25T04:23:09.123+0000][6.462s][info][gc,phases,start] GC(5) Adjust Roots
[2026-09-25T04:23:09.130+0000][6.469s][info][gc,phases      ] GC(5) Adjust Roots 6.492ms
[2026-09-25T04:23:09.130+0000][6.469s][info][gc,phases,start] GC(5) Compaction Phase
[2026-09-25T04:23:09.210+0000][6.549s][info][gc,phases      ] GC(5) Compaction Phase 80.103ms
[2026-09-25T04:23:09.210+0000][6.549s][info][gc,phases,start] GC(5) Post Compact
[2026-09-25T04:23:09.211+0000][6.550s][info][gc,phases      ] GC(5) Post Compact 1.310ms
[2026-09-25T04:23:09.211+0000][6.550s][info][gc,heap        ] GC(5) PSYoungGen: 43014K(1223168K)->0K(1223168K) Eden: 0K(1048576K)->0K(1048576K) From: 43014K(174592K)->0K(174592K)
[2026-09-25T04:23:09.211+0000][6.550s][info][gc,heap        ] GC(5) ParOldGen: 64253K(2796544K)->103052K(2796544K)
[2026-09-25T04:23:09.211+0000][6.550s][info][gc,metaspace   ] GC(5) Metaspace: 59176K(59776K)->59176K(59776K) NonClass: 50571K(50880K)->50571K(50880K) Class: 8604K(8896K)->8604K(8896K)
[2026-09-25T04:23:09.211+0000][6.550s][info][gc             ] GC(5) Pause Full (Metadata GC Threshold) 104M->100M(3925M) 140.529ms
[2026-09-25T04:23:09.211+0000][6.550s][info][gc,cpu         ] GC(5) User=0.51s Sys=0.01s Real=0.14s
[2026-09-25T04:23:12.004+0000][9.343s][info][gc,start       ] GC(6) Pause Young (Metadata GC Threshold)
[2026-09-25T04:23:12.126+0000][9.465s][info][gc,heap        ] GC(6) PSYoungGen: 750671K(1223168K)->174574K(1223168K) Eden: 750671K(1048576K)->0K(1048576K) From: 0K(174592K)->174574K(174592K)
[2026-09-25T04:23:12.126+0000][9.465s][info][gc,heap        ] GC(6) ParOldGen: 103052K(2796544K)->105508K(2796544K)
[2026-09-25T04:23:12.126+0000][9.465s][info][gc,metaspace   ] GC(6) Metaspace: 98780K(99648K)->98780K(99648K) NonClass: 84826K(85312K)->84826K(85312K) Class: 13954K(14336K)->13954K(14336K)
[2026-09-25T04:23:12.126+0000][9.465s][info][gc             ] GC(6) Pause Young (Metadata GC Threshold) 833M->273M(3925M) 122.567ms
[2026-09-25T04:23:12.126+0000][9.465s][info][gc,cpu         ] GC(6) User=0.42s Sys=0.07s Real=0.13s
[2026-09-25T04:23:12.126+0000][9.465s][info][gc,start       ] GC(7) Pause Full (Metadata GC Threshold)
[2026-09-25T04:23:12.126+0000][9.465s][info][gc,phases,start] GC(7) Marking Phase
[2026-09-25T04:23:12.278+0000][9.617s][info][gc,phases      ] GC(7) Marking Phase 151.798ms
[2026-09-25T04:23:12.278+0000][9.617s][info][gc,phases,start] GC(7) Summary Phase
[2026-09-25T04:23:12.278+0000][9.617s][info][gc,phases      ] GC(7) Summary Phase 0.026ms
[2026-09-25T04:23:12.278+0000][9.617s][info][gc,phases,start] GC(7) Adjust Roots
[2026-09-25T04:23:12.289+0000][9.629s][info][gc,phases      ] GC(7) Adjust Roots 11.266ms
[2026-09-25T04:23:12.290+0000][9.629s][info][gc,phases,start] GC(7) Compaction Phase
[2026-09-25T04:23:12.621+0000][9.960s][info][gc,phases      ] GC(7) Compaction Phase 331.099ms
[2026-09-25T04:23:12.621+0000][9.960s][info][gc,phases,start] GC(7) Post Compact
[2026-09-25T04:23:12.623+0000][9.962s][info][gc,phases      ] GC(7) Post Compact 2.048ms
[2026-09-25T04:23:12.623+0000][9.962s][info][gc,heap        ] GC(7) PSYoungGen: 174574K(1223168K)->0K(1223168K) Eden: 0K(1048576K)->0K(1048576K) From: 174574K(174592K)->0K(174592K)
[2026-09-25T04:23:12.623+0000][9.962s][info][gc,heap        ] GC(7) ParOldGen: 105508K(2796544K)->278444K(2796544K)
[2026-09-25T04:23:12.623+0000][9.962s][info][gc,metaspace   ] GC(7) Metaspace: 98780K(99648K)->98780K(99648K) NonClass: 84826K(85312K)->84826K(85312K) Class: 13954K(14336K)->13954K(14336K)
[2026-09-25T04:23:12.623+0000][9.962s][info][gc             ] GC(7) Pause Full (Metadata GC Threshold) 273M->271M(3925M) 496.421ms
[2026-09-25T04:23:12.623+0000][9.962s][info][gc,cpu         ] GC(7) User=1.84s Sys=0.04s Real=0.49s
[2026-09-25T04:23:15.926+0000][13.265s][info][gc,start       ] GC(8) Pause Young (Allocation Failure)
[2026-09-25T04:23:15.957+0000][13.296s][info][gc,heap        ] GC(8) PSYoungGen: 1048576K(1223168K)->44941K(1223168K) Eden: 1048576K(1048576K)->0K(1048576K) From: 0K(174592K)->44941K(174592K)
[2026-09-25T04:23:15.957+0000][13.296s][info][gc,heap        ] GC(8) ParOldGen: 278444K(2796544K)->278452K(2796544K)
[2026-09-25T04:23:15.957+0000][13.296s][info][gc,metaspace   ] GC(8) Metaspace: 119830K(120832K)->119830K(120832K) NonClass: 102593K(103168K)->102593K(103168K) Class: 17236K(17664K)->17236K(17664K)
[2026-09-25T04:23:15.957+0000][13.296s][info][gc             ] GC(8) Pause Young (Allocation Failure) 1295M->315M(3925M) 30.831ms
[2026-09-25T04:23:15.957+0000][13.296s][info][gc,cpu         ] GC(8) User=0.12s Sys=0.00s Real=0.03s
[2026-09-25T04:23:23.611+0000][20.950s][info][gc,start       ] GC(9) Pause Young (Allocation Failure)
[2026-09-25T04:23:23.684+0000][21.023s][info][gc,heap        ] GC(9) PSYoungGen: 1093517K(1223168K)->122936K(2237952K) Eden: 1048576K(1048576K)->0K(2079744K) From: 44941K(174592K)->122936K(158208K)
[2026-09-25T04:23:23.684+0000][21.023s][info][gc,heap        ] GC(9) ParOldGen: 278452K(2796544K)->278492K(2796544K)
[2026-09-25T04:23:23.684+0000][21.023s][info][gc,metaspace   ] GC(9) Metaspace: 149666K(150912K)->149666K(150912K) NonClass: 125281K(126016K)->125281K(126016K) Class: 24385K(24896K)->24385K(24896K)
[2026-09-25T04:23:23.684+0000][21.023s][info][gc             ] GC(9) Pause Young (Allocation Failure) 1339M->392M(4916M) 73.015ms
[2026-09-25T04:23:23.684+0000][21.023s][info][gc,cpu         ] GC(9) User=0.21s Sys=0.08s Real=0.07s
[2026-09-25T04:23:24.525+0000][21.864s][info][gc,start       ] GC(10) Pause Young (CodeCache GC Threshold)
[2026-09-25T04:23:24.600+0000][21.939s][info][gc,heap        ] GC(10) PSYoungGen: 494259K(2237952K)->151681K(2255360K) Eden: 371323K(2079744K)->0K(2079744K) From: 122936K(158208K)->151681K(175616K)
[2026-09-25T04:23:24.600+0000][21.939s][info][gc,heap        ] GC(10) ParOldGen: 278492K(2796544K)->278500K(2796544K)
[2026-09-25T04:23:24.600+0000][21.939s][info][gc,metaspace   ] GC(10) Metaspace: 150716K(152000K)->150716K(152000K) NonClass: 126217K(126976K)->126217K(126976K) Class: 24498K(25024K)->24498K(25024K)
[2026-09-25T04:23:24.600+0000][21.939s][info][gc             ] GC(10) Pause Young (CodeCache GC Threshold) 754M->420M(4933M) 74.777ms
[2026-09-25T04:23:24.600+0000][21.939s][info][gc,cpu         ] GC(10) User=0.22s Sys=0.08s Real=0.08s
[2026-09-25T04:23:24.600+0000][21.939s][info][gc,start       ] GC(11) Pause Full (CodeCache GC Threshold)
[2026-09-25T04:23:24.600+0000][21.939s][info][gc,phases,start] GC(11) Marking Phase
[2026-09-25T04:23:24.820+0000][22.159s][info][gc,phases      ] GC(11) Marking Phase 220.242ms
[2026-09-25T04:23:24.820+0000][22.159s][info][gc,phases,start] GC(11) Summary Phase
[2026-09-25T04:23:24.820+0000][22.159s][info][gc,phases      ] GC(11) Summary Phase 0.024ms
[2026-09-25T04:23:24.820+0000][22.159s][info][gc,phases,start] GC(11) Adjust Roots
[2026-09-25T04:23:24.844+0000][22.183s][info][gc,phases      ] GC(11) Adjust Roots 23.592ms
[2026-09-25T04:23:24.844+0000][22.183s][info][gc,phases,start] GC(11) Compaction Phase
[2026-09-25T04:23:25.246+0000][22.585s][info][gc,phases      ] GC(11) Compaction Phase 401.644ms
[2026-09-25T04:23:25.246+0000][22.585s][info][gc,phases,start] GC(11) Post Compact
[2026-09-25T04:23:25.252+0000][22.591s][info][gc,phases      ] GC(11) Post Compact 6.252ms
[2026-09-25T04:23:25.252+0000][22.591s][info][gc,heap        ] GC(11) PSYoungGen: 151681K(2255360K)->0K(2255360K) Eden: 0K(2079744K)->0K(2079744K) From: 151681K(175616K)->0K(175616K)
[2026-09-25T04:23:25.252+0000][22.591s][info][gc,heap        ] GC(11) ParOldGen: 278500K(2796544K)->390504K(2796544K)
[2026-09-25T04:23:25.252+0000][22.591s][info][gc,metaspace   ] GC(11) Metaspace: 150716K(152000K)->150652K(152000K) NonClass: 126217K(126976K)->126168K(126976K) Class: 24498K(25024K)->24483K(25024K)
[2026-09-25T04:23:25.252+0000][22.591s][info][gc             ] GC(11) Pause Full (CodeCache GC Threshold) 420M->381M(4933M) 651.948ms
[2026-09-25T04:23:25.252+0000][22.591s][info][gc,cpu         ] GC(11) User=2.38s Sys=0.03s Real=0.65s
[2026-09-25T04:23:28.874+0000][26.213s][info][gc,start       ] GC(12) Pause Young (Allocation Failure)
[2026-09-25T04:23:29.027+0000][26.366s][info][gc,heap        ] GC(12) PSYoungGen: 2079744K(2255360K)->200191K(2202112K) Eden: 2079744K(2079744K)->0K(2001920K) From: 0K(175616K)->200191K(200192K)
[2026-09-25T04:23:29.027+0000][26.366s][info][gc,heap        ] GC(12) ParOldGen: 390504K(2796544K)->525544K(2796544K)
[2026-09-25T04:23:29.027+0000][26.366s][info][gc,metaspace   ] GC(12) Metaspace: 152692K(154048K)->152692K(154048K) NonClass: 127890K(128704K)->127890K(128704K) Class: 24801K(25344K)->24801K(25344K)
[2026-09-25T04:23:29.027+0000][26.366s][info][gc             ] GC(12) Pause Young (Allocation Failure) 2412M->708M(4881M) 152.821ms
[2026-09-25T04:23:29.027+0000][26.366s][info][gc,cpu         ] GC(12) User=0.47s Sys=0.14s Real=0.16s
[2026-09-25T04:23:32.790+0000][30.129s][info][gc,start       ] GC(13) Pause Young (Allocation Failure)
[2026-09-25T04:23:32.931+0000][30.270s][info][gc,heap        ] GC(13) PSYoungGen: 2202111K(2202112K)->295423K(2297344K) Eden: 2001920K(2001920K)->0K(2001920K) From: 200191K(200192K)->295423K(295424K)
[2026-09-25T04:23:32.931+0000][30.270s][info][gc,heap        ] GC(13) ParOldGen: 525544K(2796544K)->655100K(2796544K)
[2026-09-25T04:23:32.931+0000][30.270s][info][gc,metaspace   ] GC(13) Metaspace: 153172K(154496K)->153172K(154496K) NonClass: 128312K(129088K)->128312K(129088K) Class: 24859K(25408K)->24859K(25408K)
[2026-09-25T04:23:32.931+0000][30.270s][info][gc             ] GC(13) Pause Young (Allocation Failure) 2663M->928M(4974M) 140.912ms
[2026-09-25T04:23:32.931+0000][30.270s][info][gc,cpu         ] GC(13) User=0.47s Sys=0.09s Real=0.14s
[2026-09-25T04:23:36.086+0000][33.425s][info][gc,start       ] GC(14) Pause Young (Allocation Failure)
[2026-09-25T04:23:36.244+0000][33.583s][info][gc,heap        ] GC(14) PSYoungGen: 2297343K(2297344K)->254080K(3066880K) Eden: 2001920K(2001920K)->0K(2666496K) From: 295423K(295424K)->254080K(400384K)
[2026-09-25T04:23:36.244+0000][33.583s][info][gc,heap        ] GC(14) ParOldGen: 655100K(2796544K)->839713K(2796544K)
[2026-09-25T04:23:36.244+0000][33.583s][info][gc,metaspace   ] GC(14) Metaspace: 154036K(155456K)->154036K(155456K) NonClass: 129045K(129856K)->129045K(129856K) Class: 24990K(25600K)->24990K(25600K)
[2026-09-25T04:23:36.244+0000][33.583s][info][gc             ] GC(14) Pause Young (Allocation Failure) 2883M->1068M(5726M) 157.648ms
[2026-09-25T04:23:36.244+0000][33.583s][info][gc,cpu         ] GC(14) User=0.43s Sys=0.19s Real=0.15s
[2026-09-25T04:23:40.431+0000][37.770s][info][gc,start       ] GC(15) Pause Young (Allocation Failure)
[2026-09-25T04:23:40.588+0000][37.927s][info][gc,heap        ] GC(15) PSYoungGen: 2920576K(3066880K)->156132K(2822656K) Eden: 2666496K(2666496K)->0K(2666496K) From: 254080K(400384K)->156132K(156160K)
[2026-09-25T04:23:40.588+0000][37.927s][info][gc,heap        ] GC(15) ParOldGen: 839713K(2796544K)->1108415K(2796544K)
[2026-09-25T04:23:40.588+0000][37.927s][info][gc,metaspace   ] GC(15) Metaspace: 154636K(156096K)->154636K(156096K) NonClass: 129588K(130432K)->129588K(130432K) Class: 25048K(25664K)->25048K(25664K)
[2026-09-25T04:23:40.588+0000][37.927s][info][gc             ] GC(15) Pause Young (Allocation Failure) 3672M->1234M(5487M) 157.405ms
[2026-09-25T04:23:40.588+0000][37.927s][info][gc,cpu         ] GC(15) User=0.45s Sys=0.17s Real=0.16s
[2026-09-25T04:23:44.616+0000][41.955s][info][gc,start       ] GC(16) Pause Young (Allocation Failure)
[2026-09-25T04:23:44.729+0000][42.068s][info][gc,heap        ] GC(16) PSYoungGen: 2822628K(2822656K)->191637K(3081216K) Eden: 2666496K(2666496K)->0K(2691584K) From: 156132K(156160K)->191637K(389632K)
[2026-09-25T04:23:44.729+0000][42.068s][info][gc,heap        ] GC(16) ParOldGen: 1108415K(2796544K)->1273755K(2796544K)
[2026-09-25T04:23:44.729+0000][42.068s][info][gc,metaspace   ] GC(16) Metaspace: 154891K(156352K)->154891K(156352K) NonClass: 129823K(130688K)->129823K(130688K) Class: 25067K(25664K)->25067K(25664K)
[2026-09-25T04:23:44.729+0000][42.068s][info][gc             ] GC(16) Pause Young (Allocation Failure) 3838M->1431M(5740M) 113.450ms
[2026-09-25T04:23:44.729+0000][42.068s][info][gc,cpu         ] GC(16) User=0.39s Sys=0.06s Real=0.11s
[2026-09-25T04:23:49.458+0000][46.797s][info][gc,start       ] GC(17) Pause Young (CodeCache GC Threshold)
[2026-09-25T04:23:49.628+0000][46.967s][info][gc,heap        ] GC(17) PSYoungGen: 2821533K(3081216K)->213211K(3069952K) Eden: 2629895K(2691584K)->0K(2691584K) From: 191637K(389632K)->213211K(378368K)
[2026-09-25T04:23:49.628+0000][46.967s][info][gc,heap        ] GC(17) ParOldGen: 1273755K(2796544K)->1472460K(2796544K)
[2026-09-25T04:23:49.628+0000][46.967s][info][gc,metaspace   ] GC(17) Metaspace: 160342K(161920K)->160342K(161920K) NonClass: 134381K(135296K)->134381K(135296K) Class: 25961K(26624K)->25961K(26624K)
[2026-09-25T04:23:49.628+0000][46.967s][info][gc             ] GC(17) Pause Young (CodeCache GC Threshold) 3999M->1646M(5729M) 169.693ms
[2026-09-25T04:23:49.628+0000][46.967s][info][gc,cpu         ] GC(17) User=0.55s Sys=0.13s Real=0.17s
[2026-09-25T04:23:49.628+0000][46.967s][info][gc,start       ] GC(18) Pause Full (CodeCache GC Threshold)
[2026-09-25T04:23:49.628+0000][46.967s][info][gc,phases,start] GC(18) Marking Phase
[2026-09-25T04:23:50.115+0000][47.454s][info][gc,phases      ] GC(18) Marking Phase 487.030ms
[2026-09-25T04:23:50.115+0000][47.454s][info][gc,phases,start] GC(18) Summary Phase
[2026-09-25T04:23:50.115+0000][47.454s][info][gc,phases      ] GC(18) Summary Phase 0.067ms
[2026-09-25T04:23:50.115+0000][47.454s][info][gc,phases,start] GC(18) Adjust Roots
[2026-09-25T04:23:50.134+0000][47.473s][info][gc,phases      ] GC(18) Adjust Roots 19.121ms
[2026-09-25T04:23:50.134+0000][47.473s][info][gc,phases,start] GC(18) Compaction Phase
[2026-09-25T04:23:50.596+0000][47.935s][info][gc,phases      ] GC(18) Compaction Phase 461.901ms
[2026-09-25T04:23:50.596+0000][47.935s][info][gc,phases,start] GC(18) Post Compact
[2026-09-25T04:23:50.606+0000][47.946s][info][gc,phases      ] GC(18) Post Compact 10.448ms
[2026-09-25T04:23:50.606+0000][47.946s][info][gc,heap        ] GC(18) PSYoungGen: 213211K(3069952K)->0K(3069952K) Eden: 0K(2691584K)->0K(2691584K) From: 213211K(378368K)->0K(378368K)
[2026-09-25T04:23:50.606+0000][47.946s][info][gc,heap        ] GC(18) ParOldGen: 1472460K(2796544K)->1345410K(2796544K)
[2026-09-25T04:23:50.607+0000][47.946s][info][gc,metaspace   ] GC(18) Metaspace: 160342K(161920K)->160289K(161920K) NonClass: 134381K(135296K)->134342K(135296K) Class: 25961K(26624K)->25947K(26624K)
[2026-09-25T04:23:50.607+0000][47.946s][info][gc             ] GC(18) Pause Full (CodeCache GC Threshold) 1646M->1313M(5729M) 978.760ms
[2026-09-25T04:23:50.607+0000][47.946s][info][gc,cpu         ] GC(18) User=3.65s Sys=0.01s Real=0.98s
[2026-09-25T04:23:58.836+0000][56.175s][info][gc,start       ] GC(19) Pause Young (CodeCache GC Threshold)
[2026-09-25T04:23:58.974+0000][56.313s][info][gc,heap        ] GC(19) PSYoungGen: 2182484K(3069952K)->375266K(2988544K) Eden: 2182484K(2691584K)->0K(2613248K) From: 0K(378368K)->375266K(375296K)
[2026-09-25T04:23:58.974+0000][56.313s][info][gc,heap        ] GC(19) ParOldGen: 1345410K(2796544K)->1370297K(2796544K)
[2026-09-25T04:23:58.974+0000][56.313s][info][gc,metaspace   ] GC(19) Metaspace: 164651K(166272K)->164651K(166272K) NonClass: 138357K(139264K)->138357K(139264K) Class: 26293K(27008K)->26293K(27008K)
[2026-09-25T04:23:58.974+0000][56.313s][info][gc             ] GC(19) Pause Young (CodeCache GC Threshold) 3445M->1704M(5649M) 137.982ms
[2026-09-25T04:23:58.974+0000][56.313s][info][gc,cpu         ] GC(19) User=0.49s Sys=0.06s Real=0.13s
[2026-09-25T04:23:58.974+0000][56.313s][info][gc,start       ] GC(20) Pause Full (CodeCache GC Threshold)
[2026-09-25T04:23:58.974+0000][56.313s][info][gc,phases,start] GC(20) Marking Phase
[2026-09-25T04:23:59.563+0000][56.902s][info][gc,phases      ] GC(20) Marking Phase 588.658ms
[2026-09-25T04:23:59.563+0000][56.902s][info][gc,phases,start] GC(20) Summary Phase
[2026-09-25T04:23:59.563+0000][56.902s][info][gc,phases      ] GC(20) Summary Phase 0.059ms
[2026-09-25T04:23:59.563+0000][56.902s][info][gc,phases,start] GC(20) Adjust Roots
[2026-09-25T04:23:59.586+0000][56.925s][info][gc,phases      ] GC(20) Adjust Roots 23.008ms
[2026-09-25T04:23:59.586+0000][56.925s][info][gc,phases,start] GC(20) Compaction Phase
[2026-09-25T04:24:00.310+0000][57.649s][info][gc,phases      ] GC(20) Compaction Phase 724.101ms
[2026-09-25T04:24:00.310+0000][57.649s][info][gc,phases,start] GC(20) Post Compact
[2026-09-25T04:24:00.322+0000][57.661s][info][gc,phases      ] GC(20) Post Compact 11.785ms
[2026-09-25T04:24:00.322+0000][57.661s][info][gc,heap        ] GC(20) PSYoungGen: 375266K(2988544K)->0K(2988544K) Eden: 0K(2613248K)->0K(2613248K) From: 375266K(375296K)->0K(375296K)
[2026-09-25T04:24:00.322+0000][57.661s][info][gc,heap        ] GC(20) ParOldGen: 1370297K(2796544K)->1734713K(2796544K)
[2026-09-25T04:24:00.322+0000][57.661s][info][gc,metaspace   ] GC(20) Metaspace: 164651K(166272K)->164610K(166272K) NonClass: 138357K(139264K)->138327K(139264K) Class: 26293K(27008K)->26283K(27008K)
[2026-09-25T04:24:00.322+0000][57.661s][info][gc             ] GC(20) Pause Full (CodeCache GC Threshold) 1704M->1694M(5649M) 1347.805ms
[2026-09-25T04:24:00.322+0000][57.661s][info][gc,cpu         ] GC(20) User=4.99s Sys=0.07s Real=1.35s
[2026-09-25T04:24:05.941+0000][63.280s][info][gc,start       ] GC(21) Pause Young (Allocation Failure)
[2026-09-25T04:24:06.051+0000][63.390s][info][gc,heap        ] GC(21) PSYoungGen: 2613248K(2988544K)->243930K(3054080K) Eden: 2613248K(2613248K)->0K(2613248K) From: 0K(375296K)->243930K(440832K)
[2026-09-25T04:24:06.051+0000][63.390s][info][gc,heap        ] GC(21) ParOldGen: 1734713K(2796544K)->1734713K(2796544K)
[2026-09-25T04:24:06.051+0000][63.390s][info][gc,metaspace   ] GC(21) Metaspace: 164792K(166400K)->164792K(166400K) NonClass: 138475K(139392K)->138475K(139392K) Class: 26316K(27008K)->26316K(27008K)
[2026-09-25T04:24:06.051+0000][63.390s][info][gc             ] GC(21) Pause Young (Allocation Failure) 4246M->1932M(5713M) 110.222ms
[2026-09-25T04:24:06.051+0000][63.390s][info][gc,cpu         ] GC(21) User=0.42s Sys=0.00s Real=0.11s
[2026-09-25T04:24:10.055+0000][67.394s][info][gc,start       ] GC(22) Pause Young (Allocation Failure)
[2026-09-25T04:24:10.271+0000][67.610s][info][gc,heap        ] GC(22) PSYoungGen: 2857178K(3054080K)->185186K(3004416K) Eden: 2613248K(2613248K)->0K(2618880K) From: 243930K(440832K)->185186K(385536K)
[2026-09-25T04:24:10.271+0000][67.610s][info][gc,heap        ] GC(22) ParOldGen: 1734713K(2796544K)->1962873K(2796544K)
[2026-09-25T04:24:10.271+0000][67.610s][info][gc,metaspace   ] GC(22) Metaspace: 165144K(166784K)->165144K(166784K) NonClass: 138772K(139712K)->138772K(139712K) Class: 26371K(27072K)->26371K(27072K)
[2026-09-25T04:24:10.271+0000][67.610s][info][gc             ] GC(22) Pause Young (Allocation Failure) 4484M->2097M(5665M) 216.701ms
[2026-09-25T04:24:10.271+0000][67.610s][info][gc,cpu         ] GC(22) User=0.71s Sys=0.14s Real=0.22s
[2026-09-25T04:24:13.640+0000][70.979s][info][gc,start       ] GC(23) Pause Young (Allocation Failure)
[2026-09-25T04:24:13.820+0000][71.159s][info][gc,heap        ] GC(23) PSYoungGen: 2804066K(3004416K)->174898K(3032064K) Eden: 2618880K(2618880K)->0K(2618880K) From: 185186K(385536K)->174898K(413184K)
[2026-09-25T04:24:13.820+0000][71.159s][info][gc,heap        ] GC(23) ParOldGen: 1962873K(2796544K)->2128358K(2796544K)
[2026-09-25T04:24:13.820+0000][71.159s][info][gc,metaspace   ] GC(23) Metaspace: 165384K(167040K)->165384K(167040K) NonClass: 139000K(139968K)->139000K(139968K) Class: 26383K(27072K)->26383K(27072K)
[2026-09-25T04:24:13.820+0000][71.159s][info][gc             ] GC(23) Pause Young (Allocation Failure) 4655M->2249M(5692M) 180.306ms
[2026-09-25T04:24:13.820+0000][71.159s][info][gc,cpu         ] GC(23) User=0.65s Sys=0.06s Real=0.18s
[2026-09-25T04:24:16.869+0000][74.208s][info][gc,start       ] GC(24) Pause Young (Allocation Failure)
[2026-09-25T04:24:17.060+0000][74.399s][info][gc,heap        ] GC(24) PSYoungGen: 2793778K(3032064K)->151986K(3046912K) Eden: 2618880K(2618880K)->0K(2686976K) From: 174898K(413184K)->151986K(359936K)
[2026-09-25T04:24:17.060+0000][74.399s][info][gc,heap        ] GC(24) ParOldGen: 2128358K(2796544K)->2280618K(2796544K)
[2026-09-25T04:24:17.060+0000][74.399s][info][gc,metaspace   ] GC(24) Metaspace: 165576K(167168K)->165576K(167168K) NonClass: 139182K(140096K)->139182K(140096K) Class: 26393K(27072K)->26393K(27072K)
[2026-09-25T04:24:17.060+0000][74.399s][info][gc             ] GC(24) Pause Young (Allocation Failure) 4806M->2375M(5706M) 190.983ms
[2026-09-25T04:24:17.060+0000][74.399s][info][gc,cpu         ] GC(24) User=0.67s Sys=0.08s Real=0.19s
[2026-09-25T04:24:20.462+0000][77.801s][info][gc,start       ] GC(25) Pause Young (Allocation Failure)
[2026-09-25T04:24:20.643+0000][77.982s][info][gc,heap        ] GC(25) PSYoungGen: 2838962K(3046912K)->166979K(3068928K) Eden: 2686976K(2686976K)->0K(2686976K) From: 151986K(359936K)->166979K(381952K)
[2026-09-25T04:24:20.643+0000][77.982s][info][gc,heap        ] GC(25) ParOldGen: 2280618K(2796544K)->2407011K(2796544K)
[2026-09-25T04:24:20.643+0000][77.982s][info][gc,metaspace   ] GC(25) Metaspace: 165904K(167552K)->165904K(167552K) NonClass: 139481K(140416K)->139481K(140416K) Class: 26422K(27136K)->26422K(27136K)
[2026-09-25T04:24:20.643+0000][77.982s][info][gc             ] GC(25) Pause Young (Allocation Failure) 4999M->2513M(5728M) 181.166ms
[2026-09-25T04:24:20.643+0000][77.982s][info][gc,cpu         ] GC(25) User=0.64s Sys=0.06s Real=0.18s
[2026-09-25T04:24:23.830+0000][81.169s][info][gc,start       ] GC(26) Pause Young (Allocation Failure)
[2026-09-25T04:24:24.014+0000][81.353s][info][gc,heap        ] GC(26) PSYoungGen: 2853955K(3068928K)->151858K(3081728K) Eden: 2686976K(2686976K)->0K(2746368K) From: 166979K(381952K)->151858K(335360K)
[2026-09-25T04:24:24.014+0000][81.353s][info][gc,heap        ] GC(26) ParOldGen: 2407011K(2796544K)->2546562K(2796544K)
[2026-09-25T04:24:24.014+0000][81.353s][info][gc,metaspace   ] GC(26) Metaspace: 166064K(167744K)->166064K(167744K) NonClass: 139634K(140608K)->139634K(140608K) Class: 26430K(27136K)->26430K(27136K)
[2026-09-25T04:24:24.014+0000][81.354s][info][gc             ] GC(26) Pause Young (Allocation Failure) 5137M->2635M(5740M) 184.232ms
[2026-09-25T04:24:24.014+0000][81.354s][info][gc,cpu         ] GC(26) User=0.66s Sys=0.07s Real=0.18s
[2026-09-25T04:24:24.537+0000][81.876s][info][gc,start       ] GC(27) Pause Young (CodeCache GC Threshold)
[2026-09-25T04:24:24.688+0000][82.027s][info][gc,heap        ] GC(27) PSYoungGen: 629073K(3081728K)->49088K(3100672K) Eden: 477215K(2746368K)->0K(2746368K) From: 151858K(335360K)->49088K(354304K)
[2026-09-25T04:24:24.688+0000][82.027s][info][gc,heap        ] GC(27) ParOldGen: 2546562K(2796544K)->2677032K(2796544K)
[2026-09-25T04:24:24.688+0000][82.027s][info][gc,metaspace   ] GC(27) Metaspace: 166073K(167744K)->166073K(167744K) NonClass: 139643K(140608K)->139643K(140608K) Class: 26430K(27136K)->26430K(27136K)
[2026-09-25T04:24:24.688+0000][82.027s][info][gc             ] GC(27) Pause Young (CodeCache GC Threshold) 3101M->2662M(5759M) 150.856ms
[2026-09-25T04:24:24.688+0000][82.027s][info][gc,cpu         ] GC(27) User=0.51s Sys=0.09s Real=0.15s
[2026-09-25T04:24:24.688+0000][82.027s][info][gc,start       ] GC(28) Pause Full (CodeCache GC Threshold)
[2026-09-25T04:24:24.688+0000][82.027s][info][gc,phases,start] GC(28) Marking Phase
[2026-09-25T04:24:25.648+0000][82.987s][info][gc,phases      ] GC(28) Marking Phase 960.065ms
[2026-09-25T04:24:25.648+0000][82.987s][info][gc,phases,start] GC(28) Summary Phase
[2026-09-25T04:24:25.648+0000][82.987s][info][gc,phases      ] GC(28) Summary Phase 0.070ms
[2026-09-25T04:24:25.648+0000][82.987s][info][gc,phases,start] GC(28) Adjust Roots
[2026-09-25T04:24:25.669+0000][83.008s][info][gc,phases      ] GC(28) Adjust Roots 20.319ms
[2026-09-25T04:24:25.669+0000][83.008s][info][gc,phases,start] GC(28) Compaction Phase
[2026-09-25T04:24:26.649+0000][83.988s][info][gc,phases      ] GC(28) Compaction Phase 979.833ms
[2026-09-25T04:24:26.649+0000][83.988s][info][gc,phases,start] GC(28) Post Compact
[2026-09-25T04:24:26.662+0000][84.001s][info][gc,phases      ] GC(28) Post Compact 12.907ms
[2026-09-25T04:24:26.662+0000][84.001s][info][gc,heap        ] GC(28) PSYoungGen: 49088K(3100672K)->0K(3100672K) Eden: 0K(2746368K)->0K(2746368K) From: 49088K(354304K)->0K(354304K)
[2026-09-25T04:24:26.662+0000][84.001s][info][gc,heap        ] GC(28) ParOldGen: 2677032K(2796544K)->2670396K(2796544K)
[2026-09-25T04:24:26.662+0000][84.001s][info][gc,metaspace   ] GC(28) Metaspace: 166073K(167744K)->166073K(167744K) NonClass: 139643K(140608K)->139643K(140608K) Class: 26430K(27136K)->26430K(27136K)
[2026-09-25T04:24:26.662+0000][84.001s][info][gc             ] GC(28) Pause Full (CodeCache GC Threshold) 2662M->2607M(5759M) 1973.431ms
[2026-09-25T04:24:26.662+0000][84.001s][info][gc,cpu         ] GC(28) User=7.49s Sys=0.06s Real=1.97s
[2026-09-25T04:24:29.621+0000][86.960s][info][gc,start       ] GC(29) Pause Young (Allocation Failure)
[2026-09-25T04:24:29.743+0000][87.082s][info][gc,heap        ] GC(29) PSYoungGen: 2746368K(3100672K)->140033K(3120128K) Eden: 2746368K(2746368K)->0K(2760192K) From: 0K(354304K)->140033K(359936K)
[2026-09-25T04:24:29.743+0000][87.082s][info][gc,heap        ] GC(29) ParOldGen: 2670396K(2796544K)->2670396K(2796544K)
[2026-09-25T04:24:29.743+0000][87.082s][info][gc,metaspace   ] GC(29) Metaspace: 166085K(167744K)->166085K(167744K) NonClass: 139653K(140608K)->139653K(140608K) Class: 26432K(27136K)->26432K(27136K)
[2026-09-25T04:24:29.743+0000][87.082s][info][gc             ] GC(29) Pause Young (Allocation Failure) 5289M->2744M(5778M) 121.386ms
[2026-09-25T04:24:29.743+0000][87.082s][info][gc,cpu         ] GC(29) User=0.46s Sys=0.01s Real=0.12s
[2026-09-25T04:24:32.609+0000][89.948s][info][gc,start       ] GC(30) Pause Young (Allocation Failure)
[2026-09-25T04:24:32.787+0000][90.126s][info][gc,heap        ] GC(30) PSYoungGen: 2900225K(3120128K)->128130K(3106304K) Eden: 2760192K(2760192K)->0K(2760192K) From: 140033K(359936K)->128130K(346112K)
[2026-09-25T04:24:32.787+0000][90.126s][info][gc,heap        ] GC(30) ParOldGen: 2670396K(2796544K)->2777127K(2796544K)
[2026-09-25T04:24:32.787+0000][90.126s][info][gc,metaspace   ] GC(30) Metaspace: 166094K(167744K)->166094K(167744K) NonClass: 139659K(140608K)->139659K(140608K) Class: 26434K(27136K)->26434K(27136K)
[2026-09-25T04:24:32.787+0000][90.126s][info][gc             ] GC(30) Pause Young (Allocation Failure) 5440M->2837M(5764M) 177.810ms
[2026-09-25T04:24:32.787+0000][90.126s][info][gc,cpu         ] GC(30) User=0.63s Sys=0.03s Real=0.18s
[2026-09-25T04:24:35.727+0000][93.066s][info][gc,start       ] GC(31) Pause Young (Allocation Failure)
[2026-09-25T04:24:35.913+0000][93.252s][info][gc,heap        ] GC(31) PSYoungGen: 2888322K(3106304K)->147042K(3134464K) Eden: 2760192K(2760192K)->0K(2803200K) From: 128130K(346112K)->147042K(331264K)
[2026-09-25T04:24:35.913+0000][93.252s][info][gc,heap        ] GC(31) ParOldGen: 2777127K(2796544K)->2871186K(2871296K)
[2026-09-25T04:24:35.913+0000][93.252s][info][gc,metaspace   ] GC(31) Metaspace: 166102K(167808K)->166102K(167808K) NonClass: 139666K(140672K)->139666K(140672K) Class: 26436K(27136K)->26436K(27136K)
[2026-09-25T04:24:35.913+0000][93.252s][info][gc             ] GC(31) Pause Young (Allocation Failure) 5532M->2947M(5865M) 186.206ms
[2026-09-25T04:24:35.913+0000][93.252s][info][gc,cpu         ] GC(31) User=0.69s Sys=0.04s Real=0.18s
[2026-09-25T04:24:38.739+0000][96.078s][info][gc,start       ] GC(32) Pause Young (Allocation Failure)
[2026-09-25T04:24:38.936+0000][96.275s][info][gc,heap        ] GC(32) PSYoungGen: 2950242K(3134464K)->133122K(3123712K) Eden: 2803200K(2803200K)->0K(2803200K) From: 147042K(331264K)->133122K(320512K)
[2026-09-25T04:24:38.936+0000][96.275s][info][gc,heap        ] GC(32) ParOldGen: 2871186K(2871296K)->2982154K(2982400K)
[2026-09-25T04:24:38.936+0000][96.275s][info][gc,metaspace   ] GC(32) Metaspace: 166105K(167808K)->166105K(167808K) NonClass: 139668K(140672K)->139668K(140672K) Class: 26436K(27136K)->26436K(27136K)
[2026-09-25T04:24:38.936+0000][96.275s][info][gc             ] GC(32) Pause Young (Allocation Failure) 5684M->3042M(5963M) 197.408ms
[2026-09-25T04:24:38.936+0000][96.275s][info][gc,cpu         ] GC(32) User=0.69s Sys=0.08s Real=0.20s
[2026-09-25T04:24:41.809+0000][99.148s][info][gc,start       ] GC(33) Pause Young (Allocation Failure)
[2026-09-25T04:24:42.002+0000][99.341s][info][gc,heap        ] GC(33) PSYoungGen: 2936322K(3123712K)->131345K(3162624K) Eden: 2803200K(2803200K)->0K(2853376K) From: 133122K(320512K)->131345K(309248K)
[2026-09-25T04:24:42.002+0000][99.341s][info][gc,heap        ] GC(33) ParOldGen: 2982154K(2982400K)->3078877K(3079168K)
[2026-09-25T04:24:42.002+0000][99.341s][info][gc,metaspace   ] GC(33) Metaspace: 166107K(167808K)->166107K(167808K) NonClass: 139670K(140672K)->139670K(140672K) Class: 26436K(27136K)->26436K(27136K)
[2026-09-25T04:24:42.002+0000][99.341s][info][gc             ] GC(33) Pause Young (Allocation Failure) 5779M->3134M(6095M) 192.581ms
[2026-09-25T04:24:42.002+0000][99.341s][info][gc,cpu         ] GC(33) User=0.68s Sys=0.05s Real=0.19s
[2026-09-25T04:24:44.861+0000][102.200s][info][gc,start       ] GC(34) Pause Young (Allocation Failure)
[2026-09-25T04:24:45.031+0000][102.370s][info][gc,heap        ] GC(34) PSYoungGen: 2984721K(3162624K)->89825K(3152384K) Eden: 2853376K(2853376K)->0K(2853376K) From: 131345K(309248K)->89825K(299008K)
[2026-09-25T04:24:45.031+0000][102.370s][info][gc,heap        ] GC(34) ParOldGen: 3078877K(3079168K)->3172301K(3172352K)
[2026-09-25T04:24:45.031+0000][102.370s][info][gc,metaspace   ] GC(34) Metaspace: 166140K(167808K)->166140K(167808K) NonClass: 139695K(140672K)->139695K(140672K) Class: 26445K(27136K)->26445K(27136K)
[2026-09-25T04:24:45.031+0000][102.370s][info][gc             ] GC(34) Pause Young (Allocation Failure) 5921M->3185M(6176M) 170.081ms
[2026-09-25T04:24:45.031+0000][102.370s][info][gc,cpu         ] GC(34) User=0.61s Sys=0.05s Real=0.17s
[2026-09-25T04:24:47.819+0000][105.158s][info][gc,start       ] GC(35) Pause Young (Allocation Failure)
[2026-09-25T04:24:47.956+0000][105.295s][info][gc,heap        ] GC(35) PSYoungGen: 2943201K(3152384K)->61537K(3182080K) Eden: 2853376K(2853376K)->0K(2886144K) From: 89825K(299008K)->61537K(295936K)
[2026-09-25T04:24:47.956+0000][105.295s][info][gc,heap        ] GC(35) ParOldGen: 3172301K(3172352K)->3220802K(3220992K)
[2026-09-25T04:24:47.956+0000][105.295s][info][gc,metaspace   ] GC(35) Metaspace: 166145K(167808K)->166145K(167808K) NonClass: 139699K(140672K)->139699K(140672K) Class: 26445K(27136K)->26445K(27136K)
[2026-09-25T04:24:47.956+0000][105.295s][info][gc             ] GC(35) Pause Young (Allocation Failure) 5972M->3205M(6253M) 136.823ms
[2026-09-25T04:24:47.956+0000][105.295s][info][gc,cpu         ] GC(35) User=0.52s Sys=0.02s Real=0.14s
[2026-09-25T04:24:50.855+0000][108.194s][info][gc,start       ] GC(36) Pause Young (Allocation Failure)
[2026-09-25T04:24:50.980+0000][108.319s][info][gc,heap        ] GC(36) PSYoungGen: 2947681K(3182080K)->62066K(3182592K) Eden: 2886144K(2886144K)->0K(2886144K) From: 61537K(295936K)->62066K(296448K)
[2026-09-25T04:24:50.980+0000][108.319s][info][gc,heap        ] GC(36) ParOldGen: 3220802K(3220992K)->3241199K(3241472K)
[2026-09-25T04:24:50.980+0000][108.319s][info][gc,metaspace   ] GC(36) Metaspace: 166149K(167808K)->166149K(167808K) NonClass: 139703K(140672K)->139703K(140672K) Class: 26445K(27136K)->26445K(27136K)
[2026-09-25T04:24:50.980+0000][108.319s][info][gc             ] GC(36) Pause Young (Allocation Failure) 6023M->3225M(6273M) 124.784ms
[2026-09-25T04:24:50.980+0000][108.319s][info][gc,cpu         ] GC(36) User=0.48s Sys=0.02s Real=0.13s
[2026-09-25T04:24:53.893+0000][111.232s][info][gc,start       ] GC(37) Pause Young (Allocation Failure)
[2026-09-25T04:24:54.017+0000][111.356s][info][gc,heap        ] GC(37) PSYoungGen: 2948210K(3182592K)->58625K(3193344K) Eden: 2886144K(2886144K)->0K(2904576K) From: 62066K(296448K)->58625K(288768K)
[2026-09-25T04:24:54.017+0000][111.356s][info][gc,heap        ] GC(37) ParOldGen: 3241199K(3241472K)->3262680K(3262976K)
[2026-09-25T04:24:54.017+0000][111.356s][info][gc,metaspace   ] GC(37) Metaspace: 166161K(167808K)->166161K(167808K) NonClass: 139706K(140672K)->139706K(140672K) Class: 26455K(27136K)->26455K(27136K)
[2026-09-25T04:24:54.017+0000][111.356s][info][gc             ] GC(37) Pause Young (Allocation Failure) 6044M->3243M(6305M) 124.393ms
[2026-09-25T04:24:54.017+0000][111.356s][info][gc,cpu         ] GC(37) User=0.45s Sys=0.04s Real=0.13s
[2026-09-25T04:24:56.934+0000][114.273s][info][gc,start       ] GC(38) Pause Young (Allocation Failure)
[2026-09-25T04:24:57.058+0000][114.397s][info][gc,heap        ] GC(38) PSYoungGen: 2963201K(3193344K)->59970K(3194880K) Eden: 2904576K(2904576K)->0K(2904576K) From: 58625K(288768K)->59970K(290304K)
[2026-09-25T04:24:57.058+0000][114.397s][info][gc,heap        ] GC(38) ParOldGen: 3262680K(3262976K)->3281552K(3281920K)
[2026-09-25T04:24:57.058+0000][114.397s][info][gc,metaspace   ] GC(38) Metaspace: 166164K(167808K)->166164K(167808K) NonClass: 139708K(140672K)->139708K(140672K) Class: 26455K(27136K)->26455K(27136K)
[2026-09-25T04:24:57.058+0000][114.397s][info][gc             ] GC(38) Pause Young (Allocation Failure) 6079M->3263M(6325M) 124.695ms
[2026-09-25T04:24:57.058+0000][114.397s][info][gc,cpu         ] GC(38) User=0.45s Sys=0.05s Real=0.13s
[2026-09-25T04:24:59.980+0000][117.319s][info][gc,start       ] GC(39) Pause Young (Allocation Failure)
[2026-09-25T04:25:00.102+0000][117.441s][info][gc,heap        ] GC(39) PSYoungGen: 2964546K(3194880K)->58369K(3195904K) Eden: 2904576K(2904576K)->0K(2919424K) From: 59970K(290304K)->58369K(276480K)
[2026-09-25T04:25:00.102+0000][117.441s][info][gc,heap        ] GC(39) ParOldGen: 3281552K(3281920K)->3301623K(3301888K)
[2026-09-25T04:25:00.102+0000][117.441s][info][gc,metaspace   ] GC(39) Metaspace: 166173K(167872K)->166173K(167872K) NonClass: 139710K(140672K)->139710K(140672K) Class: 26463K(27200K)->26463K(27200K)
[2026-09-25T04:25:00.102+0000][117.441s][info][gc             ] GC(39) Pause Young (Allocation Failure) 6099M->3281M(6345M) 122.560ms
[2026-09-25T04:25:00.102+0000][117.441s][info][gc,cpu         ] GC(39) User=0.47s Sys=0.01s Real=0.12s
[2026-09-25T04:25:03.118+0000][120.458s][info][gc,start       ] GC(40) Pause Young (Allocation Failure)
[2026-09-25T04:25:03.246+0000][120.585s][info][gc,heap        ] GC(40) PSYoungGen: 2977793K(3195904K)->60386K(3198464K) Eden: 2919424K(2919424K)->0K(2919424K) From: 58369K(276480K)->60386K(279040K)
[2026-09-25T04:25:03.246+0000][120.585s][info][gc,heap        ] GC(40) ParOldGen: 3301623K(3301888K)->3320163K(3320320K)
[2026-09-25T04:25:03.246+0000][120.585s][info][gc,metaspace   ] GC(40) Metaspace: 166177K(167872K)->166177K(167872K) NonClass: 139712K(140672K)->139712K(140672K) Class: 26464K(27200K)->26464K(27200K)
[2026-09-25T04:25:03.246+0000][120.585s][info][gc             ] GC(40) Pause Young (Allocation Failure) 6132M->3301M(6366M) 127.212ms
[2026-09-25T04:25:03.246+0000][120.585s][info][gc,cpu         ] GC(40) User=0.47s Sys=0.02s Real=0.13s
[2026-09-25T04:25:06.319+0000][123.658s][info][gc,start       ] GC(41) Pause Young (Allocation Failure)
[2026-09-25T04:25:06.439+0000][123.778s][info][gc,heap        ] GC(41) PSYoungGen: 2979810K(3198464K)->54737K(3205632K) Eden: 2919424K(2919424K)->0K(2944512K) From: 60386K(279040K)->54737K(261120K)
[2026-09-25T04:25:06.439+0000][123.778s][info][gc,heap        ] GC(41) ParOldGen: 3320163K(3320320K)->3340646K(3340800K)
[2026-09-25T04:25:06.439+0000][123.778s][info][gc,metaspace   ] GC(41) Metaspace: 166177K(167872K)->166177K(167872K) NonClass: 139712K(140672K)->139712K(140672K) Class: 26464K(27200K)->26464K(27200K)
[2026-09-25T04:25:06.439+0000][123.778s][info][gc             ] GC(41) Pause Young (Allocation Failure) 6152M->3315M(6393M) 120.333ms
[2026-09-25T04:25:06.439+0000][123.778s][info][gc,cpu         ] GC(41) User=0.46s Sys=0.01s Real=0.12s
[2026-09-25T04:25:09.425+0000][126.765s][info][gc,start       ] GC(42) Pause Young (Allocation Failure)
[2026-09-25T04:25:09.549+0000][126.888s][info][gc,heap        ] GC(42) PSYoungGen: 2999249K(3205632K)->57505K(3208192K) Eden: 2944512K(2944512K)->0K(2944512K) From: 54737K(261120K)->57505K(263680K)
[2026-09-25T04:25:09.549+0000][126.888s][info][gc,heap        ] GC(42) ParOldGen: 3340646K(3340800K)->3358108K(3358208K)
[2026-09-25T04:25:09.549+0000][126.888s][info][gc,metaspace   ] GC(42) Metaspace: 166178K(167872K)->166178K(167872K) NonClass: 139713K(140672K)->139713K(140672K) Class: 26464K(27200K)->26464K(27200K)
[2026-09-25T04:25:09.549+0000][126.888s][info][gc             ] GC(42) Pause Young (Allocation Failure) 6191M->3335M(6412M) 123.465ms
[2026-09-25T04:25:09.549+0000][126.888s][info][gc,cpu         ] GC(42) User=0.47s Sys=0.02s Real=0.13s
[2026-09-25T04:25:12.567+0000][129.906s][info][gc,start       ] GC(43) Pause Young (Allocation Failure)
[2026-09-25T04:25:12.687+0000][130.026s][info][gc,heap        ] GC(43) PSYoungGen: 3002017K(3208192K)->56465K(3219968K) Eden: 2944512K(2944512K)->0K(2976256K) From: 57505K(263680K)->56465K(243712K)
[2026-09-25T04:25:12.687+0000][130.027s][info][gc,heap        ] GC(43) ParOldGen: 3358108K(3358208K)->3377937K(3378176K)
[2026-09-25T04:25:12.687+0000][130.027s][info][gc,metaspace   ] GC(43) Metaspace: 166188K(167872K)->166188K(167872K) NonClass: 139723K(140672K)->139723K(140672K) Class: 26465K(27200K)->26465K(27200K)
[2026-09-25T04:25:12.687+0000][130.027s][info][gc             ] GC(43) Pause Young (Allocation Failure) 6211M->3353M(6443M) 120.667ms
[2026-09-25T04:25:12.687+0000][130.027s][info][gc,cpu         ] GC(43) User=0.47s Sys=0.00s Real=0.12s
[2026-09-25T04:25:15.614+0000][132.953s][info][gc,start       ] GC(44) Pause Young (Allocation Failure)
[2026-09-25T04:25:15.741+0000][133.080s][info][gc,heap        ] GC(44) PSYoungGen: 3032721K(3219968K)->56385K(3222528K) Eden: 2976256K(2976256K)->0K(2976256K) From: 56465K(243712K)->56385K(246272K)
[2026-09-25T04:25:15.741+0000][133.080s][info][gc,heap        ] GC(44) ParOldGen: 3377937K(3378176K)->3396321K(3396608K)
[2026-09-25T04:25:15.741+0000][133.080s][info][gc,metaspace   ] GC(44) Metaspace: 166213K(167872K)->166213K(167872K) NonClass: 139748K(140672K)->139748K(140672K) Class: 26465K(27200K)->26465K(27200K)
[2026-09-25T04:25:15.741+0000][133.080s][info][gc             ] GC(44) Pause Young (Allocation Failure) 6260M->3371M(6464M) 126.886ms
[2026-09-25T04:25:15.741+0000][133.080s][info][gc,cpu         ] GC(44) User=0.48s Sys=0.02s Real=0.13s
[2026-09-25T04:25:18.669+0000][136.009s][info][gc,start       ] GC(45) Pause Young (Allocation Failure)
[2026-09-25T04:25:18.788+0000][136.127s][info][gc,heap        ] GC(45) PSYoungGen: 3032641K(3222528K)->55105K(3237376K) Eden: 2976256K(2976256K)->0K(3011072K) From: 56385K(246272K)->55105K(226304K)
[2026-09-25T04:25:18.788+0000][136.127s][info][gc,heap        ] GC(45) ParOldGen: 3396321K(3396608K)->3414405K(3414528K)
[2026-09-25T04:25:18.788+0000][136.127s][info][gc,metaspace   ] GC(45) Metaspace: 166224K(167936K)->166224K(167936K) NonClass: 139758K(140736K)->139758K(140736K) Class: 26465K(27200K)->26465K(27200K)
[2026-09-25T04:25:18.788+0000][136.127s][info][gc             ] GC(45) Pause Young (Allocation Failure) 6278M->3388M(6496M) 118.440ms
[2026-09-25T04:25:18.788+0000][136.127s][info][gc,cpu         ] GC(45) User=0.46s Sys=0.01s Real=0.12s
[2026-09-25T04:25:21.709+0000][139.048s][info][gc,start       ] GC(46) Pause Young (Allocation Failure)
[2026-09-25T04:25:21.833+0000][139.172s][info][gc,heap        ] GC(46) PSYoungGen: 3066177K(3237376K)->58802K(3239936K) Eden: 3011072K(3011072K)->0K(3011072K) From: 55105K(226304K)->58802K(228864K)
[2026-09-25T04:25:21.833+0000][139.172s][info][gc,heap        ] GC(46) ParOldGen: 3414405K(3414528K)->3430788K(3430912K)
[2026-09-25T04:25:21.833+0000][139.172s][info][gc,metaspace   ] GC(46) Metaspace: 166234K(167936K)->166234K(167936K) NonClass: 139769K(140736K)->139769K(140736K) Class: 26465K(27200K)->26465K(27200K)
[2026-09-25T04:25:21.833+0000][139.172s][info][gc             ] GC(46) Pause Young (Allocation Failure) 6328M->3407M(6514M) 124.406ms
[2026-09-25T04:25:21.833+0000][139.172s][info][gc,cpu         ] GC(46) User=0.47s Sys=0.02s Real=0.12s
[2026-09-25T04:25:24.875+0000][142.214s][info][gc,start       ] GC(47) Pause Young (Allocation Failure)
[2026-09-25T04:25:24.995+0000][142.334s][info][gc,heap        ] GC(47) PSYoungGen: 3069874K(3239936K)->57394K(3254784K) Eden: 3011072K(3011072K)->0K(3046912K) From: 58802K(228864K)->57394K(207872K)
[2026-09-25T04:25:24.995+0000][142.334s][info][gc,heap        ] GC(47) ParOldGen: 3430788K(3430912K)->3450456K(3450880K)
[2026-09-25T04:25:24.995+0000][142.334s][info][gc,metaspace   ] GC(47) Metaspace: 166246K(167936K)->166246K(167936K) NonClass: 139781K(140736K)->139781K(140736K) Class: 26465K(27200K)->26465K(27200K)
[2026-09-25T04:25:24.995+0000][142.334s][info][gc             ] GC(47) Pause Young (Allocation Failure) 6348M->3425M(6548M) 120.097ms
[2026-09-25T04:25:24.995+0000][142.334s][info][gc,cpu         ] GC(47) User=0.47s Sys=0.01s Real=0.12s
[2026-09-25T04:25:27.995+0000][145.334s][info][gc,start       ] GC(48) Pause Young (Allocation Failure)
[2026-09-25T04:25:28.119+0000][145.458s][info][gc,heap        ] GC(48) PSYoungGen: 3104306K(3254784K)->54241K(3256832K) Eden: 3046912K(3046912K)->0K(3046912K) From: 57394K(207872K)->54241K(209920K)
[2026-09-25T04:25:28.119+0000][145.458s][info][gc,heap        ] GC(48) ParOldGen: 3450456K(3450880K)->3470332K(3470336K)
[2026-09-25T04:25:28.119+0000][145.458s][info][gc,metaspace   ] GC(48) Metaspace: 166274K(167936K)->166274K(167936K) NonClass: 139807K(140736K)->139807K(140736K) Class: 26466K(27200K)->26466K(27200K)
[2026-09-25T04:25:28.119+0000][145.458s][info][gc             ] GC(48) Pause Young (Allocation Failure) 6401M->3441M(6569M) 124.420ms
[2026-09-25T04:25:28.119+0000][145.458s][info][gc,cpu         ] GC(48) User=0.47s Sys=0.02s Real=0.13s
[2026-09-25T04:25:31.647+0000][148.986s][info][gc,start       ] GC(49) Pause Young (Allocation Failure)
[2026-09-25T04:25:31.766+0000][149.105s][info][gc,heap        ] GC(49) PSYoungGen: 3101153K(3256832K)->54465K(3274752K) Eden: 3046912K(3046912K)->0K(3083264K) From: 54241K(209920K)->54465K(191488K)
[2026-09-25T04:25:31.766+0000][149.105s][info][gc,heap        ] GC(49) ParOldGen: 3470332K(3470336K)->3486891K(3487232K)
[2026-09-25T04:25:31.766+0000][149.105s][info][gc,metaspace   ] GC(49) Metaspace: 166281K(168000K)->166281K(168000K) NonClass: 139814K(140800K)->139814K(140800K) Class: 26467K(27200K)->26467K(27200K)
[2026-09-25T04:25:31.766+0000][149.105s][info][gc             ] GC(49) Pause Young (Allocation Failure) 6417M->3458M(6603M) 119.503ms
[2026-09-25T04:25:31.766+0000][149.105s][info][gc,cpu         ] GC(49) User=0.46s Sys=0.01s Real=0.12s
[2026-09-25T04:25:34.989+0000][152.328s][info][gc,start       ] GC(50) Pause Young (Allocation Failure)
[2026-09-25T04:25:35.113+0000][152.452s][info][gc,heap        ] GC(50) PSYoungGen: 3137729K(3274752K)->56913K(3276800K) Eden: 3083264K(3083264K)->0K(3083264K) From: 54465K(191488K)->56913K(193536K)
[2026-09-25T04:25:35.113+0000][152.452s][info][gc,heap        ] GC(50) ParOldGen: 3486891K(3487232K)->3502909K(3503104K)
[2026-09-25T04:25:35.113+0000][152.452s][info][gc,metaspace   ] GC(50) Metaspace: 166285K(168000K)->166285K(168000K) NonClass: 139818K(140800K)->139818K(140800K) Class: 26467K(27200K)->26467K(27200K)
[2026-09-25T04:25:35.113+0000][152.452s][info][gc             ] GC(50) Pause Young (Allocation Failure) 6469M->3476M(6621M) 124.043ms
[2026-09-25T04:25:35.113+0000][152.452s][info][gc,cpu         ] GC(50) User=0.48s Sys=0.01s Real=0.12s
[2026-09-25T04:25:38.321+0000][155.660s][info][gc,start       ] GC(51) Pause Young (Allocation Failure)
[2026-09-25T04:25:38.442+0000][155.781s][info][gc,heap        ] GC(51) PSYoungGen: 3140177K(3276800K)->55649K(3292672K) Eden: 3083264K(3083264K)->0K(3116544K) From: 56913K(193536K)->55649K(176128K)
[2026-09-25T04:25:38.442+0000][155.781s][info][gc,heap        ] GC(51) ParOldGen: 3502909K(3503104K)->3520436K(3520512K)
[2026-09-25T04:25:38.442+0000][155.781s][info][gc,metaspace   ] GC(51) Metaspace: 166311K(168064K)->166311K(168064K) NonClass: 139837K(140864K)->139837K(140864K) Class: 26474K(27200K)->26474K(27200K)
[2026-09-25T04:25:38.442+0000][155.781s][info][gc             ] GC(51) Pause Young (Allocation Failure) 6487M->3492M(6653M) 120.670ms
[2026-09-25T04:25:38.442+0000][155.781s][info][gc,cpu         ] GC(51) User=0.47s Sys=0.01s Real=0.12s
[2026-09-25T04:25:41.628+0000][158.967s][info][gc,start       ] GC(52) Pause Young (Allocation Failure)
[2026-09-25T04:25:41.750+0000][159.089s][info][gc,heap        ] GC(52) PSYoungGen: 3172193K(3292672K)->54849K(3293696K) Eden: 3116544K(3116544K)->0K(3116544K) From: 55649K(176128K)->54849K(177152K)
[2026-09-25T04:25:41.750+0000][159.089s][info][gc,heap        ] GC(52) ParOldGen: 3520436K(3520512K)->3538437K(3538944K)
[2026-09-25T04:25:41.750+0000][159.089s][info][gc,metaspace   ] GC(52) Metaspace: 166336K(168064K)->166336K(168064K) NonClass: 139861K(140864K)->139861K(140864K) Class: 26475K(27200K)->26475K(27200K)
[2026-09-25T04:25:41.750+0000][159.089s][info][gc             ] GC(52) Pause Young (Allocation Failure) 6535M->3509M(6672M) 122.093ms
[2026-09-25T04:25:41.750+0000][159.089s][info][gc,cpu         ] GC(52) User=0.47s Sys=0.00s Real=0.12s
[2026-09-25T04:25:45.002+0000][162.341s][info][gc,start       ] GC(53) Pause Young (Allocation Failure)
[2026-09-25T04:25:45.122+0000][162.461s][info][gc,heap        ] GC(53) PSYoungGen: 3171393K(3293696K)->56129K(3310080K) Eden: 3116544K(3116544K)->0K(3148288K) From: 54849K(177152K)->56129K(161792K)
[2026-09-25T04:25:45.122+0000][162.461s][info][gc,heap        ] GC(53) ParOldGen: 3538437K(3538944K)->3554599K(3554816K)
[2026-09-25T04:25:45.122+0000][162.461s][info][gc,metaspace   ] GC(53) Metaspace: 166378K(168128K)->166378K(168128K) NonClass: 139894K(140928K)->139894K(140928K) Class: 26484K(27200K)->26484K(27200K)
[2026-09-25T04:25:45.122+0000][162.461s][info][gc             ] GC(53) Pause Young (Allocation Failure) 6552M->3526M(6704M) 119.824ms
[2026-09-25T04:25:45.122+0000][162.461s][info][gc,cpu         ] GC(53) User=0.48s Sys=0.00s Real=0.12s
[2026-09-25T04:25:48.311+0000][165.650s][info][gc,start       ] GC(54) Pause Young (Allocation Failure)
[2026-09-25T04:25:48.434+0000][165.773s][info][gc,heap        ] GC(54) PSYoungGen: 3204417K(3310080K)->55281K(3310592K) Eden: 3148288K(3148288K)->0K(3148288K) From: 56129K(161792K)->55281K(162304K)
[2026-09-25T04:25:48.434+0000][165.773s][info][gc,heap        ] GC(54) ParOldGen: 3554599K(3554816K)->3574329K(3574784K)
[2026-09-25T04:25:48.434+0000][165.773s][info][gc,metaspace   ] GC(54) Metaspace: 166411K(168128K)->166411K(168128K) NonClass: 139923K(140928K)->139923K(140928K) Class: 26487K(27200K)->26487K(27200K)
[2026-09-25T04:25:48.434+0000][165.774s][info][gc             ] GC(54) Pause Young (Allocation Failure) 6600M->3544M(6724M) 123.914ms
[2026-09-25T04:25:48.434+0000][165.774s][info][gc,cpu         ] GC(54) User=0.47s Sys=0.01s Real=0.12s
[2026-09-25T04:25:51.823+0000][169.162s][info][gc,start       ] GC(55) Pause Young (Allocation Failure)
[2026-09-25T04:25:51.940+0000][169.279s][info][gc,heap        ] GC(55) PSYoungGen: 3203569K(3310592K)->53265K(3326464K) Eden: 3148288K(3148288K)->0K(3176960K) From: 55281K(162304K)->53265K(149504K)
[2026-09-25T04:25:51.940+0000][169.279s][info][gc,heap        ] GC(55) ParOldGen: 3574329K(3574784K)->3592392K(3592704K)
[2026-09-25T04:25:51.940+0000][169.279s][info][gc,metaspace   ] GC(55) Metaspace: 166420K(168128K)->166420K(168128K) NonClass: 139933K(140928K)->139933K(140928K) Class: 26487K(27200K)->26487K(27200K)
[2026-09-25T04:25:51.940+0000][169.279s][info][gc             ] GC(55) Pause Young (Allocation Failure) 6619M->3560M(6757M) 116.962ms
[2026-09-25T04:25:51.940+0000][169.279s][info][gc,cpu         ] GC(55) User=0.46s Sys=0.01s Real=0.12s
[2026-09-25T04:25:55.453+0000][172.792s][info][gc,start       ] GC(56) Pause Young (Allocation Failure)
[2026-09-25T04:25:55.578+0000][172.917s][info][gc,heap        ] GC(56) PSYoungGen: 3230225K(3326464K)->61345K(3325952K) Eden: 3176960K(3176960K)->0K(3176960K) From: 53265K(149504K)->61345K(148992K)
[2026-09-25T04:25:55.578+0000][172.917s][info][gc,heap        ] GC(56) ParOldGen: 3592392K(3592704K)->3610403K(3610624K)
[2026-09-25T04:25:55.578+0000][172.917s][info][gc,metaspace   ] GC(56) Metaspace: 166499K(168192K)->166499K(168192K) NonClass: 139996K(140992K)->139996K(140992K) Class: 26502K(27200K)->26502K(27200K)
[2026-09-25T04:25:55.578+0000][172.917s][info][gc             ] GC(56) Pause Young (Allocation Failure) 6662M->3585M(6774M) 124.189ms
[2026-09-25T04:25:55.578+0000][172.917s][info][gc,cpu         ] GC(56) User=0.48s Sys=0.01s Real=0.13s
[2026-09-25T04:25:58.848+0000][176.187s][info][gc,start       ] GC(57) Pause Young (Allocation Failure)
[2026-09-25T04:25:58.972+0000][176.311s][info][gc,heap        ] GC(57) PSYoungGen: 3238305K(3325952K)->57761K(3339776K) Eden: 3176960K(3176960K)->0K(3202560K) From: 61345K(148992K)->57761K(137216K)
[2026-09-25T04:25:58.972+0000][176.311s][info][gc,heap        ] GC(57) ParOldGen: 3610403K(3610624K)->3633738K(3634176K)
[2026-09-25T04:25:58.972+0000][176.311s][info][gc,metaspace   ] GC(57) Metaspace: 166689K(168512K)->166689K(168512K) NonClass: 140159K(141184K)->140159K(141184K) Class: 26530K(27328K)->26530K(27328K)
[2026-09-25T04:25:58.972+0000][176.311s][info][gc             ] GC(57) Pause Young (Allocation Failure) 6688M->3604M(6810M) 124.257ms
[2026-09-25T04:25:58.972+0000][176.311s][info][gc,cpu         ] GC(57) User=0.49s Sys=0.00s Real=0.12s
[2026-09-25T04:26:02.431+0000][179.770s][info][gc,start       ] GC(58) Pause Young (Allocation Failure)
[2026-09-25T04:26:02.550+0000][179.889s][info][gc,heap        ] GC(58) PSYoungGen: 3260321K(3339776K)->54657K(3337728K) Eden: 3202560K(3202560K)->0K(3202560K) From: 57761K(137216K)->54657K(135168K)
[2026-09-25T04:26:02.550+0000][179.889s][info][gc,heap        ] GC(58) ParOldGen: 3633738K(3634176K)->3654761K(3655168K)
[2026-09-25T04:26:02.550+0000][179.889s][info][gc,metaspace   ] GC(58) Metaspace: 166727K(168512K)->166727K(168512K) NonClass: 140186K(141184K)->140186K(141184K) Class: 26541K(27328K)->26541K(27328K)
[2026-09-25T04:26:02.550+0000][179.889s][info][gc             ] GC(58) Pause Young (Allocation Failure) 6732M->3622M(6829M) 119.224ms
[2026-09-25T04:26:02.550+0000][179.889s][info][gc,cpu         ] GC(58) User=0.46s Sys=0.02s Real=0.12s
[2026-09-25T04:26:05.775+0000][183.114s][info][gc,start       ] GC(59) Pause Young (Allocation Failure)
[2026-09-25T04:26:05.896+0000][183.235s][info][gc,heap        ] GC(59) PSYoungGen: 3257217K(3337728K)->54833K(3354624K) Eden: 3202560K(3202560K)->0K(3227648K) From: 54657K(135168K)->54833K(126976K)
[2026-09-25T04:26:05.896+0000][183.235s][info][gc,heap        ] GC(59) ParOldGen: 3654761K(3655168K)->3673784K(3674112K)
[2026-09-25T04:26:05.896+0000][183.235s][info][gc,metaspace   ] GC(59) Metaspace: 166743K(168512K)->166743K(168512K) NonClass: 140202K(141184K)->140202K(141184K) Class: 26541K(27328K)->26541K(27328K)
[2026-09-25T04:26:05.896+0000][183.235s][info][gc             ] GC(59) Pause Young (Allocation Failure) 6749M->3641M(6864M) 121.318ms
[2026-09-25T04:26:05.896+0000][183.235s][info][gc,cpu         ] GC(59) User=0.47s Sys=0.01s Real=0.13s
[2026-09-25T04:26:09.142+0000][186.481s][info][gc,start       ] GC(60) Pause Young (Allocation Failure)
[2026-09-25T04:26:09.261+0000][186.600s][info][gc,heap        ] GC(60) PSYoungGen: 3282481K(3354624K)->56209K(3352576K) Eden: 3227648K(3227648K)->0K(3227648K) From: 54833K(126976K)->56209K(124928K)
[2026-09-25T04:26:09.261+0000][186.600s][info][gc,heap        ] GC(60) ParOldGen: 3673784K(3674112K)->3691783K(3692032K)
[2026-09-25T04:26:09.261+0000][186.600s][info][gc,metaspace   ] GC(60) Metaspace: 166778K(168576K)->166778K(168576K) NonClass: 140236K(141248K)->140236K(141248K) Class: 26541K(27328K)->26541K(27328K)
[2026-09-25T04:26:09.261+0000][186.600s][info][gc             ] GC(60) Pause Young (Allocation Failure) 6793M->3660M(6879M) 119.253ms
[2026-09-25T04:26:09.261+0000][186.600s][info][gc,cpu         ] GC(60) User=0.46s Sys=0.01s Real=0.12s
[2026-09-25T04:26:12.647+0000][189.986s][info][gc,start       ] GC(61) Pause Young (Allocation Failure)
[2026-09-25T04:26:12.766+0000][190.105s][info][gc,heap        ] GC(61) PSYoungGen: 3283857K(3352576K)->55025K(3365888K) Eden: 3227648K(3227648K)->0K(3247104K) From: 56209K(124928K)->55025K(118784K)
[2026-09-25T04:26:12.766+0000][190.105s][info][gc,heap        ] GC(61) ParOldGen: 3691783K(3692032K)->3711554K(3712000K)
[2026-09-25T04:26:12.766+0000][190.105s][info][gc,metaspace   ] GC(61) Metaspace: 166783K(168576K)->166783K(168576K) NonClass: 140241K(141248K)->140241K(141248K) Class: 26541K(27328K)->26541K(27328K)
[2026-09-25T04:26:12.766+0000][190.105s][info][gc             ] GC(61) Pause Young (Allocation Failure) 6812M->3678M(6912M) 118.677ms
[2026-09-25T04:26:12.766+0000][190.105s][info][gc,cpu         ] GC(61) User=0.46s Sys=0.01s Real=0.12s
[2026-09-25T04:26:16.223+0000][193.562s][info][gc,start       ] GC(62) Pause Young (Allocation Failure)
[2026-09-25T04:26:16.349+0000][193.688s][info][gc,heap        ] GC(62) PSYoungGen: 3302129K(3365888K)->54473K(3362816K) Eden: 3247104K(3247104K)->0K(3247104K) From: 55025K(118784K)->54473K(115712K)
[2026-09-25T04:26:16.349+0000][193.688s][info][gc,heap        ] GC(62) ParOldGen: 3711554K(3712000K)->3730616K(3730944K)
[2026-09-25T04:26:16.349+0000][193.688s][info][gc,metaspace   ] GC(62) Metaspace: 166832K(168640K)->166832K(168640K) NonClass: 140288K(141312K)->140288K(141312K) Class: 26543K(27328K)->26543K(27328K)
[2026-09-25T04:26:16.349+0000][193.688s][info][gc             ] GC(62) Pause Young (Allocation Failure) 6849M->3696M(6927M) 125.819ms
[2026-09-25T04:26:16.349+0000][193.688s][info][gc,cpu         ] GC(62) User=0.48s Sys=0.02s Real=0.13s
[2026-09-25T04:26:19.653+0000][196.992s][info][gc,start       ] GC(63) Pause Young (Allocation Failure)
[2026-09-25T04:26:19.772+0000][197.111s][info][gc,heap        ] GC(63) PSYoungGen: 3301577K(3362816K)->53217K(3375104K) Eden: 3247104K(3247104K)->0K(3264000K) From: 54473K(115712K)->53217K(111104K)
[2026-09-25T04:26:19.772+0000][197.111s][info][gc,heap        ] GC(63) ParOldGen: 3730616K(3730944K)->3748470K(3748864K)
[2026-09-25T04:26:19.772+0000][197.111s][info][gc,metaspace   ] GC(63) Metaspace: 166842K(168640K)->166842K(168640K) NonClass: 140299K(141312K)->140299K(141312K) Class: 26543K(27328K)->26543K(27328K)
[2026-09-25T04:26:19.772+0000][197.111s][info][gc             ] GC(63) Pause Young (Allocation Failure) 6867M->3712M(6957M) 119.363ms
[2026-09-25T04:26:19.772+0000][197.111s][info][gc,cpu         ] GC(63) User=0.46s Sys=0.01s Real=0.12s
[2026-09-25T04:26:23.262+0000][200.601s][info][gc,start       ] GC(64) Pause Young (Allocation Failure)
[2026-09-25T04:26:23.384+0000][200.723s][info][gc,heap        ] GC(64) PSYoungGen: 3317217K(3375104K)->54385K(3371520K) Eden: 3264000K(3264000K)->0K(3264000K) From: 53217K(111104K)->54385K(107520K)
[2026-09-25T04:26:23.384+0000][200.723s][info][gc,heap        ] GC(64) ParOldGen: 3748470K(3748864K)->3766365K(3766784K)
[2026-09-25T04:26:23.384+0000][200.723s][info][gc,metaspace   ] GC(64) Metaspace: 166890K(168704K)->166890K(168704K) NonClass: 140344K(141376K)->140344K(141376K) Class: 26546K(27328K)->26546K(27328K)
[2026-09-25T04:26:23.384+0000][200.723s][info][gc             ] GC(64) Pause Young (Allocation Failure) 6900M->3731M(6971M) 122.365ms
[2026-09-25T04:26:23.384+0000][200.723s][info][gc,cpu         ] GC(64) User=0.47s Sys=0.02s Real=0.12s
[2026-09-25T04:26:26.885+0000][204.224s][info][gc,start       ] GC(65) Pause Young (Allocation Failure)
[2026-09-25T04:26:27.006+0000][204.345s][info][gc,heap        ] GC(65) PSYoungGen: 3318385K(3371520K)->56641K(3383296K) Eden: 3264000K(3264000K)->0K(3280384K) From: 54385K(107520K)->56641K(102912K)
[2026-09-25T04:26:27.006+0000][204.345s][info][gc,heap        ] GC(65) ParOldGen: 3766365K(3766784K)->3785624K(3785728K)
[2026-09-25T04:26:27.006+0000][204.345s][info][gc,metaspace   ] GC(65) Metaspace: 166902K(168704K)->166902K(168704K) NonClass: 140356K(141376K)->140356K(141376K) Class: 26546K(27328K)->26546K(27328K)
[2026-09-25T04:26:27.006+0000][204.345s][info][gc             ] GC(65) Pause Young (Allocation Failure) 6918M->3752M(7001M) 120.719ms
[2026-09-25T04:26:27.006+0000][204.345s][info][gc,cpu         ] GC(65) User=0.47s Sys=0.02s Real=0.13s
[2026-09-25T04:26:30.454+0000][207.793s][info][gc,start       ] GC(66) Pause Young (Allocation Failure)
[2026-09-25T04:26:30.573+0000][207.913s][info][gc,heap        ] GC(66) PSYoungGen: 3337025K(3383296K)->54113K(3380224K) Eden: 3280384K(3280384K)->0K(3280384K) From: 56641K(102912K)->54113K(99840K)
[2026-09-25T04:26:30.573+0000][207.913s][info][gc,heap        ] GC(66) ParOldGen: 3785624K(3785728K)->3806127K(3806208K)
[2026-09-25T04:26:30.574+0000][207.913s][info][gc,metaspace   ] GC(66) Metaspace: 166940K(168704K)->166940K(168704K) NonClass: 140392K(141376K)->140392K(141376K) Class: 26547K(27328K)->26547K(27328K)
[2026-09-25T04:26:30.574+0000][207.913s][info][gc             ] GC(66) Pause Young (Allocation Failure) 6955M->3769M(7018M) 119.447ms
[2026-09-25T04:26:30.574+0000][207.913s][info][gc,cpu         ] GC(66) User=0.46s Sys=0.01s Real=0.12s
[2026-09-25T04:26:33.381+0000][210.720s][info][gc,start       ] GC(67) Pause Young (CodeCache GC Threshold)
[2026-09-25T04:26:33.494+0000][210.833s][info][gc,heap        ] GC(67) PSYoungGen: 2629766K(3380224K)->48417K(3384832K) Eden: 2575652K(3280384K)->0K(3292160K) From: 54113K(99840K)->48417K(92672K)
[2026-09-25T04:26:33.494+0000][210.833s][info][gc,heap        ] GC(67) ParOldGen: 3806127K(3806208K)->3825206K(3825664K)
[2026-09-25T04:26:33.494+0000][210.833s][info][gc,metaspace   ] GC(67) Metaspace: 166958K(168704K)->166958K(168704K) NonClass: 140410K(141376K)->140410K(141376K) Class: 26547K(27328K)->26547K(27328K)
[2026-09-25T04:26:33.494+0000][210.833s][info][gc             ] GC(67) Pause Young (CodeCache GC Threshold) 6285M->3782M(7041M) 112.658ms
[2026-09-25T04:26:33.494+0000][210.833s][info][gc,cpu         ] GC(67) User=0.44s Sys=0.01s Real=0.11s
[2026-09-25T04:26:33.494+0000][210.833s][info][gc,start       ] GC(68) Pause Full (CodeCache GC Threshold)
[2026-09-25T04:26:33.494+0000][210.833s][info][gc,phases,start] GC(68) Marking Phase
[2026-09-25T04:26:34.731+0000][212.070s][info][gc,phases      ] GC(68) Marking Phase 1236.935ms
[2026-09-25T04:26:34.731+0000][212.070s][info][gc,phases,start] GC(68) Summary Phase
[2026-09-25T04:26:34.731+0000][212.070s][info][gc,phases      ] GC(68) Summary Phase 0.104ms
[2026-09-25T04:26:34.731+0000][212.070s][info][gc,phases,start] GC(68) Adjust Roots
[2026-09-25T04:26:34.748+0000][212.087s][info][gc,phases      ] GC(68) Adjust Roots 17.174ms
[2026-09-25T04:26:34.748+0000][212.087s][info][gc,phases,start] GC(68) Compaction Phase
[2026-09-25T04:26:36.188+0000][213.527s][info][gc,phases      ] GC(68) Compaction Phase 1439.159ms
[2026-09-25T04:26:36.188+0000][213.527s][info][gc,phases,start] GC(68) Post Compact
[2026-09-25T04:26:36.204+0000][213.543s][info][gc,phases      ] GC(68) Post Compact 16.017ms
[2026-09-25T04:26:36.204+0000][213.543s][info][gc,heap        ] GC(68) PSYoungGen: 48417K(3384832K)->0K(3384832K) Eden: 0K(3292160K)->0K(3292160K) From: 48417K(92672K)->0K(92672K)
[2026-09-25T04:26:36.204+0000][213.543s][info][gc,heap        ] GC(68) ParOldGen: 3825206K(3825664K)->3497827K(3825664K)
[2026-09-25T04:26:36.204+0000][213.543s][info][gc,metaspace   ] GC(68) Metaspace: 166958K(168704K)->166958K(168704K) NonClass: 140410K(141376K)->140410K(141376K) Class: 26547K(27328K)->26547K(27328K)
[2026-09-25T04:26:36.204+0000][213.543s][info][gc             ] GC(68) Pause Full (CodeCache GC Threshold) 3782M->3415M(7041M) 2709.614ms
[2026-09-25T04:26:36.204+0000][213.543s][info][gc,cpu         ] GC(68) User=10.28s Sys=0.02s Real=2.71s
[2026-09-25T04:26:39.728+0000][217.067s][info][gc,start       ] GC(69) Pause Young (Allocation Failure)
[2026-09-25T04:26:39.832+0000][217.171s][info][gc,heap        ] GC(69) PSYoungGen: 3292160K(3384832K)->54577K(3386880K) Eden: 3292160K(3292160K)->0K(3292160K) From: 0K(92672K)->54577K(94720K)
[2026-09-25T04:26:39.832+0000][217.171s][info][gc,heap        ] GC(69) ParOldGen: 3497827K(3825664K)->3497835K(3825664K)
[2026-09-25T04:26:39.832+0000][217.171s][info][gc,metaspace   ] GC(69) Metaspace: 166960K(168704K)->166960K(168704K) NonClass: 140412K(141376K)->140412K(141376K) Class: 26548K(27328K)->26548K(27328K)
[2026-09-25T04:26:39.832+0000][217.171s][info][gc             ] GC(69) Pause Young (Allocation Failure) 6630M->3469M(7043M) 103.938ms
[2026-09-25T04:26:39.832+0000][217.171s][info][gc,cpu         ] GC(69) User=0.42s Sys=0.00s Real=0.10s
[2026-09-25T04:26:43.164+0000][220.503s][info][gc,start       ] GC(70) Pause Young (Allocation Failure)
[2026-09-25T04:26:43.283+0000][220.622s][info][gc,heap        ] GC(70) PSYoungGen: 3346737K(3386880K)->52465K(3396096K) Eden: 3292160K(3292160K)->0K(3308544K) From: 54577K(94720K)->52465K(87552K)
[2026-09-25T04:26:43.283+0000][220.622s][info][gc,heap        ] GC(70) ParOldGen: 3497835K(3825664K)->3517602K(3825664K)
[2026-09-25T04:26:43.283+0000][220.622s][info][gc,metaspace   ] GC(70) Metaspace: 166974K(168704K)->166974K(168704K) NonClass: 140425K(141376K)->140425K(141376K) Class: 26549K(27328K)->26549K(27328K)
[2026-09-25T04:26:43.283+0000][220.622s][info][gc             ] GC(70) Pause Young (Allocation Failure) 6684M->3486M(7052M) 118.959ms
[2026-09-25T04:26:43.283+0000][220.622s][info][gc,cpu         ] GC(70) User=0.46s Sys=0.01s Real=0.12s
[2026-09-25T04:26:46.917+0000][224.256s][info][gc,start       ] GC(71) Pause Young (Allocation Failure)
[2026-09-25T04:26:47.026+0000][224.365s][info][gc,heap        ] GC(71) PSYoungGen: 3361009K(3396096K)->53905K(3397632K) Eden: 3308544K(3308544K)->0K(3308544K) From: 52465K(87552K)->53905K(89088K)
[2026-09-25T04:26:47.026+0000][224.365s][info][gc,heap        ] GC(71) ParOldGen: 3517602K(3825664K)->3534960K(3825664K)
[2026-09-25T04:26:47.026+0000][224.365s][info][gc,metaspace   ] GC(71) Metaspace: 166986K(168768K)->166986K(168768K) NonClass: 140437K(141440K)->140437K(141440K) Class: 26549K(27328K)->26549K(27328K)
[2026-09-25T04:26:47.026+0000][224.366s][info][gc             ] GC(71) Pause Young (Allocation Failure) 6717M->3504M(7054M) 109.738ms
[2026-09-25T04:26:47.026+0000][224.366s][info][gc,cpu         ] GC(71) User=0.44s Sys=0.00s Real=0.11s
[2026-09-25T04:26:50.652+0000][227.991s][info][gc,start       ] GC(72) Pause Young (Allocation Failure)
[2026-09-25T04:26:50.767+0000][228.106s][info][gc,heap        ] GC(72) PSYoungGen: 3362449K(3397632K)->53505K(3401728K) Eden: 3308544K(3308544K)->0K(3319296K) From: 53905K(89088K)->53505K(82432K)
[2026-09-25T04:26:50.767+0000][228.106s][info][gc,heap        ] GC(72) ParOldGen: 3534960K(3825664K)->3553794K(3825664K)
[2026-09-25T04:26:50.767+0000][228.106s][info][gc,metaspace   ] GC(72) Metaspace: 167027K(168768K)->167027K(168768K) NonClass: 140476K(141440K)->140476K(141440K) Class: 26550K(27328K)->26550K(27328K)
[2026-09-25T04:26:50.767+0000][228.106s][info][gc             ] GC(72) Pause Young (Allocation Failure) 6735M->3522M(7058M) 114.891ms
[2026-09-25T04:26:50.767+0000][228.106s][info][gc,cpu         ] GC(72) User=0.45s Sys=0.00s Real=0.12s
[2026-09-25T04:26:54.275+0000][231.614s][info][gc,start       ] GC(73) Pause Young (Allocation Failure)
[2026-09-25T04:26:54.385+0000][231.725s][info][gc,heap        ] GC(73) PSYoungGen: 3372801K(3401728K)->55777K(3403264K) Eden: 3319296K(3319296K)->0K(3319296K) From: 53505K(82432K)->55777K(83968K)
[2026-09-25T04:26:54.386+0000][231.725s][info][gc,heap        ] GC(73) ParOldGen: 3553794K(3825664K)->3572220K(3825664K)
[2026-09-25T04:26:54.386+0000][231.725s][info][gc,metaspace   ] GC(73) Metaspace: 167159K(168896K)->167159K(168896K) NonClass: 140609K(141568K)->140609K(141568K) Class: 26550K(27328K)->26550K(27328K)
[2026-09-25T04:26:54.386+0000][231.725s][info][gc             ] GC(73) Pause Young (Allocation Failure) 6764M->3542M(7059M) 110.818ms
[2026-09-25T04:26:54.386+0000][231.725s][info][gc,cpu         ] GC(73) User=0.44s Sys=0.00s Real=0.11s
[2026-09-25T04:26:58.091+0000][235.430s][info][gc,start       ] GC(74) Pause Young (Allocation Failure)
[2026-09-25T04:26:58.207+0000][235.546s][info][gc,heap        ] GC(74) PSYoungGen: 3375073K(3403264K)->53697K(3407872K) Eden: 3319296K(3319296K)->0K(3329536K) From: 55777K(83968K)->53697K(78336K)
[2026-09-25T04:26:58.207+0000][235.546s][info][gc,heap        ] GC(74) ParOldGen: 3572220K(3825664K)->3593010K(3825664K)
[2026-09-25T04:26:58.207+0000][235.546s][info][gc,metaspace   ] GC(74) Metaspace: 167166K(168896K)->167166K(168896K) NonClass: 140615K(141568K)->140615K(141568K) Class: 26550K(27328K)->26550K(27328K)
[2026-09-25T04:26:58.207+0000][235.546s][info][gc             ] GC(74) Pause Young (Allocation Failure) 6784M->3561M(7064M) 116.424ms
[2026-09-25T04:26:58.207+0000][235.546s][info][gc,cpu         ] GC(74) User=0.46s Sys=0.00s Real=0.12s
[2026-09-25T04:27:01.909+0000][239.248s][info][gc,start       ] GC(75) Pause Young (Allocation Failure)
[2026-09-25T04:27:02.020+0000][239.359s][info][gc,heap        ] GC(75) PSYoungGen: 3383233K(3407872K)->54993K(3408896K) Eden: 3329536K(3329536K)->0K(3329536K) From: 53697K(78336K)->54993K(79360K)
[2026-09-25T04:27:02.020+0000][239.359s][info][gc,heap        ] GC(75) ParOldGen: 3593010K(3825664K)->3611936K(3825664K)
[2026-09-25T04:27:02.020+0000][239.359s][info][gc,metaspace   ] GC(75) Metaspace: 167179K(168896K)->167179K(168896K) NonClass: 140629K(141568K)->140629K(141568K) Class: 26550K(27328K)->26550K(27328K)
[2026-09-25T04:27:02.020+0000][239.359s][info][gc             ] GC(75) Pause Young (Allocation Failure) 6812M->3580M(7065M) 111.452ms
[2026-09-25T04:27:02.020+0000][239.359s][info][gc,cpu         ] GC(75) User=0.44s Sys=0.00s Real=0.11s
[2026-09-25T04:27:05.659+0000][242.998s][info][gc,start       ] GC(76) Pause Young (Allocation Failure)
[2026-09-25T04:27:05.771+0000][243.110s][info][gc,heap        ] GC(76) PSYoungGen: 3384529K(3408896K)->54705K(3412480K) Eden: 3329536K(3329536K)->0K(3338240K) From: 54993K(79360K)->54705K(74240K)
[2026-09-25T04:27:05.771+0000][243.110s][info][gc,heap        ] GC(76) ParOldGen: 3611936K(3825664K)->3632435K(3825664K)
[2026-09-25T04:27:05.771+0000][243.110s][info][gc,metaspace   ] GC(76) Metaspace: 167186K(168896K)->167186K(168896K) NonClass: 140635K(141568K)->140635K(141568K) Class: 26550K(27328K)->26550K(27328K)
[2026-09-25T04:27:05.771+0000][243.110s][info][gc             ] GC(76) Pause Young (Allocation Failure) 6832M->3600M(7068M) 111.901ms
[2026-09-25T04:27:05.771+0000][243.110s][info][gc,cpu         ] GC(76) User=0.44s Sys=0.01s Real=0.11s
[2026-09-25T04:27:09.533+0000][246.872s][info][gc,start       ] GC(77) Pause Young (Allocation Failure)
[2026-09-25T04:27:09.651+0000][246.991s][info][gc,heap        ] GC(77) PSYoungGen: 3392945K(3412480K)->62049K(3413504K) Eden: 3338240K(3338240K)->0K(3338240K) From: 54705K(74240K)->62049K(75264K)
[2026-09-25T04:27:09.652+0000][246.991s][info][gc,heap        ] GC(77) ParOldGen: 3632435K(3825664K)->3652541K(3825664K)
[2026-09-25T04:27:09.652+0000][246.991s][info][gc,metaspace   ] GC(77) Metaspace: 167192K(168896K)->167192K(168896K) NonClass: 140640K(141568K)->140640K(141568K) Class: 26552K(27328K)->26552K(27328K)
[2026-09-25T04:27:09.652+0000][246.991s][info][gc             ] GC(77) Pause Young (Allocation Failure) 6860M->3627M(7069M) 118.725ms
[2026-09-25T04:27:09.652+0000][246.991s][info][gc,cpu         ] GC(77) User=0.47s Sys=0.00s Real=0.12s
[2026-09-25T04:27:13.398+0000][250.737s][info][gc,start       ] GC(78) Pause Young (Allocation Failure)
[2026-09-25T04:27:13.516+0000][250.855s][info][gc,heap        ] GC(78) PSYoungGen: 3400289K(3413504K)->55681K(3416064K) Eden: 3338240K(3338240K)->0K(3343872K) From: 62049K(75264K)->55681K(72192K)
[2026-09-25T04:27:13.516+0000][250.855s][info][gc,heap        ] GC(78) ParOldGen: 3652541K(3825664K)->3679924K(3825664K)
[2026-09-25T04:27:13.516+0000][250.855s][info][gc,metaspace   ] GC(78) Metaspace: 167213K(168960K)->167213K(168960K) NonClass: 140661K(141632K)->140661K(141632K) Class: 26552K(27328K)->26552K(27328K)
[2026-09-25T04:27:13.516+0000][250.855s][info][gc             ] GC(78) Pause Young (Allocation Failure) 6887M->3648M(7072M) 118.676ms
[2026-09-25T04:27:13.516+0000][250.855s][info][gc,cpu         ] GC(78) User=0.46s Sys=0.01s Real=0.12s
[2026-09-25T04:27:17.510+0000][254.849s][info][gc,start       ] GC(79) Pause Young (Allocation Failure)
[2026-09-25T04:27:17.627+0000][254.967s][info][gc,heap        ] GC(79) PSYoungGen: 3399553K(3416064K)->56385K(3417600K) Eden: 3343872K(3343872K)->0K(3343872K) From: 55681K(72192K)->56385K(73728K)
[2026-09-25T04:27:17.628+0000][254.967s][info][gc,heap        ] GC(79) ParOldGen: 3679924K(3825664K)->3700850K(3825664K)
[2026-09-25T04:27:17.628+0000][254.967s][info][gc,metaspace   ] GC(79) Metaspace: 167218K(169024K)->167218K(169024K) NonClass: 140666K(141696K)->140666K(141696K) Class: 26552K(27328K)->26552K(27328K)
[2026-09-25T04:27:17.628+0000][254.967s][info][gc             ] GC(79) Pause Young (Allocation Failure) 6913M->3669M(7073M) 117.389ms
[2026-09-25T04:27:17.628+0000][254.967s][info][gc,cpu         ] GC(79) User=0.47s Sys=0.00s Real=0.12s
[2026-09-25T04:27:21.422+0000][258.761s][info][gc,start       ] GC(80) Pause Young (Allocation Failure)
[2026-09-25T04:27:21.534+0000][258.873s][info][gc,heap        ] GC(80) PSYoungGen: 3400257K(3417600K)->53809K(3419136K) Eden: 3343872K(3343872K)->0K(3348992K) From: 56385K(73728K)->53809K(70144K)
[2026-09-25T04:27:21.534+0000][258.873s][info][gc,heap        ] GC(80) ParOldGen: 3700850K(3825664K)->3722596K(3825664K)
[2026-09-25T04:27:21.534+0000][258.873s][info][gc,metaspace   ] GC(80) Metaspace: 167237K(169024K)->167237K(169024K) NonClass: 140685K(141696K)->140685K(141696K) Class: 26552K(27328K)->26552K(27328K)
[2026-09-25T04:27:21.534+0000][258.873s][info][gc             ] GC(80) Pause Young (Allocation Failure) 6934M->3687M(7075M) 112.417ms
[2026-09-25T04:27:21.534+0000][258.873s][info][gc,cpu         ] GC(80) User=0.44s Sys=0.00s Real=0.11s
[2026-09-25T04:27:25.231+0000][262.570s][info][gc,start       ] GC(81) Pause Young (Allocation Failure)
[2026-09-25T04:27:25.345+0000][262.684s][info][gc,heap        ] GC(81) PSYoungGen: 3402801K(3419136K)->55153K(3420160K) Eden: 3348992K(3348992K)->0K(3348992K) From: 53809K(70144K)->55153K(71168K)
[2026-09-25T04:27:25.345+0000][262.684s][info][gc,heap        ] GC(81) ParOldGen: 3722596K(3825664K)->3742354K(3825664K)
[2026-09-25T04:27:25.345+0000][262.684s][info][gc,metaspace   ] GC(81) Metaspace: 167238K(169024K)->167238K(169024K) NonClass: 140686K(141696K)->140686K(141696K) Class: 26552K(27328K)->26552K(27328K)
[2026-09-25T04:27:25.345+0000][262.684s][info][gc             ] GC(81) Pause Young (Allocation Failure) 6958M->3708M(7076M) 113.983ms
[2026-09-25T04:27:25.345+0000][262.684s][info][gc,cpu         ] GC(81) User=0.46s Sys=0.00s Real=0.11s
[2026-09-25T04:27:29.114+0000][266.453s][info][gc,start       ] GC(82) Pause Young (Allocation Failure)
[2026-09-25T04:27:29.228+0000][266.567s][info][gc,heap        ] GC(82) PSYoungGen: 3404145K(3420160K)->55169K(3422208K) Eden: 3348992K(3348992K)->0K(3354112K) From: 55153K(71168K)->55169K(68096K)
[2026-09-25T04:27:29.228+0000][266.567s][info][gc,heap        ] GC(82) ParOldGen: 3742354K(3825664K)->3762887K(3825664K)
[2026-09-25T04:27:29.228+0000][266.567s][info][gc,metaspace   ] GC(82) Metaspace: 167253K(169024K)->167253K(169024K) NonClass: 140699K(141696K)->140699K(141696K) Class: 26553K(27328K)->26553K(27328K)
[2026-09-25T04:27:29.228+0000][266.567s][info][gc             ] GC(82) Pause Young (Allocation Failure) 6979M->3728M(7078M) 113.970ms
[2026-09-25T04:27:29.228+0000][266.567s][info][gc,cpu         ] GC(82) User=0.45s Sys=0.00s Real=0.12s
[2026-09-25T04:27:33.119+0000][270.458s][info][gc,start       ] GC(83) Pause Young (Allocation Failure)
[2026-09-25T04:27:33.229+0000][270.568s][info][gc,heap        ] GC(83) PSYoungGen: 3409281K(3422208K)->52961K(3422720K) Eden: 3354112K(3354112K)->0K(3354112K) From: 55169K(68096K)->52961K(68608K)
[2026-09-25T04:27:33.229+0000][270.568s][info][gc,heap        ] GC(83) ParOldGen: 3762887K(3825664K)->3783273K(3825664K)
[2026-09-25T04:27:33.229+0000][270.568s][info][gc,metaspace   ] GC(83) Metaspace: 167282K(169088K)->167282K(169088K) NonClass: 140722K(141760K)->140722K(141760K) Class: 26560K(27328K)->26560K(27328K)
[2026-09-25T04:27:33.229+0000][270.568s][info][gc             ] GC(83) Pause Young (Allocation Failure) 7004M->3746M(7078M) 109.502ms
[2026-09-25T04:27:33.229+0000][270.568s][info][gc,cpu         ] GC(83) User=0.43s Sys=0.00s Real=0.11s
[2026-09-25T04:27:37.269+0000][274.608s][info][gc,start       ] GC(84) Pause Young (Allocation Failure)
[2026-09-25T04:27:37.385+0000][274.724s][info][gc,heap        ] GC(84) PSYoungGen: 3407073K(3422720K)->57249K(3425792K) Eden: 3354112K(3354112K)->0K(3358720K) From: 52961K(68608K)->57249K(67072K)
[2026-09-25T04:27:37.385+0000][274.724s][info][gc,heap        ] GC(84) ParOldGen: 3783273K(3825664K)->3801527K(3825664K)
[2026-09-25T04:27:37.385+0000][274.724s][info][gc,metaspace   ] GC(84) Metaspace: 167320K(169088K)->167320K(169088K) NonClass: 140759K(141760K)->140759K(141760K) Class: 26561K(27328K)->26561K(27328K)
[2026-09-25T04:27:37.385+0000][274.724s][info][gc             ] GC(84) Pause Young (Allocation Failure) 7021M->3768M(7081M) 116.233ms
[2026-09-25T04:27:37.385+0000][274.724s][info][gc,cpu         ] GC(84) User=0.45s Sys=0.00s Real=0.11s
[2026-09-25T04:27:41.232+0000][278.571s][info][gc,start       ] GC(85) Pause Young (Allocation Failure)
[2026-09-25T04:27:41.344+0000][278.683s][info][gc,heap        ] GC(85) PSYoungGen: 3415969K(3425792K)->51936K(3425792K) Eden: 3358720K(3358720K)->0K(3358720K) From: 57249K(67072K)->51936K(67072K)
[2026-09-25T04:27:41.344+0000][278.683s][info][gc,heap        ] GC(85) ParOldGen: 3801527K(3825664K)->3824581K(3825664K)
[2026-09-25T04:27:41.344+0000][278.683s][info][gc,metaspace   ] GC(85) Metaspace: 167331K(169088K)->167331K(169088K) NonClass: 140769K(141760K)->140769K(141760K) Class: 26561K(27328K)->26561K(27328K)
[2026-09-25T04:27:41.344+0000][278.683s][info][gc             ] GC(85) Pause Young (Allocation Failure) 7048M->3785M(7081M) 111.989ms
[2026-09-25T04:27:41.344+0000][278.683s][info][gc,cpu         ] GC(85) User=0.45s Sys=0.00s Real=0.11s
[2026-09-25T04:27:45.318+0000][282.657s][info][gc,start       ] GC(86) Pause Young (Allocation Failure)
[2026-09-25T04:27:45.434+0000][282.774s][info][gc,heap        ] GC(86) PSYoungGen: 3410656K(3425792K)->55745K(3426304K) Eden: 3358720K(3358720K)->0K(3361280K) From: 51936K(67072K)->55745K(65024K)
[2026-09-25T04:27:45.434+0000][282.774s][info][gc,heap        ] GC(86) ParOldGen: 3824581K(3825664K)->3842451K(3842560K)
[2026-09-25T04:27:45.435+0000][282.774s][info][gc,metaspace   ] GC(86) Metaspace: 167341K(169088K)->167341K(169088K) NonClass: 140779K(141760K)->140779K(141760K) Class: 26562K(27328K)->26562K(27328K)
[2026-09-25T04:27:45.435+0000][282.774s][info][gc             ] GC(86) Pause Young (Allocation Failure) 7065M->3806M(7098M) 116.817ms
[2026-09-25T04:27:45.435+0000][282.774s][info][gc,cpu         ] GC(86) User=0.45s Sys=0.01s Real=0.11s
[2026-09-25T04:27:49.267+0000][286.606s][info][gc,start       ] GC(87) Pause Young (Allocation Failure)
[2026-09-25T04:27:49.382+0000][286.721s][info][gc,heap        ] GC(87) PSYoungGen: 3417025K(3426304K)->50736K(3426816K) Eden: 3361280K(3361280K)->0K(3361280K) From: 55745K(65024K)->50736K(65536K)
[2026-09-25T04:27:49.382+0000][286.721s][info][gc,heap        ] GC(87) ParOldGen: 3842451K(3842560K)->3863931K(3864064K)
[2026-09-25T04:27:49.382+0000][286.721s][info][gc,metaspace   ] GC(87) Metaspace: 167354K(169088K)->167354K(169088K) NonClass: 140792K(141760K)->140792K(141760K) Class: 26562K(27328K)->26562K(27328K)
[2026-09-25T04:27:49.382+0000][286.721s][info][gc             ] GC(87) Pause Young (Allocation Failure) 7089M->3822M(7120M) 114.487ms
[2026-09-25T04:27:49.382+0000][286.721s][info][gc,cpu         ] GC(87) User=0.45s Sys=0.00s Real=0.11s
[2026-09-25T04:27:53.665+0000][291.004s][info][gc,start       ] GC(88) Pause Young (Allocation Failure)
[2026-09-25T04:27:53.783+0000][291.122s][info][gc,heap        ] GC(88) PSYoungGen: 3412016K(3426816K)->56944K(3428352K) Eden: 3361280K(3361280K)->0K(3363840K) From: 50736K(65536K)->56944K(64512K)
[2026-09-25T04:27:53.783+0000][291.122s][info][gc,heap        ] GC(88) ParOldGen: 3863931K(3864064K)->3879736K(3879936K)
[2026-09-25T04:27:53.783+0000][291.122s][info][gc,metaspace   ] GC(88) Metaspace: 167387K(169152K)->167387K(169152K) NonClass: 140825K(141824K)->140825K(141824K) Class: 26562K(27328K)->26562K(27328K)
[2026-09-25T04:27:53.783+0000][291.122s][info][gc             ] GC(88) Pause Young (Allocation Failure) 7105M->3844M(7137M) 118.807ms
[2026-09-25T04:27:53.783+0000][291.122s][info][gc,cpu         ] GC(88) User=0.46s Sys=0.01s Real=0.12s
[2026-09-25T04:27:57.667+0000][295.006s][info][gc,start       ] GC(89) Pause Young (Allocation Failure)
[2026-09-25T04:27:57.784+0000][295.124s][info][gc,heap        ] GC(89) PSYoungGen: 3420784K(3428352K)->56881K(3428864K) Eden: 3363840K(3363840K)->0K(3363840K) From: 56944K(64512K)->56881K(65024K)
[2026-09-25T04:27:57.785+0000][295.124s][info][gc,heap        ] GC(89) ParOldGen: 3879736K(3879936K)->3902548K(3902976K)
[2026-09-25T04:27:57.785+0000][295.124s][info][gc,metaspace   ] GC(89) Metaspace: 167392K(169152K)->167392K(169152K) NonClass: 140830K(141824K)->140830K(141824K) Class: 26562K(27328K)->26562K(27328K)
[2026-09-25T04:27:57.785+0000][295.124s][info][gc             ] GC(89) Pause Young (Allocation Failure) 7129M->3866M(7160M) 117.251ms
[2026-09-25T04:27:57.785+0000][295.124s][info][gc,cpu         ] GC(89) User=0.45s Sys=0.02s Real=0.11s
[2026-09-25T04:28:01.965+0000][299.304s][info][gc,start       ] GC(90) Pause Young (Allocation Failure)
[2026-09-25T04:28:02.085+0000][299.424s][info][gc,heap        ] GC(90) PSYoungGen: 3420721K(3428864K)->58753K(3429888K) Eden: 3363840K(3363840K)->0K(3364864K) From: 56881K(65024K)->58753K(65024K)
[2026-09-25T04:28:02.085+0000][299.424s][info][gc,heap        ] GC(90) ParOldGen: 3902548K(3902976K)->3925213K(3925504K)
[2026-09-25T04:28:02.085+0000][299.424s][info][gc,metaspace   ] GC(90) Metaspace: 167394K(169152K)->167394K(169152K) NonClass: 140832K(141824K)->140832K(141824K) Class: 26562K(27328K)->26562K(27328K)
[2026-09-25T04:28:02.085+0000][299.424s][info][gc             ] GC(90) Pause Young (Allocation Failure) 7151M->3890M(7183M) 120.489ms
[2026-09-25T04:28:02.085+0000][299.424s][info][gc,cpu         ] GC(90) User=0.47s Sys=0.02s Real=0.12s
[2026-09-25T04:28:06.173+0000][303.512s][info][gc,start       ] GC(91) Pause Young (Allocation Failure)
[2026-09-25T04:28:06.295+0000][303.634s][info][gc,heap        ] GC(91) PSYoungGen: 3423617K(3429888K)->54193K(3419136K) Eden: 3364864K(3364864K)->0K(3364864K) From: 58753K(65024K)->54193K(54272K)
[2026-09-25T04:28:06.295+0000][303.634s][info][gc,heap        ] GC(91) ParOldGen: 3925213K(3925504K)->3950174K(3950592K)
[2026-09-25T04:28:06.295+0000][303.634s][info][gc,metaspace   ] GC(91) Metaspace: 167403K(169152K)->167403K(169152K) NonClass: 140841K(141824K)->140841K(141824K) Class: 26562K(27328K)->26562K(27328K)
[2026-09-25T04:28:06.295+0000][303.634s][info][gc             ] GC(91) Pause Young (Allocation Failure) 7176M->3910M(7197M) 122.196ms
[2026-09-25T04:28:06.295+0000][303.634s][info][gc,cpu         ] GC(91) User=0.46s Sys=0.01s Real=0.12s
[2026-09-25T04:28:10.555+0000][307.894s][info][gc,start       ] GC(92) Pause Young (Allocation Failure)
[2026-09-25T04:28:10.674+0000][308.013s][info][gc,heap        ] GC(92) PSYoungGen: 3419057K(3419136K)->57457K(3429376K) Eden: 3364864K(3364864K)->0K(3364864K) From: 54193K(54272K)->57457K(64512K)
[2026-09-25T04:28:10.674+0000][308.013s][info][gc,heap        ] GC(92) ParOldGen: 3950174K(3950592K)->3969812K(3970048K)
[2026-09-25T04:28:10.674+0000][308.013s][info][gc,metaspace   ] GC(92) Metaspace: 167435K(169216K)->167435K(169216K) NonClass: 140873K(141888K)->140873K(141888K) Class: 26562K(27328K)->26562K(27328K)
[2026-09-25T04:28:10.674+0000][308.013s][info][gc             ] GC(92) Pause Young (Allocation Failure) 7196M->3932M(7226M) 119.378ms
[2026-09-25T04:28:10.674+0000][308.013s][info][gc,cpu         ] GC(92) User=0.46s Sys=0.01s Real=0.12s
[2026-09-25T04:28:14.958+0000][312.297s][info][gc,start       ] GC(93) Pause Young (Allocation Failure)
[2026-09-25T04:28:15.075+0000][312.414s][info][gc,heap        ] GC(93) PSYoungGen: 3422321K(3429376K)->54145K(3429376K) Eden: 3364864K(3364864K)->0K(3364864K) From: 57457K(64512K)->54145K(64512K)
[2026-09-25T04:28:15.075+0000][312.414s][info][gc,heap        ] GC(93) ParOldGen: 3969812K(3970048K)->3992769K(3993088K)
[2026-09-25T04:28:15.075+0000][312.414s][info][gc,metaspace   ] GC(93) Metaspace: 167441K(169216K)->167441K(169216K) NonClass: 140879K(141888K)->140879K(141888K) Class: 26562K(27328K)->26562K(27328K)
[2026-09-25T04:28:15.075+0000][312.414s][info][gc             ] GC(93) Pause Young (Allocation Failure) 7218M->3952M(7248M) 117.705ms
[2026-09-25T04:28:15.075+0000][312.414s][info][gc,cpu         ] GC(93) User=0.45s Sys=0.01s Real=0.11s
[2026-09-25T04:28:19.361+0000][316.700s][info][gc,start       ] GC(94) Pause Young (Allocation Failure)
[2026-09-25T04:28:19.477+0000][316.816s][info][gc,heap        ] GC(94) PSYoungGen: 3419009K(3429376K)->55792K(3428864K) Eden: 3364864K(3364864K)->0K(3366400K) From: 54145K(64512K)->55792K(62464K)
[2026-09-25T04:28:19.477+0000][316.817s][info][gc,heap        ] GC(94) ParOldGen: 3992769K(3993088K)->4012631K(4013056K)
[2026-09-25T04:28:19.477+0000][316.817s][info][gc,metaspace   ] GC(94) Metaspace: 167443K(169216K)->167443K(169216K) NonClass: 140881K(141888K)->140881K(141888K) Class: 26562K(27328K)->26562K(27328K)
[2026-09-25T04:28:19.477+0000][316.817s][info][gc             ] GC(94) Pause Young (Allocation Failure) 7238M->3973M(7267M) 116.945ms
[2026-09-25T04:28:19.478+0000][316.817s][info][gc,cpu         ] GC(94) User=0.44s Sys=0.02s Real=0.12s
[2026-09-25T04:28:23.673+0000][321.012s][info][gc,start       ] GC(95) Pause Young (Allocation Failure)
[2026-09-25T04:28:23.791+0000][321.130s][info][gc,heap        ] GC(95) PSYoungGen: 3422192K(3428864K)->55857K(3429376K) Eden: 3366400K(3366400K)->0K(3366400K) From: 55792K(62464K)->55857K(62976K)
[2026-09-25T04:28:23.791+0000][321.130s][info][gc,heap        ] GC(95) ParOldGen: 4012631K(4013056K)->4032631K(4033024K)
[2026-09-25T04:28:23.791+0000][321.130s][info][gc,metaspace   ] GC(95) Metaspace: 167449K(169216K)->167449K(169216K) NonClass: 140887K(141888K)->140887K(141888K) Class: 26562K(27328K)->26562K(27328K)
[2026-09-25T04:28:23.791+0000][321.130s][info][gc             ] GC(95) Pause Young (Allocation Failure) 7260M->3992M(7287M) 117.644ms
[2026-09-25T04:28:23.791+0000][321.130s][info][gc,cpu         ] GC(95) User=0.45s Sys=0.01s Real=0.12s
[2026-09-25T04:28:28.159+0000][325.498s][info][gc,start       ] GC(96) Pause Young (Allocation Failure)
[2026-09-25T04:28:28.276+0000][325.615s][info][gc,heap        ] GC(96) PSYoungGen: 3422257K(3429376K)->55153K(3430912K) Eden: 3366400K(3366400K)->0K(3369472K) From: 55857K(62976K)->55153K(61440K)
[2026-09-25T04:28:28.276+0000][325.615s][info][gc,heap        ] GC(96) ParOldGen: 4032631K(4033024K)->4054389K(4054528K)
[2026-09-25T04:28:28.276+0000][325.615s][info][gc,metaspace   ] GC(96) Metaspace: 167456K(169216K)->167456K(169216K) NonClass: 140894K(141888K)->140894K(141888K) Class: 26562K(27328K)->26562K(27328K)
[2026-09-25T04:28:28.276+0000][325.615s][info][gc             ] GC(96) Pause Young (Allocation Failure) 7280M->4013M(7310M) 117.200ms
[2026-09-25T04:28:28.276+0000][325.615s][info][gc,cpu         ] GC(96) User=0.46s Sys=0.01s Real=0.12s
[2026-09-25T04:28:32.748+0000][330.087s][info][gc,start       ] GC(97) Pause Young (Allocation Failure)
[2026-09-25T04:28:32.865+0000][330.204s][info][gc,heap        ] GC(97) PSYoungGen: 3424625K(3430912K)->53345K(3431424K) Eden: 3369472K(3369472K)->0K(3369472K) From: 55153K(61440K)->53345K(61952K)
[2026-09-25T04:28:32.865+0000][330.205s][info][gc,heap        ] GC(97) ParOldGen: 4054389K(4054528K)->4074979K(4075008K)
[2026-09-25T04:28:32.865+0000][330.205s][info][gc,metaspace   ] GC(97) Metaspace: 167470K(169216K)->167470K(169216K) NonClass: 140908K(141888K)->140908K(141888K) Class: 26562K(27328K)->26562K(27328K)
[2026-09-25T04:28:32.865+0000][330.205s][info][gc             ] GC(97) Pause Young (Allocation Failure) 7303M->4031M(7330M) 117.694ms
[2026-09-25T04:28:32.865+0000][330.205s][info][gc,cpu         ] GC(97) User=0.45s Sys=0.01s Real=0.11s
[2026-09-25T04:28:37.320+0000][334.659s][info][gc,start       ] GC(98) Pause Young (Allocation Failure)
[2026-09-25T04:28:37.433+0000][334.772s][info][gc,heap        ] GC(98) PSYoungGen: 3422817K(3431424K)->49360K(3432448K) Eden: 3369472K(3369472K)->0K(3371008K) From: 53345K(61952K)->49360K(61440K)
[2026-09-25T04:28:37.433+0000][334.772s][info][gc,heap        ] GC(98) ParOldGen: 4074979K(4075008K)->4094381K(4094464K)
[2026-09-25T04:28:37.433+0000][334.772s][info][gc,metaspace   ] GC(98) Metaspace: 167473K(169216K)->167473K(169216K) NonClass: 140911K(141888K)->140911K(141888K) Class: 26562K(27328K)->26562K(27328K)
[2026-09-25T04:28:37.433+0000][334.772s][info][gc             ] GC(98) Pause Young (Allocation Failure) 7322M->4046M(7350M) 113.414ms
[2026-09-25T04:28:37.433+0000][334.772s][info][gc,cpu         ] GC(98) User=0.44s Sys=0.01s Real=0.11s
[2026-09-25T04:28:42.043+0000][339.382s][info][gc,start       ] GC(99) Pause Young (Allocation Failure)
[2026-09-25T04:28:42.158+0000][339.498s][info][gc,heap        ] GC(99) PSYoungGen: 3420368K(3432448K)->55296K(3432960K) Eden: 3371008K(3371008K)->0K(3371008K) From: 49360K(61440K)->55296K(61952K)
[2026-09-25T04:28:42.159+0000][339.498s][info][gc,heap        ] GC(99) ParOldGen: 4094381K(4094464K)->4109458K(4109824K)
[2026-09-25T04:28:42.159+0000][339.498s][info][gc,metaspace   ] GC(99) Metaspace: 167502K(169216K)->167502K(169216K) NonClass: 140938K(141888K)->140938K(141888K) Class: 26563K(27328K)->26563K(27328K)
[2026-09-25T04:28:42.159+0000][339.498s][info][gc             ] GC(99) Pause Young (Allocation Failure) 7338M->4067M(7366M) 115.473ms
[2026-09-25T04:28:42.159+0000][339.498s][info][gc,cpu         ] GC(99) User=0.45s Sys=0.01s Real=0.12s
[2026-09-25T04:28:46.801+0000][344.140s][info][gc,start       ] GC(100) Pause Young (Allocation Failure)
[2026-09-25T04:28:46.919+0000][344.258s][info][gc,heap        ] GC(100) PSYoungGen: 3426304K(3432960K)->57697K(3432448K) Eden: 3371008K(3371008K)->0K(3371008K) From: 55296K(61952K)->57697K(61440K)
[2026-09-25T04:28:46.919+0000][344.258s][info][gc,heap        ] GC(100) ParOldGen: 4109458K(4109824K)->4128940K(4129280K)
[2026-09-25T04:28:46.919+0000][344.258s][info][gc,metaspace   ] GC(100) Metaspace: 167516K(169216K)->167516K(169216K) NonClass: 140952K(141888K)->140952K(141888K) Class: 26564K(27328K)->26564K(27328K)
[2026-09-25T04:28:46.919+0000][344.258s][info][gc             ] GC(100) Pause Young (Allocation Failure) 7359M->4088M(7384M) 117.494ms
[2026-09-25T04:28:46.919+0000][344.258s][info][gc,cpu         ] GC(100) User=0.46s Sys=0.01s Real=0.12s
[2026-09-25T04:28:51.655+0000][348.994s][info][gc,start       ] GC(101) Pause Young (Allocation Failure)
[2026-09-25T04:28:51.776+0000][349.115s][info][gc,heap        ] GC(101) PSYoungGen: 3428705K(3432448K)->56641K(3432960K) Eden: 3371008K(3371008K)->0K(3371008K) From: 57697K(61440K)->56641K(61952K)
[2026-09-25T04:28:51.776+0000][349.115s][info][gc,heap        ] GC(101) ParOldGen: 4128940K(4129280K)->4152574K(4152832K)
[2026-09-25T04:28:51.776+0000][349.115s][info][gc,metaspace   ] GC(101) Metaspace: 167531K(169280K)->167531K(169280K) NonClass: 140967K(141952K)->140967K(141952K) Class: 26564K(27328K)->26564K(27328K)
[2026-09-25T04:28:51.776+0000][349.115s][info][gc             ] GC(101) Pause Young (Allocation Failure) 7380M->4110M(7408M) 121.735ms
[2026-09-25T04:28:51.776+0000][349.115s][info][gc,cpu         ] GC(101) User=0.47s Sys=0.01s Real=0.13s
[2026-09-25T04:28:56.542+0000][353.881s][info][gc,start       ] GC(102) Pause Young (Allocation Failure)
[2026-09-25T04:28:56.664+0000][354.003s][info][gc,heap        ] GC(102) PSYoungGen: 3427649K(3432960K)->59793K(3430912K) Eden: 3371008K(3371008K)->0K(3368960K) From: 56641K(61952K)->59793K(61952K)
[2026-09-25T04:28:56.664+0000][354.003s][info][gc,heap        ] GC(102) ParOldGen: 4152574K(4152832K)->4175493K(4175872K)
[2026-09-25T04:28:56.664+0000][354.003s][info][gc,metaspace   ] GC(102) Metaspace: 167560K(169280K)->167560K(169280K) NonClass: 140995K(141952K)->140995K(141952K) Class: 26564K(27328K)->26564K(27328K)
[2026-09-25T04:28:56.664+0000][354.003s][info][gc             ] GC(102) Pause Young (Allocation Failure) 7402M->4136M(7428M) 122.187ms
[2026-09-25T04:28:56.664+0000][354.003s][info][gc,cpu         ] GC(102) User=0.47s Sys=0.01s Real=0.12s
[2026-09-25T04:29:01.330+0000][358.669s][info][gc,start       ] GC(103) Pause Young (Allocation Failure)
[2026-09-25T04:29:01.457+0000][358.796s][info][gc,heap        ] GC(103) PSYoungGen: 3428753K(3430912K)->58177K(3431936K) Eden: 3368960K(3368960K)->0K(3368960K) From: 59793K(61952K)->58177K(62976K)
[2026-09-25T04:29:01.457+0000][358.796s][info][gc,heap        ] GC(103) ParOldGen: 4175493K(4175872K)->4199590K(4199936K)
[2026-09-25T04:29:01.457+0000][358.796s][info][gc,metaspace   ] GC(103) Metaspace: 167578K(169280K)->167578K(169280K) NonClass: 141013K(141952K)->141013K(141952K) Class: 26564K(27328K)->26564K(27328K)
[2026-09-25T04:29:01.457+0000][358.796s][info][gc             ] GC(103) Pause Young (Allocation Failure) 7426M->4157M(7453M) 126.838ms
[2026-09-25T04:29:01.457+0000][358.796s][info][gc,cpu         ] GC(103) User=0.48s Sys=0.02s Real=0.13s
[2026-09-25T04:29:06.260+0000][363.599s][info][gc,start       ] GC(104) Pause Young (Allocation Failure)
[2026-09-25T04:29:06.378+0000][363.717s][info][gc,heap        ] GC(104) PSYoungGen: 3427137K(3431936K)->51201K(3430912K) Eden: 3368960K(3368960K)->0K(3367936K) From: 58177K(62976K)->51201K(62976K)
[2026-09-25T04:29:06.378+0000][363.717s][info][gc,heap        ] GC(104) ParOldGen: 4199590K(4199936K)->4223685K(4224000K)
[2026-09-25T04:29:06.378+0000][363.717s][info][gc,metaspace   ] GC(104) Metaspace: 167586K(169280K)->167586K(169280K) NonClass: 141017K(141952K)->141017K(141952K) Class: 26568K(27328K)->26568K(27328K)
[2026-09-25T04:29:06.378+0000][363.717s][info][gc             ] GC(104) Pause Young (Allocation Failure) 7447M->4174M(7475M) 118.209ms
[2026-09-25T04:29:06.378+0000][363.717s][info][gc,cpu         ] GC(104) User=0.45s Sys=0.02s Real=0.12s
[2026-09-25T04:29:11.166+0000][368.505s][info][gc,start       ] GC(105) Pause Young (Allocation Failure)
[2026-09-25T04:29:11.285+0000][368.624s][info][gc,heap        ] GC(105) PSYoungGen: 3419137K(3430912K)->54561K(3422720K) Eden: 3367936K(3367936K)->0K(3367936K) From: 51201K(62976K)->54561K(54784K)
[2026-09-25T04:29:11.285+0000][368.624s][info][gc,heap        ] GC(105) ParOldGen: 4223685K(4224000K)->4240374K(4240384K)
[2026-09-25T04:29:11.285+0000][368.624s][info][gc,metaspace   ] GC(105) Metaspace: 167589K(169280K)->167589K(169280K) NonClass: 141021K(141952K)->141021K(141952K) Class: 26568K(27328K)->26568K(27328K)
[2026-09-25T04:29:11.285+0000][368.624s][info][gc             ] GC(105) Pause Young (Allocation Failure) 7463M->4194M(7483M) 118.777ms
[2026-09-25T04:29:11.285+0000][368.624s][info][gc,cpu         ] GC(105) User=0.46s Sys=0.01s Real=0.11s
[2026-09-25T04:29:16.303+0000][373.642s][info][gc,start       ] GC(106) Pause Young (Allocation Failure)
[2026-09-25T04:29:16.419+0000][373.758s][info][gc,heap        ] GC(106) PSYoungGen: 3422497K(3422720K)->51169K(3430912K) Eden: 3367936K(3367936K)->0K(3368448K) From: 54561K(54784K)->51169K(62464K)
[2026-09-25T04:29:16.419+0000][373.758s][info][gc,heap        ] GC(106) ParOldGen: 4240374K(4240384K)->4258752K(4258816K)
[2026-09-25T04:29:16.419+0000][373.758s][info][gc,metaspace   ] GC(106) Metaspace: 167717K(169408K)->167717K(169408K) NonClass: 141132K(142080K)->141132K(142080K) Class: 26585K(27328K)->26585K(27328K)
[2026-09-25T04:29:16.419+0000][373.758s][info][gc             ] GC(106) Pause Young (Allocation Failure) 7483M->4208M(7509M) 116.570ms
[2026-09-25T04:29:16.419+0000][373.758s][info][gc,cpu         ] GC(106) User=0.45s Sys=0.01s Real=0.12s
[2026-09-25T04:29:21.262+0000][378.601s][info][gc,start       ] GC(107) Pause Young (Allocation Failure)
[2026-09-25T04:29:21.375+0000][378.714s][info][gc,heap        ] GC(107) PSYoungGen: 3419617K(3430912K)->50225K(3430912K) Eden: 3368448K(3368448K)->0K(3368448K) From: 51169K(62464K)->50225K(62464K)
[2026-09-25T04:29:21.375+0000][378.714s][info][gc,heap        ] GC(107) ParOldGen: 4258752K(4258816K)->4275257K(4275712K)
[2026-09-25T04:29:21.375+0000][378.714s][info][gc,metaspace   ] GC(107) Metaspace: 167723K(169408K)->167723K(169408K) NonClass: 141138K(142080K)->141138K(142080K) Class: 26585K(27328K)->26585K(27328K)
[2026-09-25T04:29:21.375+0000][378.714s][info][gc             ] GC(107) Pause Young (Allocation Failure) 7498M->4224M(7526M) 113.150ms
[2026-09-25T04:29:21.375+0000][378.714s][info][gc,cpu         ] GC(107) User=0.44s Sys=0.01s Real=0.11s
[2026-09-25T04:29:26.312+0000][383.651s][info][gc,start       ] GC(108) Pause Young (Allocation Failure)
[2026-09-25T04:29:26.428+0000][383.767s][info][gc,heap        ] GC(108) PSYoungGen: 3418673K(3430912K)->54785K(3430912K) Eden: 3368448K(3368448K)->0K(3369472K) From: 50225K(62464K)->54785K(61440K)
[2026-09-25T04:29:26.428+0000][383.767s][info][gc,heap        ] GC(108) ParOldGen: 4275257K(4275712K)->4291586K(4292096K)
[2026-09-25T04:29:26.428+0000][383.767s][info][gc,metaspace   ] GC(108) Metaspace: 167732K(169408K)->167732K(169408K) NonClass: 141145K(142080K)->141145K(142080K) Class: 26586K(27328K)->26586K(27328K)
[2026-09-25T04:29:26.428+0000][383.767s][info][gc             ] GC(108) Pause Young (Allocation Failure) 7513M->4244M(7542M) 115.756ms
[2026-09-25T04:29:26.428+0000][383.767s][info][gc,cpu         ] GC(108) User=0.45s Sys=0.01s Real=0.12s
[2026-09-25T04:29:31.282+0000][388.621s][info][gc,start       ] GC(109) Pause Young (Allocation Failure)
[2026-09-25T04:29:31.399+0000][388.738s][info][gc,heap        ] GC(109) PSYoungGen: 3424257K(3430912K)->52785K(3431424K) Eden: 3369472K(3369472K)->0K(3369472K) From: 54785K(61440K)->52785K(61952K)
[2026-09-25T04:29:31.399+0000][388.738s][info][gc,heap        ] GC(109) ParOldGen: 4291586K(4292096K)->4311115K(4311552K)
[2026-09-25T04:29:31.399+0000][388.738s][info][gc,metaspace   ] GC(109) Metaspace: 167736K(169408K)->167736K(169408K) NonClass: 141150K(142080K)->141150K(142080K) Class: 26586K(27328K)->26586K(27328K)
[2026-09-25T04:29:31.399+0000][388.738s][info][gc             ] GC(109) Pause Young (Allocation Failure) 7535M->4261M(7561M) 117.346ms
[2026-09-25T04:29:31.399+0000][388.738s][info][gc,cpu         ] GC(109) User=0.46s Sys=0.00s Real=0.12s
[2026-09-25T04:29:36.292+0000][393.631s][info][gc,start       ] GC(110) Pause Young (Allocation Failure)
[2026-09-25T04:29:36.411+0000][393.750s][info][gc,heap        ] GC(110) PSYoungGen: 3422257K(3431424K)->51569K(3432960K) Eden: 3369472K(3369472K)->0K(3371520K) From: 52785K(61952K)->51569K(61440K)
[2026-09-25T04:29:36.411+0000][393.750s][info][gc,heap        ] GC(110) ParOldGen: 4311115K(4311552K)->4328505K(4328960K)
[2026-09-25T04:29:36.411+0000][393.750s][info][gc,metaspace   ] GC(110) Metaspace: 167737K(169408K)->167737K(169408K) NonClass: 141151K(142080K)->141151K(142080K) Class: 26586K(27328K)->26586K(27328K)
[2026-09-25T04:29:36.411+0000][393.750s][info][gc             ] GC(110) Pause Young (Allocation Failure) 7552M->4277M(7580M) 118.818ms
[2026-09-25T04:29:36.411+0000][393.750s][info][gc,cpu         ] GC(110) User=0.46s Sys=0.01s Real=0.12s
[2026-09-25T04:29:41.230+0000][398.569s][info][gc,start       ] GC(111) Pause Young (Allocation Failure)
[2026-09-25T04:29:41.348+0000][398.687s][info][gc,heap        ] GC(111) PSYoungGen: 3423089K(3432960K)->48112K(3432960K) Eden: 3371520K(3371520K)->0K(3371520K) From: 51569K(61440K)->48112K(61440K)
[2026-09-25T04:29:41.348+0000][398.687s][info][gc,heap        ] GC(111) ParOldGen: 4328505K(4328960K)->4346433K(4346880K)
[2026-09-25T04:29:41.348+0000][398.687s][info][gc,metaspace   ] GC(111) Metaspace: 167748K(169536K)->167748K(169536K) NonClass: 141156K(142144K)->141156K(142144K) Class: 26592K(27392K)->26592K(27392K)
[2026-09-25T04:29:41.348+0000][398.687s][info][gc             ] GC(111) Pause Young (Allocation Failure) 7569M->4291M(7597M) 118.340ms
[2026-09-25T04:29:41.348+0000][398.687s][info][gc,cpu         ] GC(111) User=0.45s Sys=0.00s Real=0.12s
[2026-09-25T04:29:46.091+0000][403.430s][info][gc,start       ] GC(112) Pause Young (Allocation Failure)
[2026-09-25T04:29:46.206+0000][403.545s][info][gc,heap        ] GC(112) PSYoungGen: 3419632K(3432960K)->52096K(3432448K) Eden: 3371520K(3371520K)->0K(3372032K) From: 48112K(61440K)->52096K(60416K)
[2026-09-25T04:29:46.206+0000][403.545s][info][gc,heap        ] GC(112) ParOldGen: 4346433K(4346880K)->4360045K(4360192K)
[2026-09-25T04:29:46.206+0000][403.545s][info][gc,metaspace   ] GC(112) Metaspace: 167757K(169536K)->167757K(169536K) NonClass: 141165K(142144K)->141165K(142144K) Class: 26592K(27392K)->26592K(27392K)
[2026-09-25T04:29:46.206+0000][403.545s][info][gc             ] GC(112) Pause Young (Allocation Failure) 7584M->4308M(7610M) 115.012ms
[2026-09-25T04:29:46.206+0000][403.545s][info][gc,cpu         ] GC(112) User=0.45s Sys=0.01s Real=0.12s
[2026-09-25T04:29:51.096+0000][408.435s][info][gc,start       ] GC(113) Pause Young (Allocation Failure)
[2026-09-25T04:29:51.211+0000][408.550s][info][gc,heap        ] GC(113) PSYoungGen: 3424128K(3432448K)->51649K(3432960K) Eden: 3372032K(3372032K)->0K(3372032K) From: 52096K(60416K)->51649K(60928K)
[2026-09-25T04:29:51.211+0000][408.550s][info][gc,heap        ] GC(113) ParOldGen: 4360045K(4360192K)->4376261K(4376576K)
[2026-09-25T04:29:51.211+0000][408.550s][info][gc,metaspace   ] GC(113) Metaspace: 167760K(169536K)->167760K(169536K) NonClass: 141168K(142144K)->141168K(142144K) Class: 26592K(27392K)->26592K(27392K)
[2026-09-25T04:29:51.211+0000][408.550s][info][gc             ] GC(113) Pause Young (Allocation Failure) 7601M->4324M(7626M) 115.147ms
[2026-09-25T04:29:51.211+0000][408.550s][info][gc,cpu         ] GC(113) User=0.44s Sys=0.01s Real=0.12s
[2026-09-25T04:29:56.957+0000][414.296s][info][gc,start       ] GC(114) Pause Young (Allocation Failure)
[2026-09-25T04:29:57.080+0000][414.419s][info][gc,heap        ] GC(114) PSYoungGen: 3423681K(3432960K)->60402K(3412992K) Eden: 3372032K(3372032K)->0K(3352576K) From: 51649K(60928K)->60402K(60416K)
[2026-09-25T04:29:57.080+0000][414.419s][info][gc,heap        ] GC(114) ParOldGen: 4376261K(4376576K)->4398690K(4399104K)
[2026-09-25T04:29:57.080+0000][414.419s][info][gc,metaspace   ] GC(114) Metaspace: 170163K(171904K)->170163K(171904K) NonClass: 143336K(144320K)->143336K(144320K) Class: 26826K(27584K)->26826K(27584K)
[2026-09-25T04:29:57.080+0000][414.419s][info][gc             ] GC(114) Pause Young (Allocation Failure) 7617M->4354M(7629M) 122.908ms
[2026-09-25T04:29:57.080+0000][414.419s][info][gc,cpu         ] GC(114) User=0.47s Sys=0.02s Real=0.12s
[2026-09-25T04:30:02.139+0000][419.478s][info][gc,start       ] GC(115) Pause Young (Allocation Failure)
[2026-09-25T04:30:02.257+0000][419.596s][info][gc,heap        ] GC(115) PSYoungGen: 3412978K(3412992K)->49536K(3423744K) Eden: 3352576K(3352576K)->0K(3352576K) From: 60402K(60416K)->49536K(71168K)
[2026-09-25T04:30:02.257+0000][419.596s][info][gc,heap        ] GC(115) ParOldGen: 4398690K(4399104K)->4416054K(4416512K)
[2026-09-25T04:30:02.257+0000][419.596s][info][gc,metaspace   ] GC(115) Metaspace: 170221K(171968K)->170221K(171968K) NonClass: 143388K(144384K)->143388K(144384K) Class: 26832K(27584K)->26832K(27584K)
[2026-09-25T04:30:02.257+0000][419.596s][info][gc             ] GC(115) Pause Young (Allocation Failure) 7628M->4360M(7656M) 117.733ms
[2026-09-25T04:30:02.257+0000][419.596s][info][gc,cpu         ] GC(115) User=0.46s Sys=0.01s Real=0.12s
[2026-09-25T04:30:07.144+0000][424.483s][info][gc,start       ] GC(116) Pause Young (Allocation Failure)
[2026-09-25T04:30:07.260+0000][424.599s][info][gc,heap        ] GC(116) PSYoungGen: 3402112K(3423744K)->51073K(3421184K) Eden: 3352576K(3352576K)->0K(3353088K) From: 49536K(71168K)->51073K(68096K)
[2026-09-25T04:30:07.260+0000][424.599s][info][gc,heap        ] GC(116) ParOldGen: 4416054K(4416512K)->4430254K(4430336K)
[2026-09-25T04:30:07.260+0000][424.599s][info][gc,metaspace   ] GC(116) Metaspace: 170225K(171968K)->170225K(171968K) NonClass: 143392K(144384K)->143392K(144384K) Class: 26833K(27584K)->26833K(27584K)
[2026-09-25T04:30:07.260+0000][424.599s][info][gc             ] GC(116) Pause Young (Allocation Failure) 7634M->4376M(7667M) 116.332ms
[2026-09-25T04:30:07.260+0000][424.599s][info][gc,cpu         ] GC(116) User=0.46s Sys=0.01s Real=0.12s
[2026-09-25T04:30:12.133+0000][429.472s][info][gc,start       ] GC(117) Pause Young (Allocation Failure)
[2026-09-25T04:30:12.246+0000][429.585s][info][gc,heap        ] GC(117) PSYoungGen: 3404161K(3421184K)->52737K(3422720K) Eden: 3353088K(3353088K)->0K(3353088K) From: 51073K(68096K)->52737K(69632K)
[2026-09-25T04:30:12.246+0000][429.585s][info][gc,heap        ] GC(117) ParOldGen: 4430254K(4430336K)->4447990K(4448256K)
[2026-09-25T04:30:12.246+0000][429.585s][info][gc,metaspace   ] GC(117) Metaspace: 170225K(171968K)->170225K(171968K) NonClass: 143392K(144384K)->143392K(144384K) Class: 26833K(27584K)->26833K(27584K)
[2026-09-25T04:30:12.246+0000][429.585s][info][gc             ] GC(117) Pause Young (Allocation Failure) 7650M->4395M(7686M) 113.147ms
[2026-09-25T04:30:12.246+0000][429.585s][info][gc,cpu         ] GC(117) User=0.45s Sys=0.01s Real=0.12s
[2026-09-25T04:30:17.091+0000][434.430s][info][gc,start       ] GC(118) Pause Young (Allocation Failure)
[2026-09-25T04:30:17.208+0000][434.547s][info][gc,heap        ] GC(118) PSYoungGen: 3405825K(3422720K)->50304K(3423744K) Eden: 3353088K(3353088K)->0K(3356672K) From: 52737K(69632K)->50304K(67072K)
[2026-09-25T04:30:17.208+0000][434.547s][info][gc,heap        ] GC(118) ParOldGen: 4447990K(4448256K)->4466995K(4467200K)
[2026-09-25T04:30:17.208+0000][434.547s][info][gc,metaspace   ] GC(118) Metaspace: 170240K(171968K)->170240K(171968K) NonClass: 143407K(144384K)->143407K(144384K) Class: 26833K(27584K)->26833K(27584K)
[2026-09-25T04:30:17.208+0000][434.547s][info][gc             ] GC(118) Pause Young (Allocation Failure) 7669M->4411M(7706M) 116.343ms
[2026-09-25T04:30:17.208+0000][434.547s][info][gc,cpu         ] GC(118) User=0.46s Sys=0.01s Real=0.12s
[2026-09-25T04:30:22.033+0000][439.372s][info][gc,start       ] GC(119) Pause Young (Allocation Failure)
[2026-09-25T04:30:22.147+0000][439.486s][info][gc,heap        ] GC(119) PSYoungGen: 3406976K(3423744K)->51472K(3424768K) Eden: 3356672K(3356672K)->0K(3356672K) From: 50304K(67072K)->51472K(68096K)
[2026-09-25T04:30:22.147+0000][439.486s][info][gc,heap        ] GC(119) ParOldGen: 4466995K(4467200K)->4481405K(4481536K)
[2026-09-25T04:30:22.147+0000][439.486s][info][gc,metaspace   ] GC(119) Metaspace: 170245K(171968K)->170245K(171968K) NonClass: 143412K(144384K)->143412K(144384K) Class: 26833K(27584K)->26833K(27584K)
[2026-09-25T04:30:22.147+0000][439.486s][info][gc             ] GC(119) Pause Young (Allocation Failure) 7689M->4426M(7721M) 113.639ms
[2026-09-25T04:30:22.147+0000][439.486s][info][gc,cpu         ] GC(119) User=0.45s Sys=0.00s Real=0.12s
[2026-09-25T04:30:26.926+0000][444.265s][info][gc,start       ] GC(120) Pause Young (Allocation Failure)
[2026-09-25T04:30:27.040+0000][444.379s][info][gc,heap        ] GC(120) PSYoungGen: 3408144K(3424768K)->49744K(3425792K) Eden: 3356672K(3356672K)->0K(3359744K) From: 51472K(68096K)->49744K(66048K)
[2026-09-25T04:30:27.040+0000][444.379s][info][gc,heap        ] GC(120) ParOldGen: 4481405K(4481536K)->4498657K(4498944K)
[2026-09-25T04:30:27.040+0000][444.379s][info][gc,metaspace   ] GC(120) Metaspace: 170253K(171968K)->170253K(171968K) NonClass: 143420K(144384K)->143420K(144384K) Class: 26833K(27584K)->26833K(27584K)
[2026-09-25T04:30:27.040+0000][444.379s][info][gc             ] GC(120) Pause Young (Allocation Failure) 7704M->4441M(7739M) 113.972ms
[2026-09-25T04:30:27.040+0000][444.379s][info][gc,cpu         ] GC(120) User=0.45s Sys=0.01s Real=0.11s
[2026-09-25T04:30:29.116+0000][446.455s][info][gc,start       ] GC(121) Pause Young (CodeCache GC Threshold)
[2026-09-25T04:30:29.235+0000][446.575s][info][gc,heap        ] GC(121) PSYoungGen: 1254173K(3425792K)->47658K(3426304K) Eden: 1204428K(3359744K)->0K(3359744K) From: 49744K(66048K)->47658K(66560K)
[2026-09-25T04:30:29.235+0000][446.575s][info][gc,heap        ] GC(121) ParOldGen: 4498657K(4498944K)->4517378K(4517888K)
[2026-09-25T04:30:29.235+0000][446.575s][info][gc,metaspace   ] GC(121) Metaspace: 170992K(172736K)->170992K(172736K) NonClass: 144042K(145024K)->144042K(145024K) Class: 26950K(27712K)->26950K(27712K)
[2026-09-25T04:30:29.236+0000][446.575s][info][gc             ] GC(121) Pause Young (CodeCache GC Threshold) 5617M->4458M(7758M) 119.618ms
[2026-09-25T04:30:29.236+0000][446.575s][info][gc,cpu         ] GC(121) User=0.45s Sys=0.01s Real=0.11s
[2026-09-25T04:30:29.236+0000][446.575s][info][gc,start       ] GC(122) Pause Full (CodeCache GC Threshold)
[2026-09-25T04:30:29.236+0000][446.575s][info][gc,phases,start] GC(122) Marking Phase
[2026-09-25T04:30:30.496+0000][447.835s][info][gc,phases      ] GC(122) Marking Phase 1260.215ms
[2026-09-25T04:30:30.496+0000][447.835s][info][gc,phases,start] GC(122) Summary Phase
[2026-09-25T04:30:30.496+0000][447.835s][info][gc,phases      ] GC(122) Summary Phase 0.124ms
[2026-09-25T04:30:30.496+0000][447.835s][info][gc,phases,start] GC(122) Adjust Roots
[2026-09-25T04:30:30.516+0000][447.855s][info][gc,phases      ] GC(122) Adjust Roots 20.206ms
[2026-09-25T04:30:30.516+0000][447.855s][info][gc,phases,start] GC(122) Compaction Phase
[2026-09-25T04:30:31.992+0000][449.331s][info][gc,phases      ] GC(122) Compaction Phase 1475.606ms
[2026-09-25T04:30:31.992+0000][449.331s][info][gc,phases,start] GC(122) Post Compact
[2026-09-25T04:30:32.006+0000][449.345s][info][gc,phases      ] GC(122) Post Compact 13.852ms
[2026-09-25T04:30:32.006+0000][449.345s][info][gc,heap        ] GC(122) PSYoungGen: 47658K(3426304K)->0K(3426304K) Eden: 0K(3359744K)->0K(3359744K) From: 47658K(66560K)->0K(66560K)
[2026-09-25T04:30:32.006+0000][449.345s][info][gc,heap        ] GC(122) ParOldGen: 4517378K(4517888K)->3635254K(4517888K)
[2026-09-25T04:30:32.006+0000][449.345s][info][gc,metaspace   ] GC(122) Metaspace: 170992K(172736K)->170992K(172736K) NonClass: 144042K(145024K)->144042K(145024K) Class: 26950K(27712K)->26950K(27712K)
[2026-09-25T04:30:32.006+0000][449.345s][info][gc             ] GC(122) Pause Full (CodeCache GC Threshold) 4458M->3550M(7758M) 2770.209ms
[2026-09-25T04:30:32.006+0000][449.345s][info][gc,cpu         ] GC(122) User=10.66s Sys=0.02s Real=2.78s
[2026-09-25T04:30:37.968+0000][455.307s][info][gc,start       ] GC(123) Pause Young (Allocation Failure)
[2026-09-25T04:30:38.278+0000][455.617s][info][gc,heap        ] GC(123) PSYoungGen: 3359744K(3426304K)->66560K(3033088K) Eden: 3359744K(3359744K)->0K(2966528K) From: 0K(66560K)->66560K(66560K)
[2026-09-25T04:30:38.278+0000][455.617s][info][gc,heap        ] GC(123) ParOldGen: 3635254K(4517888K)->4159815K(4517888K)
[2026-09-25T04:30:38.278+0000][455.617s][info][gc,metaspace   ] GC(123) Metaspace: 171454K(173184K)->171454K(173184K) NonClass: 144480K(145472K)->144480K(145472K) Class: 26973K(27712K)->26973K(27712K)
[2026-09-25T04:30:38.278+0000][455.617s][info][gc             ] GC(123) Pause Young (Allocation Failure) 6831M->4127M(7374M) 309.575ms
[2026-09-25T04:30:38.278+0000][455.617s][info][gc,cpu         ] GC(123) User=1.24s Sys=0.00s Real=0.31s
[2026-09-25T04:30:43.655+0000][460.994s][info][gc,start       ] GC(124) Pause Young (Allocation Failure)
[2026-09-25T04:30:43.953+0000][461.292s][info][gc,heap        ] GC(124) PSYoungGen: 3033088K(3033088K)->264192K(3230720K) Eden: 2966528K(2966528K)->0K(2966528K) From: 66560K(66560K)->264192K(264192K)
[2026-09-25T04:30:43.953+0000][461.292s][info][gc,heap        ] GC(124) ParOldGen: 4159815K(4517888K)->4528519K(4528640K)
[2026-09-25T04:30:43.953+0000][461.292s][info][gc,metaspace   ] GC(124) Metaspace: 171539K(173248K)->171539K(173248K) NonClass: 144553K(145536K)->144553K(145536K) Class: 26985K(27712K)->26985K(27712K)
[2026-09-25T04:30:43.953+0000][461.292s][info][gc             ] GC(124) Pause Young (Allocation Failure) 7024M->4680M(7577M) 297.649ms
[2026-09-25T04:30:43.953+0000][461.292s][info][gc,cpu         ] GC(124) User=1.18s Sys=0.00s Real=0.30s
[2026-09-25T04:30:49.339+0000][466.678s][info][gc,start       ] GC(125) Pause Young (Allocation Failure)
[2026-09-25T04:30:49.795+0000][467.134s][info][gc,heap        ] GC(125) PSYoungGen: 3230720K(3230720K)->264192K(2425856K) Eden: 2966528K(2966528K)->0K(2161664K) From: 264192K(264192K)->264192K(264192K)
[2026-09-25T04:30:49.795+0000][467.134s][info][gc,heap        ] GC(125) ParOldGen: 4528519K(4528640K)->5104768K(5105152K)
[2026-09-25T04:30:49.795+0000][467.134s][info][gc,metaspace   ] GC(125) Metaspace: 171561K(173248K)->171561K(173248K) NonClass: 144575K(145536K)->144575K(145536K) Class: 26985K(27712K)->26985K(27712K)
[2026-09-25T04:30:49.795+0000][467.134s][info][gc             ] GC(125) Pause Young (Allocation Failure) 7577M->5243M(7354M) 455.943ms
[2026-09-25T04:30:49.795+0000][467.134s][info][gc,cpu         ] GC(125) User=1.46s Sys=0.29s Real=0.45s
[2026-09-25T04:30:53.675+0000][471.014s][info][gc,start       ] GC(126) Pause Young (Allocation Failure)
[2026-09-25T04:30:53.991+0000][471.330s][info][gc,heap        ] GC(126) PSYoungGen: 2425856K(2425856K)->405183K(2567168K) Eden: 2161664K(2161664K)->0K(2161664K) From: 264192K(264192K)->405183K(405504K)
[2026-09-25T04:30:53.991+0000][471.330s][info][gc,heap        ] GC(126) ParOldGen: 5104768K(5105152K)->5374613K(5374976K)
[2026-09-25T04:30:53.991+0000][471.330s][info][gc,metaspace   ] GC(126) Metaspace: 171576K(173248K)->171576K(173248K) NonClass: 144591K(145536K)->144591K(145536K) Class: 26985K(27712K)->26985K(27712K)
[2026-09-25T04:30:53.991+0000][471.330s][info][gc             ] GC(126) Pause Young (Allocation Failure) 7354M->5644M(7756M) 316.435ms
[2026-09-25T04:30:53.991+0000][471.330s][info][gc,cpu         ] GC(126) User=1.08s Sys=0.15s Real=0.32s
[2026-09-25T04:30:57.984+0000][475.323s][info][gc,heap,exit   ] Heap
[2026-09-25T04:30:57.984+0000][475.323s][info][gc,heap,exit   ]  PSYoungGen      total 2567168K, used 2242864K [0x000000072ab00000, 0x0000000800000000, 0x0000000800000000)
[2026-09-25T04:30:57.984+0000][475.323s][info][gc,heap,exit   ]   eden space 2161664K, 85% used [0x000000072ab00000,0x000000079ad9c340,0x00000007aea00000)
[2026-09-25T04:30:57.984+0000][475.323s][info][gc,heap,exit   ]   from space 405504K, 99% used [0x00000007aea00000,0x00000007c75afe90,0x00000007c7600000)
[2026-09-25T04:30:57.984+0000][475.323s][info][gc,heap,exit   ]   to   space 688640K, 0% used [0x00000007d5f80000,0x00000007d5f80000,0x0000000800000000)
[2026-09-25T04:30:57.984+0000][475.323s][info][gc,heap,exit   ]  ParOldGen       total 5374976K, used 5374613K [0x0000000580000000, 0x00000006c8100000, 0x000000072ab00000)
[2026-09-25T04:30:57.984+0000][475.323s][info][gc,heap,exit   ]   object space 5374976K, 99% used [0x0000000580000000,0x00000006c80a5410,0x00000006c8100000)
[2026-09-25T04:30:57.984+0000][475.323s][info][gc,heap,exit   ]  Metaspace       used 171660K, committed 173440K, reserved 1245184K
[2026-09-25T04:30:57.984+0000][475.323s][info][gc,heap,exit   ]   class space    used 27000K, committed 27776K, reserved 1048576K
