[2026-09-25T15:59:08.583+0000][0.009s][info][gc,init] CardTable entry size: 512
[2026-09-25T15:59:08.583+0000][0.009s][info][gc     ] Using Parallel
[2026-09-25T15:59:08.591+0000][0.018s][info][gc,init] Version: 21.0.12.1+1-LTS (release)
[2026-09-25T15:59:08.591+0000][0.018s][info][gc,init] CPUs: 4 total, 4 available
[2026-09-25T15:59:08.591+0000][0.018s][info][gc,init] Memory: 15989M
[2026-09-25T15:59:08.591+0000][0.018s][info][gc,init] Large Page Support: Disabled
[2026-09-25T15:59:08.591+0000][0.018s][info][gc,init] NUMA Support: Disabled
[2026-09-25T15:59:08.591+0000][0.018s][info][gc,init] Compressed Oops: Enabled (Zero based)
[2026-09-25T15:59:08.591+0000][0.018s][info][gc,init] Alignments: Space 512K, Generation 512K, Heap 2M
[2026-09-25T15:59:08.591+0000][0.018s][info][gc,init] Heap Min Capacity: 4G
[2026-09-25T15:59:08.591+0000][0.018s][info][gc,init] Heap Initial Capacity: 4G
[2026-09-25T15:59:08.591+0000][0.018s][info][gc,init] Heap Max Capacity: 10G
[2026-09-25T15:59:08.591+0000][0.018s][info][gc,init] Pre-touch: Disabled
[2026-09-25T15:59:08.591+0000][0.018s][info][gc,init] Parallel Workers: 4
[2026-09-25T15:59:08.599+0000][0.025s][info][gc,metaspace] CDS archive(s) mapped at: [0x00007f8b97000000-0x00007f8b97c9c000-0x00007f8b97c9c000), size 13221888, SharedBaseAddress: 0x00007f8b97000000, ArchiveRelocationMode: 1.
[2026-09-25T15:59:08.599+0000][0.025s][info][gc,metaspace] Compressed class space mapped at: 0x00007f8b98000000-0x00007f8bd8000000, reserved size: 1073741824
[2026-09-25T15:59:08.599+0000][0.025s][info][gc,metaspace] Narrow klass base: 0x00007f8b97000000, Narrow klass shift: 0, Narrow klass range: 0x100000000
[2026-09-25T15:59:10.685+0000][2.111s][info][gc,start    ] GC(0) Pause Young (Metadata GC Threshold)
[2026-09-25T15:59:10.690+0000][2.116s][info][gc,heap     ] GC(0) PSYoungGen: 919414K(1223168K)->12690K(1223168K) Eden: 919414K(1048576K)->0K(1048576K) From: 0K(174592K)->12690K(174592K)
[2026-09-25T15:59:10.690+0000][2.116s][info][gc,heap     ] GC(0) ParOldGen: 1073K(2796544K)->1145K(2796544K)
[2026-09-25T15:59:10.690+0000][2.116s][info][gc,metaspace] GC(0) Metaspace: 21074K(21504K)->21074K(21504K) NonClass: 18700K(18944K)->18700K(18944K) Class: 2374K(2560K)->2374K(2560K)
[2026-09-25T15:59:10.690+0000][2.116s][info][gc          ] GC(0) Pause Young (Metadata GC Threshold) 898M->13M(3925M) 5.151ms
[2026-09-25T15:59:10.690+0000][2.116s][info][gc,cpu      ] GC(0) User=0.02s Sys=0.00s Real=0.00s
[2026-09-25T15:59:10.690+0000][2.116s][info][gc,start    ] GC(1) Pause Full (Metadata GC Threshold)
[2026-09-25T15:59:10.690+0000][2.116s][info][gc,phases,start] GC(1) Marking Phase
[2026-09-25T15:59:10.696+0000][2.123s][info][gc,phases      ] GC(1) Marking Phase 6.564ms
[2026-09-25T15:59:10.696+0000][2.123s][info][gc,phases,start] GC(1) Summary Phase
[2026-09-25T15:59:10.696+0000][2.123s][info][gc,phases      ] GC(1) Summary Phase 0.008ms
[2026-09-25T15:59:10.696+0000][2.123s][info][gc,phases,start] GC(1) Adjust Roots
[2026-09-25T15:59:10.699+0000][2.125s][info][gc,phases      ] GC(1) Adjust Roots 2.218ms
[2026-09-25T15:59:10.699+0000][2.125s][info][gc,phases,start] GC(1) Compaction Phase
[2026-09-25T15:59:10.704+0000][2.130s][info][gc,phases      ] GC(1) Compaction Phase 5.403ms
[2026-09-25T15:59:10.704+0000][2.130s][info][gc,phases,start] GC(1) Post Compact
[2026-09-25T15:59:10.705+0000][2.131s][info][gc,phases      ] GC(1) Post Compact 1.101ms
[2026-09-25T15:59:10.705+0000][2.131s][info][gc,heap        ] GC(1) PSYoungGen: 12690K(1223168K)->0K(1223168K) Eden: 0K(1048576K)->0K(1048576K) From: 12690K(174592K)->0K(174592K)
[2026-09-25T15:59:10.705+0000][2.131s][info][gc,heap        ] GC(1) ParOldGen: 1145K(2796544K)->13575K(2796544K)
[2026-09-25T15:59:10.705+0000][2.131s][info][gc,metaspace   ] GC(1) Metaspace: 21074K(21504K)->21074K(21504K) NonClass: 18700K(18944K)->18700K(18944K) Class: 2374K(2560K)->2374K(2560K)
[2026-09-25T15:59:10.705+0000][2.131s][info][gc             ] GC(1) Pause Full (Metadata GC Threshold) 13M->13M(3925M) 15.421ms
[2026-09-25T15:59:10.705+0000][2.131s][info][gc,cpu         ] GC(1) User=0.03s Sys=0.00s Real=0.02s
[2026-09-25T15:59:11.639+0000][3.065s][info][gc,start       ] GC(2) Pause Young (Metadata GC Threshold)
[2026-09-25T15:59:11.657+0000][3.084s][info][gc,heap        ] GC(2) PSYoungGen: 412764K(1223168K)->50969K(1223168K) Eden: 412764K(1048576K)->0K(1048576K) From: 0K(174592K)->50969K(174592K)
[2026-09-25T15:59:11.657+0000][3.084s][info][gc,heap        ] GC(2) ParOldGen: 13575K(2796544K)->13583K(2796544K)
[2026-09-25T15:59:11.657+0000][3.084s][info][gc,metaspace   ] GC(2) Metaspace: 35333K(35840K)->35333K(35840K) NonClass: 31270K(31552K)->31270K(31552K) Class: 4063K(4288K)->4063K(4288K)
[2026-09-25T15:59:11.658+0000][3.084s][info][gc             ] GC(2) Pause Young (Metadata GC Threshold) 416M->63M(3925M) 18.803ms
[2026-09-25T15:59:11.658+0000][3.084s][info][gc,cpu         ] GC(2) User=0.07s Sys=0.01s Real=0.02s
[2026-09-25T15:59:11.658+0000][3.084s][info][gc,start       ] GC(3) Pause Full (Metadata GC Threshold)
[2026-09-25T15:59:11.658+0000][3.084s][info][gc,phases,start] GC(3) Marking Phase
[2026-09-25T15:59:11.676+0000][3.102s][info][gc,phases      ] GC(3) Marking Phase 18.428ms
[2026-09-25T15:59:11.676+0000][3.102s][info][gc,phases,start] GC(3) Summary Phase
[2026-09-25T15:59:11.676+0000][3.102s][info][gc,phases      ] GC(3) Summary Phase 0.015ms
[2026-09-25T15:59:11.676+0000][3.102s][info][gc,phases,start] GC(3) Adjust Roots
[2026-09-25T15:59:11.679+0000][3.105s][info][gc,phases      ] GC(3) Adjust Roots 2.740ms
[2026-09-25T15:59:11.679+0000][3.105s][info][gc,phases,start] GC(3) Compaction Phase
[2026-09-25T15:59:11.712+0000][3.138s][info][gc,phases      ] GC(3) Compaction Phase 33.124ms
[2026-09-25T15:59:11.712+0000][3.138s][info][gc,phases,start] GC(3) Post Compact
[2026-09-25T15:59:11.713+0000][3.139s][info][gc,phases      ] GC(3) Post Compact 0.747ms
[2026-09-25T15:59:11.713+0000][3.139s][info][gc,heap        ] GC(3) PSYoungGen: 50969K(1223168K)->0K(1223168K) Eden: 0K(1048576K)->0K(1048576K) From: 50969K(174592K)->0K(174592K)
[2026-09-25T15:59:11.713+0000][3.139s][info][gc,heap        ] GC(3) ParOldGen: 13583K(2796544K)->64229K(2796544K)
[2026-09-25T15:59:11.713+0000][3.139s][info][gc,metaspace   ] GC(3) Metaspace: 35333K(35840K)->35333K(35840K) NonClass: 31270K(31552K)->31270K(31552K) Class: 4063K(4288K)->4063K(4288K)
[2026-09-25T15:59:11.713+0000][3.139s][info][gc             ] GC(3) Pause Full (Metadata GC Threshold) 63M->62M(3925M) 55.210ms
[2026-09-25T15:59:11.713+0000][3.139s][info][gc,cpu         ] GC(3) User=0.18s Sys=0.00s Real=0.06s
[2026-09-25T15:59:13.064+0000][4.490s][info][gc,start       ] GC(4) Pause Young (Metadata GC Threshold)
[2026-09-25T15:59:13.086+0000][4.513s][info][gc,heap        ] GC(4) PSYoungGen: 437692K(1223168K)->42977K(1223168K) Eden: 437692K(1048576K)->0K(1048576K) From: 0K(174592K)->42977K(174592K)
[2026-09-25T15:59:13.086+0000][4.513s][info][gc,heap        ] GC(4) ParOldGen: 64229K(2796544K)->64237K(2796544K)
[2026-09-25T15:59:13.086+0000][4.513s][info][gc,metaspace   ] GC(4) Metaspace: 59174K(59776K)->59174K(59776K) NonClass: 50569K(50880K)->50569K(50880K) Class: 8605K(8896K)->8605K(8896K)
[2026-09-25T15:59:13.086+0000][4.513s][info][gc             ] GC(4) Pause Young (Metadata GC Threshold) 490M->104M(3925M) 22.333ms
[2026-09-25T15:59:13.087+0000][4.513s][info][gc,cpu         ] GC(4) User=0.07s Sys=0.02s Real=0.02s
[2026-09-25T15:59:13.087+0000][4.513s][info][gc,start       ] GC(5) Pause Full (Metadata GC Threshold)
[2026-09-25T15:59:13.087+0000][4.513s][info][gc,phases,start] GC(5) Marking Phase
[2026-09-25T15:59:13.122+0000][4.548s][info][gc,phases      ] GC(5) Marking Phase 35.627ms
[2026-09-25T15:59:13.122+0000][4.548s][info][gc,phases,start] GC(5) Summary Phase
[2026-09-25T15:59:13.122+0000][4.548s][info][gc,phases      ] GC(5) Summary Phase 0.007ms
[2026-09-25T15:59:13.122+0000][4.548s][info][gc,phases,start] GC(5) Adjust Roots
[2026-09-25T15:59:13.127+0000][4.553s][info][gc,phases      ] GC(5) Adjust Roots 5.103ms
[2026-09-25T15:59:13.127+0000][4.553s][info][gc,phases,start] GC(5) Compaction Phase
[2026-09-25T15:59:13.189+0000][4.615s][info][gc,phases      ] GC(5) Compaction Phase 61.567ms
[2026-09-25T15:59:13.189+0000][4.615s][info][gc,phases,start] GC(5) Post Compact
[2026-09-25T15:59:13.190+0000][4.616s][info][gc,phases      ] GC(5) Post Compact 0.963ms
[2026-09-25T15:59:13.190+0000][4.616s][info][gc,heap        ] GC(5) PSYoungGen: 42977K(1223168K)->0K(1223168K) Eden: 0K(1048576K)->0K(1048576K) From: 42977K(174592K)->0K(174592K)
[2026-09-25T15:59:13.190+0000][4.616s][info][gc,heap        ] GC(5) ParOldGen: 64237K(2796544K)->103069K(2796544K)
[2026-09-25T15:59:13.190+0000][4.616s][info][gc,metaspace   ] GC(5) Metaspace: 59174K(59776K)->59174K(59776K) NonClass: 50569K(50880K)->50569K(50880K) Class: 8605K(8896K)->8605K(8896K)
[2026-09-25T15:59:13.190+0000][4.616s][info][gc             ] GC(5) Pause Full (Metadata GC Threshold) 104M->100M(3925M) 103.420ms
[2026-09-25T15:59:13.190+0000][4.616s][info][gc,cpu         ] GC(5) User=0.36s Sys=0.00s Real=0.10s
[2026-09-25T15:59:15.625+0000][7.051s][info][gc,start       ] GC(6) Pause Young (Metadata GC Threshold)
[2026-09-25T15:59:15.716+0000][7.142s][info][gc,heap        ] GC(6) PSYoungGen: 767600K(1223168K)->174564K(1223168K) Eden: 767600K(1048576K)->0K(1048576K) From: 0K(174592K)->174564K(174592K)
[2026-09-25T15:59:15.716+0000][7.142s][info][gc,heap        ] GC(6) ParOldGen: 103069K(2796544K)->105541K(2796544K)
[2026-09-25T15:59:15.716+0000][7.142s][info][gc,metaspace   ] GC(6) Metaspace: 98801K(99648K)->98801K(99648K) NonClass: 84842K(85312K)->84842K(85312K) Class: 13959K(14336K)->13959K(14336K)
[2026-09-25T15:59:15.716+0000][7.142s][info][gc             ] GC(6) Pause Young (Metadata GC Threshold) 850M->273M(3925M) 90.619ms
[2026-09-25T15:59:15.716+0000][7.142s][info][gc,cpu         ] GC(6) User=0.34s Sys=0.02s Real=0.09s
[2026-09-25T15:59:15.716+0000][7.142s][info][gc,start       ] GC(7) Pause Full (Metadata GC Threshold)
[2026-09-25T15:59:15.716+0000][7.142s][info][gc,phases,start] GC(7) Marking Phase
[2026-09-25T15:59:15.812+0000][7.238s][info][gc,phases      ] GC(7) Marking Phase 95.593ms
[2026-09-25T15:59:15.812+0000][7.238s][info][gc,phases,start] GC(7) Summary Phase
[2026-09-25T15:59:15.812+0000][7.238s][info][gc,phases      ] GC(7) Summary Phase 0.028ms
[2026-09-25T15:59:15.812+0000][7.238s][info][gc,phases,start] GC(7) Adjust Roots
[2026-09-25T15:59:15.820+0000][7.246s][info][gc,phases      ] GC(7) Adjust Roots 8.453ms
[2026-09-25T15:59:15.820+0000][7.246s][info][gc,phases,start] GC(7) Compaction Phase
[2026-09-25T15:59:16.074+0000][7.500s][info][gc,phases      ] GC(7) Compaction Phase 253.400ms
[2026-09-25T15:59:16.074+0000][7.500s][info][gc,phases,start] GC(7) Post Compact
[2026-09-25T15:59:16.075+0000][7.501s][info][gc,phases      ] GC(7) Post Compact 1.663ms
[2026-09-25T15:59:16.075+0000][7.501s][info][gc,heap        ] GC(7) PSYoungGen: 174564K(1223168K)->0K(1223168K) Eden: 0K(1048576K)->0K(1048576K) From: 174564K(174592K)->0K(174592K)
[2026-09-25T15:59:16.075+0000][7.501s][info][gc,heap        ] GC(7) ParOldGen: 105541K(2796544K)->278473K(2796544K)
[2026-09-25T15:59:16.075+0000][7.501s][info][gc,metaspace   ] GC(7) Metaspace: 98801K(99648K)->98801K(99648K) NonClass: 84842K(85312K)->84842K(85312K) Class: 13959K(14336K)->13959K(14336K)
[2026-09-25T15:59:16.075+0000][7.501s][info][gc             ] GC(7) Pause Full (Metadata GC Threshold) 273M->271M(3925M) 359.297ms
[2026-09-25T15:59:16.075+0000][7.501s][info][gc,cpu         ] GC(7) User=1.34s Sys=0.01s Real=0.36s
[2026-09-25T15:59:18.687+0000][10.113s][info][gc,start       ] GC(8) Pause Young (Allocation Failure)
[2026-09-25T15:59:18.714+0000][10.141s][info][gc,heap        ] GC(8) PSYoungGen: 1048576K(1223168K)->43951K(1223168K) Eden: 1048576K(1048576K)->0K(1048576K) From: 0K(174592K)->43951K(174592K)
[2026-09-25T15:59:18.714+0000][10.141s][info][gc,heap        ] GC(8) ParOldGen: 278473K(2796544K)->278489K(2796544K)
[2026-09-25T15:59:18.714+0000][10.141s][info][gc,metaspace   ] GC(8) Metaspace: 119241K(120256K)->119241K(120256K) NonClass: 102077K(102656K)->102077K(102656K) Class: 17163K(17600K)->17163K(17600K)
[2026-09-25T15:59:18.714+0000][10.141s][info][gc             ] GC(8) Pause Young (Allocation Failure) 1295M->314M(3925M) 27.804ms
[2026-09-25T15:59:18.714+0000][10.141s][info][gc,cpu         ] GC(8) User=0.10s Sys=0.00s Real=0.03s
[2026-09-25T15:59:24.373+0000][15.799s][info][gc,start       ] GC(9) Pause Young (Allocation Failure)
[2026-09-25T15:59:24.421+0000][15.847s][info][gc,heap        ] GC(9) PSYoungGen: 1092527K(1223168K)->123179K(2237440K) Eden: 1048576K(1048576K)->0K(2079232K) From: 43951K(174592K)->123179K(158208K)
[2026-09-25T15:59:24.421+0000][15.847s][info][gc,heap        ] GC(9) ParOldGen: 278489K(2796544K)->278529K(2796544K)
[2026-09-25T15:59:24.421+0000][15.847s][info][gc,metaspace   ] GC(9) Metaspace: 149427K(150656K)->149427K(150656K) NonClass: 125070K(125760K)->125070K(125760K) Class: 24356K(24896K)->24356K(24896K)
[2026-09-25T15:59:24.421+0000][15.847s][info][gc             ] GC(9) Pause Young (Allocation Failure) 1338M->392M(4916M) 47.926ms
[2026-09-25T15:59:24.421+0000][15.847s][info][gc,cpu         ] GC(9) User=0.18s Sys=0.01s Real=0.05s
[2026-09-25T15:59:25.239+0000][16.665s][info][gc,start       ] GC(10) Pause Young (CodeCache GC Threshold)
[2026-09-25T15:59:25.285+0000][16.711s][info][gc,heap        ] GC(10) PSYoungGen: 448252K(2237440K)->163781K(2255360K) Eden: 325072K(2079232K)->0K(2079232K) From: 123179K(158208K)->163781K(176128K)
[2026-09-25T15:59:25.285+0000][16.711s][info][gc,heap        ] GC(10) ParOldGen: 278529K(2796544K)->278561K(2796544K)
[2026-09-25T15:59:25.285+0000][16.711s][info][gc,metaspace   ] GC(10) Metaspace: 150377K(151680K)->150377K(151680K) NonClass: 125896K(126656K)->125896K(126656K) Class: 24480K(25024K)->24480K(25024K)
[2026-09-25T15:59:25.285+0000][16.711s][info][gc             ] GC(10) Pause Young (CodeCache GC Threshold) 709M->431M(4933M) 45.511ms
[2026-09-25T15:59:25.285+0000][16.711s][info][gc,cpu         ] GC(10) User=0.16s Sys=0.01s Real=0.05s
[2026-09-25T15:59:25.285+0000][16.711s][info][gc,start       ] GC(11) Pause Full (CodeCache GC Threshold)
[2026-09-25T15:59:25.285+0000][16.711s][info][gc,phases,start] GC(11) Marking Phase
[2026-09-25T15:59:25.440+0000][16.866s][info][gc,phases      ] GC(11) Marking Phase 154.694ms
[2026-09-25T15:59:25.440+0000][16.866s][info][gc,phases,start] GC(11) Summary Phase
[2026-09-25T15:59:25.440+0000][16.866s][info][gc,phases      ] GC(11) Summary Phase 0.025ms
[2026-09-25T15:59:25.440+0000][16.866s][info][gc,phases,start] GC(11) Adjust Roots
[2026-09-25T15:59:25.459+0000][16.885s][info][gc,phases      ] GC(11) Adjust Roots 19.591ms
[2026-09-25T15:59:25.459+0000][16.885s][info][gc,phases,start] GC(11) Compaction Phase
[2026-09-25T15:59:25.722+0000][17.149s][info][gc,phases      ] GC(11) Compaction Phase 263.063ms
[2026-09-25T15:59:25.722+0000][17.149s][info][gc,phases,start] GC(11) Post Compact
[2026-09-25T15:59:25.728+0000][17.155s][info][gc,phases      ] GC(11) Post Compact 5.995ms
[2026-09-25T15:59:25.728+0000][17.155s][info][gc,heap        ] GC(11) PSYoungGen: 163781K(2255360K)->0K(2255360K) Eden: 0K(2079232K)->0K(2079232K) From: 163781K(176128K)->0K(176128K)
[2026-09-25T15:59:25.728+0000][17.155s][info][gc,heap        ] GC(11) ParOldGen: 278561K(2796544K)->402613K(2796544K)
[2026-09-25T15:59:25.728+0000][17.155s][info][gc,metaspace   ] GC(11) Metaspace: 150377K(151680K)->150313K(151680K) NonClass: 125896K(126656K)->125847K(126656K) Class: 24480K(25024K)->24465K(25024K)
[2026-09-25T15:59:25.728+0000][17.155s][info][gc             ] GC(11) Pause Full (CodeCache GC Threshold) 431M->393M(4933M) 443.564ms
[2026-09-25T15:59:25.728+0000][17.155s][info][gc,cpu         ] GC(11) User=1.57s Sys=0.01s Real=0.44s
[2026-09-25T15:59:28.940+0000][20.367s][info][gc,start       ] GC(12) Pause Young (Allocation Failure)
[2026-09-25T15:59:29.035+0000][20.461s][info][gc,heap        ] GC(12) PSYoungGen: 2079232K(2255360K)->206335K(2177024K) Eden: 2079232K(2079232K)->0K(1970688K) From: 0K(176128K)->206335K(206336K)
[2026-09-25T15:59:29.035+0000][20.461s][info][gc,heap        ] GC(12) ParOldGen: 402613K(2796544K)->605160K(2796544K)
[2026-09-25T15:59:29.035+0000][20.461s][info][gc,metaspace   ] GC(12) Metaspace: 152739K(154048K)->152739K(154048K) NonClass: 127936K(128704K)->127936K(128704K) Class: 24803K(25344K)->24803K(25344K)
[2026-09-25T15:59:29.035+0000][20.461s][info][gc             ] GC(12) Pause Young (Allocation Failure) 2423M->792M(4857M) 94.817ms
[2026-09-25T15:59:29.035+0000][20.461s][info][gc,cpu         ] GC(12) User=0.32s Sys=0.05s Real=0.10s
[2026-09-25T15:59:32.267+0000][23.693s][info][gc,start       ] GC(13) Pause Young (Allocation Failure)
[2026-09-25T15:59:32.385+0000][23.812s][info][gc,heap        ] GC(13) PSYoungGen: 2177023K(2177024K)->332799K(2303488K) Eden: 1970688K(1970688K)->0K(1970688K) From: 206335K(206336K)->332799K(332800K)
[2026-09-25T15:59:32.385+0000][23.812s][info][gc,heap        ] GC(13) ParOldGen: 605160K(2796544K)->902652K(2796544K)
[2026-09-25T15:59:32.385+0000][23.812s][info][gc,metaspace   ] GC(13) Metaspace: 153184K(154560K)->153184K(154560K) NonClass: 128324K(129152K)->128324K(129152K) Class: 24859K(25408K)->24859K(25408K)
[2026-09-25T15:59:32.385+0000][23.812s][info][gc             ] GC(13) Pause Young (Allocation Failure) 2716M->1206M(4980M) 118.495ms
[2026-09-25T15:59:32.386+0000][23.812s][info][gc,cpu         ] GC(13) User=0.42s Sys=0.04s Real=0.12s
[2026-09-25T15:59:35.137+0000][26.563s][info][gc,start       ] GC(14) Pause Young (Allocation Failure)
[2026-09-25T15:59:35.267+0000][26.693s][info][gc,heap        ] GC(14) PSYoungGen: 2303487K(2303488K)->513531K(2655744K) Eden: 1970688K(1970688K)->0K(2142208K) From: 332799K(332800K)->513531K(513536K)
[2026-09-25T15:59:35.267+0000][26.693s][info][gc,heap        ] GC(14) ParOldGen: 902652K(2796544K)->1099771K(2796544K)
[2026-09-25T15:59:35.267+0000][26.693s][info][gc,metaspace   ] GC(14) Metaspace: 153979K(155456K)->153979K(155456K) NonClass: 129004K(129856K)->129004K(129856K) Class: 24975K(25600K)->24975K(25600K)
[2026-09-25T15:59:35.267+0000][26.693s][info][gc             ] GC(14) Pause Young (Allocation Failure) 3130M->1575M(5324M) 130.457ms
[2026-09-25T15:59:35.267+0000][26.693s][info][gc,cpu         ] GC(14) User=0.40s Sys=0.12s Real=0.13s
[2026-09-25T15:59:38.324+0000][29.750s][info][gc,start       ] GC(15) Pause Young (Allocation Failure)
[2026-09-25T15:59:38.507+0000][29.933s][info][gc,heap        ] GC(15) PSYoungGen: 2655739K(2655744K)->334483K(2818560K) Eden: 2142208K(2142208K)->0K(2142208K) From: 513531K(513536K)->334483K(676352K)
[2026-09-25T15:59:38.507+0000][29.934s][info][gc,heap        ] GC(15) ParOldGen: 1099771K(2796544K)->1629114K(2796544K)
[2026-09-25T15:59:38.507+0000][29.934s][info][gc,metaspace   ] GC(15) Metaspace: 154566K(156032K)->154566K(156032K) NonClass: 129526K(130368K)->129526K(130368K) Class: 25039K(25664K)->25039K(25664K)
[2026-09-25T15:59:38.507+0000][29.934s][info][gc             ] GC(15) Pause Young (Allocation Failure) 3667M->1917M(5483M) 183.449ms
[2026-09-25T15:59:38.507+0000][29.934s][info][gc,cpu         ] GC(15) User=0.50s Sys=0.14s Real=0.18s
[2026-09-25T15:59:41.673+0000][33.099s][info][gc,start       ] GC(16) Pause Young (Allocation Failure)
[2026-09-25T15:59:41.841+0000][33.267s][info][gc,heap        ] GC(16) PSYoungGen: 2476691K(2818560K)->312384K(2776576K) Eden: 2142208K(2142208K)->0K(2149376K) From: 334483K(676352K)->312384K(627200K)
[2026-09-25T15:59:41.841+0000][33.267s][info][gc,heap        ] GC(16) ParOldGen: 1629114K(2796544K)->1971547K(2796544K)
[2026-09-25T15:59:41.841+0000][33.268s][info][gc,metaspace   ] GC(16) Metaspace: 154922K(156352K)->154922K(156352K) NonClass: 129848K(130688K)->129848K(130688K) Class: 25073K(25664K)->25073K(25664K)
[2026-09-25T15:59:41.841+0000][33.268s][info][gc             ] GC(16) Pause Young (Allocation Failure) 4009M->2230M(5442M) 168.832ms
[2026-09-25T15:59:41.841+0000][33.268s][info][gc,cpu         ] GC(16) User=0.50s Sys=0.13s Real=0.17s
[2026-09-25T15:59:45.030+0000][36.456s][info][gc,start       ] GC(17) Pause Young (Allocation Failure)
[2026-09-25T15:59:45.176+0000][36.602s][info][gc,heap        ] GC(17) PSYoungGen: 2461760K(2776576K)->284583K(2801152K) Eden: 2149376K(2149376K)->0K(2149376K) From: 312384K(627200K)->284583K(651776K)
[2026-09-25T15:59:45.176+0000][36.602s][info][gc,heap        ] GC(17) ParOldGen: 1971547K(2796544K)->2295112K(2796544K)
[2026-09-25T15:59:45.176+0000][36.602s][info][gc,metaspace   ] GC(17) Metaspace: 155184K(156672K)->155184K(156672K) NonClass: 130093K(130944K)->130093K(130944K) Class: 25090K(25728K)->25090K(25728K)
[2026-09-25T15:59:45.176+0000][36.602s][info][gc             ] GC(17) Pause Young (Allocation Failure) 4329M->2519M(5466M) 146.031ms
[2026-09-25T15:59:45.176+0000][36.602s][info][gc,cpu         ] GC(17) User=0.51s Sys=0.06s Real=0.15s
[2026-09-25T15:59:48.137+0000][39.563s][info][gc,start       ] GC(18) Pause Young (GCLocker Initiated GC)
[2026-09-25T15:59:48.272+0000][39.698s][info][gc,heap        ] GC(18) PSYoungGen: 2433959K(2801152K)->270688K(2778624K) Eden: 2149376K(2149376K)->0K(2215936K) From: 284583K(651776K)->270688K(562688K)
[2026-09-25T15:59:48.272+0000][39.698s][info][gc,heap        ] GC(18) ParOldGen: 2295112K(2796544K)->2590649K(2796544K)
[2026-09-25T15:59:48.272+0000][39.698s][info][gc,metaspace   ] GC(18) Metaspace: 156614K(158144K)->156614K(158144K) NonClass: 131386K(132288K)->131386K(132288K) Class: 25228K(25856K)->25228K(25856K)
[2026-09-25T15:59:48.272+0000][39.698s][info][gc             ] GC(18) Pause Young (GCLocker Initiated GC) 4618M->2794M(5444M) 134.711ms
[2026-09-25T15:59:48.272+0000][39.698s][info][gc,cpu         ] GC(18) User=0.47s Sys=0.06s Real=0.14s
[2026-09-25T15:59:49.311+0000][40.737s][info][gc,start       ] GC(19) Pause Young (CodeCache GC Threshold)
[2026-09-25T15:59:49.423+0000][40.849s][info][gc,heap        ] GC(19) PSYoungGen: 634218K(2778624K)->21280K(2809344K) Eden: 363530K(2215936K)->0K(2215936K) From: 270688K(562688K)->21280K(593408K)
[2026-09-25T15:59:49.423+0000][40.849s][info][gc,heap        ] GC(19) ParOldGen: 2590649K(2796544K)->2872234K(2872320K)
[2026-09-25T15:59:49.423+0000][40.849s][info][gc,metaspace   ] GC(19) Metaspace: 161497K(163072K)->161497K(163072K) NonClass: 135443K(136384K)->135443K(136384K) Class: 26054K(26688K)->26054K(26688K)
[2026-09-25T15:59:49.423+0000][40.849s][info][gc             ] GC(19) Pause Young (CodeCache GC Threshold) 3149M->2825M(5548M) 111.537ms
[2026-09-25T15:59:49.423+0000][40.849s][info][gc,cpu         ] GC(19) User=0.30s Sys=0.12s Real=0.11s
[2026-09-25T15:59:49.423+0000][40.849s][info][gc,start       ] GC(20) Pause Full (CodeCache GC Threshold)
[2026-09-25T15:59:49.423+0000][40.849s][info][gc,phases,start] GC(20) Marking Phase
[2026-09-25T15:59:49.808+0000][41.235s][info][gc,phases      ] GC(20) Marking Phase 385.532ms
[2026-09-25T15:59:49.809+0000][41.235s][info][gc,phases,start] GC(20) Summary Phase
[2026-09-25T15:59:49.809+0000][41.235s][info][gc,phases      ] GC(20) Summary Phase 0.097ms
[2026-09-25T15:59:49.809+0000][41.235s][info][gc,phases,start] GC(20) Adjust Roots
[2026-09-25T15:59:49.826+0000][41.253s][info][gc,phases      ] GC(20) Adjust Roots 17.859ms
[2026-09-25T15:59:49.826+0000][41.253s][info][gc,phases,start] GC(20) Compaction Phase
[2026-09-25T15:59:50.164+0000][41.590s][info][gc,phases      ] GC(20) Compaction Phase 337.130ms
[2026-09-25T15:59:50.164+0000][41.590s][info][gc,phases,start] GC(20) Post Compact
[2026-09-25T15:59:50.186+0000][41.612s][info][gc,phases      ] GC(20) Post Compact 22.467ms
[2026-09-25T15:59:50.186+0000][41.612s][info][gc,heap        ] GC(20) PSYoungGen: 21280K(2809344K)->0K(2809344K) Eden: 0K(2215936K)->0K(2215936K) From: 21280K(593408K)->0K(593408K)
[2026-09-25T15:59:50.186+0000][41.612s][info][gc,heap        ] GC(20) ParOldGen: 2872234K(2872320K)->1761417K(2872320K)
[2026-09-25T15:59:50.186+0000][41.612s][info][gc,metaspace   ] GC(20) Metaspace: 161497K(163072K)->161444K(163072K) NonClass: 135443K(136384K)->135403K(136384K) Class: 26054K(26688K)->26040K(26688K)
[2026-09-25T15:59:50.186+0000][41.612s][info][gc             ] GC(20) Pause Full (CodeCache GC Threshold) 2825M->1720M(5548M) 763.273ms
[2026-09-25T15:59:50.186+0000][41.612s][info][gc,cpu         ] GC(20) User=2.67s Sys=0.07s Real=0.76s
[2026-09-25T15:59:51.808+0000][43.234s][info][gc,start       ] GC(21) Pause Young (Allocation Failure)
[2026-09-25T15:59:51.834+0000][43.260s][info][gc,heap        ] GC(21) PSYoungGen: 2215936K(2809344K)->39834K(2819584K) Eden: 2215936K(2215936K)->0K(2220032K) From: 0K(593408K)->39834K(599552K)
[2026-09-25T15:59:51.834+0000][43.260s][info][gc,heap        ] GC(21) ParOldGen: 1763515K(2872320K)->1763523K(2872320K)
[2026-09-25T15:59:51.834+0000][43.260s][info][gc,metaspace   ] GC(21) Metaspace: 163479K(165120K)->163479K(165120K) NonClass: 137232K(138176K)->137232K(138176K) Class: 26246K(26944K)->26246K(26944K)
[2026-09-25T15:59:51.834+0000][43.260s][info][gc             ] GC(21) Pause Young (Allocation Failure) 3886M->1761M(5558M) 26.431ms
[2026-09-25T15:59:51.834+0000][43.260s][info][gc,cpu         ] GC(21) User=0.09s Sys=0.00s Real=0.03s
[2026-09-25T15:59:54.586+0000][46.012s][info][gc,start       ] GC(22) Pause Young (Allocation Failure)
[2026-09-25T15:59:54.628+0000][46.054s][info][gc,heap        ] GC(22) PSYoungGen: 2259866K(2819584K)->133898K(2815488K) Eden: 2220032K(2220032K)->0K(2220032K) From: 39834K(599552K)->133898K(595456K)
[2026-09-25T15:59:54.628+0000][46.054s][info][gc,heap        ] GC(22) ParOldGen: 1763523K(2872320K)->1910046K(2872320K)
[2026-09-25T15:59:54.628+0000][46.054s][info][gc,metaspace   ] GC(22) Metaspace: 165139K(166784K)->165139K(166784K) NonClass: 138809K(139776K)->138809K(139776K) Class: 26329K(27008K)->26329K(27008K)
[2026-09-25T15:59:54.628+0000][46.054s][info][gc             ] GC(22) Pause Young (Allocation Failure) 3929M->1996M(5554M) 42.053ms
[2026-09-25T15:59:54.628+0000][46.054s][info][gc,cpu         ] GC(22) User=0.16s Sys=0.00s Real=0.04s
[2026-09-25T15:59:55.183+0000][46.609s][info][gc,start       ] GC(23) Pause Young (Allocation Failure)
[2026-09-25T15:59:55.213+0000][46.639s][info][gc,heap        ] GC(23) PSYoungGen: 2353909K(2815488K)->49178K(2880512K) Eden: 2220011K(2220032K)->0K(2309632K) From: 133898K(595456K)->49178K(570880K)
[2026-09-25T15:59:55.213+0000][46.639s][info][gc,heap        ] GC(23) ParOldGen: 1910046K(2872320K)->2004314K(2872320K)
[2026-09-25T15:59:55.213+0000][46.639s][info][gc,metaspace   ] GC(23) Metaspace: 165277K(166912K)->165277K(166912K) NonClass: 138945K(139904K)->138945K(139904K) Class: 26331K(27008K)->26331K(27008K)
[2026-09-25T15:59:55.213+0000][46.639s][info][gc             ] GC(23) Pause Young (Allocation Failure) 4164M->2005M(5618M) 30.379ms
[2026-09-25T15:59:55.213+0000][46.639s][info][gc,cpu         ] GC(23) User=0.12s Sys=0.00s Real=0.03s
[2026-09-25T15:59:55.761+0000][47.187s][info][gc,start       ] GC(24) Pause Young (Allocation Failure)
[2026-09-25T15:59:55.794+0000][47.220s][info][gc,heap        ] GC(24) PSYoungGen: 2358810K(2880512K)->39906K(2870784K) Eden: 2309632K(2309632K)->0K(2309632K) From: 49178K(570880K)->39906K(561152K)
[2026-09-25T15:59:55.794+0000][47.220s][info][gc,heap        ] GC(24) ParOldGen: 2004314K(2872320K)->2050413K(2872320K)
[2026-09-25T15:59:55.794+0000][47.220s][info][gc,metaspace   ] GC(24) Metaspace: 165420K(167040K)->165420K(167040K) NonClass: 139084K(140032K)->139084K(140032K) Class: 26336K(27008K)->26336K(27008K)
[2026-09-25T15:59:55.794+0000][47.220s][info][gc             ] GC(24) Pause Young (Allocation Failure) 4260M->2041M(5608M) 32.678ms
[2026-09-25T15:59:55.794+0000][47.220s][info][gc,cpu         ] GC(24) User=0.13s Sys=0.00s Real=0.03s
[2026-09-25T15:59:56.310+0000][47.737s][info][gc,start       ] GC(25) Pause Young (Allocation Failure)
[2026-09-25T15:59:56.335+0000][47.761s][info][gc,heap        ] GC(25) PSYoungGen: 2349538K(2870784K)->36351K(2919936K) Eden: 2309632K(2309632K)->0K(2376704K) From: 39906K(561152K)->36351K(543232K)
[2026-09-25T15:59:56.335+0000][47.761s][info][gc,heap        ] GC(25) ParOldGen: 2050413K(2872320K)->2087281K(2872320K)
[2026-09-25T15:59:56.335+0000][47.761s][info][gc,metaspace   ] GC(25) Metaspace: 165520K(167104K)->165520K(167104K) NonClass: 139183K(140096K)->139183K(140096K) Class: 26336K(27008K)->26336K(27008K)
[2026-09-25T15:59:56.335+0000][47.762s][info][gc             ] GC(25) Pause Young (Allocation Failure) 4296M->2073M(5656M) 24.962ms
[2026-09-25T15:59:56.335+0000][47.762s][info][gc,cpu         ] GC(25) User=0.10s Sys=0.00s Real=0.03s
[2026-09-25T15:59:56.840+0000][48.266s][info][gc,start       ] GC(26) Pause Young (Allocation Failure)
[2026-09-25T15:59:56.867+0000][48.293s][info][gc,heap        ] GC(26) PSYoungGen: 2413055K(2919936K)->30185K(2912256K) Eden: 2376704K(2376704K)->0K(2376704K) From: 36351K(543232K)->30185K(535552K)
[2026-09-25T15:59:56.867+0000][48.293s][info][gc,heap        ] GC(26) ParOldGen: 2087281K(2872320K)->2120393K(2872320K)
[2026-09-25T15:59:56.867+0000][48.293s][info][gc,metaspace   ] GC(26) Metaspace: 165609K(167232K)->165609K(167232K) NonClass: 139272K(140224K)->139272K(140224K) Class: 26336K(27008K)->26336K(27008K)
[2026-09-25T15:59:56.867+0000][48.293s][info][gc             ] GC(26) Pause Young (Allocation Failure) 4394M->2100M(5649M) 27.361ms
[2026-09-25T15:59:56.867+0000][48.293s][info][gc,cpu         ] GC(26) User=0.11s Sys=0.00s Real=0.03s
[2026-09-25T15:59:57.324+0000][48.750s][info][gc,start       ] GC(27) Pause Young (Allocation Failure)
[2026-09-25T15:59:57.347+0000][48.773s][info][gc,heap        ] GC(27) PSYoungGen: 2406872K(2912256K)->21392K(2943488K) Eden: 2376687K(2376704K)->0K(2432000K) From: 30185K(535552K)->21392K(511488K)
[2026-09-25T15:59:57.347+0000][48.773s][info][gc,heap        ] GC(27) ParOldGen: 2120393K(2872320K)->2147315K(2872320K)
[2026-09-25T15:59:57.347+0000][48.773s][info][gc,metaspace   ] GC(27) Metaspace: 165683K(167296K)->165683K(167296K) NonClass: 139344K(140288K)->139344K(140288K) Class: 26339K(27008K)->26339K(27008K)
[2026-09-25T15:59:57.347+0000][48.773s][info][gc             ] GC(27) Pause Young (Allocation Failure) 4421M->2117M(5679M) 23.714ms
[2026-09-25T15:59:57.347+0000][48.773s][info][gc,cpu         ] GC(27) User=0.09s Sys=0.00s Real=0.02s
[2026-09-25T15:59:57.859+0000][49.285s][info][gc,start       ] GC(28) Pause Young (Allocation Failure)
[2026-09-25T15:59:57.888+0000][49.314s][info][gc,heap        ] GC(28) PSYoungGen: 2453392K(2943488K)->24048K(2936320K) Eden: 2432000K(2432000K)->0K(2432000K) From: 21392K(511488K)->24048K(504320K)
[2026-09-25T15:59:57.888+0000][49.314s][info][gc,heap        ] GC(28) ParOldGen: 2147315K(2872320K)->2164772K(2872320K)
[2026-09-25T15:59:57.888+0000][49.314s][info][gc,metaspace   ] GC(28) Metaspace: 165769K(167424K)->165769K(167424K) NonClass: 139426K(140416K)->139426K(140416K) Class: 26342K(27008K)->26342K(27008K)
[2026-09-25T15:59:57.888+0000][49.314s][info][gc             ] GC(28) Pause Young (Allocation Failure) 4492M->2137M(5672M) 29.136ms
[2026-09-25T15:59:57.888+0000][49.314s][info][gc,cpu         ] GC(28) User=0.11s Sys=0.00s Real=0.03s
[2026-09-25T15:59:58.507+0000][49.933s][info][gc,start       ] GC(29) Pause Young (Allocation Failure)
[2026-09-25T15:59:58.537+0000][49.963s][info][gc,heap        ] GC(29) PSYoungGen: 2456048K(2936320K)->20368K(2972160K) Eden: 2432000K(2432000K)->0K(2497536K) From: 24048K(504320K)->20368K(474624K)
[2026-09-25T15:59:58.537+0000][49.963s][info][gc,heap        ] GC(29) ParOldGen: 2164772K(2872320K)->2184574K(2872320K)
[2026-09-25T15:59:58.537+0000][49.963s][info][gc,metaspace   ] GC(29) Metaspace: 165866K(167552K)->165866K(167552K) NonClass: 139516K(140480K)->139516K(140480K) Class: 26350K(27072K)->26350K(27072K)
[2026-09-25T15:59:58.537+0000][49.963s][info][gc             ] GC(29) Pause Young (Allocation Failure) 4512M->2153M(5707M) 29.479ms
[2026-09-25T15:59:58.537+0000][49.963s][info][gc,cpu         ] GC(29) User=0.12s Sys=0.00s Real=0.03s
[2026-09-25T15:59:59.122+0000][50.548s][info][gc,start       ] GC(30) Pause Young (Allocation Failure)
[2026-09-25T15:59:59.154+0000][50.580s][info][gc,heap        ] GC(30) PSYoungGen: 2517904K(2972160K)->35680K(2965504K) Eden: 2497536K(2497536K)->0K(2497536K) From: 20368K(474624K)->35680K(467968K)
[2026-09-25T15:59:59.154+0000][50.580s][info][gc,heap        ] GC(30) ParOldGen: 2184574K(2872320K)->2202094K(2872320K)
[2026-09-25T15:59:59.154+0000][50.580s][info][gc,metaspace   ] GC(30) Metaspace: 166199K(167936K)->166199K(167936K) NonClass: 139800K(140800K)->139800K(140800K) Class: 26399K(27136K)->26399K(27136K)
[2026-09-25T15:59:59.154+0000][50.580s][info][gc             ] GC(30) Pause Young (Allocation Failure) 4592M->2185M(5701M) 32.020ms
[2026-09-25T15:59:59.154+0000][50.580s][info][gc,cpu         ] GC(30) User=0.12s Sys=0.00s Real=0.03s
[2026-09-25T15:59:59.672+0000][51.098s][info][gc,start       ] GC(31) Pause Young (Allocation Failure)
[2026-09-25T15:59:59.704+0000][51.131s][info][gc,heap        ] GC(31) PSYoungGen: 2533216K(2965504K)->22976K(3006976K) Eden: 2497536K(2497536K)->0K(2572288K) From: 35680K(467968K)->22976K(434688K)
[2026-09-25T15:59:59.704+0000][51.131s][info][gc,heap        ] GC(31) ParOldGen: 2202094K(2872320K)->2234517K(2872320K)
[2026-09-25T15:59:59.704+0000][51.131s][info][gc,metaspace   ] GC(31) Metaspace: 166286K(168000K)->166286K(168000K) NonClass: 139883K(140864K)->139883K(140864K) Class: 26403K(27136K)->26403K(27136K)
[2026-09-25T15:59:59.704+0000][51.131s][info][gc             ] GC(31) Pause Young (Allocation Failure) 4624M->2204M(5741M) 32.862ms
[2026-09-25T15:59:59.704+0000][51.131s][info][gc,cpu         ] GC(31) User=0.13s Sys=0.01s Real=0.03s
[2026-09-25T16:00:00.073+0000][51.500s][info][gc,start       ] GC(32) Pause Young (CodeCache GC Threshold)
[2026-09-25T16:00:00.099+0000][51.525s][info][gc,heap        ] GC(32) PSYoungGen: 1667009K(3006976K)->21520K(2594304K) Eden: 1644032K(2572288K)->0K(2572288K) From: 22976K(434688K)->21520K(22016K)
[2026-09-25T16:00:00.099+0000][51.525s][info][gc,heap        ] GC(32) ParOldGen: 2234517K(2872320K)->2253765K(2872320K)
[2026-09-25T16:00:00.099+0000][51.525s][info][gc,metaspace   ] GC(32) Metaspace: 166314K(168000K)->166314K(168000K) NonClass: 139911K(140864K)->139911K(140864K) Class: 26403K(27136K)->26403K(27136K)
[2026-09-25T16:00:00.099+0000][51.525s][info][gc             ] GC(32) Pause Young (CodeCache GC Threshold) 3810M->2221M(5338M) 25.825ms
[2026-09-25T16:00:00.099+0000][51.525s][info][gc,cpu         ] GC(32) User=0.10s Sys=0.01s Real=0.02s
[2026-09-25T16:00:00.099+0000][51.525s][info][gc,start       ] GC(33) Pause Full (CodeCache GC Threshold)
[2026-09-25T16:00:00.099+0000][51.525s][info][gc,phases,start] GC(33) Marking Phase
[2026-09-25T16:00:00.564+0000][51.990s][info][gc,phases      ] GC(33) Marking Phase 464.276ms
[2026-09-25T16:00:00.564+0000][51.990s][info][gc,phases,start] GC(33) Summary Phase
[2026-09-25T16:00:00.564+0000][51.990s][info][gc,phases      ] GC(33) Summary Phase 0.041ms
[2026-09-25T16:00:00.564+0000][51.990s][info][gc,phases,start] GC(33) Adjust Roots
[2026-09-25T16:00:00.587+0000][52.013s][info][gc,phases      ] GC(33) Adjust Roots 23.320ms
[2026-09-25T16:00:00.587+0000][52.013s][info][gc,phases,start] GC(33) Compaction Phase
[2026-09-25T16:00:01.088+0000][52.514s][info][gc,phases      ] GC(33) Compaction Phase 501.144ms
[2026-09-25T16:00:01.088+0000][52.514s][info][gc,phases,start] GC(33) Post Compact
[2026-09-25T16:00:01.099+0000][52.525s][info][gc,phases      ] GC(33) Post Compact 10.385ms
[2026-09-25T16:00:01.099+0000][52.525s][info][gc,heap        ] GC(33) PSYoungGen: 21520K(2594304K)->0K(2594304K) Eden: 0K(2572288K)->0K(2572288K) From: 21520K(22016K)->0K(22016K)
[2026-09-25T16:00:01.099+0000][52.525s][info][gc,heap        ] GC(33) ParOldGen: 2253765K(2872320K)->2245240K(2872320K)
[2026-09-25T16:00:01.099+0000][52.525s][info][gc,metaspace   ] GC(33) Metaspace: 166314K(168000K)->166273K(167936K) NonClass: 139911K(140864K)->139881K(140864K) Class: 26403K(27136K)->26392K(27072K)
[2026-09-25T16:00:01.099+0000][52.525s][info][gc             ] GC(33) Pause Full (CodeCache GC Threshold) 2221M->2192M(5338M) 999.365ms
[2026-09-25T16:00:01.099+0000][52.525s][info][gc,cpu         ] GC(33) User=3.63s Sys=0.00s Real=1.00s
[2026-09-25T16:00:01.494+0000][52.920s][info][gc,start       ] GC(34) Pause Young (Allocation Failure)
[2026-09-25T16:00:01.518+0000][52.945s][info][gc,heap        ] GC(34) PSYoungGen: 2572288K(2594304K)->7360K(3004416K) Eden: 2572288K(2572288K)->0K(2598400K) From: 0K(22016K)->7360K(406016K)
[2026-09-25T16:00:01.518+0000][52.945s][info][gc,heap        ] GC(34) ParOldGen: 2245240K(2872320K)->2245240K(2872320K)
[2026-09-25T16:00:01.518+0000][52.945s][info][gc,metaspace   ] GC(34) Metaspace: 166273K(167936K)->166273K(167936K) NonClass: 139881K(140864K)->139881K(140864K) Class: 26392K(27072K)->26392K(27072K)
[2026-09-25T16:00:01.518+0000][52.945s][info][gc             ] GC(34) Pause Young (Allocation Failure) 4704M->2199M(5739M) 24.294ms
[2026-09-25T16:00:01.519+0000][52.945s][info][gc,cpu         ] GC(34) User=0.09s Sys=0.01s Real=0.02s
[2026-09-25T16:00:01.910+0000][53.336s][info][gc,start       ] GC(35) Pause Young (Allocation Failure)
[2026-09-25T16:00:01.932+0000][53.358s][info][gc,heap        ] GC(35) PSYoungGen: 2605760K(3004416K)->19264K(2987008K) Eden: 2598400K(2598400K)->0K(2598400K) From: 7360K(406016K)->19264K(388608K)
[2026-09-25T16:00:01.932+0000][53.358s][info][gc,heap        ] GC(35) ParOldGen: 2245240K(2872320K)->2249820K(2872320K)
[2026-09-25T16:00:01.932+0000][53.358s][info][gc,metaspace   ] GC(35) Metaspace: 166273K(167936K)->166273K(167936K) NonClass: 139881K(140864K)->139881K(140864K) Class: 26392K(27072K)->26392K(27072K)
[2026-09-25T16:00:01.932+0000][53.358s][info][gc             ] GC(35) Pause Young (Allocation Failure) 4737M->2215M(5722M) 21.843ms
[2026-09-25T16:00:01.932+0000][53.358s][info][gc,cpu         ] GC(35) User=0.08s Sys=0.00s Real=0.03s
[2026-09-25T16:00:02.524+0000][53.950s][info][gc,start       ] GC(36) Pause Young (Allocation Failure)
[2026-09-25T16:00:02.541+0000][53.967s][info][gc,heap        ] GC(36) PSYoungGen: 2617664K(2987008K)->4144K(3086336K) Eden: 2598400K(2598400K)->0K(2717696K) From: 19264K(388608K)->4144K(368640K)
[2026-09-25T16:00:02.541+0000][53.967s][info][gc,heap        ] GC(36) ParOldGen: 2249820K(2872320K)->2268305K(2872320K)
[2026-09-25T16:00:02.541+0000][53.967s][info][gc,metaspace   ] GC(36) Metaspace: 166409K(168128K)->166409K(168128K) NonClass: 140000K(140992K)->140000K(140992K) Class: 26408K(27136K)->26408K(27136K)
[2026-09-25T16:00:02.541+0000][53.967s][info][gc             ] GC(36) Pause Young (Allocation Failure) 4753M->2219M(5819M) 17.055ms
[2026-09-25T16:00:02.541+0000][53.967s][info][gc,cpu         ] GC(36) User=0.06s Sys=0.00s Real=0.02s
[2026-09-25T16:00:03.282+0000][54.708s][info][gc,start       ] GC(37) Pause Young (Allocation Failure)
[2026-09-25T16:00:03.309+0000][54.735s][info][gc,heap        ] GC(37) PSYoungGen: 2721840K(3086336K)->20440K(3068928K) Eden: 2717696K(2717696K)->0K(2717696K) From: 4144K(368640K)->20440K(351232K)
[2026-09-25T16:00:03.309+0000][54.735s][info][gc,heap        ] GC(37) ParOldGen: 2268305K(2872320K)->2271993K(2872320K)
[2026-09-25T16:00:03.309+0000][54.735s][info][gc,metaspace   ] GC(37) Metaspace: 166689K(168384K)->166689K(168384K) NonClass: 140257K(141248K)->140257K(141248K) Class: 26431K(27136K)->26431K(27136K)
[2026-09-25T16:00:03.309+0000][54.735s][info][gc             ] GC(37) Pause Young (Allocation Failure) 4873M->2238M(5802M) 26.870ms
[2026-09-25T16:00:03.309+0000][54.735s][info][gc,cpu         ] GC(37) User=0.10s Sys=0.00s Real=0.02s
[2026-09-25T16:00:03.621+0000][55.047s][info][gc,start       ] GC(38) Pause Young (Allocation Failure)
[2026-09-25T16:00:03.642+0000][55.068s][info][gc,heap        ] GC(38) PSYoungGen: 2738136K(3068928K)->5712K(3123200K) Eden: 2717696K(2717696K)->0K(2791936K) From: 20440K(351232K)->5712K(331264K)
[2026-09-25T16:00:03.642+0000][55.068s][info][gc,heap        ] GC(38) ParOldGen: 2271993K(2872320K)->2292203K(2872320K)
[2026-09-25T16:00:03.642+0000][55.068s][info][gc,metaspace   ] GC(38) Metaspace: 166692K(168384K)->166692K(168384K) NonClass: 140258K(141248K)->140258K(141248K) Class: 26434K(27136K)->26434K(27136K)
[2026-09-25T16:00:03.642+0000][55.068s][info][gc             ] GC(38) Pause Young (Allocation Failure) 4892M->2244M(5855M) 21.613ms
[2026-09-25T16:00:03.642+0000][55.068s][info][gc,cpu         ] GC(38) User=0.08s Sys=0.00s Real=0.03s
[2026-09-25T16:00:09.252+0000][60.678s][info][gc,start       ] GC(39) Pause Young (Allocation Failure)
[2026-09-25T16:00:09.351+0000][60.777s][info][gc,heap        ] GC(39) PSYoungGen: 2797648K(3123200K)->314337K(3106304K) Eden: 2791936K(2791936K)->0K(2791936K) From: 5712K(331264K)->314337K(314368K)
[2026-09-25T16:00:09.351+0000][60.777s][info][gc,heap        ] GC(39) ParOldGen: 2292203K(2872320K)->2312946K(2872320K)
[2026-09-25T16:00:09.351+0000][60.777s][info][gc,metaspace   ] GC(39) Metaspace: 167263K(169024K)->167263K(169024K) NonClass: 140749K(141760K)->140749K(141760K) Class: 26514K(27264K)->26514K(27264K)
[2026-09-25T16:00:09.351+0000][60.777s][info][gc             ] GC(39) Pause Young (Allocation Failure) 4970M->2565M(5838M) 99.074ms
[2026-09-25T16:00:09.351+0000][60.777s][info][gc,cpu         ] GC(39) User=0.38s Sys=0.01s Real=0.09s
[2026-09-25T16:00:13.785+0000][65.212s][info][gc,start       ] GC(40) Pause Young (Allocation Failure)
[2026-09-25T16:00:13.918+0000][65.344s][info][gc,heap        ] GC(40) PSYoungGen: 3106273K(3106304K)->207729K(3071488K) Eden: 2791936K(2791936K)->0K(2682880K) From: 314337K(314368K)->207729K(388608K)
[2026-09-25T16:00:13.918+0000][65.344s][info][gc,heap        ] GC(40) ParOldGen: 2312946K(2872320K)->2619653K(2872320K)
[2026-09-25T16:00:13.918+0000][65.344s][info][gc,metaspace   ] GC(40) Metaspace: 167825K(169600K)->167825K(169600K) NonClass: 141248K(142272K)->141248K(142272K) Class: 26576K(27328K)->26576K(27328K)
[2026-09-25T16:00:13.918+0000][65.344s][info][gc             ] GC(40) Pause Young (Allocation Failure) 5292M->2761M(5804M) 132.972ms
[2026-09-25T16:00:13.918+0000][65.345s][info][gc,cpu         ] GC(40) User=0.52s Sys=0.00s Real=0.13s
[2026-09-25T16:00:17.847+0000][69.273s][info][gc,start       ] GC(41) Pause Young (Allocation Failure)
[2026-09-25T16:00:17.976+0000][69.402s][info][gc,heap        ] GC(41) PSYoungGen: 2890609K(3071488K)->178065K(3088896K) Eden: 2682880K(2682880K)->0K(2682880K) From: 207729K(388608K)->178065K(406016K)
[2026-09-25T16:00:17.976+0000][69.402s][info][gc,heap        ] GC(41) ParOldGen: 2619653K(2872320K)->2811131K(2872320K)
[2026-09-25T16:00:17.976+0000][69.402s][info][gc,metaspace   ] GC(41) Metaspace: 167975K(169728K)->167975K(169728K) NonClass: 141397K(142400K)->141397K(142400K) Class: 26577K(27328K)->26577K(27328K)
[2026-09-25T16:00:17.976+0000][69.402s][info][gc             ] GC(41) Pause Young (Allocation Failure) 5381M->2919M(5821M) 128.809ms
[2026-09-25T16:00:17.976+0000][69.402s][info][gc,cpu         ] GC(41) User=0.51s Sys=0.00s Real=0.13s
[2026-09-25T16:00:19.481+0000][70.907s][info][gc,start       ] GC(42) Pause Young (CodeCache GC Threshold)
[2026-09-25T16:00:19.601+0000][71.027s][info][gc,heap        ] GC(42) PSYoungGen: 1319551K(3088896K)->80272K(3069440K) Eden: 1141485K(2682880K)->0K(2700288K) From: 178065K(406016K)->80272K(369152K)
[2026-09-25T16:00:19.601+0000][71.027s][info][gc,heap        ] GC(42) ParOldGen: 2811131K(2872320K)->2971537K(2971648K)
[2026-09-25T16:00:19.601+0000][71.027s][info][gc,metaspace   ] GC(42) Metaspace: 168037K(169792K)->168037K(169792K) NonClass: 141453K(142464K)->141453K(142464K) Class: 26584K(27328K)->26584K(27328K)
[2026-09-25T16:00:19.601+0000][71.027s][info][gc             ] GC(42) Pause Young (CodeCache GC Threshold) 4033M->2980M(5899M) 119.965ms
[2026-09-25T16:00:19.601+0000][71.027s][info][gc,cpu         ] GC(42) User=0.41s Sys=0.05s Real=0.12s
[2026-09-25T16:00:19.601+0000][71.027s][info][gc,start       ] GC(43) Pause Full (CodeCache GC Threshold)
[2026-09-25T16:00:19.601+0000][71.027s][info][gc,phases,start] GC(43) Marking Phase
[2026-09-25T16:00:20.273+0000][71.700s][info][gc,phases      ] GC(43) Marking Phase 672.444ms
[2026-09-25T16:00:20.273+0000][71.700s][info][gc,phases,start] GC(43) Summary Phase
[2026-09-25T16:00:20.273+0000][71.700s][info][gc,phases      ] GC(43) Summary Phase 0.024ms
[2026-09-25T16:00:20.273+0000][71.700s][info][gc,phases,start] GC(43) Adjust Roots
[2026-09-25T16:00:20.297+0000][71.723s][info][gc,phases      ] GC(43) Adjust Roots 23.799ms
[2026-09-25T16:00:20.297+0000][71.723s][info][gc,phases,start] GC(43) Compaction Phase
[2026-09-25T16:00:21.517+0000][72.943s][info][gc,phases      ] GC(43) Compaction Phase 1219.886ms
[2026-09-25T16:00:21.517+0000][72.943s][info][gc,phases,start] GC(43) Post Compact
[2026-09-25T16:00:21.527+0000][72.953s][info][gc,phases      ] GC(43) Post Compact 9.912ms
[2026-09-25T16:00:21.527+0000][72.953s][info][gc,heap        ] GC(43) PSYoungGen: 80272K(3069440K)->28901K(3069440K) Eden: 0K(2700288K)->0K(2700288K) From: 80272K(369152K)->28901K(369152K)
[2026-09-25T16:00:21.527+0000][72.953s][info][gc,heap        ] GC(43) ParOldGen: 2971537K(2971648K)->2971577K(2971648K)
[2026-09-25T16:00:21.527+0000][72.953s][info][gc,metaspace   ] GC(43) Metaspace: 168037K(169792K)->168037K(169792K) NonClass: 141453K(142464K)->141453K(142464K) Class: 26584K(27328K)->26584K(27328K)
[2026-09-25T16:00:21.527+0000][72.953s][info][gc             ] GC(43) Pause Full (CodeCache GC Threshold) 2980M->2930M(5899M) 1926.270ms
[2026-09-25T16:00:21.527+0000][72.953s][info][gc,cpu         ] GC(43) User=7.33s Sys=0.02s Real=1.92s
[2026-09-25T16:00:25.194+0000][76.620s][info][gc,start       ] GC(44) Pause Young (Allocation Failure)
[2026-09-25T16:00:25.464+0000][76.890s][info][gc,heap        ] GC(44) PSYoungGen: 2729189K(3069440K)->160866K(3079680K) Eden: 2700288K(2700288K)->0K(2700288K) From: 28901K(369152K)->160866K(379392K)
[2026-09-25T16:00:25.464+0000][76.890s][info][gc,heap        ] GC(44) ParOldGen: 2971577K(2971648K)->2985117K(2985472K)
[2026-09-25T16:00:25.464+0000][76.890s][info][gc,metaspace   ] GC(44) Metaspace: 168060K(169792K)->168060K(169792K) NonClass: 141474K(142464K)->141474K(142464K) Class: 26585K(27328K)->26585K(27328K)
[2026-09-25T16:00:25.464+0000][76.890s][info][gc             ] GC(44) Pause Young (Allocation Failure) 5567M->3072M(5923M) 270.218ms
[2026-09-25T16:00:25.464+0000][76.890s][info][gc,cpu         ] GC(44) User=0.93s Sys=0.08s Real=0.27s
[2026-09-25T16:00:28.948+0000][80.374s][info][gc,start       ] GC(45) Pause Young (Allocation Failure)
[2026-09-25T16:00:29.103+0000][80.529s][info][gc,heap        ] GC(45) PSYoungGen: 2861154K(3079680K)->160529K(3096064K) Eden: 2700288K(2700288K)->0K(2742272K) From: 160866K(379392K)->160529K(353792K)
[2026-09-25T16:00:29.103+0000][80.529s][info][gc,heap        ] GC(45) ParOldGen: 2985117K(2985472K)->3122249K(3122688K)
[2026-09-25T16:00:29.103+0000][80.529s][info][gc,metaspace   ] GC(45) Metaspace: 168073K(169792K)->168073K(169792K) NonClass: 141485K(142464K)->141485K(142464K) Class: 26588K(27328K)->26588K(27328K)
[2026-09-25T16:00:29.103+0000][80.529s][info][gc             ] GC(45) Pause Young (Allocation Failure) 5709M->3205M(6073M) 154.902ms
[2026-09-25T16:00:29.103+0000][80.529s][info][gc,cpu         ] GC(45) User=0.52s Sys=0.08s Real=0.16s
[2026-09-25T16:00:32.400+0000][83.826s][info][gc,start       ] GC(46) Pause Young (Allocation Failure)
[2026-09-25T16:00:32.557+0000][83.983s][info][gc,heap        ] GC(46) PSYoungGen: 2902801K(3096064K)->139761K(3107840K) Eden: 2742272K(2742272K)->0K(2742272K) From: 160529K(353792K)->139761K(365568K)
[2026-09-25T16:00:32.557+0000][83.983s][info][gc,heap        ] GC(46) ParOldGen: 3122249K(3122688K)->3258015K(3258368K)
[2026-09-25T16:00:32.557+0000][83.983s][info][gc,metaspace   ] GC(46) Metaspace: 168111K(169984K)->168111K(169984K) NonClass: 141508K(142592K)->141508K(142592K) Class: 26602K(27392K)->26602K(27392K)
[2026-09-25T16:00:32.557+0000][83.983s][info][gc             ] GC(46) Pause Young (Allocation Failure) 5883M->3318M(6217M) 156.995ms
[2026-09-25T16:00:32.557+0000][83.983s][info][gc,cpu         ] GC(46) User=0.52s Sys=0.08s Real=0.16s
[2026-09-25T16:00:35.376+0000][86.802s][info][gc,start       ] GC(47) Pause Young (Allocation Failure)
[2026-09-25T16:00:35.533+0000][86.960s][info][gc,heap        ] GC(47) PSYoungGen: 2882033K(3107840K)->132129K(3097088K) Eden: 2742272K(2742272K)->0K(2779136K) From: 139761K(365568K)->132129K(317952K)
[2026-09-25T16:00:35.534+0000][86.960s][info][gc,heap        ] GC(47) ParOldGen: 3258015K(3258368K)->3371436K(3371520K)
[2026-09-25T16:00:35.534+0000][86.960s][info][gc,metaspace   ] GC(47) Metaspace: 168112K(169984K)->168112K(169984K) NonClass: 141509K(142592K)->141509K(142592K) Class: 26602K(27392K)->26602K(27392K)
[2026-09-25T16:00:35.534+0000][86.960s][info][gc             ] GC(47) Pause Young (Allocation Failure) 5996M->3421M(6317M) 157.385ms
[2026-09-25T16:00:35.534+0000][86.960s][info][gc,cpu         ] GC(47) User=0.51s Sys=0.08s Real=0.16s
[2026-09-25T16:00:38.523+0000][89.949s][info][gc,start       ] GC(48) Pause Young (Allocation Failure)
[2026-09-25T16:00:38.720+0000][90.146s][info][gc,heap        ] GC(48) PSYoungGen: 2911265K(3097088K)->137041K(3111424K) Eden: 2779136K(2779136K)->0K(2779136K) From: 132129K(317952K)->137041K(332288K)
[2026-09-25T16:00:38.720+0000][90.146s][info][gc,heap        ] GC(48) ParOldGen: 3371436K(3371520K)->3474453K(3474944K)
[2026-09-25T16:00:38.720+0000][90.146s][info][gc,metaspace   ] GC(48) Metaspace: 168118K(169984K)->168118K(169984K) NonClass: 141513K(142592K)->141513K(142592K) Class: 26605K(27392K)->26605K(27392K)
[2026-09-25T16:00:38.720+0000][90.146s][info][gc             ] GC(48) Pause Young (Allocation Failure) 6135M->3526M(6432M) 196.925ms
[2026-09-25T16:00:38.720+0000][90.146s][info][gc,cpu         ] GC(48) User=0.69s Sys=0.06s Real=0.19s
[2026-09-25T16:00:41.736+0000][93.162s][info][gc,start       ] GC(49) Pause Young (Allocation Failure)
[2026-09-25T16:00:41.899+0000][93.325s][info][gc,heap        ] GC(49) PSYoungGen: 2916177K(3111424K)->135649K(3134976K) Eden: 2779136K(2779136K)->0K(2844672K) From: 137041K(332288K)->135649K(290304K)
[2026-09-25T16:00:41.899+0000][93.325s][info][gc,heap        ] GC(49) ParOldGen: 3474453K(3474944K)->3580568K(3580928K)
[2026-09-25T16:00:41.899+0000][93.325s][info][gc,metaspace   ] GC(49) Metaspace: 168121K(169984K)->168121K(169984K) NonClass: 141515K(142592K)->141515K(142592K) Class: 26606K(27392K)->26606K(27392K)
[2026-09-25T16:00:41.899+0000][93.325s][info][gc             ] GC(49) Pause Young (Allocation Failure) 6240M->3629M(6558M) 162.271ms
[2026-09-25T16:00:41.899+0000][93.325s][info][gc,cpu         ] GC(49) User=0.55s Sys=0.07s Real=0.16s
[2026-09-25T16:00:45.030+0000][96.456s][info][gc,start       ] GC(50) Pause Young (Allocation Failure)
[2026-09-25T16:00:45.179+0000][96.605s][info][gc,heap        ] GC(50) PSYoungGen: 2980321K(3134976K)->105697K(3148800K) Eden: 2844672K(2844672K)->0K(2844672K) From: 135649K(290304K)->105697K(304128K)
[2026-09-25T16:00:45.179+0000][96.605s][info][gc,heap        ] GC(50) ParOldGen: 3580568K(3580928K)->3684326K(3684352K)
[2026-09-25T16:00:45.179+0000][96.605s][info][gc,metaspace   ] GC(50) Metaspace: 168162K(169984K)->168162K(169984K) NonClass: 141540K(142592K)->141540K(142592K) Class: 26622K(27392K)->26622K(27392K)
[2026-09-25T16:00:45.179+0000][96.605s][info][gc             ] GC(50) Pause Young (Allocation Failure) 6407M->3701M(6673M) 148.997ms
[2026-09-25T16:00:45.179+0000][96.605s][info][gc,cpu         ] GC(50) User=0.51s Sys=0.07s Real=0.15s
[2026-09-25T16:00:48.183+0000][99.609s][info][gc,start       ] GC(51) Pause Young (Allocation Failure)
[2026-09-25T16:00:48.309+0000][99.735s][info][gc,heap        ] GC(51) PSYoungGen: 2950369K(3148800K)->45888K(3183104K) Eden: 2844672K(2844672K)->0K(2902016K) From: 105697K(304128K)->45888K(281088K)
[2026-09-25T16:00:48.309+0000][99.735s][info][gc,heap        ] GC(51) ParOldGen: 3684326K(3684352K)->3757087K(3757568K)
[2026-09-25T16:00:48.309+0000][99.735s][info][gc,metaspace   ] GC(51) Metaspace: 168170K(169984K)->168170K(169984K) NonClass: 141542K(142592K)->141542K(142592K) Class: 26627K(27392K)->26627K(27392K)
[2026-09-25T16:00:48.309+0000][99.735s][info][gc             ] GC(51) Pause Young (Allocation Failure) 6479M->3713M(6778M) 125.774ms
[2026-09-25T16:00:48.309+0000][99.735s][info][gc,cpu         ] GC(51) User=0.43s Sys=0.05s Real=0.12s
[2026-09-25T16:00:51.484+0000][102.910s][info][gc,start       ] GC(52) Pause Young (Allocation Failure)
[2026-09-25T16:00:51.585+0000][103.011s][info][gc,heap        ] GC(52) PSYoungGen: 2947904K(3183104K)->46593K(3186176K) Eden: 2902016K(2902016K)->0K(2902016K) From: 45888K(281088K)->46593K(284160K)
[2026-09-25T16:00:51.585+0000][103.011s][info][gc,heap        ] GC(52) ParOldGen: 3757087K(3757568K)->3770534K(3770880K)
[2026-09-25T16:00:51.585+0000][103.011s][info][gc,metaspace   ] GC(52) Metaspace: 168176K(169984K)->168176K(169984K) NonClass: 141544K(142592K)->141544K(142592K) Class: 26631K(27392K)->26631K(27392K)
[2026-09-25T16:00:51.585+0000][103.011s][info][gc             ] GC(52) Pause Young (Allocation Failure) 6547M->3727M(6794M) 101.196ms
[2026-09-25T16:00:51.585+0000][103.011s][info][gc,cpu         ] GC(52) User=0.39s Sys=0.02s Real=0.10s
[2026-09-25T16:00:54.673+0000][106.100s][info][gc,start       ] GC(53) Pause Young (Allocation Failure)
[2026-09-25T16:00:54.776+0000][106.202s][info][gc,heap        ] GC(53) PSYoungGen: 2948609K(3186176K)->44897K(3198976K) Eden: 2902016K(2902016K)->0K(2932224K) From: 46593K(284160K)->44897K(266752K)
[2026-09-25T16:00:54.776+0000][106.202s][info][gc,heap        ] GC(53) ParOldGen: 3770534K(3770880K)->3785218K(3785728K)
[2026-09-25T16:00:54.776+0000][106.202s][info][gc,metaspace   ] GC(53) Metaspace: 168191K(169984K)->168191K(169984K) NonClass: 141549K(142592K)->141549K(142592K) Class: 26642K(27392K)->26642K(27392K)
[2026-09-25T16:00:54.776+0000][106.202s][info][gc             ] GC(53) Pause Young (Allocation Failure) 6561M->3740M(6821M) 102.246ms
[2026-09-25T16:00:54.776+0000][106.202s][info][gc,cpu         ] GC(53) User=0.40s Sys=0.01s Real=0.10s
[2026-09-25T16:00:57.856+0000][109.282s][info][gc,start       ] GC(54) Pause Young (Allocation Failure)
[2026-09-25T16:00:57.954+0000][109.380s][info][gc,heap        ] GC(54) PSYoungGen: 2977121K(3198976K)->45345K(3203584K) Eden: 2932224K(2932224K)->0K(2932224K) From: 44897K(266752K)->45345K(271360K)
[2026-09-25T16:00:57.954+0000][109.380s][info][gc,heap        ] GC(54) ParOldGen: 3785218K(3785728K)->3798694K(3799040K)
[2026-09-25T16:00:57.954+0000][109.380s][info][gc,metaspace   ] GC(54) Metaspace: 168220K(170048K)->168220K(170048K) NonClass: 141570K(142656K)->141570K(142656K) Class: 26650K(27392K)->26650K(27392K)
[2026-09-25T16:00:57.954+0000][109.380s][info][gc             ] GC(54) Pause Young (Allocation Failure) 6603M->3753M(6838M) 98.452ms
[2026-09-25T16:00:57.954+0000][109.380s][info][gc,cpu         ] GC(54) User=0.39s Sys=0.01s Real=0.10s
[2026-09-25T16:01:01.126+0000][112.552s][info][gc,start       ] GC(55) Pause Young (Allocation Failure)
[2026-09-25T16:01:01.237+0000][112.663s][info][gc,heap        ] GC(55) PSYoungGen: 2977569K(3203584K)->44305K(3210240K) Eden: 2932224K(2932224K)->0K(2959872K) From: 45345K(271360K)->44305K(250368K)
[2026-09-25T16:01:01.237+0000][112.663s][info][gc,heap        ] GC(55) ParOldGen: 3798694K(3799040K)->3812018K(3812352K)
[2026-09-25T16:01:01.237+0000][112.663s][info][gc,metaspace   ] GC(55) Metaspace: 168225K(170048K)->168225K(170048K) NonClass: 141570K(142656K)->141570K(142656K) Class: 26655K(27392K)->26655K(27392K)
[2026-09-25T16:01:01.237+0000][112.663s][info][gc             ] GC(55) Pause Young (Allocation Failure) 6617M->3765M(6858M) 111.300ms
[2026-09-25T16:01:01.237+0000][112.663s][info][gc,cpu         ] GC(55) User=0.39s Sys=0.01s Real=0.11s
[2026-09-25T16:01:04.424+0000][115.850s][info][gc,start       ] GC(56) Pause Young (Allocation Failure)
[2026-09-25T16:01:04.581+0000][116.007s][info][gc,heap        ] GC(56) PSYoungGen: 3004177K(3210240K)->45505K(3215360K) Eden: 2959872K(2959872K)->0K(2959872K) From: 44305K(250368K)->45505K(255488K)
[2026-09-25T16:01:04.581+0000][116.007s][info][gc,heap        ] GC(56) ParOldGen: 3812018K(3812352K)->3826318K(3826688K)
[2026-09-25T16:01:04.581+0000][116.007s][info][gc,metaspace   ] GC(56) Metaspace: 168226K(170048K)->168226K(170048K) NonClass: 141571K(142656K)->141571K(142656K) Class: 26655K(27392K)->26655K(27392K)
[2026-09-25T16:01:04.581+0000][116.007s][info][gc             ] GC(56) Pause Young (Allocation Failure) 6656M->3781M(6877M) 156.811ms
[2026-09-25T16:01:04.581+0000][116.007s][info][gc,cpu         ] GC(56) User=0.59s Sys=0.03s Real=0.15s
[2026-09-25T16:01:08.018+0000][119.444s][info][gc,start       ] GC(57) Pause Young (Allocation Failure)
[2026-09-25T16:01:08.122+0000][119.548s][info][gc,heap        ] GC(57) PSYoungGen: 3005377K(3215360K)->42241K(3226112K) Eden: 2959872K(2959872K)->0K(2993152K) From: 45505K(255488K)->42241K(232960K)
[2026-09-25T16:01:08.122+0000][119.548s][info][gc,heap        ] GC(57) ParOldGen: 3826318K(3826688K)->3840661K(3841024K)
[2026-09-25T16:01:08.122+0000][119.548s][info][gc,metaspace   ] GC(57) Metaspace: 168227K(170048K)->168227K(170048K) NonClass: 141572K(142656K)->141572K(142656K) Class: 26655K(27392K)->26655K(27392K)
[2026-09-25T16:01:08.122+0000][119.548s][info][gc             ] GC(57) Pause Young (Allocation Failure) 6671M->3791M(6901M) 103.772ms
[2026-09-25T16:01:08.122+0000][119.548s][info][gc,cpu         ] GC(57) User=0.40s Sys=0.01s Real=0.11s
[2026-09-25T16:01:11.286+0000][122.712s][info][gc,start       ] GC(58) Pause Young (Allocation Failure)
[2026-09-25T16:01:11.386+0000][122.812s][info][gc,heap        ] GC(58) PSYoungGen: 3035393K(3226112K)->44161K(3230720K) Eden: 2993152K(2993152K)->0K(2993152K) From: 42241K(232960K)->44161K(237568K)
[2026-09-25T16:01:11.386+0000][122.812s][info][gc,heap        ] GC(58) ParOldGen: 3840661K(3841024K)->3853305K(3853312K)
[2026-09-25T16:01:11.386+0000][122.812s][info][gc,metaspace   ] GC(58) Metaspace: 168235K(170048K)->168235K(170048K) NonClass: 141579K(142656K)->141579K(142656K) Class: 26656K(27392K)->26656K(27392K)
[2026-09-25T16:01:11.386+0000][122.812s][info][gc             ] GC(58) Pause Young (Allocation Failure) 6714M->3806M(6918M) 99.362ms
[2026-09-25T16:01:11.386+0000][122.812s][info][gc,cpu         ] GC(58) User=0.39s Sys=0.01s Real=0.10s
[2026-09-25T16:01:14.766+0000][126.192s][info][gc,start       ] GC(59) Pause Young (Allocation Failure)
[2026-09-25T16:01:14.878+0000][126.304s][info][gc,heap        ] GC(59) PSYoungGen: 3037313K(3230720K)->41936K(3245056K) Eden: 2993152K(2993152K)->0K(3029504K) From: 44161K(237568K)->41936K(215552K)
[2026-09-25T16:01:14.878+0000][126.304s][info][gc,heap        ] GC(59) ParOldGen: 3853305K(3853312K)->3866596K(3866624K)
[2026-09-25T16:01:14.878+0000][126.304s][info][gc,metaspace   ] GC(59) Metaspace: 168248K(170048K)->168248K(170048K) NonClass: 141591K(142656K)->141591K(142656K) Class: 26656K(27392K)->26656K(27392K)
[2026-09-25T16:01:14.878+0000][126.304s][info][gc             ] GC(59) Pause Young (Allocation Failure) 6729M->3816M(6945M) 112.031ms
[2026-09-25T16:01:14.878+0000][126.304s][info][gc,cpu         ] GC(59) User=0.39s Sys=0.04s Real=0.11s
[2026-09-25T16:01:18.027+0000][129.453s][info][gc,start       ] GC(60) Pause Young (Allocation Failure)
[2026-09-25T16:01:18.126+0000][129.552s][info][gc,heap        ] GC(60) PSYoungGen: 3071440K(3245056K)->43744K(3248640K) Eden: 3029504K(3029504K)->0K(3029504K) From: 41936K(215552K)->43744K(219136K)
[2026-09-25T16:01:18.126+0000][129.553s][info][gc,heap        ] GC(60) ParOldGen: 3866596K(3866624K)->3878927K(3879424K)
[2026-09-25T16:01:18.126+0000][129.553s][info][gc,metaspace   ] GC(60) Metaspace: 168285K(170048K)->168285K(170048K) NonClass: 141626K(142656K)->141626K(142656K) Class: 26658K(27392K)->26658K(27392K)
[2026-09-25T16:01:18.126+0000][129.553s][info][gc             ] GC(60) Pause Young (Allocation Failure) 6775M->3830M(6961M) 99.172ms
[2026-09-25T16:01:18.126+0000][129.553s][info][gc,cpu         ] GC(60) User=0.39s Sys=0.01s Real=0.10s
[2026-09-25T16:01:21.417+0000][132.843s][info][gc,start       ] GC(61) Pause Young (Allocation Failure)
[2026-09-25T16:01:21.516+0000][132.942s][info][gc,heap        ] GC(61) PSYoungGen: 3073248K(3248640K)->43057K(3263488K) Eden: 3029504K(3029504K)->0K(3066368K) From: 43744K(219136K)->43057K(197120K)
[2026-09-25T16:01:21.516+0000][132.942s][info][gc,heap        ] GC(61) ParOldGen: 3878927K(3879424K)->3891215K(3891712K)
[2026-09-25T16:01:21.516+0000][132.942s][info][gc,metaspace   ] GC(61) Metaspace: 168299K(170048K)->168299K(170048K) NonClass: 141640K(142656K)->141640K(142656K) Class: 26658K(27392K)->26658K(27392K)
[2026-09-25T16:01:21.516+0000][132.942s][info][gc             ] GC(61) Pause Young (Allocation Failure) 6789M->3842M(6987M) 99.178ms
[2026-09-25T16:01:21.516+0000][132.942s][info][gc,cpu         ] GC(61) User=0.38s Sys=0.01s Real=0.10s
[2026-09-25T16:01:24.734+0000][136.160s][info][gc,start       ] GC(62) Pause Young (Allocation Failure)
[2026-09-25T16:01:24.831+0000][136.257s][info][gc,heap        ] GC(62) PSYoungGen: 3109425K(3263488K)->40784K(3266560K) Eden: 3066368K(3066368K)->0K(3066368K) From: 43057K(197120K)->40784K(200192K)
[2026-09-25T16:01:24.831+0000][136.257s][info][gc,heap        ] GC(62) ParOldGen: 3891215K(3891712K)->3903882K(3904000K)
[2026-09-25T16:01:24.831+0000][136.257s][info][gc,metaspace   ] GC(62) Metaspace: 168333K(170176K)->168333K(170176K) NonClass: 141668K(142720K)->141668K(142720K) Class: 26664K(27456K)->26664K(27456K)
[2026-09-25T16:01:24.831+0000][136.257s][info][gc             ] GC(62) Pause Young (Allocation Failure) 6836M->3852M(7002M) 97.104ms
[2026-09-25T16:01:24.831+0000][136.257s][info][gc,cpu         ] GC(62) User=0.38s Sys=0.01s Real=0.10s
[2026-09-25T16:01:28.129+0000][139.556s][info][gc,start       ] GC(63) Pause Young (Allocation Failure)
[2026-09-25T16:01:28.230+0000][139.656s][info][gc,heap        ] GC(63) PSYoungGen: 3107152K(3266560K)->40448K(3283968K) Eden: 3066368K(3066368K)->0K(3103232K) From: 40784K(200192K)->40448K(180736K)
[2026-09-25T16:01:28.230+0000][139.656s][info][gc,heap        ] GC(63) ParOldGen: 3903882K(3904000K)->3914788K(3915264K)
[2026-09-25T16:01:28.230+0000][139.656s][info][gc,metaspace   ] GC(63) Metaspace: 168342K(170176K)->168342K(170176K) NonClass: 141677K(142720K)->141677K(142720K) Class: 26664K(27456K)->26664K(27456K)
[2026-09-25T16:01:28.230+0000][139.656s][info][gc             ] GC(63) Pause Young (Allocation Failure) 6846M->3862M(7030M) 100.516ms
[2026-09-25T16:01:28.230+0000][139.656s][info][gc,cpu         ] GC(63) User=0.38s Sys=0.01s Real=0.10s
[2026-09-25T16:01:31.458+0000][142.884s][info][gc,start       ] GC(64) Pause Young (Allocation Failure)
[2026-09-25T16:01:31.555+0000][142.981s][info][gc,heap        ] GC(64) PSYoungGen: 3143680K(3283968K)->42720K(3286528K) Eden: 3103232K(3103232K)->0K(3103232K) From: 40448K(180736K)->42720K(183296K)
[2026-09-25T16:01:31.555+0000][142.981s][info][gc,heap        ] GC(64) ParOldGen: 3914788K(3915264K)->3926031K(3926528K)
[2026-09-25T16:01:31.555+0000][142.981s][info][gc,metaspace   ] GC(64) Metaspace: 168394K(170176K)->168394K(170176K) NonClass: 141727K(142720K)->141727K(142720K) Class: 26667K(27456K)->26667K(27456K)
[2026-09-25T16:01:31.555+0000][142.981s][info][gc             ] GC(64) Pause Young (Allocation Failure) 6893M->3875M(7044M) 96.385ms
[2026-09-25T16:01:31.555+0000][142.981s][info][gc,cpu         ] GC(64) User=0.38s Sys=0.00s Real=0.10s
[2026-09-25T16:01:34.891+0000][146.317s][info][gc,start       ] GC(65) Pause Young (Allocation Failure)
[2026-09-25T16:01:34.986+0000][146.413s][info][gc,heap        ] GC(65) PSYoungGen: 3145952K(3286528K)->41616K(3301376K) Eden: 3103232K(3103232K)->0K(3137024K) From: 42720K(183296K)->41616K(164352K)
[2026-09-25T16:01:34.986+0000][146.413s][info][gc,heap        ] GC(65) ParOldGen: 3926031K(3926528K)->3937233K(3937280K)
[2026-09-25T16:01:34.986+0000][146.413s][info][gc,metaspace   ] GC(65) Metaspace: 168412K(170240K)->168412K(170240K) NonClass: 141745K(142784K)->141745K(142784K) Class: 26667K(27456K)->26667K(27456K)
[2026-09-25T16:01:34.986+0000][146.413s][info][gc             ] GC(65) Pause Young (Allocation Failure) 6906M->3885M(7069M) 95.199ms
[2026-09-25T16:01:34.986+0000][146.413s][info][gc,cpu         ] GC(65) User=0.38s Sys=0.01s Real=0.09s
[2026-09-25T16:01:38.742+0000][150.168s][info][gc,start       ] GC(66) Pause Young (Allocation Failure)
[2026-09-25T16:01:38.839+0000][150.265s][info][gc,heap        ] GC(66) PSYoungGen: 3178640K(3301376K)->42273K(3303424K) Eden: 3137024K(3137024K)->0K(3137024K) From: 41616K(164352K)->42273K(166400K)
[2026-09-25T16:01:38.839+0000][150.265s][info][gc,heap        ] GC(66) ParOldGen: 3937233K(3937280K)->3948379K(3948544K)
[2026-09-25T16:01:38.839+0000][150.265s][info][gc,metaspace   ] GC(66) Metaspace: 168464K(170240K)->168464K(170240K) NonClass: 141789K(142784K)->141789K(142784K) Class: 26674K(27456K)->26674K(27456K)
[2026-09-25T16:01:38.839+0000][150.265s][info][gc             ] GC(66) Pause Young (Allocation Failure) 6949M->3897M(7082M) 97.457ms
[2026-09-25T16:01:38.839+0000][150.265s][info][gc,cpu         ] GC(66) User=0.38s Sys=0.01s Real=0.09s
[2026-09-25T16:01:42.500+0000][153.926s][info][gc,start       ] GC(67) Pause Young (Allocation Failure)
[2026-09-25T16:01:42.602+0000][154.028s][info][gc,heap        ] GC(67) PSYoungGen: 3179297K(3303424K)->43009K(3318784K) Eden: 3137024K(3137024K)->0K(3169792K) From: 42273K(166400K)->43009K(148992K)
[2026-09-25T16:01:42.602+0000][154.028s][info][gc,heap        ] GC(67) ParOldGen: 3948379K(3948544K)->3962508K(3962880K)
[2026-09-25T16:01:42.602+0000][154.028s][info][gc,metaspace   ] GC(67) Metaspace: 168492K(170304K)->168492K(170304K) NonClass: 141812K(142848K)->141812K(142848K) Class: 26679K(27456K)->26679K(27456K)
[2026-09-25T16:01:42.602+0000][154.028s][info][gc             ] GC(67) Pause Young (Allocation Failure) 6960M->3911M(7111M) 101.729ms
[2026-09-25T16:01:42.602+0000][154.028s][info][gc,cpu         ] GC(67) User=0.39s Sys=0.01s Real=0.11s
[2026-09-25T16:01:46.333+0000][157.759s][info][gc,start       ] GC(68) Pause Young (Allocation Failure)
[2026-09-25T16:01:46.433+0000][157.859s][info][gc,heap        ] GC(68) PSYoungGen: 3212801K(3318784K)->41969K(3320832K) Eden: 3169792K(3169792K)->0K(3169792K) From: 43009K(148992K)->41969K(151040K)
[2026-09-25T16:01:46.433+0000][157.859s][info][gc,heap        ] GC(68) ParOldGen: 3962508K(3962880K)->3976448K(3976704K)
[2026-09-25T16:01:46.433+0000][157.859s][info][gc,metaspace   ] GC(68) Metaspace: 168582K(170368K)->168582K(170368K) NonClass: 141889K(142912K)->141889K(142912K) Class: 26693K(27456K)->26693K(27456K)
[2026-09-25T16:01:46.433+0000][157.859s][info][gc             ] GC(68) Pause Young (Allocation Failure) 7007M->3924M(7126M) 100.673ms
[2026-09-25T16:01:46.433+0000][157.859s][info][gc,cpu         ] GC(68) User=0.39s Sys=0.01s Real=0.10s
[2026-09-25T16:01:50.081+0000][161.507s][info][gc,start       ] GC(69) Pause Young (Allocation Failure)
[2026-09-25T16:01:50.180+0000][161.606s][info][gc,heap        ] GC(69) PSYoungGen: 3211761K(3320832K)->43985K(3334656K) Eden: 3169792K(3169792K)->0K(3200000K) From: 41969K(151040K)->43985K(134656K)
[2026-09-25T16:01:50.180+0000][161.606s][info][gc,heap        ] GC(69) ParOldGen: 3976448K(3976704K)->3991339K(3991552K)
[2026-09-25T16:01:50.180+0000][161.606s][info][gc,metaspace   ] GC(69) Metaspace: 168589K(170368K)->168589K(170368K) NonClass: 141895K(142912K)->141895K(142912K) Class: 26693K(27456K)->26693K(27456K)
[2026-09-25T16:01:50.180+0000][161.606s][info][gc             ] GC(69) Pause Young (Allocation Failure) 7019M->3940M(7154M) 99.069ms
[2026-09-25T16:01:50.180+0000][161.606s][info][gc,cpu         ] GC(69) User=0.39s Sys=0.01s Real=0.09s
[2026-09-25T16:01:53.822+0000][165.248s][info][gc,start       ] GC(70) Pause Young (Allocation Failure)
[2026-09-25T16:01:53.927+0000][165.353s][info][gc,heap        ] GC(70) PSYoungGen: 3243985K(3334656K)->47633K(3336704K) Eden: 3199999K(3200000K)->0K(3200000K) From: 43985K(134656K)->47633K(136704K)
[2026-09-25T16:01:53.927+0000][165.353s][info][gc,heap        ] GC(70) ParOldGen: 3991339K(3991552K)->4007904K(4007936K)
[2026-09-25T16:01:53.927+0000][165.353s][info][gc,metaspace   ] GC(70) Metaspace: 168690K(170560K)->168690K(170560K) NonClass: 141983K(143040K)->141983K(143040K) Class: 26707K(27520K)->26707K(27520K)
[2026-09-25T16:01:53.927+0000][165.353s][info][gc             ] GC(70) Pause Young (Allocation Failure) 7065M->3960M(7172M) 104.743ms
[2026-09-25T16:01:53.927+0000][165.353s][info][gc,cpu         ] GC(70) User=0.39s Sys=0.02s Real=0.10s
[2026-09-25T16:01:57.623+0000][169.049s][info][gc,start       ] GC(71) Pause Young (Allocation Failure)
[2026-09-25T16:01:57.728+0000][169.155s][info][gc,heap        ] GC(71) PSYoungGen: 3247633K(3336704K)->48593K(3350528K) Eden: 3200000K(3200000K)->0K(3229184K) From: 47633K(136704K)->48593K(121344K)
[2026-09-25T16:01:57.728+0000][169.155s][info][gc,heap        ] GC(71) ParOldGen: 4007904K(4007936K)->4024163K(4024320K)
[2026-09-25T16:01:57.728+0000][169.155s][info][gc,metaspace   ] GC(71) Metaspace: 168725K(170624K)->168725K(170624K) NonClass: 142015K(143104K)->142015K(143104K) Class: 26709K(27520K)->26709K(27520K)
[2026-09-25T16:01:57.729+0000][169.155s][info][gc             ] GC(71) Pause Young (Allocation Failure) 7085M->3977M(7202M) 105.574ms
[2026-09-25T16:01:57.729+0000][169.155s][info][gc,cpu         ] GC(71) User=0.40s Sys=0.01s Real=0.10s
[2026-09-25T16:02:01.255+0000][172.682s][info][gc,start       ] GC(72) Pause Young (Allocation Failure)
[2026-09-25T16:02:01.360+0000][172.786s][info][gc,heap        ] GC(72) PSYoungGen: 3277777K(3350528K)->40832K(3351552K) Eden: 3229184K(3229184K)->0K(3229184K) From: 48593K(121344K)->40832K(122368K)
[2026-09-25T16:02:01.360+0000][172.786s][info][gc,heap        ] GC(72) ParOldGen: 4024163K(4024320K)->4045675K(4045824K)
[2026-09-25T16:02:01.360+0000][172.786s][info][gc,metaspace   ] GC(72) Metaspace: 168880K(170752K)->168880K(170752K) NonClass: 142157K(143168K)->142157K(143168K) Class: 26723K(27584K)->26723K(27584K)
[2026-09-25T16:02:01.360+0000][172.786s][info][gc             ] GC(72) Pause Young (Allocation Failure) 7130M->3990M(7224M) 104.568ms
[2026-09-25T16:02:01.360+0000][172.786s][info][gc,cpu         ] GC(72) User=0.40s Sys=0.02s Real=0.10s
[2026-09-25T16:02:04.819+0000][176.245s][info][gc,start       ] GC(73) Pause Young (Allocation Failure)
[2026-09-25T16:02:04.919+0000][176.345s][info][gc,heap        ] GC(73) PSYoungGen: 3270016K(3351552K)->40624K(3367424K) Eden: 3229184K(3229184K)->0K(3255296K) From: 40832K(122368K)->40624K(112128K)
[2026-09-25T16:02:04.919+0000][176.345s][info][gc,heap        ] GC(73) ParOldGen: 4045675K(4045824K)->4058598K(4058624K)
[2026-09-25T16:02:04.919+0000][176.345s][info][gc,metaspace   ] GC(73) Metaspace: 168927K(170816K)->168927K(170816K) NonClass: 142203K(143232K)->142203K(143232K) Class: 26724K(27584K)->26724K(27584K)
[2026-09-25T16:02:04.919+0000][176.345s][info][gc             ] GC(73) Pause Young (Allocation Failure) 7144M->4003M(7252M) 100.306ms
[2026-09-25T16:02:04.919+0000][176.345s][info][gc,cpu         ] GC(73) User=0.38s Sys=0.01s Real=0.10s
[2026-09-25T16:02:08.639+0000][180.065s][info][gc,start       ] GC(74) Pause Young (Allocation Failure)
[2026-09-25T16:02:08.740+0000][180.166s][info][gc,heap        ] GC(74) PSYoungGen: 3295920K(3367424K)->43297K(3367936K) Eden: 3255296K(3255296K)->0K(3255296K) From: 40624K(112128K)->43297K(112640K)
[2026-09-25T16:02:08.740+0000][180.166s][info][gc,heap        ] GC(74) ParOldGen: 4058598K(4058624K)->4070897K(4070912K)
[2026-09-25T16:02:08.740+0000][180.166s][info][gc,metaspace   ] GC(74) Metaspace: 168960K(170880K)->168960K(170880K) NonClass: 142235K(143296K)->142235K(143296K) Class: 26724K(27584K)->26724K(27584K)
[2026-09-25T16:02:08.740+0000][180.166s][info][gc             ] GC(74) Pause Young (Allocation Failure) 7182M->4017M(7264M) 101.311ms
[2026-09-25T16:02:08.740+0000][180.166s][info][gc,cpu         ] GC(74) User=0.40s Sys=0.01s Real=0.10s
[2026-09-25T16:02:12.444+0000][183.870s][info][gc,start       ] GC(75) Pause Young (Allocation Failure)
[2026-09-25T16:02:12.548+0000][183.974s][info][gc,heap        ] GC(75) PSYoungGen: 3298593K(3367936K)->38736K(3378176K) Eden: 3255296K(3255296K)->0K(3274240K) From: 43297K(112640K)->38736K(103936K)
[2026-09-25T16:02:12.548+0000][183.974s][info][gc,heap        ] GC(75) ParOldGen: 4070897K(4070912K)->4085805K(4086272K)
[2026-09-25T16:02:12.548+0000][183.974s][info][gc,metaspace   ] GC(75) Metaspace: 168978K(170880K)->168978K(170880K) NonClass: 142254K(143296K)->142254K(143296K) Class: 26724K(27584K)->26724K(27584K)
[2026-09-25T16:02:12.548+0000][183.974s][info][gc             ] GC(75) Pause Young (Allocation Failure) 7196M->4027M(7289M) 103.996ms
[2026-09-25T16:02:12.548+0000][183.974s][info][gc,cpu         ] GC(75) User=0.38s Sys=0.02s Real=0.10s
[2026-09-25T16:02:16.268+0000][187.694s][info][gc,start       ] GC(76) Pause Young (Allocation Failure)
[2026-09-25T16:02:16.366+0000][187.792s][info][gc,heap        ] GC(76) PSYoungGen: 3312976K(3378176K)->41473K(3377664K) Eden: 3274240K(3274240K)->0K(3274240K) From: 38736K(103936K)->41473K(103424K)
[2026-09-25T16:02:16.366+0000][187.792s][info][gc,heap        ] GC(76) ParOldGen: 4085805K(4086272K)->4098257K(4098560K)
[2026-09-25T16:02:16.366+0000][187.792s][info][gc,metaspace   ] GC(76) Metaspace: 169001K(170880K)->169001K(170880K) NonClass: 142275K(143296K)->142275K(143296K) Class: 26725K(27584K)->26725K(27584K)
[2026-09-25T16:02:16.366+0000][187.792s][info][gc             ] GC(76) Pause Young (Allocation Failure) 7225M->4042M(7301M) 97.707ms
[2026-09-25T16:02:16.366+0000][187.792s][info][gc,cpu         ] GC(76) User=0.38s Sys=0.01s Real=0.10s
[2026-09-25T16:02:20.286+0000][191.712s][info][gc,start       ] GC(77) Pause Young (Allocation Failure)
[2026-09-25T16:02:20.389+0000][191.816s][info][gc,heap        ] GC(77) PSYoungGen: 3315713K(3377664K)->41649K(3387392K) Eden: 3274240K(3274240K)->0K(3291648K) From: 41473K(103424K)->41649K(95744K)
[2026-09-25T16:02:20.389+0000][191.816s][info][gc,heap        ] GC(77) ParOldGen: 4098257K(4098560K)->4112054K(4112384K)
[2026-09-25T16:02:20.390+0000][191.816s][info][gc,metaspace   ] GC(77) Metaspace: 169021K(170880K)->169021K(170880K) NonClass: 142295K(143296K)->142295K(143296K) Class: 26726K(27584K)->26726K(27584K)
[2026-09-25T16:02:20.390+0000][191.816s][info][gc             ] GC(77) Pause Young (Allocation Failure) 7240M->4056M(7324M) 103.636ms
[2026-09-25T16:02:20.390+0000][191.816s][info][gc,cpu         ] GC(77) User=0.40s Sys=0.01s Real=0.10s
[2026-09-25T16:02:21.865+0000][193.291s][info][gc,start       ] GC(78) Pause Young (CodeCache GC Threshold)
[2026-09-25T16:02:21.995+0000][193.421s][info][gc,heap        ] GC(78) PSYoungGen: 1420495K(3387392K)->33455K(3325440K) Eden: 1378845K(3291648K)->0K(3291648K) From: 41649K(95744K)->33455K(33792K)
[2026-09-25T16:02:21.995+0000][193.421s][info][gc,heap        ] GC(78) ParOldGen: 4112054K(4112384K)->4129191K(4129280K)
[2026-09-25T16:02:21.995+0000][193.421s][info][gc,metaspace   ] GC(78) Metaspace: 169026K(170880K)->169026K(170880K) NonClass: 142300K(143296K)->142300K(143296K) Class: 26726K(27584K)->26726K(27584K)
[2026-09-25T16:02:21.995+0000][193.421s][info][gc             ] GC(78) Pause Young (CodeCache GC Threshold) 5402M->4065M(7280M) 129.912ms
[2026-09-25T16:02:21.995+0000][193.421s][info][gc,cpu         ] GC(78) User=0.49s Sys=0.02s Real=0.13s
[2026-09-25T16:02:21.995+0000][193.421s][info][gc,start       ] GC(79) Pause Full (CodeCache GC Threshold)
[2026-09-25T16:02:21.995+0000][193.421s][info][gc,phases,start] GC(79) Marking Phase
[2026-09-25T16:02:23.002+0000][194.429s][info][gc,phases      ] GC(79) Marking Phase 1007.694ms
[2026-09-25T16:02:23.002+0000][194.429s][info][gc,phases,start] GC(79) Summary Phase
[2026-09-25T16:02:23.002+0000][194.429s][info][gc,phases      ] GC(79) Summary Phase 0.065ms
[2026-09-25T16:02:23.002+0000][194.429s][info][gc,phases,start] GC(79) Adjust Roots
[2026-09-25T16:02:23.022+0000][194.448s][info][gc,phases      ] GC(79) Adjust Roots 19.339ms
[2026-09-25T16:02:23.022+0000][194.448s][info][gc,phases,start] GC(79) Compaction Phase
[2026-09-25T16:02:24.075+0000][195.501s][info][gc,phases      ] GC(79) Compaction Phase 1052.908ms
[2026-09-25T16:02:24.075+0000][195.501s][info][gc,phases,start] GC(79) Post Compact
[2026-09-25T16:02:24.082+0000][195.509s][info][gc,phases      ] GC(79) Post Compact 7.680ms
[2026-09-25T16:02:24.083+0000][195.509s][info][gc,heap        ] GC(79) PSYoungGen: 33455K(3325440K)->0K(3325440K) Eden: 0K(3291648K)->0K(3291648K) From: 33455K(33792K)->0K(33792K)
[2026-09-25T16:02:24.083+0000][195.509s][info][gc,heap        ] GC(79) ParOldGen: 4129191K(4129280K)->3951288K(4129280K)
[2026-09-25T16:02:24.083+0000][195.509s][info][gc,metaspace   ] GC(79) Metaspace: 169026K(170880K)->169012K(170880K) NonClass: 142300K(143296K)->142289K(143296K) Class: 26726K(27584K)->26722K(27584K)
[2026-09-25T16:02:24.083+0000][195.509s][info][gc             ] GC(79) Pause Full (CodeCache GC Threshold) 4065M->3858M(7280M) 2087.871ms
[2026-09-25T16:02:24.083+0000][195.509s][info][gc,cpu         ] GC(79) User=7.86s Sys=0.04s Real=2.09s
[2026-09-25T16:02:27.891+0000][199.317s][info][gc,start       ] GC(80) Pause Young (Allocation Failure)
[2026-09-25T16:02:27.980+0000][199.406s][info][gc,heap        ] GC(80) PSYoungGen: 3291648K(3325440K)->41425K(3388928K) Eden: 3291648K(3291648K)->0K(3296256K) From: 0K(33792K)->41425K(92672K)
[2026-09-25T16:02:27.980+0000][199.406s][info][gc,heap        ] GC(80) ParOldGen: 3951288K(4129280K)->3951288K(4129280K)
[2026-09-25T16:02:27.980+0000][199.406s][info][gc,metaspace   ] GC(80) Metaspace: 169018K(170944K)->169018K(170944K) NonClass: 142295K(143360K)->142295K(143360K) Class: 26723K(27584K)->26723K(27584K)
[2026-09-25T16:02:27.980+0000][199.406s][info][gc             ] GC(80) Pause Young (Allocation Failure) 7073M->3899M(7342M) 88.834ms
[2026-09-25T16:02:27.980+0000][199.406s][info][gc,cpu         ] GC(80) User=0.36s Sys=0.00s Real=0.08s
[2026-09-25T16:02:31.740+0000][203.166s][info][gc,start       ] GC(81) Pause Young (Allocation Failure)
[2026-09-25T16:02:31.835+0000][203.261s][info][gc,heap        ] GC(81) PSYoungGen: 3337681K(3388928K)->40320K(3384832K) Eden: 3296256K(3296256K)->0K(3296256K) From: 41425K(92672K)->40320K(88576K)
[2026-09-25T16:02:31.835+0000][203.261s][info][gc,heap        ] GC(81) ParOldGen: 3951288K(4129280K)->3966088K(4129280K)
[2026-09-25T16:02:31.835+0000][203.261s][info][gc,metaspace   ] GC(81) Metaspace: 169018K(170944K)->169018K(170944K) NonClass: 142295K(143360K)->142295K(143360K) Class: 26723K(27584K)->26723K(27584K)
[2026-09-25T16:02:31.835+0000][203.261s][info][gc             ] GC(81) Pause Young (Allocation Failure) 7118M->3912M(7338M) 94.635ms
[2026-09-25T16:02:31.835+0000][203.261s][info][gc,cpu         ] GC(81) User=0.37s Sys=0.00s Real=0.10s
[2026-09-25T16:02:35.658+0000][207.084s][info][gc,start       ] GC(82) Pause Young (Allocation Failure)
[2026-09-25T16:02:35.750+0000][207.176s][info][gc,heap        ] GC(82) PSYoungGen: 3336576K(3384832K)->37488K(3401216K) Eden: 3296256K(3296256K)->0K(3316224K) From: 40320K(88576K)->37488K(84992K)
[2026-09-25T16:02:35.750+0000][207.176s][info][gc,heap        ] GC(82) ParOldGen: 3966088K(4129280K)->3978704K(4129280K)
[2026-09-25T16:02:35.750+0000][207.176s][info][gc,metaspace   ] GC(82) Metaspace: 169026K(170944K)->169026K(170944K) NonClass: 142302K(143360K)->142302K(143360K) Class: 26723K(27584K)->26723K(27584K)
[2026-09-25T16:02:35.750+0000][207.176s][info][gc             ] GC(82) Pause Young (Allocation Failure) 7131M->3922M(7354M) 91.794ms
[2026-09-25T16:02:35.750+0000][207.176s][info][gc,cpu         ] GC(82) User=0.37s Sys=0.00s Real=0.09s
[2026-09-25T16:02:39.739+0000][211.165s][info][gc,start       ] GC(83) Pause Young (Allocation Failure)
[2026-09-25T16:02:39.832+0000][211.259s][info][gc,heap        ] GC(83) PSYoungGen: 3353712K(3401216K)->39776K(3398656K) Eden: 3316224K(3316224K)->0K(3316224K) From: 37488K(84992K)->39776K(82432K)
[2026-09-25T16:02:39.832+0000][211.259s][info][gc,heap        ] GC(83) ParOldGen: 3978704K(4129280K)->3990119K(4129280K)
[2026-09-25T16:02:39.832+0000][211.259s][info][gc,metaspace   ] GC(83) Metaspace: 169029K(170944K)->169029K(170944K) NonClass: 142305K(143360K)->142305K(143360K) Class: 26723K(27584K)->26723K(27584K)
[2026-09-25T16:02:39.832+0000][211.259s][info][gc             ] GC(83) Pause Young (Allocation Failure) 7160M->3935M(7351M) 93.904ms
[2026-09-25T16:02:39.832+0000][211.259s][info][gc,cpu         ] GC(83) User=0.37s Sys=0.00s Real=0.10s
[2026-09-25T16:02:43.886+0000][215.312s][info][gc,start       ] GC(84) Pause Young (Allocation Failure)
[2026-09-25T16:02:43.980+0000][215.406s][info][gc,heap        ] GC(84) PSYoungGen: 3356000K(3398656K)->43601K(3408896K) Eden: 3316224K(3316224K)->0K(3331072K) From: 39776K(82432K)->43601K(77824K)
[2026-09-25T16:02:43.980+0000][215.406s][info][gc,heap        ] GC(84) ParOldGen: 3990119K(4129280K)->4002522K(4129280K)
[2026-09-25T16:02:43.980+0000][215.406s][info][gc,metaspace   ] GC(84) Metaspace: 169034K(170944K)->169034K(170944K) NonClass: 142310K(143360K)->142310K(143360K) Class: 26723K(27584K)->26723K(27584K)
[2026-09-25T16:02:43.980+0000][215.406s][info][gc             ] GC(84) Pause Young (Allocation Failure) 7173M->3951M(7361M) 94.054ms
[2026-09-25T16:02:43.980+0000][215.406s][info][gc,cpu         ] GC(84) User=0.37s Sys=0.00s Real=0.09s
[2026-09-25T16:02:48.025+0000][219.451s][info][gc,start       ] GC(85) Pause Young (Allocation Failure)
[2026-09-25T16:02:48.125+0000][219.551s][info][gc,heap        ] GC(85) PSYoungGen: 3374673K(3408896K)->46801K(3406848K) Eden: 3331072K(3331072K)->0K(3331072K) From: 43601K(77824K)->46801K(75776K)
[2026-09-25T16:02:48.125+0000][219.552s][info][gc,heap        ] GC(85) ParOldGen: 4002522K(4129280K)->4017730K(4129280K)
[2026-09-25T16:02:48.125+0000][219.552s][info][gc,metaspace   ] GC(85) Metaspace: 169041K(170944K)->169041K(170944K) NonClass: 142317K(143360K)->142317K(143360K) Class: 26723K(27584K)->26723K(27584K)
[2026-09-25T16:02:48.125+0000][219.552s][info][gc             ] GC(85) Pause Young (Allocation Failure) 7204M->3969M(7359M) 100.540ms
[2026-09-25T16:02:48.125+0000][219.552s][info][gc,cpu         ] GC(85) User=0.40s Sys=0.00s Real=0.10s
[2026-09-25T16:02:52.262+0000][223.688s][info][gc,start       ] GC(86) Pause Young (Allocation Failure)
[2026-09-25T16:02:52.365+0000][223.791s][info][gc,heap        ] GC(86) PSYoungGen: 3377873K(3406848K)->44625K(3416576K) Eden: 3331072K(3331072K)->0K(3343872K) From: 46801K(75776K)->44625K(72704K)
[2026-09-25T16:02:52.365+0000][223.791s][info][gc,heap        ] GC(86) ParOldGen: 4017730K(4129280K)->4036291K(4129280K)
[2026-09-25T16:02:52.365+0000][223.791s][info][gc,metaspace   ] GC(86) Metaspace: 169054K(170944K)->169054K(170944K) NonClass: 142329K(143360K)->142329K(143360K) Class: 26724K(27584K)->26724K(27584K)
[2026-09-25T16:02:52.365+0000][223.792s][info][gc             ] GC(86) Pause Young (Allocation Failure) 7222M->3985M(7369M) 103.479ms
[2026-09-25T16:02:52.365+0000][223.792s][info][gc,cpu         ] GC(86) User=0.40s Sys=0.00s Real=0.10s
[2026-09-25T16:02:56.481+0000][227.907s][info][gc,start       ] GC(87) Pause Young (Allocation Failure)
[2026-09-25T16:02:56.583+0000][228.009s][info][gc,heap        ] GC(87) PSYoungGen: 3388497K(3416576K)->49569K(3415040K) Eden: 3343872K(3343872K)->0K(3343872K) From: 44625K(72704K)->49569K(71168K)
[2026-09-25T16:02:56.583+0000][228.009s][info][gc,heap        ] GC(87) ParOldGen: 4036291K(4129280K)->4054967K(4129280K)
[2026-09-25T16:02:56.583+0000][228.009s][info][gc,metaspace   ] GC(87) Metaspace: 169075K(170944K)->169075K(170944K) NonClass: 142350K(143360K)->142350K(143360K) Class: 26724K(27584K)->26724K(27584K)
[2026-09-25T16:02:56.583+0000][228.009s][info][gc             ] GC(87) Pause Young (Allocation Failure) 7250M->4008M(7367M) 102.186ms
[2026-09-25T16:02:56.583+0000][228.009s][info][gc,cpu         ] GC(87) User=0.40s Sys=0.00s Real=0.11s
[2026-09-25T16:03:00.786+0000][232.212s][info][gc,start       ] GC(88) Pause Young (Allocation Failure)
[2026-09-25T16:03:00.889+0000][232.315s][info][gc,heap        ] GC(88) PSYoungGen: 3393441K(3415040K)->43505K(3420672K) Eden: 3343872K(3343872K)->0K(3353088K) From: 49569K(71168K)->43505K(67584K)
[2026-09-25T16:03:00.889+0000][232.315s][info][gc,heap        ] GC(88) ParOldGen: 4054967K(4129280K)->4076227K(4129280K)
[2026-09-25T16:03:00.889+0000][232.315s][info][gc,metaspace   ] GC(88) Metaspace: 169076K(170944K)->169076K(170944K) NonClass: 142351K(143360K)->142351K(143360K) Class: 26724K(27584K)->26724K(27584K)
[2026-09-25T16:03:00.889+0000][232.315s][info][gc             ] GC(88) Pause Young (Allocation Failure) 7273M->4023M(7373M) 103.375ms
[2026-09-25T16:03:00.889+0000][232.315s][info][gc,cpu         ] GC(88) User=0.41s Sys=0.00s Real=0.10s
[2026-09-25T16:03:05.213+0000][236.639s][info][gc,start       ] GC(89) Pause Young (Allocation Failure)
[2026-09-25T16:03:05.315+0000][236.741s][info][gc,heap        ] GC(89) PSYoungGen: 3396593K(3420672K)->41984K(3421184K) Eden: 3353088K(3353088K)->0K(3353088K) From: 43505K(67584K)->41984K(68096K)
[2026-09-25T16:03:05.315+0000][236.741s][info][gc,heap        ] GC(89) ParOldGen: 4076227K(4129280K)->4093064K(4129280K)
[2026-09-25T16:03:05.315+0000][236.741s][info][gc,metaspace   ] GC(89) Metaspace: 169077K(170944K)->169077K(170944K) NonClass: 142352K(143360K)->142352K(143360K) Class: 26724K(27584K)->26724K(27584K)
[2026-09-25T16:03:05.315+0000][236.741s][info][gc             ] GC(89) Pause Young (Allocation Failure) 7297M->4038M(7373M) 102.406ms
[2026-09-25T16:03:05.315+0000][236.741s][info][gc,cpu         ] GC(89) User=0.39s Sys=0.00s Real=0.10s
[2026-09-25T16:03:09.787+0000][241.213s][info][gc,start       ] GC(90) Pause Young (Allocation Failure)
[2026-09-25T16:03:09.886+0000][241.313s][info][gc,heap        ] GC(90) PSYoungGen: 3395072K(3421184K)->43440K(3424256K) Eden: 3353088K(3353088K)->0K(3360768K) From: 41984K(68096K)->43440K(63488K)
[2026-09-25T16:03:09.886+0000][241.313s][info][gc,heap        ] GC(90) ParOldGen: 4093064K(4129280K)->4107455K(4129280K)
[2026-09-25T16:03:09.886+0000][241.313s][info][gc,metaspace   ] GC(90) Metaspace: 169081K(170944K)->169081K(170944K) NonClass: 142356K(143360K)->142356K(143360K) Class: 26725K(27584K)->26725K(27584K)
[2026-09-25T16:03:09.887+0000][241.313s][info][gc             ] GC(90) Pause Young (Allocation Failure) 7312M->4053M(7376M) 99.814ms
[2026-09-25T16:03:09.887+0000][241.313s][info][gc,cpu         ] GC(90) User=0.40s Sys=0.00s Real=0.10s
[2026-09-25T16:03:14.321+0000][245.747s][info][gc,start       ] GC(91) Pause Young (Allocation Failure)
[2026-09-25T16:03:14.424+0000][245.850s][info][gc,heap        ] GC(91) PSYoungGen: 3404208K(3424256K)->41712K(3424768K) Eden: 3360768K(3360768K)->0K(3360768K) From: 43440K(63488K)->41712K(64000K)
[2026-09-25T16:03:14.424+0000][245.850s][info][gc,heap        ] GC(91) ParOldGen: 4107455K(4129280K)->4124427K(4129280K)
[2026-09-25T16:03:14.424+0000][245.850s][info][gc,metaspace   ] GC(91) Metaspace: 169186K(171072K)->169186K(171072K) NonClass: 142445K(143488K)->142445K(143488K) Class: 26741K(27584K)->26741K(27584K)
[2026-09-25T16:03:14.424+0000][245.850s][info][gc             ] GC(91) Pause Young (Allocation Failure) 7335M->4068M(7377M) 102.928ms
[2026-09-25T16:03:14.424+0000][245.850s][info][gc,cpu         ] GC(91) User=0.40s Sys=0.00s Real=0.10s
[2026-09-25T16:03:18.915+0000][250.341s][info][gc,start       ] GC(92) Pause Young (Allocation Failure)
[2026-09-25T16:03:19.030+0000][250.456s][info][gc,heap        ] GC(92) PSYoungGen: 3402480K(3424768K)->45617K(3429888K) Eden: 3360768K(3360768K)->0K(3368448K) From: 41712K(64000K)->45617K(61440K)
[2026-09-25T16:03:19.030+0000][250.456s][info][gc,heap        ] GC(92) ParOldGen: 4124427K(4129280K)->4139862K(4140032K)
[2026-09-25T16:03:19.030+0000][250.456s][info][gc,metaspace   ] GC(92) Metaspace: 169187K(171072K)->169187K(171072K) NonClass: 142445K(143488K)->142445K(143488K) Class: 26742K(27584K)->26742K(27584K)
[2026-09-25T16:03:19.030+0000][250.456s][info][gc             ] GC(92) Pause Young (Allocation Failure) 7350M->4087M(7392M) 115.403ms
[2026-09-25T16:03:19.030+0000][250.456s][info][gc,cpu         ] GC(92) User=0.41s Sys=0.03s Real=0.11s
[2026-09-25T16:03:23.395+0000][254.821s][info][gc,start       ] GC(93) Pause Young (Allocation Failure)
[2026-09-25T16:03:23.501+0000][254.927s][info][gc,heap        ] GC(93) PSYoungGen: 3414065K(3429888K)->44705K(3429888K) Eden: 3368448K(3368448K)->0K(3368448K) From: 45617K(61440K)->44705K(61440K)
[2026-09-25T16:03:23.501+0000][254.927s][info][gc,heap        ] GC(93) ParOldGen: 4139862K(4140032K)->4158922K(4158976K)
[2026-09-25T16:03:23.501+0000][254.927s][info][gc,metaspace   ] GC(93) Metaspace: 169189K(171072K)->169189K(171072K) NonClass: 142447K(143488K)->142447K(143488K) Class: 26742K(27584K)->26742K(27584K)
[2026-09-25T16:03:23.501+0000][254.927s][info][gc             ] GC(93) Pause Young (Allocation Failure) 7376M->4105M(7411M) 106.337ms
[2026-09-25T16:03:23.501+0000][254.927s][info][gc,cpu         ] GC(93) User=0.40s Sys=0.02s Real=0.11s
[2026-09-25T16:03:28.048+0000][259.474s][info][gc,start       ] GC(94) Pause Young (Allocation Failure)
[2026-09-25T16:03:28.160+0000][259.586s][info][gc,heap        ] GC(94) PSYoungGen: 3413153K(3429888K)->48465K(3431936K) Eden: 3368448K(3368448K)->0K(3372032K) From: 44705K(61440K)->48465K(59904K)
[2026-09-25T16:03:28.160+0000][259.586s][info][gc,heap        ] GC(94) ParOldGen: 4158922K(4158976K)->4177854K(4177920K)
[2026-09-25T16:03:28.160+0000][259.586s][info][gc,metaspace   ] GC(94) Metaspace: 169190K(171072K)->169190K(171072K) NonClass: 142448K(143488K)->142448K(143488K) Class: 26742K(27584K)->26742K(27584K)
[2026-09-25T16:03:28.160+0000][259.586s][info][gc             ] GC(94) Pause Young (Allocation Failure) 7394M->4127M(7431M) 112.003ms
[2026-09-25T16:03:28.160+0000][259.586s][info][gc,cpu         ] GC(94) User=0.42s Sys=0.02s Real=0.11s
[2026-09-25T16:03:32.702+0000][264.128s][info][gc,start       ] GC(95) Pause Young (Allocation Failure)
[2026-09-25T16:03:32.811+0000][264.237s][info][gc,heap        ] GC(95) PSYoungGen: 3420497K(3431936K)->52848K(3431936K) Eden: 3372032K(3372032K)->0K(3372032K) From: 48465K(59904K)->52848K(59904K)
[2026-09-25T16:03:32.811+0000][264.237s][info][gc,heap        ] GC(95) ParOldGen: 4177854K(4177920K)->4198502K(4198912K)
[2026-09-25T16:03:32.811+0000][264.237s][info][gc,metaspace   ] GC(95) Metaspace: 169190K(171072K)->169190K(171072K) NonClass: 142448K(143488K)->142448K(143488K) Class: 26742K(27584K)->26742K(27584K)
[2026-09-25T16:03:32.811+0000][264.237s][info][gc             ] GC(95) Pause Young (Allocation Failure) 7420M->4151M(7452M) 108.638ms
[2026-09-25T16:03:32.811+0000][264.237s][info][gc,cpu         ] GC(95) User=0.42s Sys=0.01s Real=0.11s
[2026-09-25T16:03:37.550+0000][268.976s][info][gc,start       ] GC(96) Pause Young (Allocation Failure)
[2026-09-25T16:03:37.663+0000][269.089s][info][gc,heap        ] GC(96) PSYoungGen: 3424880K(3431936K)->53009K(3430400K) Eden: 3372032K(3372032K)->0K(3368960K) From: 52848K(59904K)->53009K(61440K)
[2026-09-25T16:03:37.663+0000][269.089s][info][gc,heap        ] GC(96) ParOldGen: 4198502K(4198912K)->4224317K(4224512K)
[2026-09-25T16:03:37.663+0000][269.089s][info][gc,metaspace   ] GC(96) Metaspace: 169218K(171136K)->169218K(171136K) NonClass: 142475K(143552K)->142475K(143552K) Class: 26742K(27584K)->26742K(27584K)
[2026-09-25T16:03:37.663+0000][269.089s][info][gc             ] GC(96) Pause Young (Allocation Failure) 7444M->4177M(7475M) 113.438ms
[2026-09-25T16:03:37.663+0000][269.089s][info][gc,cpu         ] GC(96) User=0.42s Sys=0.02s Real=0.12s
[2026-09-25T16:03:42.160+0000][273.586s][info][gc,start       ] GC(97) Pause Young (Allocation Failure)
[2026-09-25T16:03:42.272+0000][273.698s][info][gc,heap        ] GC(97) PSYoungGen: 3421969K(3430400K)->51873K(3431936K) Eden: 3368960K(3368960K)->0K(3368960K) From: 53009K(61440K)->51873K(62976K)
[2026-09-25T16:03:42.272+0000][273.698s][info][gc,heap        ] GC(97) ParOldGen: 4224317K(4224512K)->4250353K(4250624K)
[2026-09-25T16:03:42.272+0000][273.698s][info][gc,metaspace   ] GC(97) Metaspace: 169219K(171136K)->169219K(171136K) NonClass: 142476K(143552K)->142476K(143552K) Class: 26742K(27584K)->26742K(27584K)
[2026-09-25T16:03:42.272+0000][273.698s][info][gc             ] GC(97) Pause Young (Allocation Failure) 7467M->4201M(7502M) 111.714ms
[2026-09-25T16:03:42.272+0000][273.698s][info][gc,cpu         ] GC(97) User=0.43s Sys=0.02s Real=0.12s
[2026-09-25T16:03:46.901+0000][278.328s][info][gc,start       ] GC(98) Pause Young (Allocation Failure)
[2026-09-25T16:03:47.016+0000][278.442s][info][gc,heap        ] GC(98) PSYoungGen: 3420833K(3431936K)->48673K(3430912K) Eden: 3368960K(3368960K)->0K(3368960K) From: 51873K(62976K)->48673K(61952K)
[2026-09-25T16:03:47.016+0000][278.442s][info][gc,heap        ] GC(98) ParOldGen: 4250353K(4250624K)->4273857K(4274176K)
[2026-09-25T16:03:47.016+0000][278.442s][info][gc,metaspace   ] GC(98) Metaspace: 169221K(171136K)->169221K(171136K) NonClass: 142478K(143552K)->142478K(143552K) Class: 26742K(27584K)->26742K(27584K)
[2026-09-25T16:03:47.016+0000][278.442s][info][gc             ] GC(98) Pause Young (Allocation Failure) 7491M->4221M(7524M) 114.813ms
[2026-09-25T16:03:47.016+0000][278.442s][info][gc,cpu         ] GC(98) User=0.44s Sys=0.02s Real=0.11s
[2026-09-25T16:03:51.651+0000][283.077s][info][gc,start       ] GC(99) Pause Young (Allocation Failure)
[2026-09-25T16:03:51.763+0000][283.190s][info][gc,heap        ] GC(99) PSYoungGen: 3417633K(3430912K)->46080K(3431424K) Eden: 3368960K(3368960K)->0K(3368960K) From: 48673K(61952K)->46080K(62464K)
[2026-09-25T16:03:51.763+0000][283.190s][info][gc,heap        ] GC(99) ParOldGen: 4273857K(4274176K)->4296114K(4296192K)
[2026-09-25T16:03:51.763+0000][283.190s][info][gc,metaspace   ] GC(99) Metaspace: 169221K(171136K)->169221K(171136K) NonClass: 142478K(143552K)->142478K(143552K) Class: 26742K(27584K)->26742K(27584K)
[2026-09-25T16:03:51.764+0000][283.190s][info][gc             ] GC(99) Pause Young (Allocation Failure) 7511M->4240M(7546M) 112.649ms
[2026-09-25T16:03:51.764+0000][283.190s][info][gc,cpu         ] GC(99) User=0.42s Sys=0.02s Real=0.11s
[2026-09-25T16:03:56.637+0000][288.063s][info][gc,start       ] GC(100) Pause Young (Allocation Failure)
[2026-09-25T16:03:56.749+0000][288.176s][info][gc,heap        ] GC(100) PSYoungGen: 3415040K(3431424K)->49809K(3431936K) Eden: 3368960K(3368960K)->0K(3371008K) From: 46080K(62464K)->49809K(60928K)
[2026-09-25T16:03:56.793+0000][288.219s][info][gc,heap        ] GC(100) ParOldGen: 4296114K(4296192K)->4316146K(4316160K)
[2026-09-25T16:03:56.793+0000][288.219s][info][gc,metaspace   ] GC(100) Metaspace: 169222K(171136K)->169222K(171136K) NonClass: 142480K(143552K)->142480K(143552K) Class: 26742K(27584K)->26742K(27584K)
[2026-09-25T16:03:56.793+0000][288.219s][info][gc             ] GC(100) Pause Young (Allocation Failure) 7530M->4263M(7566M) 155.911ms
[2026-09-25T16:03:56.793+0000][288.219s][info][gc,cpu         ] GC(100) User=0.43s Sys=0.01s Real=0.16s
[2026-09-25T16:04:01.527+0000][292.953s][info][gc,start       ] GC(101) Pause Young (Allocation Failure)
[2026-09-25T16:04:01.637+0000][293.063s][info][gc,heap        ] GC(101) PSYoungGen: 3420817K(3431936K)->45456K(3431424K) Eden: 3371008K(3371008K)->0K(3371008K) From: 49809K(60928K)->45456K(60416K)
[2026-09-25T16:04:01.637+0000][293.063s][info][gc,heap        ] GC(101) ParOldGen: 4316146K(4316160K)->4338846K(4339200K)
[2026-09-25T16:04:01.637+0000][293.063s][info][gc,metaspace   ] GC(101) Metaspace: 169223K(171136K)->169223K(171136K) NonClass: 142480K(143552K)->142480K(143552K) Class: 26743K(27584K)->26743K(27584K)
[2026-09-25T16:04:01.637+0000][293.063s][info][gc             ] GC(101) Pause Young (Allocation Failure) 7555M->4281M(7588M) 110.579ms
[2026-09-25T16:04:01.637+0000][293.063s][info][gc,cpu         ] GC(101) User=0.43s Sys=0.01s Real=0.11s
[2026-09-25T16:04:06.491+0000][297.917s][info][gc,start       ] GC(102) Pause Young (Allocation Failure)
[2026-09-25T16:04:06.608+0000][298.035s][info][gc,heap        ] GC(102) PSYoungGen: 3416464K(3431424K)->44081K(3433472K) Eden: 3371008K(3371008K)->0K(3374080K) From: 45456K(60416K)->44081K(59392K)
[2026-09-25T16:04:06.608+0000][298.035s][info][gc,heap        ] GC(102) ParOldGen: 4338846K(4339200K)->4356869K(4357120K)
[2026-09-25T16:04:06.608+0000][298.035s][info][gc,metaspace   ] GC(102) Metaspace: 169223K(171136K)->169223K(171136K) NonClass: 142480K(143552K)->142480K(143552K) Class: 26743K(27584K)->26743K(27584K)
[2026-09-25T16:04:06.608+0000][298.035s][info][gc             ] GC(102) Pause Young (Allocation Failure) 7573M->4297M(7608M) 117.662ms
[2026-09-25T16:04:06.608+0000][298.035s][info][gc,cpu         ] GC(102) User=0.44s Sys=0.02s Real=0.11s
[2026-09-25T16:04:11.790+0000][303.217s][info][gc,start       ] GC(103) Pause Young (Allocation Failure)
[2026-09-25T16:04:11.905+0000][303.331s][info][gc,heap        ] GC(103) PSYoungGen: 3418161K(3433472K)->49777K(3432960K) Eden: 3374080K(3374080K)->0K(3374080K) From: 44081K(59392K)->49777K(58880K)
[2026-09-25T16:04:11.905+0000][303.331s][info][gc,heap        ] GC(103) ParOldGen: 4356869K(4357120K)->4374546K(4375040K)
[2026-09-25T16:04:11.905+0000][303.331s][info][gc,metaspace   ] GC(103) Metaspace: 169227K(171136K)->169227K(171136K) NonClass: 142481K(143552K)->142481K(143552K) Class: 26745K(27584K)->26745K(27584K)
[2026-09-25T16:04:11.905+0000][303.331s][info][gc             ] GC(103) Pause Young (Allocation Failure) 7592M->4320M(7625M) 114.215ms
[2026-09-25T16:04:11.905+0000][303.331s][info][gc,cpu         ] GC(103) User=0.42s Sys=0.03s Real=0.12s
[2026-09-25T16:04:16.977+0000][308.403s][info][gc,start       ] GC(104) Pause Young (Allocation Failure)
[2026-09-25T16:04:17.104+0000][308.530s][info][gc,heap        ] GC(104) PSYoungGen: 3423857K(3432960K)->52049K(3435008K) Eden: 3374080K(3374080K)->0K(3376128K) From: 49777K(58880K)->52049K(58880K)
[2026-09-25T16:04:17.104+0000][308.530s][info][gc,heap        ] GC(104) ParOldGen: 4374546K(4375040K)->4398263K(4398592K)
[2026-09-25T16:04:17.104+0000][308.530s][info][gc,metaspace   ] GC(104) Metaspace: 169237K(171136K)->169237K(171136K) NonClass: 142487K(143552K)->142487K(143552K) Class: 26750K(27584K)->26750K(27584K)
[2026-09-25T16:04:17.104+0000][308.530s][info][gc             ] GC(104) Pause Young (Allocation Failure) 7615M->4346M(7650M) 127.082ms
[2026-09-25T16:04:17.104+0000][308.530s][info][gc,cpu         ] GC(104) User=0.43s Sys=0.02s Real=0.13s
[2026-09-25T16:04:22.334+0000][313.760s][info][gc,start       ] GC(105) Pause Young (Allocation Failure)
[2026-09-25T16:04:22.453+0000][313.880s][info][gc,heap        ] GC(105) PSYoungGen: 3428177K(3435008K)->50433K(3435520K) Eden: 3376128K(3376128K)->0K(3376128K) From: 52049K(58880K)->50433K(59392K)
[2026-09-25T16:04:22.453+0000][313.880s][info][gc,heap        ] GC(105) ParOldGen: 4398263K(4398592K)->4422323K(4422656K)
[2026-09-25T16:04:22.453+0000][313.880s][info][gc,metaspace   ] GC(105) Metaspace: 169239K(171136K)->169239K(171136K) NonClass: 142489K(143552K)->142489K(143552K) Class: 26750K(27584K)->26750K(27584K)
[2026-09-25T16:04:22.453+0000][313.880s][info][gc             ] GC(105) Pause Young (Allocation Failure) 7643M->4367M(7674M) 119.299ms
[2026-09-25T16:04:22.453+0000][313.880s][info][gc,cpu         ] GC(105) User=0.45s Sys=0.01s Real=0.12s
[2026-09-25T16:04:27.816+0000][319.242s][info][gc,start       ] GC(106) Pause Young (Allocation Failure)
[2026-09-25T16:04:27.934+0000][319.361s][info][gc,heap        ] GC(106) PSYoungGen: 3426561K(3435520K)->50161K(3435520K) Eden: 3376128K(3376128K)->0K(3376128K) From: 50433K(59392K)->50161K(59392K)
[2026-09-25T16:04:27.935+0000][319.361s][info][gc,heap        ] GC(106) ParOldGen: 4422323K(4422656K)->4445318K(4445696K)
[2026-09-25T16:04:27.935+0000][319.361s][info][gc,metaspace   ] GC(106) Metaspace: 169239K(171136K)->169239K(171136K) NonClass: 142489K(143552K)->142489K(143552K) Class: 26750K(27584K)->26750K(27584K)
[2026-09-25T16:04:27.935+0000][319.361s][info][gc             ] GC(106) Pause Young (Allocation Failure) 7664M->4390M(7696M) 118.451ms
[2026-09-25T16:04:27.935+0000][319.361s][info][gc,cpu         ] GC(106) User=0.44s Sys=0.01s Real=0.12s
[2026-09-25T16:04:33.250+0000][324.676s][info][gc,start       ] GC(107) Pause Young (Allocation Failure)
[2026-09-25T16:04:33.367+0000][324.793s][info][gc,heap        ] GC(107) PSYoungGen: 3426289K(3435520K)->58369K(3435008K) Eden: 3376128K(3376128K)->0K(3376128K) From: 50161K(59392K)->58369K(58880K)
[2026-09-25T16:04:33.367+0000][324.793s][info][gc,heap        ] GC(107) ParOldGen: 4445318K(4445696K)->4467323K(4467712K)
[2026-09-25T16:04:33.367+0000][324.793s][info][gc,metaspace   ] GC(107) Metaspace: 169242K(171136K)->169242K(171136K) NonClass: 142490K(143552K)->142490K(143552K) Class: 26752K(27584K)->26752K(27584K)
[2026-09-25T16:04:33.367+0000][324.793s][info][gc             ] GC(107) Pause Young (Allocation Failure) 7687M->4419M(7717M) 117.399ms
[2026-09-25T16:04:33.367+0000][324.793s][info][gc,cpu         ] GC(107) User=0.44s Sys=0.01s Real=0.12s
[2026-09-25T16:04:38.769+0000][330.195s][info][gc,start       ] GC(108) Pause Young (Allocation Failure)
[2026-09-25T16:04:38.898+0000][330.325s][info][gc,heap        ] GC(108) PSYoungGen: 3434497K(3435008K)->48914K(3432960K) Eden: 3376128K(3376128K)->0K(3373056K) From: 58369K(58880K)->48914K(59904K)
[2026-09-25T16:04:38.898+0000][330.325s][info][gc,heap        ] GC(108) ParOldGen: 4467323K(4467712K)->4499159K(4499456K)
[2026-09-25T16:04:38.898+0000][330.325s][info][gc,metaspace   ] GC(108) Metaspace: 169249K(171136K)->169249K(171136K) NonClass: 142496K(143552K)->142496K(143552K) Class: 26752K(27584K)->26752K(27584K)
[2026-09-25T16:04:38.898+0000][330.325s][info][gc             ] GC(108) Pause Young (Allocation Failure) 7716M->4441M(7746M) 129.851ms
[2026-09-25T16:04:38.898+0000][330.325s][info][gc,cpu         ] GC(108) User=0.45s Sys=0.02s Real=0.13s
[2026-09-25T16:04:44.347+0000][335.773s][info][gc,start       ] GC(109) Pause Young (Allocation Failure)
[2026-09-25T16:04:44.475+0000][335.901s][info][gc,heap        ] GC(109) PSYoungGen: 3421970K(3432960K)->43361K(3433984K) Eden: 3373056K(3373056K)->0K(3373056K) From: 48914K(59904K)->43361K(60928K)
[2026-09-25T16:04:44.475+0000][335.901s][info][gc,heap        ] GC(109) ParOldGen: 4499159K(4499456K)->4521809K(4521984K)
[2026-09-25T16:04:44.475+0000][335.901s][info][gc,metaspace   ] GC(109) Metaspace: 169261K(171136K)->169261K(171136K) NonClass: 142508K(143552K)->142508K(143552K) Class: 26753K(27584K)->26753K(27584K)
[2026-09-25T16:04:44.475+0000][335.901s][info][gc             ] GC(109) Pause Young (Allocation Failure) 7735M->4458M(7769M) 127.919ms
[2026-09-25T16:04:44.475+0000][335.901s][info][gc,cpu         ] GC(109) User=0.44s Sys=0.05s Real=0.13s
[2026-09-25T16:04:49.776+0000][341.202s][info][gc,start       ] GC(110) Pause Young (Allocation Failure)
[2026-09-25T16:04:49.884+0000][341.310s][info][gc,heap        ] GC(110) PSYoungGen: 3416417K(3433984K)->41905K(3433472K) Eden: 3373056K(3373056K)->0K(3373568K) From: 43361K(60928K)->41905K(59904K)
[2026-09-25T16:04:49.884+0000][341.310s][info][gc,heap        ] GC(110) ParOldGen: 4521809K(4521984K)->4533721K(4533760K)
[2026-09-25T16:04:49.884+0000][341.310s][info][gc,metaspace   ] GC(110) Metaspace: 169313K(171200K)->169313K(171200K) NonClass: 142555K(143616K)->142555K(143616K) Class: 26757K(27584K)->26757K(27584K)
[2026-09-25T16:04:49.884+0000][341.310s][info][gc             ] GC(110) Pause Young (Allocation Failure) 7752M->4468M(7780M) 107.735ms
[2026-09-25T16:04:49.884+0000][341.310s][info][gc,cpu         ] GC(110) User=0.41s Sys=0.01s Real=0.11s
[2026-09-25T16:04:55.233+0000][346.659s][info][gc,start       ] GC(111) Pause Young (Allocation Failure)
[2026-09-25T16:04:55.349+0000][346.775s][info][gc,heap        ] GC(111) PSYoungGen: 3415473K(3433472K)->51649K(3433984K) Eden: 3373568K(3373568K)->0K(3373568K) From: 41905K(59904K)->51649K(60416K)
[2026-09-25T16:04:55.349+0000][346.775s][info][gc,heap        ] GC(111) ParOldGen: 4533721K(4533760K)->4547901K(4548096K)
[2026-09-25T16:04:55.349+0000][346.775s][info][gc,metaspace   ] GC(111) Metaspace: 169316K(171200K)->169316K(171200K) NonClass: 142558K(143616K)->142558K(143616K) Class: 26757K(27584K)->26757K(27584K)
[2026-09-25T16:04:55.349+0000][346.775s][info][gc             ] GC(111) Pause Young (Allocation Failure) 7762M->4491M(7795M) 115.978ms
[2026-09-25T16:04:55.349+0000][346.775s][info][gc,cpu         ] GC(111) User=0.43s Sys=0.01s Real=0.11s
[2026-09-25T16:05:00.822+0000][352.248s][info][gc,start       ] GC(112) Pause Young (Allocation Failure)
[2026-09-25T16:05:00.935+0000][352.362s][info][gc,heap        ] GC(112) PSYoungGen: 3425217K(3433984K)->46593K(3433472K) Eden: 3373568K(3373568K)->0K(3374080K) From: 51649K(60416K)->46593K(59392K)
[2026-09-25T16:05:00.935+0000][352.362s][info][gc,heap        ] GC(112) ParOldGen: 4547901K(4548096K)->4572181K(4572672K)
[2026-09-25T16:05:00.936+0000][352.362s][info][gc,metaspace   ] GC(112) Metaspace: 169317K(171200K)->169317K(171200K) NonClass: 142559K(143616K)->142559K(143616K) Class: 26757K(27584K)->26757K(27584K)
[2026-09-25T16:05:00.936+0000][352.362s][info][gc             ] GC(112) Pause Young (Allocation Failure) 7786M->4510M(7818M) 113.838ms
[2026-09-25T16:05:00.936+0000][352.362s][info][gc,cpu         ] GC(112) User=0.43s Sys=0.02s Real=0.11s
[2026-09-25T16:05:06.230+0000][357.656s][info][gc,start       ] GC(113) Pause Young (Allocation Failure)
[2026-09-25T16:05:06.341+0000][357.767s][info][gc,heap        ] GC(113) PSYoungGen: 3420673K(3433472K)->43985K(3433984K) Eden: 3374080K(3374080K)->0K(3374080K) From: 46593K(59392K)->43985K(59904K)
[2026-09-25T16:05:06.341+0000][357.767s][info][gc,heap        ] GC(113) ParOldGen: 4572181K(4572672K)->4591302K(4591616K)
[2026-09-25T16:05:06.341+0000][357.768s][info][gc,metaspace   ] GC(113) Metaspace: 169317K(171200K)->169317K(171200K) NonClass: 142559K(143616K)->142559K(143616K) Class: 26757K(27584K)->26757K(27584K)
[2026-09-25T16:05:06.341+0000][357.768s][info][gc             ] GC(113) Pause Young (Allocation Failure) 7805M->4526M(7837M) 111.839ms
[2026-09-25T16:05:06.341+0000][357.768s][info][gc,cpu         ] GC(113) User=0.44s Sys=0.00s Real=0.12s
[2026-09-25T16:05:11.653+0000][363.079s][info][gc,start       ] GC(114) Pause Young (Allocation Failure)
[2026-09-25T16:05:11.763+0000][363.189s][info][gc,heap        ] GC(114) PSYoungGen: 3418065K(3433984K)->42625K(3433984K) Eden: 3374080K(3374080K)->0K(3375616K) From: 43985K(59904K)->42625K(58368K)
[2026-09-25T16:05:11.763+0000][363.189s][info][gc,heap        ] GC(114) ParOldGen: 4591302K(4591616K)->4608207K(4608512K)
[2026-09-25T16:05:11.763+0000][363.189s][info][gc,metaspace   ] GC(114) Metaspace: 169317K(171200K)->169317K(171200K) NonClass: 142559K(143616K)->142559K(143616K) Class: 26757K(27584K)->26757K(27584K)
[2026-09-25T16:05:11.763+0000][363.189s][info][gc             ] GC(114) Pause Young (Allocation Failure) 7821M->4541M(7854M) 109.769ms
[2026-09-25T16:05:11.763+0000][363.189s][info][gc,cpu         ] GC(114) User=0.42s Sys=0.01s Real=0.11s
[2026-09-25T16:05:17.188+0000][368.614s][info][gc,start       ] GC(115) Pause Young (Allocation Failure)
[2026-09-25T16:05:17.297+0000][368.723s][info][gc,heap        ] GC(115) PSYoungGen: 3418241K(3433984K)->39584K(3434496K) Eden: 3375616K(3375616K)->0K(3375616K) From: 42625K(58368K)->39584K(58880K)
[2026-09-25T16:05:17.297+0000][368.723s][info][gc,heap        ] GC(115) ParOldGen: 4608207K(4608512K)->4624359K(4624384K)
[2026-09-25T16:05:17.297+0000][368.723s][info][gc,metaspace   ] GC(115) Metaspace: 169317K(171200K)->169317K(171200K) NonClass: 142559K(143616K)->142559K(143616K) Class: 26757K(27584K)->26757K(27584K)
[2026-09-25T16:05:17.297+0000][368.723s][info][gc             ] GC(115) Pause Young (Allocation Failure) 7838M->4554M(7870M) 108.747ms
[2026-09-25T16:05:17.297+0000][368.723s][info][gc,cpu         ] GC(115) User=0.42s Sys=0.01s Real=0.11s
[2026-09-25T16:05:22.676+0000][374.102s][info][gc,start       ] GC(116) Pause Young (Allocation Failure)
[2026-09-25T16:05:22.788+0000][374.214s][info][gc,heap        ] GC(116) PSYoungGen: 3415200K(3434496K)->42320K(3435008K) Eden: 3375616K(3375616K)->0K(3377152K) From: 39584K(58880K)->42320K(57856K)
[2026-09-25T16:05:22.788+0000][374.214s][info][gc,heap        ] GC(116) ParOldGen: 4624359K(4624384K)->4637354K(4637696K)
[2026-09-25T16:05:22.788+0000][374.214s][info][gc,metaspace   ] GC(116) Metaspace: 169319K(171200K)->169319K(171200K) NonClass: 142561K(143616K)->142561K(143616K) Class: 26757K(27584K)->26757K(27584K)
[2026-09-25T16:05:22.788+0000][374.214s][info][gc             ] GC(116) Pause Young (Allocation Failure) 7851M->4569M(7883M) 111.791ms
[2026-09-25T16:05:22.788+0000][374.214s][info][gc,cpu         ] GC(116) User=0.43s Sys=0.02s Real=0.11s
[2026-09-25T16:05:28.364+0000][379.790s][info][gc,start       ] GC(117) Pause Young (Allocation Failure)
[2026-09-25T16:05:28.475+0000][379.901s][info][gc,heap        ] GC(117) PSYoungGen: 3419472K(3435008K)->43200K(3435520K) Eden: 3377152K(3377152K)->0K(3377152K) From: 42320K(57856K)->43200K(58368K)
[2026-09-25T16:05:28.475+0000][379.901s][info][gc,heap        ] GC(117) ParOldGen: 4637354K(4637696K)->4651473K(4651520K)
[2026-09-25T16:05:28.475+0000][379.901s][info][gc,metaspace   ] GC(117) Metaspace: 169319K(171200K)->169319K(171200K) NonClass: 142561K(143616K)->142561K(143616K) Class: 26757K(27584K)->26757K(27584K)
[2026-09-25T16:05:28.475+0000][379.901s][info][gc             ] GC(117) Pause Young (Allocation Failure) 7867M->4584M(7897M) 111.115ms
[2026-09-25T16:05:28.475+0000][379.901s][info][gc,cpu         ] GC(117) User=0.43s Sys=0.01s Real=0.11s
[2026-09-25T16:05:33.908+0000][385.334s][info][gc,start       ] GC(118) Pause Young (Allocation Failure)
[2026-09-25T16:05:34.027+0000][385.453s][info][gc,heap        ] GC(118) PSYoungGen: 3420352K(3435520K)->48417K(3435520K) Eden: 3377152K(3377152K)->0K(3378688K) From: 43200K(58368K)->48417K(56832K)
[2026-09-25T16:05:34.027+0000][385.453s][info][gc,heap        ] GC(118) ParOldGen: 4651473K(4651520K)->4667201K(4667392K)
[2026-09-25T16:05:34.027+0000][385.453s][info][gc,metaspace   ] GC(118) Metaspace: 169319K(171200K)->169319K(171200K) NonClass: 142561K(143616K)->142561K(143616K) Class: 26757K(27584K)->26757K(27584K)
[2026-09-25T16:05:34.027+0000][385.453s][info][gc             ] GC(118) Pause Young (Allocation Failure) 7882M->4605M(7913M) 118.773ms
[2026-09-25T16:05:34.027+0000][385.453s][info][gc,cpu         ] GC(118) User=0.43s Sys=0.02s Real=0.12s
[2026-09-25T16:05:39.602+0000][391.028s][info][gc,start       ] GC(119) Pause Young (Allocation Failure)
[2026-09-25T16:05:39.716+0000][391.142s][info][gc,heap        ] GC(119) PSYoungGen: 3427105K(3435520K)->43825K(3436032K) Eden: 3378688K(3378688K)->0K(3378688K) From: 48417K(56832K)->43825K(57344K)
[2026-09-25T16:05:39.716+0000][391.142s][info][gc,heap        ] GC(119) ParOldGen: 4667201K(4667392K)->4687237K(4687360K)
[2026-09-25T16:05:39.716+0000][391.142s][info][gc,metaspace   ] GC(119) Metaspace: 169319K(171200K)->169319K(171200K) NonClass: 142561K(143616K)->142561K(143616K) Class: 26757K(27584K)->26757K(27584K)
[2026-09-25T16:05:39.716+0000][391.142s][info][gc             ] GC(119) Pause Young (Allocation Failure) 7904M->4620M(7933M) 114.200ms
[2026-09-25T16:05:39.716+0000][391.142s][info][gc,cpu         ] GC(119) User=0.44s Sys=0.02s Real=0.11s
[2026-09-25T16:05:45.393+0000][396.819s][info][gc,start       ] GC(120) Pause Young (Allocation Failure)
[2026-09-25T16:05:45.507+0000][396.933s][info][gc,heap        ] GC(120) PSYoungGen: 3422513K(3436032K)->43361K(3436544K) Eden: 3378688K(3378688K)->0K(3380736K) From: 43825K(57344K)->43361K(55808K)
[2026-09-25T16:05:45.507+0000][396.933s][info][gc,heap        ] GC(120) ParOldGen: 4687237K(4687360K)->4702833K(4703232K)
[2026-09-25T16:05:45.507+0000][396.933s][info][gc,metaspace   ] GC(120) Metaspace: 169325K(171200K)->169325K(171200K) NonClass: 142567K(143616K)->142567K(143616K) Class: 26758K(27584K)->26758K(27584K)
[2026-09-25T16:05:45.507+0000][396.933s][info][gc             ] GC(120) Pause Young (Allocation Failure) 7919M->4634M(7949M) 114.066ms
[2026-09-25T16:05:45.507+0000][396.933s][info][gc,cpu         ] GC(120) User=0.43s Sys=0.01s Real=0.11s
[2026-09-25T16:05:51.199+0000][402.625s][info][gc,start       ] GC(121) Pause Young (Allocation Failure)
[2026-09-25T16:05:51.309+0000][402.735s][info][gc,heap        ] GC(121) PSYoungGen: 3424097K(3436544K)->42817K(3437056K) Eden: 3380736K(3380736K)->0K(3380736K) From: 43361K(55808K)->42817K(56320K)
[2026-09-25T16:05:51.309+0000][402.735s][info][gc,heap        ] GC(121) ParOldGen: 4702833K(4703232K)->4718277K(4718592K)
[2026-09-25T16:05:51.309+0000][402.735s][info][gc,metaspace   ] GC(121) Metaspace: 169331K(171200K)->169331K(171200K) NonClass: 142567K(143616K)->142567K(143616K) Class: 26763K(27584K)->26763K(27584K)
[2026-09-25T16:05:51.309+0000][402.735s][info][gc             ] GC(121) Pause Young (Allocation Failure) 7936M->4649M(7964M) 110.413ms
[2026-09-25T16:05:51.309+0000][402.735s][info][gc,cpu         ] GC(121) User=0.42s Sys=0.01s Real=0.11s
[2026-09-25T16:05:57.311+0000][408.737s][info][gc,start       ] GC(122) Pause Young (Allocation Failure)
[2026-09-25T16:05:57.427+0000][408.853s][info][gc,heap        ] GC(122) PSYoungGen: 3423553K(3437056K)->55229K(3433984K) Eden: 3380736K(3380736K)->0K(3378176K) From: 42817K(56320K)->55229K(55808K)
[2026-09-25T16:05:57.427+0000][408.853s][info][gc,heap        ] GC(122) ParOldGen: 4718277K(4718592K)->4734801K(4734976K)
[2026-09-25T16:05:57.427+0000][408.853s][info][gc,metaspace   ] GC(122) Metaspace: 171124K(172992K)->171124K(172992K) NonClass: 144130K(145152K)->144130K(145152K) Class: 26994K(27840K)->26994K(27840K)
[2026-09-25T16:05:57.427+0000][408.853s][info][gc             ] GC(122) Pause Young (Allocation Failure) 7951M->4677M(7977M) 116.027ms
[2026-09-25T16:05:57.427+0000][408.853s][info][gc,cpu         ] GC(122) User=0.45s Sys=0.01s Real=0.11s
[2026-09-25T16:06:02.891+0000][414.317s][info][gc,start       ] GC(123) Pause Young (Allocation Failure)
[2026-09-25T16:06:03.008+0000][414.435s][info][gc,heap        ] GC(123) PSYoungGen: 3433405K(3433984K)->42449K(3436544K) Eden: 3378176K(3378176K)->0K(3378176K) From: 55229K(55808K)->42449K(58368K)
[2026-09-25T16:06:03.008+0000][414.435s][info][gc,heap        ] GC(123) ParOldGen: 4734801K(4734976K)->4751488K(4751872K)
[2026-09-25T16:06:03.008+0000][414.435s][info][gc,metaspace   ] GC(123) Metaspace: 171184K(173056K)->171184K(173056K) NonClass: 144184K(145216K)->144184K(145216K) Class: 27000K(27840K)->27000K(27840K)
[2026-09-25T16:06:03.009+0000][414.435s][info][gc             ] GC(123) Pause Young (Allocation Failure) 7976M->4681M(7996M) 117.630ms
[2026-09-25T16:06:03.009+0000][414.435s][info][gc,cpu         ] GC(123) User=0.44s Sys=0.01s Real=0.11s
[2026-09-25T16:06:08.649+0000][420.075s][info][gc,start       ] GC(124) Pause Young (Allocation Failure)
[2026-09-25T16:06:08.765+0000][420.191s][info][gc,heap        ] GC(124) PSYoungGen: 3420625K(3436544K)->53648K(3433984K) Eden: 3378176K(3378176K)->0K(3376128K) From: 42449K(58368K)->53648K(57856K)
[2026-09-25T16:06:08.765+0000][420.191s][info][gc,heap        ] GC(124) ParOldGen: 4751488K(4751872K)->4766725K(4767232K)
[2026-09-25T16:06:08.765+0000][420.191s][info][gc,metaspace   ] GC(124) Metaspace: 171225K(173056K)->171225K(173056K) NonClass: 144224K(145216K)->144224K(145216K) Class: 27000K(27840K)->27000K(27840K)
[2026-09-25T16:06:08.765+0000][420.191s][info][gc             ] GC(124) Pause Young (Allocation Failure) 7980M->4707M(8009M) 116.265ms
[2026-09-25T16:06:08.765+0000][420.191s][info][gc,cpu         ] GC(124) User=0.44s Sys=0.02s Real=0.12s
[2026-09-25T16:06:14.486+0000][425.912s][info][gc,start       ] GC(125) Pause Young (Allocation Failure)
[2026-09-25T16:06:14.607+0000][426.033s][info][gc,heap        ] GC(125) PSYoungGen: 3429776K(3433984K)->59377K(3435520K) Eden: 3376128K(3376128K)->0K(3376128K) From: 53648K(57856K)->59377K(59392K)
[2026-09-25T16:06:14.607+0000][426.033s][info][gc,heap        ] GC(125) ParOldGen: 4766725K(4767232K)->4796869K(4796928K)
[2026-09-25T16:06:14.607+0000][426.033s][info][gc,metaspace   ] GC(125) Metaspace: 171238K(173120K)->171238K(173120K) NonClass: 144233K(145280K)->144233K(145280K) Class: 27004K(27840K)->27004K(27840K)
[2026-09-25T16:06:14.607+0000][426.033s][info][gc             ] GC(125) Pause Young (Allocation Failure) 8004M->4742M(8039M) 120.873ms
[2026-09-25T16:06:14.607+0000][426.033s][info][gc,cpu         ] GC(125) User=0.45s Sys=0.02s Real=0.12s
[2026-09-25T16:06:20.127+0000][431.553s][info][gc,start       ] GC(126) Pause Young (Allocation Failure)
[2026-09-25T16:06:20.252+0000][431.678s][info][gc,heap        ] GC(126) PSYoungGen: 3435505K(3435520K)->57377K(3405824K) Eden: 3376128K(3376128K)->0K(3346432K) From: 59377K(59392K)->57377K(59392K)
[2026-09-25T16:06:20.252+0000][431.678s][info][gc,heap        ] GC(126) ParOldGen: 4796869K(4796928K)->4830608K(4830720K)
[2026-09-25T16:06:20.252+0000][431.678s][info][gc,metaspace   ] GC(126) Metaspace: 171240K(173120K)->171240K(173120K) NonClass: 144236K(145280K)->144236K(145280K) Class: 27004K(27840K)->27004K(27840K)
[2026-09-25T16:06:20.252+0000][431.678s][info][gc             ] GC(126) Pause Young (Allocation Failure) 8039M->4773M(8043M) 124.948ms
[2026-09-25T16:06:20.252+0000][431.678s][info][gc,cpu         ] GC(126) User=0.45s Sys=0.02s Real=0.13s
[2026-09-25T16:06:25.927+0000][437.353s][info][gc,start       ] GC(127) Pause Young (Allocation Failure)
[2026-09-25T16:06:26.050+0000][437.477s][info][gc,heap        ] GC(127) PSYoungGen: 3403809K(3405824K)->44081K(3420672K) Eden: 3346432K(3346432K)->0K(3346432K) From: 57377K(59392K)->44081K(74240K)
[2026-09-25T16:06:26.050+0000][437.477s][info][gc,heap        ] GC(127) ParOldGen: 4830608K(4830720K)->4860053K(4860416K)
[2026-09-25T16:06:26.050+0000][437.477s][info][gc,metaspace   ] GC(127) Metaspace: 171260K(173120K)->171260K(173120K) NonClass: 144256K(145280K)->144256K(145280K) Class: 27004K(27840K)->27004K(27840K)
[2026-09-25T16:06:26.050+0000][437.477s][info][gc             ] GC(127) Pause Young (Allocation Failure) 8041M->4789M(8087M) 123.475ms
[2026-09-25T16:06:26.050+0000][437.477s][info][gc,cpu         ] GC(127) User=0.45s Sys=0.04s Real=0.12s
[2026-09-25T16:06:31.223+0000][442.649s][info][gc,start       ] GC(128) Pause Young (GCLocker Initiated GC)
[2026-09-25T16:06:31.337+0000][442.763s][info][gc,heap        ] GC(128) PSYoungGen: 2883523K(3420672K)->59658K(3419648K) Eden: 2839442K(3346432K)->0K(3346432K) From: 44081K(74240K)->59658K(73216K)
[2026-09-25T16:06:31.337+0000][442.763s][info][gc,heap        ] GC(128) ParOldGen: 4860053K(4860416K)->4879121K(4879360K)
[2026-09-25T16:06:31.337+0000][442.763s][info][gc,metaspace   ] GC(128) Metaspace: 172348K(174208K)->172348K(174208K) NonClass: 145207K(146240K)->145207K(146240K) Class: 27140K(27968K)->27140K(27968K)
[2026-09-25T16:06:31.337+0000][442.764s][info][gc             ] GC(128) Pause Young (GCLocker Initiated GC) 7562M->4823M(8104M) 114.334ms
[2026-09-25T16:06:31.337+0000][442.764s][info][gc,cpu         ] GC(128) User=0.44s Sys=0.01s Real=0.11s
[2026-09-25T16:06:36.622+0000][448.048s][info][gc,start       ] GC(129) Pause Young (Allocation Failure)
[2026-09-25T16:06:36.704+0000][448.130s][info][gc,heap        ] GC(129) PSYoungGen: 3406090K(3419648K)->16960K(3363840K) Eden: 3346432K(3346432K)->0K(3346432K) From: 59658K(73216K)->16960K(17408K)
[2026-09-25T16:06:36.704+0000][448.130s][info][gc,heap        ] GC(129) ParOldGen: 4879121K(4879360K)->4931015K(4931072K)
[2026-09-25T16:06:36.704+0000][448.130s][info][gc,metaspace   ] GC(129) Metaspace: 172509K(174400K)->172509K(174400K) NonClass: 145359K(146432K)->145359K(146432K) Class: 27149K(27968K)->27149K(27968K)
[2026-09-25T16:06:36.704+0000][448.130s][info][gc             ] GC(129) Pause Young (Allocation Failure) 8091M->4832M(8100M) 82.151ms
[2026-09-25T16:06:36.704+0000][448.130s][info][gc,cpu         ] GC(129) User=0.31s Sys=0.02s Real=0.08s
[2026-09-25T16:06:41.523+0000][452.949s][info][gc,start       ] GC(130) Pause Young (Allocation Failure)
[2026-09-25T16:06:41.572+0000][452.998s][info][gc,heap        ] GC(130) PSYoungGen: 3363392K(3363840K)->17791K(3411968K) Eden: 3346432K(3346432K)->0K(3334144K) From: 16960K(17408K)->17791K(77824K)
[2026-09-25T16:06:41.572+0000][452.998s][info][gc,heap        ] GC(130) ParOldGen: 4931015K(4931072K)->4934367K(4934656K)
[2026-09-25T16:06:41.572+0000][452.998s][info][gc,metaspace   ] GC(130) Metaspace: 172568K(174400K)->172568K(174400K) NonClass: 145410K(146432K)->145410K(146432K) Class: 27157K(27968K)->27157K(27968K)
[2026-09-25T16:06:41.572+0000][452.998s][info][gc             ] GC(130) Pause Young (Allocation Failure) 8100M->4836M(8151M) 48.726ms
[2026-09-25T16:06:41.572+0000][452.998s][info][gc,cpu         ] GC(130) User=0.17s Sys=0.01s Real=0.05s
[2026-09-25T16:06:46.150+0000][457.576s][info][gc,start       ] GC(131) Pause Young (Allocation Failure)
[2026-09-25T16:06:46.198+0000][457.624s][info][gc,heap        ] GC(131) PSYoungGen: 3351935K(3411968K)->13408K(3347968K) Eden: 3334144K(3334144K)->0K(3334144K) From: 17791K(77824K)->13408K(13824K)
[2026-09-25T16:06:46.198+0000][457.624s][info][gc,heap        ] GC(131) ParOldGen: 4934367K(4934656K)->4937703K(4937728K)
[2026-09-25T16:06:46.198+0000][457.624s][info][gc,metaspace   ] GC(131) Metaspace: 172592K(174464K)->172592K(174464K) NonClass: 145434K(146496K)->145434K(146496K) Class: 27157K(27968K)->27157K(27968K)
[2026-09-25T16:06:46.198+0000][457.624s][info][gc             ] GC(131) Pause Young (Allocation Failure) 8092M->4835M(8091M) 47.721ms
[2026-09-25T16:06:46.198+0000][457.624s][info][gc,cpu         ] GC(131) User=0.16s Sys=0.01s Real=0.05s
[2026-09-25T16:06:52.397+0000][463.823s][info][gc,heap,exit   ] Heap
[2026-09-25T16:06:52.397+0000][463.823s][info][gc,heap,exit   ]  PSYoungGen      total 3347968K, used 2843097K [0x000000072ab00000, 0x0000000800000000, 0x0000000800000000)
[2026-09-25T16:06:52.397+0000][463.823s][info][gc,heap,exit   ]   eden space 3334144K, 84% used [0x000000072ab00000,0x00000007d765e438,0x00000007f6300000)
[2026-09-25T16:06:52.397+0000][463.823s][info][gc,heap,exit   ]   from space 13824K, 96% used [0x00000007f6300000,0x00000007f7018000,0x00000007f7080000)
[2026-09-25T16:06:52.397+0000][463.823s][info][gc,heap,exit   ]   to   space 81920K, 0% used [0x00000007fb000000,0x00000007fb000000,0x0000000800000000)
[2026-09-25T16:06:52.397+0000][463.824s][info][gc,heap,exit   ]  ParOldGen       total 4937728K, used 4937703K [0x0000000580000000, 0x00000006ad600000, 0x000000072ab00000)
[2026-09-25T16:06:52.397+0000][463.824s][info][gc,heap,exit   ]   object space 4937728K, 99% used [0x0000000580000000,0x00000006ad5f9c98,0x00000006ad600000)
[2026-09-25T16:06:52.397+0000][463.824s][info][gc,heap,exit   ]  Metaspace       used 172676K, committed 174528K, reserved 1245184K
[2026-09-25T16:06:52.397+0000][463.824s][info][gc,heap,exit   ]   class space    used 27172K, committed 27968K, reserved 1048576K
