[2026-09-18T08:34:34.905+0000][0.011s][info][gc,init] CardTable entry size: 512
[2026-09-18T08:34:34.905+0000][0.011s][info][gc     ] Using G1
[2026-09-18T08:34:34.914+0000][0.020s][info][gc,init] Version: 21.0.12.1+1-LTS (release)
[2026-09-18T08:34:34.914+0000][0.020s][info][gc,init] CPUs: 4 total, 4 available
[2026-09-18T08:34:34.914+0000][0.020s][info][gc,init] Memory: 15989M
[2026-09-18T08:34:34.914+0000][0.020s][info][gc,init] Large Page Support: Disabled
[2026-09-18T08:34:34.914+0000][0.020s][info][gc,init] NUMA Support: Disabled
[2026-09-18T08:34:34.914+0000][0.020s][info][gc,init] Compressed Oops: Enabled (Zero based)
[2026-09-18T08:34:34.914+0000][0.020s][info][gc,init] Heap Region Size: 8M
[2026-09-18T08:34:34.914+0000][0.020s][info][gc,init] Heap Min Capacity: 4G
[2026-09-18T08:34:34.914+0000][0.020s][info][gc,init] Heap Initial Capacity: 4G
[2026-09-18T08:34:34.914+0000][0.020s][info][gc,init] Heap Max Capacity: 10G
[2026-09-18T08:34:34.914+0000][0.020s][info][gc,init] Pre-touch: Disabled
[2026-09-18T08:34:34.914+0000][0.020s][info][gc,init] Parallel Workers: 4
[2026-09-18T08:34:34.914+0000][0.020s][info][gc,init] Concurrent Workers: 1
[2026-09-18T08:34:34.914+0000][0.020s][info][gc,init] Concurrent Refinement Workers: 4
[2026-09-18T08:34:34.914+0000][0.020s][info][gc,init] Periodic GC: Disabled
[2026-09-18T08:34:34.921+0000][0.027s][info][gc,metaspace] CDS archive(s) mapped at: [0x00007ff93f000000-0x00007ff93fc9c000-0x00007ff93fc9c000), size 13221888, SharedBaseAddress: 0x00007ff93f000000, ArchiveRelocationMode: 1.
[2026-09-18T08:34:34.921+0000][0.027s][info][gc,metaspace] Compressed class space mapped at: 0x00007ff940000000-0x00007ff980000000, reserved size: 1073741824
[2026-09-18T08:34:34.921+0000][0.027s][info][gc,metaspace] Narrow klass base: 0x00007ff93f000000, Narrow klass shift: 0, Narrow klass range: 0x100000000
[2026-09-18T08:34:36.014+0000][1.120s][info][gc,start    ] GC(0) Pause Young (Normal) (G1 Evacuation Pause)
[2026-09-18T08:34:36.014+0000][1.121s][info][gc,task     ] GC(0) Using 4 workers of 4 for evacuation
[2026-09-18T08:34:36.017+0000][1.123s][info][gc,phases   ] GC(0)   Pre Evacuate Collection Set: 0.13ms
[2026-09-18T08:34:36.017+0000][1.123s][info][gc,phases   ] GC(0)   Merge Heap Roots: 0.18ms
[2026-09-18T08:34:36.017+0000][1.123s][info][gc,phases   ] GC(0)   Evacuate Collection Set: 1.38ms
[2026-09-18T08:34:36.017+0000][1.123s][info][gc,phases   ] GC(0)   Post Evacuate Collection Set: 0.83ms
[2026-09-18T08:34:36.017+0000][1.123s][info][gc,phases   ] GC(0)   Other: 0.42ms
[2026-09-18T08:34:36.017+0000][1.123s][info][gc,heap     ] GC(0) Eden regions: 25->0(24)
[2026-09-18T08:34:36.017+0000][1.123s][info][gc,heap     ] GC(0) Survivor regions: 0->1(4)
[2026-09-18T08:34:36.017+0000][1.123s][info][gc,heap     ] GC(0) Old regions: 1->1
[2026-09-18T08:34:36.017+0000][1.123s][info][gc,heap     ] GC(0) Humongous regions: 68->0
[2026-09-18T08:34:36.017+0000][1.123s][info][gc,metaspace] GC(0) Metaspace: 2502K(2688K)->2502K(2688K) NonClass: 2273K(2368K)->2273K(2368K) Class: 228K(320K)->228K(320K)
[2026-09-18T08:34:36.017+0000][1.123s][info][gc          ] GC(0) Pause Young (Normal) (G1 Evacuation Pause) 745M->5M(4104M) 3.088ms
[2026-09-18T08:34:36.017+0000][1.123s][info][gc,cpu      ] GC(0) User=0.00s Sys=0.00s Real=0.00s
[2026-09-18T08:34:37.359+0000][2.465s][info][gc,start    ] GC(1) Pause Young (Concurrent Start) (Metadata GC Threshold)
[2026-09-18T08:34:37.359+0000][2.465s][info][gc,task     ] GC(1) Using 4 workers of 4 for evacuation
[2026-09-18T08:34:37.364+0000][2.470s][info][gc,phases   ] GC(1)   Pre Evacuate Collection Set: 0.14ms
[2026-09-18T08:34:37.364+0000][2.470s][info][gc,phases   ] GC(1)   Merge Heap Roots: 0.05ms
[2026-09-18T08:34:37.364+0000][2.470s][info][gc,phases   ] GC(1)   Evacuate Collection Set: 4.37ms
[2026-09-18T08:34:37.364+0000][2.470s][info][gc,phases   ] GC(1)   Post Evacuate Collection Set: 0.50ms
[2026-09-18T08:34:37.364+0000][2.470s][info][gc,phases   ] GC(1)   Other: 0.08ms
[2026-09-18T08:34:37.364+0000][2.470s][info][gc,heap     ] GC(1) Eden regions: 11->0(23)
[2026-09-18T08:34:37.364+0000][2.470s][info][gc,heap     ] GC(1) Survivor regions: 1->2(4)
[2026-09-18T08:34:37.364+0000][2.470s][info][gc,heap     ] GC(1) Old regions: 1->1
[2026-09-18T08:34:37.364+0000][2.470s][info][gc,heap     ] GC(1) Humongous regions: 0->0
[2026-09-18T08:34:37.364+0000][2.470s][info][gc,metaspace] GC(1) Metaspace: 21073K(21504K)->21073K(21504K) NonClass: 18696K(18944K)->18696K(18944K) Class: 2376K(2560K)->2376K(2560K)
[2026-09-18T08:34:37.364+0000][2.470s][info][gc          ] GC(1) Pause Young (Concurrent Start) (Metadata GC Threshold) 92M->13M(4104M) 5.291ms
[2026-09-18T08:34:37.364+0000][2.470s][info][gc,cpu      ] GC(1) User=0.01s Sys=0.00s Real=0.01s
[2026-09-18T08:34:37.364+0000][2.470s][info][gc          ] GC(2) Concurrent Mark Cycle
[2026-09-18T08:34:37.364+0000][2.470s][info][gc,marking  ] GC(2) Concurrent Scan Root Regions
[2026-09-18T08:34:37.368+0000][2.474s][info][gc,marking  ] GC(2) Concurrent Scan Root Regions 4.164ms
[2026-09-18T08:34:37.368+0000][2.474s][info][gc,marking  ] GC(2) Concurrent Mark
[2026-09-18T08:34:37.368+0000][2.474s][info][gc,marking  ] GC(2) Concurrent Mark From Roots
[2026-09-18T08:34:37.368+0000][2.474s][info][gc,task     ] GC(2) Using 1 workers of 1 for marking
[2026-09-18T08:34:37.370+0000][2.476s][info][gc,marking  ] GC(2) Concurrent Mark From Roots 1.986ms
[2026-09-18T08:34:37.370+0000][2.476s][info][gc,marking  ] GC(2) Concurrent Preclean
[2026-09-18T08:34:37.370+0000][2.476s][info][gc,marking  ] GC(2) Concurrent Preclean 0.009ms
[2026-09-18T08:34:37.371+0000][2.477s][info][gc,start    ] GC(2) Pause Remark
[2026-09-18T08:34:37.373+0000][2.479s][info][gc          ] GC(2) Pause Remark 18M->18M(4096M) 2.297ms
[2026-09-18T08:34:37.373+0000][2.479s][info][gc,cpu      ] GC(2) User=0.00s Sys=0.00s Real=0.01s
[2026-09-18T08:34:37.373+0000][2.479s][info][gc,marking  ] GC(2) Concurrent Mark 4.707ms
[2026-09-18T08:34:37.373+0000][2.479s][info][gc,marking  ] GC(2) Concurrent Rebuild Remembered Sets and Scrub Regions
[2026-09-18T08:34:37.374+0000][2.480s][info][gc,marking  ] GC(2) Concurrent Rebuild Remembered Sets and Scrub Regions 0.724ms
[2026-09-18T08:34:37.374+0000][2.480s][info][gc,start    ] GC(2) Pause Cleanup
[2026-09-18T08:34:37.374+0000][2.480s][info][gc          ] GC(2) Pause Cleanup 18M->18M(4096M) 0.090ms
[2026-09-18T08:34:37.374+0000][2.480s][info][gc,cpu      ] GC(2) User=0.00s Sys=0.00s Real=0.00s
[2026-09-18T08:34:37.374+0000][2.480s][info][gc,marking  ] GC(2) Concurrent Clear Claimed Marks
[2026-09-18T08:34:37.374+0000][2.480s][info][gc,marking  ] GC(2) Concurrent Clear Claimed Marks 0.013ms
[2026-09-18T08:34:37.374+0000][2.480s][info][gc,marking  ] GC(2) Concurrent Cleanup for Next Mark
[2026-09-18T08:34:37.380+0000][2.486s][info][gc,marking  ] GC(2) Concurrent Cleanup for Next Mark 6.309ms
[2026-09-18T08:34:37.380+0000][2.487s][info][gc          ] GC(2) Concurrent Mark Cycle 16.307ms
[2026-09-18T08:34:37.690+0000][2.796s][info][gc,start    ] GC(3) Pause Young (Prepare Mixed) (G1 Evacuation Pause)
[2026-09-18T08:34:37.690+0000][2.796s][info][gc,task     ] GC(3) Using 4 workers of 4 for evacuation
[2026-09-18T08:34:37.730+0000][2.836s][info][gc,phases   ] GC(3)   Pre Evacuate Collection Set: 0.15ms
[2026-09-18T08:34:37.730+0000][2.836s][info][gc,phases   ] GC(3)   Merge Heap Roots: 0.06ms
[2026-09-18T08:34:37.730+0000][2.836s][info][gc,phases   ] GC(3)   Evacuate Collection Set: 39.00ms
[2026-09-18T08:34:37.730+0000][2.836s][info][gc,phases   ] GC(3)   Post Evacuate Collection Set: 0.76ms
[2026-09-18T08:34:37.730+0000][2.836s][info][gc,phases   ] GC(3)   Other: 0.05ms
[2026-09-18T08:34:37.730+0000][2.836s][info][gc,heap     ] GC(3) Eden regions: 23->0(21)
[2026-09-18T08:34:37.730+0000][2.836s][info][gc,heap     ] GC(3) Survivor regions: 2->4(4)
[2026-09-18T08:34:37.730+0000][2.836s][info][gc,heap     ] GC(3) Old regions: 1->10
[2026-09-18T08:34:37.730+0000][2.836s][info][gc,heap     ] GC(3) Humongous regions: 0->0
[2026-09-18T08:34:37.730+0000][2.836s][info][gc,metaspace] GC(3) Metaspace: 23314K(23808K)->23314K(23808K) NonClass: 20676K(20928K)->20676K(20928K) Class: 2638K(2880K)->2638K(2880K)
[2026-09-18T08:34:37.730+0000][2.836s][info][gc          ] GC(3) Pause Young (Prepare Mixed) (G1 Evacuation Pause) 197M->100M(4096M) 40.171ms
[2026-09-18T08:34:37.730+0000][2.836s][info][gc,cpu      ] GC(3) User=0.15s Sys=0.00s Real=0.04s
[2026-09-18T08:34:38.626+0000][3.732s][info][gc,start    ] GC(4) Pause Young (Mixed) (G1 Evacuation Pause)
[2026-09-18T08:34:38.626+0000][3.732s][info][gc,task     ] GC(4) Using 4 workers of 4 for evacuation
[2026-09-18T08:34:38.666+0000][3.772s][info][gc,phases   ] GC(4)   Pre Evacuate Collection Set: 0.12ms
[2026-09-18T08:34:38.666+0000][3.772s][info][gc,phases   ] GC(4)   Merge Heap Roots: 0.85ms
[2026-09-18T08:34:38.666+0000][3.772s][info][gc,phases   ] GC(4)   Evacuate Collection Set: 38.07ms
[2026-09-18T08:34:38.666+0000][3.772s][info][gc,phases   ] GC(4)   Post Evacuate Collection Set: 1.24ms
[2026-09-18T08:34:38.666+0000][3.772s][info][gc,phases   ] GC(4)   Other: 0.05ms
[2026-09-18T08:34:38.666+0000][3.772s][info][gc,heap     ] GC(4) Eden regions: 21->0(21)
[2026-09-18T08:34:38.666+0000][3.772s][info][gc,heap     ] GC(4) Survivor regions: 4->4(4)
[2026-09-18T08:34:38.666+0000][3.772s][info][gc,heap     ] GC(4) Old regions: 10->16
[2026-09-18T08:34:38.666+0000][3.772s][info][gc,heap     ] GC(4) Humongous regions: 0->0
[2026-09-18T08:34:38.666+0000][3.772s][info][gc,metaspace] GC(4) Metaspace: 35419K(35968K)->35419K(35968K) NonClass: 31309K(31616K)->31309K(31616K) Class: 4110K(4352K)->4110K(4352K)
[2026-09-18T08:34:38.666+0000][3.772s][info][gc          ] GC(4) Pause Young (Mixed) (G1 Evacuation Pause) 268M->153M(4096M) 40.464ms
[2026-09-18T08:34:38.666+0000][3.772s][info][gc,cpu      ] GC(4) User=0.16s Sys=0.00s Real=0.04s
[2026-09-18T08:34:38.669+0000][3.775s][info][gc,start    ] GC(5) Pause Young (Concurrent Start) (Metadata GC Threshold)
[2026-09-18T08:34:38.669+0000][3.776s][info][gc,task     ] GC(5) Using 4 workers of 4 for evacuation
[2026-09-18T08:34:38.688+0000][3.794s][info][gc,phases   ] GC(5)   Pre Evacuate Collection Set: 0.13ms
[2026-09-18T08:34:38.688+0000][3.794s][info][gc,phases   ] GC(5)   Merge Heap Roots: 0.58ms
[2026-09-18T08:34:38.688+0000][3.794s][info][gc,phases   ] GC(5)   Evacuate Collection Set: 17.09ms
[2026-09-18T08:34:38.688+0000][3.794s][info][gc,phases   ] GC(5)   Post Evacuate Collection Set: 0.29ms
[2026-09-18T08:34:38.688+0000][3.794s][info][gc,phases   ] GC(5)   Other: 0.06ms
[2026-09-18T08:34:38.688+0000][3.794s][info][gc,heap     ] GC(5) Eden regions: 1->0(24)
[2026-09-18T08:34:38.688+0000][3.794s][info][gc,heap     ] GC(5) Survivor regions: 4->1(4)
[2026-09-18T08:34:38.688+0000][3.794s][info][gc,heap     ] GC(5) Old regions: 16->20
[2026-09-18T08:34:38.688+0000][3.794s][info][gc,heap     ] GC(5) Humongous regions: 0->0
[2026-09-18T08:34:38.688+0000][3.794s][info][gc,metaspace] GC(5) Metaspace: 35458K(35968K)->35458K(35968K) NonClass: 31341K(31616K)->31341K(31616K) Class: 4117K(4352K)->4117K(4352K)
[2026-09-18T08:34:38.688+0000][3.794s][info][gc          ] GC(5) Pause Young (Concurrent Start) (Metadata GC Threshold) 155M->164M(4096M) 18.268ms
[2026-09-18T08:34:38.688+0000][3.794s][info][gc,cpu      ] GC(5) User=0.07s Sys=0.00s Real=0.02s
[2026-09-18T08:34:38.688+0000][3.794s][info][gc          ] GC(6) Concurrent Mark Cycle
[2026-09-18T08:34:38.688+0000][3.794s][info][gc,marking  ] GC(6) Concurrent Scan Root Regions
[2026-09-18T08:34:38.726+0000][3.832s][info][gc,marking  ] GC(6) Concurrent Scan Root Regions 38.627ms
[2026-09-18T08:34:38.726+0000][3.832s][info][gc,marking  ] GC(6) Concurrent Mark
[2026-09-18T08:34:38.726+0000][3.832s][info][gc,marking  ] GC(6) Concurrent Mark From Roots
[2026-09-18T08:34:38.726+0000][3.832s][info][gc,task     ] GC(6) Using 1 workers of 1 for marking
[2026-09-18T08:34:38.873+0000][3.979s][info][gc,marking  ] GC(6) Concurrent Mark From Roots 146.400ms
[2026-09-18T08:34:38.873+0000][3.979s][info][gc,marking  ] GC(6) Concurrent Preclean
[2026-09-18T08:34:38.873+0000][3.979s][info][gc,marking  ] GC(6) Concurrent Preclean 0.121ms
[2026-09-18T08:34:38.873+0000][3.979s][info][gc,start    ] GC(6) Pause Remark
[2026-09-18T08:34:38.876+0000][3.983s][info][gc          ] GC(6) Pause Remark 175M->175M(4096M) 3.296ms
[2026-09-18T08:34:38.876+0000][3.983s][info][gc,cpu      ] GC(6) User=0.00s Sys=0.00s Real=0.00s
[2026-09-18T08:34:38.877+0000][3.983s][info][gc,marking  ] GC(6) Concurrent Mark 150.086ms
[2026-09-18T08:34:38.877+0000][3.983s][info][gc,marking  ] GC(6) Concurrent Rebuild Remembered Sets and Scrub Regions
[2026-09-18T08:34:38.939+0000][4.045s][info][gc,marking  ] GC(6) Concurrent Rebuild Remembered Sets and Scrub Regions 62.820ms
[2026-09-18T08:34:38.940+0000][4.046s][info][gc,start    ] GC(6) Pause Cleanup
[2026-09-18T08:34:38.940+0000][4.046s][info][gc          ] GC(6) Pause Cleanup 180M->180M(4096M) 0.103ms
[2026-09-18T08:34:38.940+0000][4.046s][info][gc,cpu      ] GC(6) User=0.00s Sys=0.00s Real=0.00s
[2026-09-18T08:34:38.940+0000][4.046s][info][gc,marking  ] GC(6) Concurrent Clear Claimed Marks
[2026-09-18T08:34:38.940+0000][4.046s][info][gc,marking  ] GC(6) Concurrent Clear Claimed Marks 0.046ms
[2026-09-18T08:34:38.940+0000][4.046s][info][gc,marking  ] GC(6) Concurrent Cleanup for Next Mark
[2026-09-18T08:34:38.943+0000][4.049s][info][gc,marking  ] GC(6) Concurrent Cleanup for Next Mark 3.405ms
[2026-09-18T08:34:38.943+0000][4.049s][info][gc          ] GC(6) Concurrent Mark Cycle 255.484ms
[2026-09-18T08:34:39.741+0000][4.847s][info][gc,start    ] GC(7) Pause Young (Prepare Mixed) (G1 Evacuation Pause)
[2026-09-18T08:34:39.741+0000][4.847s][info][gc,task     ] GC(7) Using 4 workers of 4 for evacuation
[2026-09-18T08:34:39.753+0000][4.859s][info][gc,phases   ] GC(7)   Pre Evacuate Collection Set: 0.12ms
[2026-09-18T08:34:39.753+0000][4.859s][info][gc,phases   ] GC(7)   Merge Heap Roots: 0.06ms
[2026-09-18T08:34:39.753+0000][4.859s][info][gc,phases   ] GC(7)   Evacuate Collection Set: 10.94ms
[2026-09-18T08:34:39.753+0000][4.859s][info][gc,phases   ] GC(7)   Post Evacuate Collection Set: 0.52ms
[2026-09-18T08:34:39.753+0000][4.859s][info][gc,phases   ] GC(7)   Other: 0.07ms
[2026-09-18T08:34:39.753+0000][4.859s][info][gc,heap     ] GC(7) Eden regions: 24->0(22)
[2026-09-18T08:34:39.753+0000][4.859s][info][gc,heap     ] GC(7) Survivor regions: 1->3(4)
[2026-09-18T08:34:39.753+0000][4.859s][info][gc,heap     ] GC(7) Old regions: 20->20
[2026-09-18T08:34:39.753+0000][4.859s][info][gc,heap     ] GC(7) Humongous regions: 0->0
[2026-09-18T08:34:39.753+0000][4.859s][info][gc,metaspace] GC(7) Metaspace: 45637K(46144K)->45637K(46144K) NonClass: 39722K(40000K)->39722K(40000K) Class: 5915K(6144K)->5915K(6144K)
[2026-09-18T08:34:39.753+0000][4.859s][info][gc          ] GC(7) Pause Young (Prepare Mixed) (G1 Evacuation Pause) 356M->179M(4096M) 11.874ms
[2026-09-18T08:34:39.753+0000][4.859s][info][gc,cpu      ] GC(7) User=0.04s Sys=0.00s Real=0.01s
[2026-09-18T08:34:41.060+0000][6.166s][info][gc,start    ] GC(8) Pause Young (Mixed) (G1 Evacuation Pause)
[2026-09-18T08:34:41.060+0000][6.166s][info][gc,task     ] GC(8) Using 4 workers of 4 for evacuation
[2026-09-18T08:34:41.085+0000][6.191s][info][gc,phases   ] GC(8)   Pre Evacuate Collection Set: 0.14ms
[2026-09-18T08:34:41.085+0000][6.191s][info][gc,phases   ] GC(8)   Merge Heap Roots: 0.07ms
[2026-09-18T08:34:41.085+0000][6.191s][info][gc,phases   ] GC(8)   Evacuate Collection Set: 23.56ms
[2026-09-18T08:34:41.085+0000][6.191s][info][gc,phases   ] GC(8)   Post Evacuate Collection Set: 1.17ms
[2026-09-18T08:34:41.085+0000][6.191s][info][gc,phases   ] GC(8)   Other: 0.04ms
[2026-09-18T08:34:41.085+0000][6.191s][info][gc,heap     ] GC(8) Eden regions: 22->0(21)
[2026-09-18T08:34:41.085+0000][6.191s][info][gc,heap     ] GC(8) Survivor regions: 3->4(4)
[2026-09-18T08:34:41.085+0000][6.191s][info][gc,heap     ] GC(8) Old regions: 20->22
[2026-09-18T08:34:41.085+0000][6.191s][info][gc,heap     ] GC(8) Humongous regions: 0->0
[2026-09-18T08:34:41.085+0000][6.191s][info][gc,metaspace] GC(8) Metaspace: 63713K(64320K)->63713K(64320K) NonClass: 54086K(54400K)->54086K(54400K) Class: 9626K(9920K)->9626K(9920K)
[2026-09-18T08:34:41.085+0000][6.191s][info][gc          ] GC(8) Pause Young (Mixed) (G1 Evacuation Pause) 355M->204M(4096M) 25.130ms
[2026-09-18T08:34:41.085+0000][6.191s][info][gc,cpu      ] GC(8) User=0.09s Sys=0.00s Real=0.03s
[2026-09-18T08:34:41.201+0000][6.307s][info][gc,start    ] GC(9) Pause Young (Normal) (G1 Evacuation Pause)
[2026-09-18T08:34:41.201+0000][6.307s][info][gc,task     ] GC(9) Using 4 workers of 4 for evacuation
[2026-09-18T08:34:41.238+0000][6.344s][info][gc,phases   ] GC(9)   Pre Evacuate Collection Set: 0.14ms
[2026-09-18T08:34:41.238+0000][6.344s][info][gc,phases   ] GC(9)   Merge Heap Roots: 0.14ms
[2026-09-18T08:34:41.238+0000][6.344s][info][gc,phases   ] GC(9)   Evacuate Collection Set: 35.96ms
[2026-09-18T08:34:41.238+0000][6.344s][info][gc,phases   ] GC(9)   Post Evacuate Collection Set: 0.49ms
[2026-09-18T08:34:41.238+0000][6.344s][info][gc,phases   ] GC(9)   Other: 0.07ms
[2026-09-18T08:34:41.238+0000][6.344s][info][gc,heap     ] GC(9) Eden regions: 21->0(21)
[2026-09-18T08:34:41.238+0000][6.344s][info][gc,heap     ] GC(9) Survivor regions: 4->4(4)
[2026-09-18T08:34:41.238+0000][6.344s][info][gc,heap     ] GC(9) Old regions: 22->29
[2026-09-18T08:34:41.238+0000][6.344s][info][gc,heap     ] GC(9) Humongous regions: 0->0
[2026-09-18T08:34:41.238+0000][6.344s][info][gc,metaspace] GC(9) Metaspace: 63735K(64384K)->63735K(64384K) NonClass: 54107K(54464K)->54107K(54464K) Class: 9627K(9920K)->9627K(9920K)
[2026-09-18T08:34:41.238+0000][6.344s][info][gc          ] GC(9) Pause Young (Normal) (G1 Evacuation Pause) 372M->260M(4096M) 36.972ms
[2026-09-18T08:34:41.238+0000][6.344s][info][gc,cpu      ] GC(9) User=0.14s Sys=0.01s Real=0.04s
[2026-09-18T08:34:41.305+0000][6.411s][info][gc,start    ] GC(10) Pause Young (Concurrent Start) (Metadata GC Threshold)
[2026-09-18T08:34:41.305+0000][6.411s][info][gc,task     ] GC(10) Using 4 workers of 4 for evacuation
[2026-09-18T08:34:41.321+0000][6.427s][info][gc,phases   ] GC(10)   Pre Evacuate Collection Set: 0.18ms
[2026-09-18T08:34:41.321+0000][6.427s][info][gc,phases   ] GC(10)   Merge Heap Roots: 0.09ms
[2026-09-18T08:34:41.321+0000][6.427s][info][gc,phases   ] GC(10)   Evacuate Collection Set: 15.33ms
[2026-09-18T08:34:41.321+0000][6.427s][info][gc,phases   ] GC(10)   Post Evacuate Collection Set: 0.38ms
[2026-09-18T08:34:41.321+0000][6.427s][info][gc,phases   ] GC(10)   Other: 0.11ms
[2026-09-18T08:34:41.321+0000][6.427s][info][gc,heap     ] GC(10) Eden regions: 5->0(23)
[2026-09-18T08:34:41.321+0000][6.427s][info][gc,heap     ] GC(10) Survivor regions: 4->2(4)
[2026-09-18T08:34:41.321+0000][6.427s][info][gc,heap     ] GC(10) Old regions: 29->33
[2026-09-18T08:34:41.321+0000][6.427s][info][gc,heap     ] GC(10) Humongous regions: 0->0
[2026-09-18T08:34:41.321+0000][6.427s][info][gc,metaspace] GC(10) Metaspace: 64125K(64768K)->64125K(64768K) NonClass: 54417K(54784K)->54417K(54784K) Class: 9708K(9984K)->9708K(9984K)
[2026-09-18T08:34:41.321+0000][6.427s][info][gc          ] GC(10) Pause Young (Concurrent Start) (Metadata GC Threshold) 295M->279M(4096M) 16.236ms
[2026-09-18T08:34:41.321+0000][6.427s][info][gc,cpu      ] GC(10) User=0.06s Sys=0.00s Real=0.01s
[2026-09-18T08:34:41.321+0000][6.427s][info][gc          ] GC(11) Concurrent Mark Cycle
[2026-09-18T08:34:41.321+0000][6.427s][info][gc,marking  ] GC(11) Concurrent Scan Root Regions
[2026-09-18T08:34:41.346+0000][6.452s][info][gc,marking  ] GC(11) Concurrent Scan Root Regions 24.511ms
[2026-09-18T08:34:41.346+0000][6.452s][info][gc,marking  ] GC(11) Concurrent Mark
[2026-09-18T08:34:41.346+0000][6.452s][info][gc,marking  ] GC(11) Concurrent Mark From Roots
[2026-09-18T08:34:41.346+0000][6.452s][info][gc,task     ] GC(11) Using 1 workers of 1 for marking
[2026-09-18T08:34:41.535+0000][6.641s][info][gc,marking  ] GC(11) Concurrent Mark From Roots 189.747ms
[2026-09-18T08:34:41.535+0000][6.641s][info][gc,marking  ] GC(11) Concurrent Preclean
[2026-09-18T08:34:41.536+0000][6.642s][info][gc,marking  ] GC(11) Concurrent Preclean 0.309ms
[2026-09-18T08:34:41.539+0000][6.645s][info][gc,start    ] GC(11) Pause Remark
[2026-09-18T08:34:41.550+0000][6.656s][info][gc          ] GC(11) Pause Remark 282M->266M(4096M) 10.405ms
[2026-09-18T08:34:41.550+0000][6.656s][info][gc,cpu      ] GC(11) User=0.04s Sys=0.00s Real=0.01s
[2026-09-18T08:34:41.550+0000][6.656s][info][gc,marking  ] GC(11) Concurrent Mark 204.245ms
[2026-09-18T08:34:41.550+0000][6.656s][info][gc,marking  ] GC(11) Concurrent Rebuild Remembered Sets and Scrub Regions
[2026-09-18T08:34:41.640+0000][6.746s][info][gc,marking  ] GC(11) Concurrent Rebuild Remembered Sets and Scrub Regions 90.230ms
[2026-09-18T08:34:41.641+0000][6.747s][info][gc,start    ] GC(11) Pause Cleanup
[2026-09-18T08:34:41.641+0000][6.747s][info][gc          ] GC(11) Pause Cleanup 266M->266M(4096M) 0.123ms
[2026-09-18T08:34:41.641+0000][6.747s][info][gc,cpu      ] GC(11) User=0.00s Sys=0.00s Real=0.00s
[2026-09-18T08:34:41.641+0000][6.747s][info][gc,marking  ] GC(11) Concurrent Clear Claimed Marks
[2026-09-18T08:34:41.641+0000][6.747s][info][gc,marking  ] GC(11) Concurrent Clear Claimed Marks 0.071ms
[2026-09-18T08:34:41.641+0000][6.747s][info][gc,marking  ] GC(11) Concurrent Cleanup for Next Mark
[2026-09-18T08:34:41.645+0000][6.751s][info][gc,marking  ] GC(11) Concurrent Cleanup for Next Mark 3.683ms
[2026-09-18T08:34:41.645+0000][6.751s][info][gc          ] GC(11) Concurrent Mark Cycle 323.825ms
[2026-09-18T08:34:43.503+0000][8.609s][info][gc,start    ] GC(12) Pause Young (Prepare Mixed) (G1 Evacuation Pause)
[2026-09-18T08:34:43.503+0000][8.609s][info][gc,task     ] GC(12) Using 4 workers of 4 for evacuation
[2026-09-18T08:34:43.535+0000][8.641s][info][gc,phases   ] GC(12)   Pre Evacuate Collection Set: 0.12ms
[2026-09-18T08:34:43.535+0000][8.641s][info][gc,phases   ] GC(12)   Merge Heap Roots: 0.20ms
[2026-09-18T08:34:43.535+0000][8.641s][info][gc,phases   ] GC(12)   Evacuate Collection Set: 29.89ms
[2026-09-18T08:34:43.535+0000][8.641s][info][gc,phases   ] GC(12)   Post Evacuate Collection Set: 1.22ms
[2026-09-18T08:34:43.535+0000][8.641s][info][gc,phases   ] GC(12)   Other: 0.05ms
[2026-09-18T08:34:43.535+0000][8.641s][info][gc,heap     ] GC(12) Eden regions: 23->0(21)
[2026-09-18T08:34:43.535+0000][8.641s][info][gc,heap     ] GC(12) Survivor regions: 2->4(4)
[2026-09-18T08:34:43.535+0000][8.641s][info][gc,heap     ] GC(12) Old regions: 31->33
[2026-09-18T08:34:43.535+0000][8.641s][info][gc,heap     ] GC(12) Humongous regions: 0->0
[2026-09-18T08:34:43.535+0000][8.641s][info][gc,metaspace] GC(12) Metaspace: 96795K(97536K)->96795K(97536K) NonClass: 83237K(83648K)->83237K(83648K) Class: 13557K(13888K)->13557K(13888K)
[2026-09-18T08:34:43.535+0000][8.641s][info][gc          ] GC(12) Pause Young (Prepare Mixed) (G1 Evacuation Pause) 447M->294M(4096M) 31.615ms
[2026-09-18T08:34:43.535+0000][8.641s][info][gc,cpu      ] GC(12) User=0.12s Sys=0.00s Real=0.03s
[2026-09-18T08:34:43.820+0000][8.926s][info][gc,start    ] GC(13) Pause Young (Mixed) (G1 Evacuation Pause)
[2026-09-18T08:34:43.820+0000][8.926s][info][gc,task     ] GC(13) Using 4 workers of 4 for evacuation
[2026-09-18T08:34:43.867+0000][8.973s][info][gc,phases   ] GC(13)   Pre Evacuate Collection Set: 0.12ms
[2026-09-18T08:34:43.867+0000][8.973s][info][gc,phases   ] GC(13)   Merge Heap Roots: 0.21ms
[2026-09-18T08:34:43.867+0000][8.973s][info][gc,phases   ] GC(13)   Evacuate Collection Set: 46.61ms
[2026-09-18T08:34:43.867+0000][8.973s][info][gc,phases   ] GC(13)   Post Evacuate Collection Set: 0.71ms
[2026-09-18T08:34:43.867+0000][8.973s][info][gc,phases   ] GC(13)   Other: 0.04ms
[2026-09-18T08:34:43.867+0000][8.973s][info][gc,heap     ] GC(13) Eden regions: 21->0(112)
[2026-09-18T08:34:43.867+0000][8.973s][info][gc,heap     ] GC(13) Survivor regions: 4->4(4)
[2026-09-18T08:34:43.867+0000][8.973s][info][gc,heap     ] GC(13) Old regions: 33->37
[2026-09-18T08:34:43.867+0000][8.973s][info][gc,heap     ] GC(13) Humongous regions: 0->0
[2026-09-18T08:34:43.867+0000][8.973s][info][gc,metaspace] GC(13) Metaspace: 97394K(98304K)->97394K(98304K) NonClass: 83715K(84224K)->83715K(84224K) Class: 13679K(14080K)->13679K(14080K)
[2026-09-18T08:34:43.867+0000][8.973s][info][gc          ] GC(13) Pause Young (Mixed) (G1 Evacuation Pause) 462M->326M(4096M) 47.841ms
[2026-09-18T08:34:43.867+0000][8.973s][info][gc,cpu      ] GC(13) User=0.19s Sys=0.01s Real=0.05s
[2026-09-18T08:34:46.532+0000][11.638s][info][gc,start    ] GC(14) Pause Young (Mixed) (Metadata GC Threshold)
[2026-09-18T08:34:46.532+0000][11.638s][info][gc,task     ] GC(14) Using 4 workers of 4 for evacuation
[2026-09-18T08:34:46.591+0000][11.697s][info][gc,phases   ] GC(14)   Pre Evacuate Collection Set: 0.11ms
[2026-09-18T08:34:46.591+0000][11.697s][info][gc,phases   ] GC(14)   Merge Heap Roots: 0.16ms
[2026-09-18T08:34:46.591+0000][11.697s][info][gc,phases   ] GC(14)   Evacuate Collection Set: 56.09ms
[2026-09-18T08:34:46.591+0000][11.697s][info][gc,phases   ] GC(14)   Post Evacuate Collection Set: 2.31ms
[2026-09-18T08:34:46.591+0000][11.697s][info][gc,phases   ] GC(14)   Other: 0.07ms
[2026-09-18T08:34:46.591+0000][11.697s][info][gc,heap     ] GC(14) Eden regions: 89->0(109)
[2026-09-18T08:34:46.591+0000][11.697s][info][gc,heap     ] GC(14) Survivor regions: 4->13(16)
[2026-09-18T08:34:46.591+0000][11.697s][info][gc,heap     ] GC(14) Old regions: 37->36
[2026-09-18T08:34:46.591+0000][11.697s][info][gc,heap     ] GC(14) Humongous regions: 0->0
[2026-09-18T08:34:46.591+0000][11.697s][info][gc,metaspace] GC(14) Metaspace: 113930K(114880K)->113930K(114880K) NonClass: 97601K(98112K)->97601K(98112K) Class: 16328K(16768K)->16328K(16768K)
[2026-09-18T08:34:46.591+0000][11.697s][info][gc          ] GC(14) Pause Young (Mixed) (Metadata GC Threshold) 1038M->389M(5328M) 58.902ms
[2026-09-18T08:34:46.591+0000][11.697s][info][gc,cpu      ] GC(14) User=0.22s Sys=0.01s Real=0.06s
[2026-09-18T08:34:46.608+0000][11.715s][info][gc,start    ] GC(15) Pause Young (Mixed) (Metadata GC Threshold)
[2026-09-18T08:34:46.609+0000][11.715s][info][gc,task     ] GC(15) Using 4 workers of 4 for evacuation
[2026-09-18T08:34:46.657+0000][11.763s][info][gc,phases   ] GC(15)   Pre Evacuate Collection Set: 0.15ms
[2026-09-18T08:34:46.657+0000][11.763s][info][gc,phases   ] GC(15)   Merge Heap Roots: 0.17ms
[2026-09-18T08:34:46.657+0000][11.763s][info][gc,phases   ] GC(15)   Evacuate Collection Set: 47.21ms
[2026-09-18T08:34:46.657+0000][11.763s][info][gc,phases   ] GC(15)   Post Evacuate Collection Set: 0.85ms
[2026-09-18T08:34:46.657+0000][11.763s][info][gc,phases   ] GC(15)   Other: 0.06ms
[2026-09-18T08:34:46.657+0000][11.763s][info][gc,heap     ] GC(15) Eden regions: 1->0(24)
[2026-09-18T08:34:46.657+0000][11.763s][info][gc,heap     ] GC(15) Survivor regions: 13->9(16)
[2026-09-18T08:34:46.657+0000][11.763s][info][gc,heap     ] GC(15) Old regions: 36->40
[2026-09-18T08:34:46.657+0000][11.763s][info][gc,heap     ] GC(15) Humongous regions: 0->0
[2026-09-18T08:34:46.657+0000][11.763s][info][gc,metaspace] GC(15) Metaspace: 114187K(115200K)->114187K(115200K) NonClass: 97816K(98368K)->97816K(98368K) Class: 16370K(16832K)->16370K(16832K)
[2026-09-18T08:34:46.657+0000][11.763s][info][gc          ] GC(15) Pause Young (Mixed) (Metadata GC Threshold) 397M->387M(5328M) 48.582ms
[2026-09-18T08:34:46.657+0000][11.763s][info][gc,cpu      ] GC(15) User=0.19s Sys=0.00s Real=0.05s
[2026-09-18T08:34:47.168+0000][12.274s][info][gc,start    ] GC(16) Pause Young (Concurrent Start) (G1 Evacuation Pause)
[2026-09-18T08:34:47.168+0000][12.274s][info][gc,task     ] GC(16) Using 4 workers of 4 for evacuation
[2026-09-18T08:34:47.234+0000][12.340s][info][gc,phases   ] GC(16)   Pre Evacuate Collection Set: 0.15ms
[2026-09-18T08:34:47.234+0000][12.340s][info][gc,phases   ] GC(16)   Merge Heap Roots: 0.12ms
[2026-09-18T08:34:47.234+0000][12.340s][info][gc,phases   ] GC(16)   Evacuate Collection Set: 65.22ms
[2026-09-18T08:34:47.234+0000][12.340s][info][gc,phases   ] GC(16)   Post Evacuate Collection Set: 1.04ms
[2026-09-18T08:34:47.234+0000][12.340s][info][gc,phases   ] GC(16)   Other: 0.12ms
[2026-09-18T08:34:47.234+0000][12.340s][info][gc,heap     ] GC(16) Eden regions: 24->0(28)
[2026-09-18T08:34:47.234+0000][12.340s][info][gc,heap     ] GC(16) Survivor regions: 9->5(5)
[2026-09-18T08:34:47.234+0000][12.340s][info][gc,heap     ] GC(16) Old regions: 40->49
[2026-09-18T08:34:47.234+0000][12.341s][info][gc,heap     ] GC(16) Humongous regions: 0->0
[2026-09-18T08:34:47.234+0000][12.341s][info][gc,metaspace] GC(16) Metaspace: 114409K(115392K)->114409K(115392K) NonClass: 98015K(98560K)->98015K(98560K) Class: 16394K(16832K)->16394K(16832K)
[2026-09-18T08:34:47.234+0000][12.341s][info][gc          ] GC(16) Pause Young (Concurrent Start) (G1 Evacuation Pause) 579M->426M(5328M) 66.848ms
[2026-09-18T08:34:47.235+0000][12.341s][info][gc,cpu      ] GC(16) User=0.26s Sys=0.00s Real=0.07s
[2026-09-18T08:34:47.235+0000][12.341s][info][gc          ] GC(17) Concurrent Mark Cycle
[2026-09-18T08:34:47.235+0000][12.341s][info][gc,marking  ] GC(17) Concurrent Scan Root Regions
[2026-09-18T08:34:47.308+0000][12.414s][info][gc,marking  ] GC(17) Concurrent Scan Root Regions 73.091ms
[2026-09-18T08:34:47.308+0000][12.414s][info][gc,marking  ] GC(17) Concurrent Mark
[2026-09-18T08:34:47.308+0000][12.414s][info][gc,marking  ] GC(17) Concurrent Mark From Roots
[2026-09-18T08:34:47.308+0000][12.414s][info][gc,task     ] GC(17) Using 1 workers of 1 for marking
[2026-09-18T08:34:47.649+0000][12.755s][info][gc,marking  ] GC(17) Concurrent Mark From Roots 341.611ms
[2026-09-18T08:34:47.649+0000][12.755s][info][gc,marking  ] GC(17) Concurrent Preclean
[2026-09-18T08:34:47.650+0000][12.756s][info][gc,marking  ] GC(17) Concurrent Preclean 0.547ms
[2026-09-18T08:34:47.653+0000][12.759s][info][gc,start    ] GC(17) Pause Remark
[2026-09-18T08:34:47.662+0000][12.768s][info][gc          ] GC(17) Pause Remark 482M->482M(4096M) 8.975ms
[2026-09-18T08:34:47.662+0000][12.768s][info][gc,cpu      ] GC(17) User=0.03s Sys=0.01s Real=0.01s
[2026-09-18T08:34:47.666+0000][12.772s][info][gc,marking  ] GC(17) Concurrent Mark 357.976ms
[2026-09-18T08:34:47.666+0000][12.772s][info][gc,marking  ] GC(17) Concurrent Rebuild Remembered Sets and Scrub Regions
[2026-09-18T08:34:47.896+0000][13.002s][info][gc,marking  ] GC(17) Concurrent Rebuild Remembered Sets and Scrub Regions 230.108ms
[2026-09-18T08:34:47.896+0000][13.002s][info][gc,start    ] GC(17) Pause Cleanup
[2026-09-18T08:34:47.896+0000][13.002s][info][gc          ] GC(17) Pause Cleanup 494M->494M(4096M) 0.173ms
[2026-09-18T08:34:47.896+0000][13.002s][info][gc,cpu      ] GC(17) User=0.00s Sys=0.00s Real=0.00s
[2026-09-18T08:34:47.896+0000][13.002s][info][gc,marking  ] GC(17) Concurrent Clear Claimed Marks
[2026-09-18T08:34:47.896+0000][13.003s][info][gc,marking  ] GC(17) Concurrent Clear Claimed Marks 0.094ms
[2026-09-18T08:34:47.896+0000][13.003s][info][gc,marking  ] GC(17) Concurrent Cleanup for Next Mark
[2026-09-18T08:34:47.901+0000][13.007s][info][gc,marking  ] GC(17) Concurrent Cleanup for Next Mark 4.086ms
[2026-09-18T08:34:47.901+0000][13.007s][info][gc          ] GC(17) Concurrent Mark Cycle 666.054ms
[2026-09-18T08:34:48.081+0000][13.187s][info][gc,start    ] GC(18) Pause Young (Prepare Mixed) (G1 Evacuation Pause)
[2026-09-18T08:34:48.081+0000][13.187s][info][gc,task     ] GC(18) Using 4 workers of 4 for evacuation
[2026-09-18T08:34:48.102+0000][13.208s][info][gc,phases   ] GC(18)   Pre Evacuate Collection Set: 0.18ms
[2026-09-18T08:34:48.102+0000][13.208s][info][gc,phases   ] GC(18)   Merge Heap Roots: 0.29ms
[2026-09-18T08:34:48.102+0000][13.208s][info][gc,phases   ] GC(18)   Evacuate Collection Set: 19.70ms
[2026-09-18T08:34:48.102+0000][13.208s][info][gc,phases   ] GC(18)   Post Evacuate Collection Set: 0.75ms
[2026-09-18T08:34:48.102+0000][13.208s][info][gc,phases   ] GC(18)   Other: 0.06ms
[2026-09-18T08:34:48.102+0000][13.208s][info][gc,heap     ] GC(18) Eden regions: 20->0(168)
[2026-09-18T08:34:48.102+0000][13.208s][info][gc,heap     ] GC(18) Survivor regions: 5->2(4)
[2026-09-18T08:34:48.102+0000][13.208s][info][gc,heap     ] GC(18) Old regions: 49->55
[2026-09-18T08:34:48.102+0000][13.208s][info][gc,heap     ] GC(18) Humongous regions: 0->0
[2026-09-18T08:34:48.102+0000][13.208s][info][gc,metaspace] GC(18) Metaspace: 119705K(120768K)->119705K(120768K) NonClass: 102467K(103104K)->102467K(103104K) Class: 17238K(17664K)->17238K(17664K)
[2026-09-18T08:34:48.102+0000][13.208s][info][gc          ] GC(18) Pause Young (Prepare Mixed) (G1 Evacuation Pause) 586M->439M(4096M) 21.157ms
[2026-09-18T08:34:48.102+0000][13.208s][info][gc,cpu      ] GC(18) User=0.08s Sys=0.00s Real=0.03s
[2026-09-18T08:34:56.102+0000][21.208s][info][gc,start    ] GC(19) Pause Young (Mixed) (G1 Evacuation Pause)
[2026-09-18T08:34:56.102+0000][21.208s][info][gc,task     ] GC(19) Using 4 workers of 4 for evacuation
[2026-09-18T08:34:56.154+0000][21.260s][info][gc,phases   ] GC(19)   Pre Evacuate Collection Set: 0.15ms
[2026-09-18T08:34:56.154+0000][21.260s][info][gc,phases   ] GC(19)   Merge Heap Roots: 0.19ms
[2026-09-18T08:34:56.154+0000][21.260s][info][gc,phases   ] GC(19)   Evacuate Collection Set: 49.11ms
[2026-09-18T08:34:56.154+0000][21.260s][info][gc,phases   ] GC(19)   Post Evacuate Collection Set: 1.73ms
[2026-09-18T08:34:56.154+0000][21.260s][info][gc,phases   ] GC(19)   Other: 0.09ms
[2026-09-18T08:34:56.154+0000][21.260s][info][gc,heap     ] GC(19) Eden regions: 173->0(10)
[2026-09-18T08:34:56.154+0000][21.260s][info][gc,heap     ] GC(19) Survivor regions: 2->15(22)
[2026-09-18T08:34:56.154+0000][21.260s][info][gc,heap     ] GC(19) Old regions: 55->53
[2026-09-18T08:34:56.154+0000][21.260s][info][gc,heap     ] GC(19) Humongous regions: 0->0
[2026-09-18T08:34:56.154+0000][21.260s][info][gc,metaspace] GC(19) Metaspace: 150524K(151744K)->150524K(151744K) NonClass: 126017K(126720K)->126017K(126720K) Class: 24506K(25024K)->24506K(25024K)
[2026-09-18T08:34:56.154+0000][21.260s][info][gc          ] GC(19) Pause Young (Mixed) (G1 Evacuation Pause) 1823M->538M(4096M) 51.436ms
[2026-09-18T08:34:56.154+0000][21.260s][info][gc,cpu      ] GC(19) User=0.19s Sys=0.01s Real=0.05s
[2026-09-18T08:34:56.451+0000][21.557s][info][gc,start    ] GC(20) Pause Young (Concurrent Start) (G1 Evacuation Pause)
[2026-09-18T08:34:56.451+0000][21.557s][info][gc,task     ] GC(20) Using 4 workers of 4 for evacuation
[2026-09-18T08:34:56.491+0000][21.597s][info][gc,phases   ] GC(20)   Pre Evacuate Collection Set: 0.12ms
[2026-09-18T08:34:56.491+0000][21.597s][info][gc,phases   ] GC(20)   Merge Heap Roots: 0.14ms
[2026-09-18T08:34:56.491+0000][21.597s][info][gc,phases   ] GC(20)   Evacuate Collection Set: 39.21ms
[2026-09-18T08:34:56.491+0000][21.597s][info][gc,phases   ] GC(20)   Post Evacuate Collection Set: 0.94ms
[2026-09-18T08:34:56.491+0000][21.597s][info][gc,phases   ] GC(20)   Other: 0.07ms
[2026-09-18T08:34:56.491+0000][21.597s][info][gc,heap     ] GC(20) Eden regions: 10->0(68)
[2026-09-18T08:34:56.491+0000][21.597s][info][gc,heap     ] GC(20) Survivor regions: 15->3(4)
[2026-09-18T08:34:56.491+0000][21.597s][info][gc,heap     ] GC(20) Old regions: 53->67
[2026-09-18T08:34:56.491+0000][21.597s][info][gc,heap     ] GC(20) Humongous regions: 0->0
[2026-09-18T08:34:56.491+0000][21.597s][info][gc,metaspace] GC(20) Metaspace: 151029K(152256K)->151029K(152256K) NonClass: 126495K(127232K)->126495K(127232K) Class: 24534K(25024K)->24534K(25024K)
[2026-09-18T08:34:56.491+0000][21.597s][info][gc          ] GC(20) Pause Young (Concurrent Start) (G1 Evacuation Pause) 618M->555M(4096M) 40.626ms
[2026-09-18T08:34:56.491+0000][21.598s][info][gc,cpu      ] GC(20) User=0.16s Sys=0.01s Real=0.05s
[2026-09-18T08:34:56.491+0000][21.598s][info][gc          ] GC(21) Concurrent Mark Cycle
[2026-09-18T08:34:56.492+0000][21.598s][info][gc,marking  ] GC(21) Concurrent Scan Root Regions
[2026-09-18T08:34:56.557+0000][21.663s][info][gc,marking  ] GC(21) Concurrent Scan Root Regions 65.191ms
[2026-09-18T08:34:56.557+0000][21.663s][info][gc,marking  ] GC(21) Concurrent Mark
[2026-09-18T08:34:56.557+0000][21.663s][info][gc,marking  ] GC(21) Concurrent Mark From Roots
[2026-09-18T08:34:56.557+0000][21.663s][info][gc,task     ] GC(21) Using 1 workers of 1 for marking
[2026-09-18T08:34:57.008+0000][22.114s][info][gc,marking  ] GC(21) Concurrent Mark From Roots 451.311ms
[2026-09-18T08:34:57.008+0000][22.114s][info][gc,marking  ] GC(21) Concurrent Preclean
[2026-09-18T08:34:57.008+0000][22.115s][info][gc,marking  ] GC(21) Concurrent Preclean 0.312ms
[2026-09-18T08:34:57.009+0000][22.115s][info][gc,start    ] GC(21) Pause Remark
[2026-09-18T08:34:57.024+0000][22.130s][info][gc          ] GC(21) Pause Remark 754M->706M(4096M) 15.126ms
[2026-09-18T08:34:57.024+0000][22.130s][info][gc,cpu      ] GC(21) User=0.04s Sys=0.00s Real=0.02s
[2026-09-18T08:34:57.024+0000][22.130s][info][gc,marking  ] GC(21) Concurrent Mark 467.113ms
[2026-09-18T08:34:57.024+0000][22.130s][info][gc,marking  ] GC(21) Concurrent Rebuild Remembered Sets and Scrub Regions
[2026-09-18T08:34:57.299+0000][22.405s][info][gc,marking  ] GC(21) Concurrent Rebuild Remembered Sets and Scrub Regions 274.618ms
[2026-09-18T08:34:57.299+0000][22.405s][info][gc,start    ] GC(21) Pause Cleanup
[2026-09-18T08:34:57.299+0000][22.405s][info][gc          ] GC(21) Pause Cleanup 807M->807M(4096M) 0.127ms
[2026-09-18T08:34:57.299+0000][22.405s][info][gc,cpu      ] GC(21) User=0.00s Sys=0.00s Real=0.00s
[2026-09-18T08:34:57.299+0000][22.405s][info][gc,marking  ] GC(21) Concurrent Clear Claimed Marks
[2026-09-18T08:34:57.299+0000][22.405s][info][gc,marking  ] GC(21) Concurrent Clear Claimed Marks 0.139ms
[2026-09-18T08:34:57.299+0000][22.405s][info][gc,marking  ] GC(21) Concurrent Cleanup for Next Mark
[2026-09-18T08:34:57.304+0000][22.410s][info][gc,marking  ] GC(21) Concurrent Cleanup for Next Mark 4.564ms
[2026-09-18T08:34:57.304+0000][22.410s][info][gc          ] GC(21) Concurrent Mark Cycle 812.319ms
[2026-09-18T08:34:58.087+0000][23.193s][info][gc,start    ] GC(22) Pause Young (Prepare Mixed) (G1 Evacuation Pause)
[2026-09-18T08:34:58.087+0000][23.193s][info][gc,task     ] GC(22) Using 4 workers of 4 for evacuation
[2026-09-18T08:34:58.109+0000][23.215s][info][gc,phases   ] GC(22)   Pre Evacuate Collection Set: 0.15ms
[2026-09-18T08:34:58.109+0000][23.216s][info][gc,phases   ] GC(22)   Merge Heap Roots: 0.22ms
[2026-09-18T08:34:58.109+0000][23.216s][info][gc,phases   ] GC(22)   Evacuate Collection Set: 21.08ms
[2026-09-18T08:34:58.109+0000][23.216s][info][gc,phases   ] GC(22)   Post Evacuate Collection Set: 0.67ms
[2026-09-18T08:34:58.109+0000][23.216s][info][gc,phases   ] GC(22)   Other: 0.06ms
[2026-09-18T08:34:58.110+0000][23.216s][info][gc,heap     ] GC(22) Eden regions: 82->0(297)
[2026-09-18T08:34:58.110+0000][23.216s][info][gc,heap     ] GC(22) Survivor regions: 3->10(11)
[2026-09-18T08:34:58.110+0000][23.216s][info][gc,heap     ] GC(22) Old regions: 61->61
[2026-09-18T08:34:58.110+0000][23.216s][info][gc,heap     ] GC(22) Humongous regions: 0->0
[2026-09-18T08:34:58.110+0000][23.216s][info][gc,metaspace] GC(22) Metaspace: 151465K(152768K)->151465K(152768K) NonClass: 126838K(127616K)->126838K(127616K) Class: 24626K(25152K)->24626K(25152K)
[2026-09-18T08:34:58.110+0000][23.216s][info][gc          ] GC(22) Pause Young (Prepare Mixed) (G1 Evacuation Pause) 1163M->562M(4096M) 22.337ms
[2026-09-18T08:34:58.110+0000][23.216s][info][gc,cpu      ] GC(22) User=0.08s Sys=0.00s Real=0.02s
[2026-09-18T08:35:03.382+0000][28.488s][info][gc,start    ] GC(23) Pause Young (Mixed) (G1 Evacuation Pause)
[2026-09-18T08:35:03.382+0000][28.488s][info][gc,task     ] GC(23) Using 4 workers of 4 for evacuation
[2026-09-18T08:35:03.447+0000][28.553s][info][gc,phases   ] GC(23)   Pre Evacuate Collection Set: 0.18ms
[2026-09-18T08:35:03.447+0000][28.553s][info][gc,phases   ] GC(23)   Merge Heap Roots: 0.14ms
[2026-09-18T08:35:03.447+0000][28.553s][info][gc,phases   ] GC(23)   Evacuate Collection Set: 64.06ms
[2026-09-18T08:35:03.447+0000][28.553s][info][gc,phases   ] GC(23)   Post Evacuate Collection Set: 0.89ms
[2026-09-18T08:35:03.447+0000][28.553s][info][gc,phases   ] GC(23)   Other: 0.07ms
[2026-09-18T08:35:03.447+0000][28.553s][info][gc,heap     ] GC(23) Eden regions: 297->0(4)
[2026-09-18T08:35:03.447+0000][28.553s][info][gc,heap     ] GC(23) Survivor regions: 10->30(39)
[2026-09-18T08:35:03.447+0000][28.553s][info][gc,heap     ] GC(23) Old regions: 61->59
[2026-09-18T08:35:03.447+0000][28.553s][info][gc,heap     ] GC(23) Humongous regions: 0->0
[2026-09-18T08:35:03.447+0000][28.553s][info][gc,metaspace] GC(23) Metaspace: 153356K(154880K)->153356K(154880K) NonClass: 128429K(129344K)->128429K(129344K) Class: 24926K(25536K)->24926K(25536K)
[2026-09-18T08:35:03.447+0000][28.553s][info][gc          ] GC(23) Pause Young (Mixed) (G1 Evacuation Pause) 2938M->709M(4096M) 65.529ms
[2026-09-18T08:35:03.447+0000][28.553s][info][gc,cpu      ] GC(23) User=0.23s Sys=0.03s Real=0.06s
[2026-09-18T08:35:03.633+0000][28.739s][info][gc,start    ] GC(24) Pause Young (Concurrent Start) (G1 Evacuation Pause)
[2026-09-18T08:35:03.633+0000][28.739s][info][gc,task     ] GC(24) Using 4 workers of 4 for evacuation
[2026-09-18T08:35:03.687+0000][28.793s][info][gc,phases   ] GC(24)   Pre Evacuate Collection Set: 0.14ms
[2026-09-18T08:35:03.687+0000][28.793s][info][gc,phases   ] GC(24)   Merge Heap Roots: 0.10ms
[2026-09-18T08:35:03.687+0000][28.793s][info][gc,phases   ] GC(24)   Evacuate Collection Set: 53.07ms
[2026-09-18T08:35:03.687+0000][28.793s][info][gc,phases   ] GC(24)   Post Evacuate Collection Set: 0.54ms
[2026-09-18T08:35:03.687+0000][28.793s][info][gc,phases   ] GC(24)   Other: 0.08ms
[2026-09-18T08:35:03.687+0000][28.793s][info][gc,heap     ] GC(24) Eden regions: 15->0(122)
[2026-09-18T08:35:03.687+0000][28.793s][info][gc,heap     ] GC(24) Survivor regions: 30->3(6)
[2026-09-18T08:35:03.687+0000][28.793s][info][gc,heap     ] GC(24) Old regions: 59->89
[2026-09-18T08:35:03.687+0000][28.793s][info][gc,heap     ] GC(24) Humongous regions: 0->0
[2026-09-18T08:35:03.687+0000][28.793s][info][gc,metaspace] GC(24) Metaspace: 153361K(154880K)->153361K(154880K) NonClass: 128434K(129344K)->128434K(129344K) Class: 24926K(25536K)->24926K(25536K)
[2026-09-18T08:35:03.687+0000][28.793s][info][gc          ] GC(24) Pause Young (Concurrent Start) (G1 Evacuation Pause) 829M->728M(4096M) 54.077ms
[2026-09-18T08:35:03.687+0000][28.793s][info][gc,cpu      ] GC(24) User=0.20s Sys=0.01s Real=0.05s
[2026-09-18T08:35:03.687+0000][28.793s][info][gc          ] GC(25) Concurrent Mark Cycle
[2026-09-18T08:35:03.687+0000][28.793s][info][gc,marking  ] GC(25) Concurrent Scan Root Regions
[2026-09-18T08:35:03.755+0000][28.861s][info][gc,marking  ] GC(25) Concurrent Scan Root Regions 68.037ms
[2026-09-18T08:35:03.755+0000][28.861s][info][gc,marking  ] GC(25) Concurrent Mark
[2026-09-18T08:35:03.755+0000][28.861s][info][gc,marking  ] GC(25) Concurrent Mark From Roots
[2026-09-18T08:35:03.755+0000][28.861s][info][gc,task     ] GC(25) Using 1 workers of 1 for marking
[2026-09-18T08:35:04.237+0000][29.343s][info][gc,marking  ] GC(25) Concurrent Mark From Roots 482.337ms
[2026-09-18T08:35:04.237+0000][29.343s][info][gc,marking  ] GC(25) Concurrent Preclean
[2026-09-18T08:35:04.238+0000][29.344s][info][gc,marking  ] GC(25) Concurrent Preclean 0.416ms
[2026-09-18T08:35:04.238+0000][29.344s][info][gc,start    ] GC(25) Pause Remark
[2026-09-18T08:35:04.262+0000][29.368s][info][gc          ] GC(25) Pause Remark 1032M->1032M(4096M) 23.647ms
[2026-09-18T08:35:04.262+0000][29.368s][info][gc,cpu      ] GC(25) User=0.08s Sys=0.00s Real=0.03s
[2026-09-18T08:35:04.262+0000][29.368s][info][gc,marking  ] GC(25) Concurrent Mark 506.781ms
[2026-09-18T08:35:04.262+0000][29.368s][info][gc,marking  ] GC(25) Concurrent Rebuild Remembered Sets and Scrub Regions
[2026-09-18T08:35:04.693+0000][29.799s][info][gc,marking  ] GC(25) Concurrent Rebuild Remembered Sets and Scrub Regions 431.600ms
[2026-09-18T08:35:04.694+0000][29.800s][info][gc,start    ] GC(25) Pause Cleanup
[2026-09-18T08:35:04.694+0000][29.800s][info][gc          ] GC(25) Pause Cleanup 1184M->1184M(4096M) 0.631ms
[2026-09-18T08:35:04.694+0000][29.800s][info][gc,cpu      ] GC(25) User=0.00s Sys=0.00s Real=0.00s
[2026-09-18T08:35:04.694+0000][29.800s][info][gc,marking  ] GC(25) Concurrent Clear Claimed Marks
[2026-09-18T08:35:04.694+0000][29.801s][info][gc,marking  ] GC(25) Concurrent Clear Claimed Marks 0.164ms
[2026-09-18T08:35:04.695+0000][29.801s][info][gc,marking  ] GC(25) Concurrent Cleanup for Next Mark
[2026-09-18T08:35:04.698+0000][29.804s][info][gc,marking  ] GC(25) Concurrent Cleanup for Next Mark 3.610ms
[2026-09-18T08:35:04.698+0000][29.804s][info][gc          ] GC(25) Concurrent Mark Cycle 1011.264ms
[2026-09-18T08:35:05.781+0000][30.887s][info][gc,start    ] GC(26) Pause Young (Prepare Mixed) (G1 Evacuation Pause)
[2026-09-18T08:35:05.781+0000][30.887s][info][gc,task     ] GC(26) Using 4 workers of 4 for evacuation
[2026-09-18T08:35:05.803+0000][30.909s][info][gc,phases   ] GC(26)   Pre Evacuate Collection Set: 0.14ms
[2026-09-18T08:35:05.803+0000][30.909s][info][gc,phases   ] GC(26)   Merge Heap Roots: 0.11ms
[2026-09-18T08:35:05.803+0000][30.909s][info][gc,phases   ] GC(26)   Evacuate Collection Set: 20.83ms
[2026-09-18T08:35:05.803+0000][30.909s][info][gc,phases   ] GC(26)   Post Evacuate Collection Set: 0.66ms
[2026-09-18T08:35:05.803+0000][30.909s][info][gc,phases   ] GC(26)   Other: 0.05ms
[2026-09-18T08:35:05.803+0000][30.909s][info][gc,heap     ] GC(26) Eden regions: 130->0(295)
[2026-09-18T08:35:05.803+0000][30.909s][info][gc,heap     ] GC(26) Survivor regions: 3->12(17)
[2026-09-18T08:35:05.803+0000][30.909s][info][gc,heap     ] GC(26) Old regions: 89->89
[2026-09-18T08:35:05.803+0000][30.909s][info][gc,heap     ] GC(26) Humongous regions: 0->0
[2026-09-18T08:35:05.803+0000][30.909s][info][gc,metaspace] GC(26) Metaspace: 153345K(154944K)->153345K(154944K) NonClass: 128429K(129408K)->128429K(129408K) Class: 24915K(25536K)->24915K(25536K)
[2026-09-18T08:35:05.803+0000][30.909s][info][gc          ] GC(26) Pause Young (Prepare Mixed) (G1 Evacuation Pause) 1768M->804M(4096M) 22.041ms
[2026-09-18T08:35:05.803+0000][30.909s][info][gc,cpu      ] GC(26) User=0.09s Sys=0.00s Real=0.03s
[2026-09-18T08:35:10.363+0000][35.469s][info][gc,start    ] GC(27) Pause Young (Mixed) (G1 Evacuation Pause)
[2026-09-18T08:35:10.363+0000][35.469s][info][gc,task     ] GC(27) Using 4 workers of 4 for evacuation
[2026-09-18T08:35:10.423+0000][35.529s][info][gc,phases   ] GC(27)   Pre Evacuate Collection Set: 0.23ms
[2026-09-18T08:35:10.423+0000][35.529s][info][gc,phases   ] GC(27)   Merge Heap Roots: 0.17ms
[2026-09-18T08:35:10.423+0000][35.529s][info][gc,phases   ] GC(27)   Evacuate Collection Set: 58.99ms
[2026-09-18T08:35:10.423+0000][35.529s][info][gc,phases   ] GC(27)   Post Evacuate Collection Set: 0.83ms
[2026-09-18T08:35:10.423+0000][35.529s][info][gc,phases   ] GC(27)   Other: 0.06ms
[2026-09-18T08:35:10.423+0000][35.529s][info][gc,heap     ] GC(27) Eden regions: 295->0(1)
[2026-09-18T08:35:10.423+0000][35.529s][info][gc,heap     ] GC(27) Survivor regions: 12->31(39)
[2026-09-18T08:35:10.423+0000][35.529s][info][gc,heap     ] GC(27) Old regions: 89->87
[2026-09-18T08:35:10.423+0000][35.529s][info][gc,heap     ] GC(27) Humongous regions: 0->0
[2026-09-18T08:35:10.423+0000][35.529s][info][gc,metaspace] GC(27) Metaspace: 154025K(155520K)->154025K(155520K) NonClass: 128997K(129856K)->128997K(129856K) Class: 25027K(25664K)->25027K(25664K)
[2026-09-18T08:35:10.423+0000][35.529s][info][gc          ] GC(27) Pause Young (Mixed) (G1 Evacuation Pause) 3164M->944M(4096M) 60.429ms
[2026-09-18T08:35:10.423+0000][35.529s][info][gc,cpu      ] GC(27) User=0.24s Sys=0.00s Real=0.06s
[2026-09-18T08:35:10.428+0000][35.534s][info][gc,start    ] GC(28) Pause Young (Concurrent Start) (G1 Evacuation Pause)
[2026-09-18T08:35:10.428+0000][35.534s][info][gc,task     ] GC(28) Using 4 workers of 4 for evacuation
[2026-09-18T08:35:10.479+0000][35.585s][info][gc,phases   ] GC(28)   Pre Evacuate Collection Set: 0.16ms
[2026-09-18T08:35:10.479+0000][35.585s][info][gc,phases   ] GC(28)   Merge Heap Roots: 0.09ms
[2026-09-18T08:35:10.479+0000][35.585s][info][gc,phases   ] GC(28)   Evacuate Collection Set: 50.67ms
[2026-09-18T08:35:10.479+0000][35.585s][info][gc,phases   ] GC(28)   Post Evacuate Collection Set: 0.61ms
[2026-09-18T08:35:10.479+0000][35.585s][info][gc,phases   ] GC(28)   Other: 0.07ms
[2026-09-18T08:35:10.479+0000][35.585s][info][gc,heap     ] GC(28) Eden regions: 1->0(287)
[2026-09-18T08:35:10.479+0000][35.585s][info][gc,heap     ] GC(28) Survivor regions: 31->2(4)
[2026-09-18T08:35:10.479+0000][35.585s][info][gc,heap     ] GC(28) Old regions: 87->118
[2026-09-18T08:35:10.479+0000][35.585s][info][gc,heap     ] GC(28) Humongous regions: 0->0
[2026-09-18T08:35:10.479+0000][35.585s][info][gc,metaspace] GC(28) Metaspace: 154025K(155520K)->154025K(155520K) NonClass: 128997K(129856K)->128997K(129856K) Class: 25027K(25664K)->25027K(25664K)
[2026-09-18T08:35:10.479+0000][35.585s][info][gc          ] GC(28) Pause Young (Concurrent Start) (G1 Evacuation Pause) 952M->956M(4096M) 51.750ms
[2026-09-18T08:35:10.479+0000][35.585s][info][gc,cpu      ] GC(28) User=0.19s Sys=0.02s Real=0.05s
[2026-09-18T08:35:10.479+0000][35.585s][info][gc          ] GC(29) Concurrent Mark Cycle
[2026-09-18T08:35:10.479+0000][35.585s][info][gc,marking  ] GC(29) Concurrent Scan Root Regions
[2026-09-18T08:35:10.572+0000][35.678s][info][gc,marking  ] GC(29) Concurrent Scan Root Regions 92.232ms
[2026-09-18T08:35:10.572+0000][35.678s][info][gc,marking  ] GC(29) Concurrent Mark
[2026-09-18T08:35:10.572+0000][35.678s][info][gc,marking  ] GC(29) Concurrent Mark From Roots
[2026-09-18T08:35:10.572+0000][35.678s][info][gc,task     ] GC(29) Using 1 workers of 1 for marking
[2026-09-18T08:35:11.413+0000][36.519s][info][gc,marking  ] GC(29) Concurrent Mark From Roots 841.160ms
[2026-09-18T08:35:11.413+0000][36.519s][info][gc,marking  ] GC(29) Concurrent Preclean
[2026-09-18T08:35:11.413+0000][36.519s][info][gc,marking  ] GC(29) Concurrent Preclean 0.428ms
[2026-09-18T08:35:11.414+0000][36.520s][info][gc,start    ] GC(29) Pause Remark
[2026-09-18T08:35:11.427+0000][36.534s][info][gc          ] GC(29) Pause Remark 1540M->1540M(4096M) 13.917ms
[2026-09-18T08:35:11.428+0000][36.534s][info][gc,cpu      ] GC(29) User=0.04s Sys=0.00s Real=0.01s
[2026-09-18T08:35:11.428+0000][36.534s][info][gc,marking  ] GC(29) Concurrent Mark 855.917ms
[2026-09-18T08:35:11.428+0000][36.534s][info][gc,marking  ] GC(29) Concurrent Rebuild Remembered Sets and Scrub Regions
[2026-09-18T08:35:11.956+0000][37.062s][info][gc,marking  ] GC(29) Concurrent Rebuild Remembered Sets and Scrub Regions 528.673ms
[2026-09-18T08:35:11.957+0000][37.063s][info][gc,start    ] GC(29) Pause Cleanup
[2026-09-18T08:35:11.957+0000][37.063s][info][gc          ] GC(29) Pause Cleanup 1748M->1748M(4096M) 0.171ms
[2026-09-18T08:35:11.957+0000][37.063s][info][gc,cpu      ] GC(29) User=0.00s Sys=0.00s Real=0.00s
[2026-09-18T08:35:11.957+0000][37.063s][info][gc,marking  ] GC(29) Concurrent Clear Claimed Marks
[2026-09-18T08:35:11.957+0000][37.063s][info][gc,marking  ] GC(29) Concurrent Clear Claimed Marks 0.179ms
[2026-09-18T08:35:11.957+0000][37.063s][info][gc,marking  ] GC(29) Concurrent Cleanup for Next Mark
[2026-09-18T08:35:11.960+0000][37.066s][info][gc,marking  ] GC(29) Concurrent Cleanup for Next Mark 3.261ms
[2026-09-18T08:35:11.960+0000][37.066s][info][gc          ] GC(29) Concurrent Mark Cycle 1480.847ms
[2026-09-18T08:35:14.963+0000][40.069s][info][gc,start    ] GC(30) Pause Young (Prepare Mixed) (G1 Evacuation Pause)
[2026-09-18T08:35:14.963+0000][40.069s][info][gc,task     ] GC(30) Using 4 workers of 4 for evacuation
[2026-09-18T08:35:15.083+0000][40.189s][info][gc,phases   ] GC(30)   Pre Evacuate Collection Set: 0.18ms
[2026-09-18T08:35:15.083+0000][40.189s][info][gc,phases   ] GC(30)   Merge Heap Roots: 0.20ms
[2026-09-18T08:35:15.083+0000][40.189s][info][gc,phases   ] GC(30)   Evacuate Collection Set: 118.62ms
[2026-09-18T08:35:15.083+0000][40.189s][info][gc,phases   ] GC(30)   Post Evacuate Collection Set: 1.00ms
[2026-09-18T08:35:15.083+0000][40.189s][info][gc,phases   ] GC(30)   Other: 0.07ms
[2026-09-18T08:35:15.083+0000][40.189s][info][gc,heap     ] GC(30) Eden regions: 287->0(269)
[2026-09-18T08:35:15.083+0000][40.189s][info][gc,heap     ] GC(30) Survivor regions: 2->37(37)
[2026-09-18T08:35:15.083+0000][40.189s][info][gc,heap     ] GC(30) Old regions: 118->129
[2026-09-18T08:35:15.083+0000][40.189s][info][gc,heap     ] GC(30) Humongous regions: 0->0
[2026-09-18T08:35:15.083+0000][40.189s][info][gc,metaspace] GC(30) Metaspace: 154365K(155840K)->154365K(155840K) NonClass: 129317K(130176K)->129317K(130176K) Class: 25048K(25664K)->25048K(25664K)
[2026-09-18T08:35:15.083+0000][40.189s][info][gc          ] GC(30) Pause Young (Prepare Mixed) (G1 Evacuation Pause) 3252M->1324M(4096M) 120.211ms
[2026-09-18T08:35:15.083+0000][40.189s][info][gc,cpu      ] GC(30) User=0.47s Sys=0.00s Real=0.12s
[2026-09-18T08:35:19.169+0000][44.275s][info][gc,start    ] GC(31) Pause Young (Mixed) (G1 Evacuation Pause)
[2026-09-18T08:35:19.169+0000][44.275s][info][gc,task     ] GC(31) Using 4 workers of 4 for evacuation
[2026-09-18T08:35:19.366+0000][44.472s][info][gc,phases   ] GC(31)   Pre Evacuate Collection Set: 0.17ms
[2026-09-18T08:35:19.366+0000][44.472s][info][gc,phases   ] GC(31)   Merge Heap Roots: 0.22ms
[2026-09-18T08:35:19.366+0000][44.472s][info][gc,phases   ] GC(31)   Evacuate Collection Set: 193.45ms
[2026-09-18T08:35:19.366+0000][44.472s][info][gc,phases   ] GC(31)   Merge Optional Heap Roots: 0.06ms
[2026-09-18T08:35:19.366+0000][44.472s][info][gc,phases   ] GC(31)   Evacuate Optional Collection Set: 1.92ms
[2026-09-18T08:35:19.366+0000][44.472s][info][gc,phases   ] GC(31)   Post Evacuate Collection Set: 0.81ms
[2026-09-18T08:35:19.366+0000][44.472s][info][gc,phases   ] GC(31)   Other: 0.07ms
[2026-09-18T08:35:19.366+0000][44.472s][info][gc,heap     ] GC(31) Eden regions: 269->0(1)
[2026-09-18T08:35:19.366+0000][44.472s][info][gc,heap     ] GC(31) Survivor regions: 37->39(39)
[2026-09-18T08:35:19.366+0000][44.472s][info][gc,heap     ] GC(31) Old regions: 129->168
[2026-09-18T08:35:19.366+0000][44.472s][info][gc,heap     ] GC(31) Humongous regions: 0->0
[2026-09-18T08:35:19.366+0000][44.472s][info][gc,metaspace] GC(31) Metaspace: 154598K(156032K)->154598K(156032K) NonClass: 129534K(130368K)->129534K(130368K) Class: 25063K(25664K)->25063K(25664K)
[2026-09-18T08:35:19.366+0000][44.472s][info][gc          ] GC(31) Pause Young (Mixed) (G1 Evacuation Pause) 3476M->1656M(4128M) 196.901ms
[2026-09-18T08:35:19.366+0000][44.472s][info][gc,cpu      ] GC(31) User=0.74s Sys=0.03s Real=0.20s
[2026-09-18T08:35:19.377+0000][44.484s][info][gc,start    ] GC(32) Pause Young (Concurrent Start) (G1 Evacuation Pause)
[2026-09-18T08:35:19.378+0000][44.484s][info][gc,task     ] GC(32) Using 4 workers of 4 for evacuation
[2026-09-18T08:35:19.457+0000][44.563s][info][gc,phases   ] GC(32)   Pre Evacuate Collection Set: 0.16ms
[2026-09-18T08:35:19.457+0000][44.563s][info][gc,phases   ] GC(32)   Merge Heap Roots: 0.11ms
[2026-09-18T08:35:19.457+0000][44.563s][info][gc,phases   ] GC(32)   Evacuate Collection Set: 78.03ms
[2026-09-18T08:35:19.457+0000][44.563s][info][gc,phases   ] GC(32)   Post Evacuate Collection Set: 0.66ms
[2026-09-18T08:35:19.457+0000][44.563s][info][gc,phases   ] GC(32)   Other: 0.09ms
[2026-09-18T08:35:19.457+0000][44.563s][info][gc,heap     ] GC(32) Eden regions: 1->0(239)
[2026-09-18T08:35:19.457+0000][44.563s][info][gc,heap     ] GC(32) Survivor regions: 39->2(5)
[2026-09-18T08:35:19.457+0000][44.563s][info][gc,heap     ] GC(32) Old regions: 168->208
[2026-09-18T08:35:19.457+0000][44.563s][info][gc,heap     ] GC(32) Humongous regions: 0->0
[2026-09-18T08:35:19.457+0000][44.563s][info][gc,metaspace] GC(32) Metaspace: 154598K(156032K)->154598K(156032K) NonClass: 129534K(130368K)->129534K(130368K) Class: 25063K(25664K)->25063K(25664K)
[2026-09-18T08:35:19.457+0000][44.563s][info][gc          ] GC(32) Pause Young (Concurrent Start) (G1 Evacuation Pause) 1664M->1680M(4128M) 79.203ms
[2026-09-18T08:35:19.457+0000][44.563s][info][gc,cpu      ] GC(32) User=0.32s Sys=0.00s Real=0.08s
[2026-09-18T08:35:19.457+0000][44.563s][info][gc          ] GC(33) Concurrent Mark Cycle
[2026-09-18T08:35:19.457+0000][44.563s][info][gc,marking  ] GC(33) Concurrent Scan Root Regions
[2026-09-18T08:35:19.605+0000][44.711s][info][gc,marking  ] GC(33) Concurrent Scan Root Regions 147.831ms
[2026-09-18T08:35:19.605+0000][44.711s][info][gc,marking  ] GC(33) Concurrent Mark
[2026-09-18T08:35:19.605+0000][44.711s][info][gc,marking  ] GC(33) Concurrent Mark From Roots
[2026-09-18T08:35:19.605+0000][44.711s][info][gc,task     ] GC(33) Using 1 workers of 1 for marking
[2026-09-18T08:35:20.825+0000][45.931s][info][gc,marking  ] GC(33) Concurrent Mark From Roots 1220.585ms
[2026-09-18T08:35:20.825+0000][45.931s][info][gc,marking  ] GC(33) Concurrent Preclean
[2026-09-18T08:35:20.826+0000][45.932s][info][gc,marking  ] GC(33) Concurrent Preclean 0.342ms
[2026-09-18T08:35:20.826+0000][45.932s][info][gc,start    ] GC(33) Pause Remark
[2026-09-18T08:35:20.844+0000][45.950s][info][gc          ] GC(33) Pause Remark 2414M->2230M(4128M) 18.312ms
[2026-09-18T08:35:20.844+0000][45.950s][info][gc,cpu      ] GC(33) User=0.06s Sys=0.00s Real=0.02s
[2026-09-18T08:35:20.844+0000][45.950s][info][gc,marking  ] GC(33) Concurrent Mark 1239.621ms
[2026-09-18T08:35:20.844+0000][45.950s][info][gc,marking  ] GC(33) Concurrent Rebuild Remembered Sets and Scrub Regions
[2026-09-18T08:35:21.567+0000][46.673s][info][gc,marking  ] GC(33) Concurrent Rebuild Remembered Sets and Scrub Regions 722.836ms
[2026-09-18T08:35:21.567+0000][46.673s][info][gc,start    ] GC(33) Pause Cleanup
[2026-09-18T08:35:21.567+0000][46.673s][info][gc          ] GC(33) Pause Cleanup 2533M->2533M(4128M) 0.167ms
[2026-09-18T08:35:21.567+0000][46.673s][info][gc,cpu      ] GC(33) User=0.00s Sys=0.00s Real=0.00s
[2026-09-18T08:35:21.567+0000][46.674s][info][gc,marking  ] GC(33) Concurrent Clear Claimed Marks
[2026-09-18T08:35:21.568+0000][46.674s][info][gc,marking  ] GC(33) Concurrent Clear Claimed Marks 0.171ms
[2026-09-18T08:35:21.568+0000][46.674s][info][gc,marking  ] GC(33) Concurrent Cleanup for Next Mark
[2026-09-18T08:35:21.571+0000][46.678s][info][gc,marking  ] GC(33) Concurrent Cleanup for Next Mark 3.834ms
[2026-09-18T08:35:21.572+0000][46.678s][info][gc          ] GC(33) Concurrent Mark Cycle 2114.789ms
[2026-09-18T08:35:23.033+0000][48.139s][info][gc,start    ] GC(34) Pause Young (Prepare Mixed) (G1 Evacuation Pause)
[2026-09-18T08:35:23.033+0000][48.139s][info][gc,task     ] GC(34) Using 4 workers of 4 for evacuation
[2026-09-18T08:35:23.128+0000][48.234s][info][gc,phases   ] GC(34)   Pre Evacuate Collection Set: 0.15ms
[2026-09-18T08:35:23.128+0000][48.234s][info][gc,phases   ] GC(34)   Merge Heap Roots: 0.24ms
[2026-09-18T08:35:23.128+0000][48.234s][info][gc,phases   ] GC(34)   Evacuate Collection Set: 93.99ms
[2026-09-18T08:35:23.128+0000][48.234s][info][gc,phases   ] GC(34)   Post Evacuate Collection Set: 0.78ms
[2026-09-18T08:35:23.128+0000][48.234s][info][gc,phases   ] GC(34)   Other: 0.05ms
[2026-09-18T08:35:23.128+0000][48.234s][info][gc,heap     ] GC(34) Eden regions: 239->0(217)
[2026-09-18T08:35:23.128+0000][48.234s][info][gc,heap     ] GC(34) Survivor regions: 2->31(31)
[2026-09-18T08:35:23.128+0000][48.234s][info][gc,heap     ] GC(34) Old regions: 185->196
[2026-09-18T08:35:23.128+0000][48.234s][info][gc,heap     ] GC(34) Humongous regions: 0->0
[2026-09-18T08:35:23.128+0000][48.234s][info][gc,metaspace] GC(34) Metaspace: 154597K(156096K)->154597K(156096K) NonClass: 129540K(130432K)->129540K(130432K) Class: 25056K(25664K)->25056K(25664K)
[2026-09-18T08:35:23.128+0000][48.234s][info][gc          ] GC(34) Pause Young (Prepare Mixed) (G1 Evacuation Pause) 3408M->1816M(4128M) 95.351ms
[2026-09-18T08:35:23.128+0000][48.234s][info][gc,cpu      ] GC(34) User=0.38s Sys=0.00s Real=0.09s
[2026-09-18T08:35:32.707+0000][57.813s][info][gc,start    ] GC(35) Pause Young (Concurrent Start) (CodeCache GC Threshold)
[2026-09-18T08:35:32.707+0000][57.814s][info][gc,task     ] GC(35) Using 4 workers of 4 for evacuation
[2026-09-18T08:35:32.873+0000][57.979s][info][gc,phases   ] GC(35)   Pre Evacuate Collection Set: 0.19ms
[2026-09-18T08:35:32.873+0000][57.979s][info][gc,phases   ] GC(35)   Merge Heap Roots: 0.64ms
[2026-09-18T08:35:32.873+0000][57.979s][info][gc,phases   ] GC(35)   Evacuate Collection Set: 162.64ms
[2026-09-18T08:35:32.873+0000][57.979s][info][gc,phases   ] GC(35)   Post Evacuate Collection Set: 1.65ms
[2026-09-18T08:35:32.873+0000][57.979s][info][gc,phases   ] GC(35)   Other: 0.14ms
[2026-09-18T08:35:32.873+0000][57.979s][info][gc,heap     ] GC(35) Eden regions: 212->0(55)
[2026-09-18T08:35:32.873+0000][57.979s][info][gc,heap     ] GC(35) Survivor regions: 31->31(31)
[2026-09-18T08:35:32.873+0000][57.979s][info][gc,heap     ] GC(35) Old regions: 196->229
[2026-09-18T08:35:32.873+0000][57.979s][info][gc,heap     ] GC(35) Humongous regions: 9->0
[2026-09-18T08:35:32.873+0000][57.979s][info][gc,metaspace] GC(35) Metaspace: 163485K(165120K)->163485K(165120K) NonClass: 137248K(138176K)->137248K(138176K) Class: 26237K(26944K)->26237K(26944K)
[2026-09-18T08:35:32.873+0000][57.979s][info][gc          ] GC(35) Pause Young (Concurrent Start) (CodeCache GC Threshold) 3582M->2076M(4128M) 165.433ms
[2026-09-18T08:35:32.873+0000][57.979s][info][gc,cpu      ] GC(35) User=0.66s Sys=0.00s Real=0.17s
[2026-09-18T08:35:32.873+0000][57.979s][info][gc          ] GC(36) Concurrent Mark Cycle
[2026-09-18T08:35:32.873+0000][57.979s][info][gc,marking  ] GC(36) Concurrent Scan Root Regions
[2026-09-18T08:35:33.125+0000][58.231s][info][gc,marking  ] GC(36) Concurrent Scan Root Regions 251.793ms
[2026-09-18T08:35:33.125+0000][58.231s][info][gc,marking  ] GC(36) Concurrent Mark
[2026-09-18T08:35:33.125+0000][58.231s][info][gc,marking  ] GC(36) Concurrent Mark From Roots
[2026-09-18T08:35:33.125+0000][58.231s][info][gc,task     ] GC(36) Using 1 workers of 1 for marking
[2026-09-18T08:35:34.479+0000][59.585s][info][gc,start    ] GC(37) Pause Young (Normal) (G1 Evacuation Pause)
[2026-09-18T08:35:34.479+0000][59.585s][info][gc,task     ] GC(37) Using 4 workers of 4 for evacuation
[2026-09-18T08:35:34.591+0000][59.697s][info][gc,phases   ] GC(37)   Pre Evacuate Collection Set: 0.12ms
[2026-09-18T08:35:34.591+0000][59.697s][info][gc,phases   ] GC(37)   Merge Heap Roots: 0.93ms
[2026-09-18T08:35:34.591+0000][59.697s][info][gc,phases   ] GC(37)   Evacuate Collection Set: 108.02ms
[2026-09-18T08:35:34.591+0000][59.697s][info][gc,phases   ] GC(37)   Post Evacuate Collection Set: 2.42ms
[2026-09-18T08:35:34.591+0000][59.697s][info][gc,phases   ] GC(37)   Other: 0.05ms
[2026-09-18T08:35:34.591+0000][59.697s][info][gc,heap     ] GC(37) Eden regions: 23->0(182)
[2026-09-18T08:35:34.591+0000][59.697s][info][gc,heap     ] GC(37) Survivor regions: 31->5(7)
[2026-09-18T08:35:34.591+0000][59.697s][info][gc,heap     ] GC(37) Old regions: 229->259
[2026-09-18T08:35:34.591+0000][59.697s][info][gc,heap     ] GC(37) Humongous regions: 0->0
[2026-09-18T08:35:34.591+0000][59.697s][info][gc,metaspace] GC(37) Metaspace: 163553K(165184K)->163553K(165184K) NonClass: 137310K(138240K)->137310K(138240K) Class: 26242K(26944K)->26242K(26944K)
[2026-09-18T08:35:34.591+0000][59.697s][info][gc          ] GC(37) Pause Young (Normal) (G1 Evacuation Pause) 2260M->2106M(4128M) 111.677ms
[2026-09-18T08:35:34.591+0000][59.697s][info][gc,cpu      ] GC(37) User=0.44s Sys=0.00s Real=0.11s
[2026-09-18T08:35:34.721+0000][59.827s][info][gc,marking  ] GC(36) Concurrent Mark From Roots 1596.482ms
[2026-09-18T08:35:34.721+0000][59.827s][info][gc,marking  ] GC(36) Concurrent Preclean
[2026-09-18T08:35:34.722+0000][59.828s][info][gc,marking  ] GC(36) Concurrent Preclean 0.326ms
[2026-09-18T08:35:34.722+0000][59.828s][info][gc,start    ] GC(36) Pause Remark
[2026-09-18T08:35:34.761+0000][59.867s][info][gc          ] GC(36) Pause Remark 2118M->1974M(4128M) 39.141ms
[2026-09-18T08:35:34.761+0000][59.867s][info][gc,cpu      ] GC(36) User=0.14s Sys=0.01s Real=0.03s
[2026-09-18T08:35:34.761+0000][59.867s][info][gc,marking  ] GC(36) Concurrent Mark 1636.314ms
[2026-09-18T08:35:34.761+0000][59.867s][info][gc,marking  ] GC(36) Concurrent Rebuild Remembered Sets and Scrub Regions
[2026-09-18T08:35:35.889+0000][60.995s][info][gc,marking  ] GC(36) Concurrent Rebuild Remembered Sets and Scrub Regions 1127.873ms
[2026-09-18T08:35:35.889+0000][60.995s][info][gc,start    ] GC(36) Pause Cleanup
[2026-09-18T08:35:35.889+0000][60.995s][info][gc          ] GC(36) Pause Cleanup 2110M->2110M(4128M) 0.205ms
[2026-09-18T08:35:35.889+0000][60.995s][info][gc,cpu      ] GC(36) User=0.00s Sys=0.00s Real=0.00s
[2026-09-18T08:35:35.889+0000][60.995s][info][gc,marking  ] GC(36) Concurrent Clear Claimed Marks
[2026-09-18T08:35:35.890+0000][60.996s][info][gc,marking  ] GC(36) Concurrent Clear Claimed Marks 0.164ms
[2026-09-18T08:35:35.890+0000][60.996s][info][gc,marking  ] GC(36) Concurrent Cleanup for Next Mark
[2026-09-18T08:35:35.893+0000][60.999s][info][gc,marking  ] GC(36) Concurrent Cleanup for Next Mark 3.683ms
[2026-09-18T08:35:35.893+0000][60.999s][info][gc          ] GC(36) Concurrent Mark Cycle 3020.435ms
[2026-09-18T08:35:39.782+0000][64.888s][info][gc,start    ] GC(38) Pause Young (Prepare Mixed) (G1 Evacuation Pause)
[2026-09-18T08:35:39.782+0000][64.888s][info][gc,task     ] GC(38) Using 4 workers of 4 for evacuation
[2026-09-18T08:35:39.857+0000][64.963s][info][gc,phases   ] GC(38)   Pre Evacuate Collection Set: 0.12ms
[2026-09-18T08:35:39.857+0000][64.963s][info][gc,phases   ] GC(38)   Merge Heap Roots: 2.92ms
[2026-09-18T08:35:39.857+0000][64.963s][info][gc,phases   ] GC(38)   Evacuate Collection Set: 69.90ms
[2026-09-18T08:35:39.857+0000][64.963s][info][gc,phases   ] GC(38)   Post Evacuate Collection Set: 1.90ms
[2026-09-18T08:35:39.857+0000][64.963s][info][gc,phases   ] GC(38)   Other: 0.06ms
[2026-09-18T08:35:39.857+0000][64.963s][info][gc,heap     ] GC(38) Eden regions: 138->0(187)
[2026-09-18T08:35:39.857+0000][64.963s][info][gc,heap     ] GC(38) Survivor regions: 5->17(18)
[2026-09-18T08:35:39.857+0000][64.963s][info][gc,heap     ] GC(38) Old regions: 241->241
[2026-09-18T08:35:39.857+0000][64.963s][info][gc,heap     ] GC(38) Humongous regions: 0->0
[2026-09-18T08:35:39.857+0000][64.963s][info][gc,metaspace] GC(38) Metaspace: 163980K(165568K)->163980K(165568K) NonClass: 137707K(138624K)->137707K(138624K) Class: 26273K(26944K)->26273K(26944K)
[2026-09-18T08:35:39.857+0000][64.963s][info][gc          ] GC(38) Pause Young (Prepare Mixed) (G1 Evacuation Pause) 3066M->2062M(4128M) 75.080ms
[2026-09-18T08:35:39.857+0000][64.963s][info][gc,cpu      ] GC(38) User=0.29s Sys=0.00s Real=0.07s
[2026-09-18T08:35:44.398+0000][69.504s][info][gc,start    ] GC(39) Pause Young (Mixed) (G1 Evacuation Pause)
[2026-09-18T08:35:44.398+0000][69.504s][info][gc,task     ] GC(39) Using 4 workers of 4 for evacuation
[2026-09-18T08:35:44.510+0000][69.616s][info][gc,phases   ] GC(39)   Pre Evacuate Collection Set: 0.18ms
[2026-09-18T08:35:44.510+0000][69.616s][info][gc,phases   ] GC(39)   Merge Heap Roots: 1.06ms
[2026-09-18T08:35:44.510+0000][69.616s][info][gc,phases   ] GC(39)   Evacuate Collection Set: 109.31ms
[2026-09-18T08:35:44.510+0000][69.616s][info][gc,phases   ] GC(39)   Post Evacuate Collection Set: 1.15ms
[2026-09-18T08:35:44.510+0000][69.616s][info][gc,phases   ] GC(39)   Other: 0.05ms
[2026-09-18T08:35:44.510+0000][69.616s][info][gc,heap     ] GC(39) Eden regions: 187->0(134)
[2026-09-18T08:35:44.510+0000][69.616s][info][gc,heap     ] GC(39) Survivor regions: 17->16(26)
[2026-09-18T08:35:44.510+0000][69.616s][info][gc,heap     ] GC(39) Old regions: 241->250
[2026-09-18T08:35:44.510+0000][69.616s][info][gc,heap     ] GC(39) Humongous regions: 0->0
[2026-09-18T08:35:44.510+0000][69.616s][info][gc,metaspace] GC(39) Metaspace: 164226K(165952K)->164226K(165952K) NonClass: 137932K(138944K)->137932K(138944K) Class: 26294K(27008K)->26294K(27008K)
[2026-09-18T08:35:44.510+0000][69.616s][info][gc          ] GC(39) Pause Young (Mixed) (G1 Evacuation Pause) 3558M->2120M(4128M) 111.921ms
[2026-09-18T08:35:44.510+0000][69.616s][info][gc,cpu      ] GC(39) User=0.45s Sys=0.00s Real=0.11s
[2026-09-18T08:35:46.422+0000][71.528s][info][gc,start    ] GC(40) Pause Young (Concurrent Start) (G1 Evacuation Pause)
[2026-09-18T08:35:46.422+0000][71.528s][info][gc,task     ] GC(40) Using 4 workers of 4 for evacuation
[2026-09-18T08:35:46.530+0000][71.636s][info][gc,phases   ] GC(40)   Pre Evacuate Collection Set: 0.19ms
[2026-09-18T08:35:46.530+0000][71.636s][info][gc,phases   ] GC(40)   Merge Heap Roots: 2.34ms
[2026-09-18T08:35:46.530+0000][71.636s][info][gc,phases   ] GC(40)   Evacuate Collection Set: 104.45ms
[2026-09-18T08:35:46.530+0000][71.636s][info][gc,phases   ] GC(40)   Post Evacuate Collection Set: 0.94ms
[2026-09-18T08:35:46.530+0000][71.636s][info][gc,phases   ] GC(40)   Other: 0.09ms
[2026-09-18T08:35:46.530+0000][71.636s][info][gc,heap     ] GC(40) Eden regions: 86->0(182)
[2026-09-18T08:35:46.530+0000][71.636s][info][gc,heap     ] GC(40) Survivor regions: 16->9(13)
[2026-09-18T08:35:46.530+0000][71.636s][info][gc,heap     ] GC(40) Old regions: 250->263
[2026-09-18T08:35:46.530+0000][71.636s][info][gc,heap     ] GC(40) Humongous regions: 0->0
[2026-09-18T08:35:46.530+0000][71.636s][info][gc,metaspace] GC(40) Metaspace: 164286K(166016K)->164286K(166016K) NonClass: 137989K(139008K)->137989K(139008K) Class: 26297K(27008K)->26297K(27008K)
[2026-09-18T08:35:46.530+0000][71.636s][info][gc          ] GC(40) Pause Young (Concurrent Start) (G1 Evacuation Pause) 2808M->2173M(4128M) 108.185ms
[2026-09-18T08:35:46.530+0000][71.636s][info][gc,cpu      ] GC(40) User=0.43s Sys=0.00s Real=0.10s
[2026-09-18T08:35:46.530+0000][71.636s][info][gc          ] GC(41) Concurrent Mark Cycle
[2026-09-18T08:35:46.530+0000][71.636s][info][gc,marking  ] GC(41) Concurrent Scan Root Regions
[2026-09-18T08:35:46.612+0000][71.718s][info][gc,marking  ] GC(41) Concurrent Scan Root Regions 82.066ms
[2026-09-18T08:35:46.612+0000][71.718s][info][gc,marking  ] GC(41) Concurrent Mark
[2026-09-18T08:35:46.612+0000][71.718s][info][gc,marking  ] GC(41) Concurrent Mark From Roots
[2026-09-18T08:35:46.612+0000][71.718s][info][gc,task     ] GC(41) Using 1 workers of 1 for marking
[2026-09-18T08:35:48.149+0000][73.255s][info][gc,marking  ] GC(41) Concurrent Mark From Roots 1536.430ms
[2026-09-18T08:35:48.149+0000][73.255s][info][gc,marking  ] GC(41) Concurrent Preclean
[2026-09-18T08:35:48.149+0000][73.255s][info][gc,marking  ] GC(41) Concurrent Preclean 0.365ms
[2026-09-18T08:35:48.149+0000][73.255s][info][gc,start    ] GC(41) Pause Remark
[2026-09-18T08:35:48.183+0000][73.289s][info][gc          ] GC(41) Pause Remark 2701M->2581M(4128M) 33.547ms
[2026-09-18T08:35:48.183+0000][73.289s][info][gc,cpu      ] GC(41) User=0.10s Sys=0.00s Real=0.04s
[2026-09-18T08:35:48.183+0000][73.289s][info][gc,marking  ] GC(41) Concurrent Mark 1570.685ms
[2026-09-18T08:35:48.183+0000][73.289s][info][gc,marking  ] GC(41) Concurrent Rebuild Remembered Sets and Scrub Regions
[2026-09-18T08:35:49.205+0000][74.311s][info][gc,marking  ] GC(41) Concurrent Rebuild Remembered Sets and Scrub Regions 1022.297ms
[2026-09-18T08:35:49.205+0000][74.311s][info][gc,start    ] GC(41) Pause Cleanup
[2026-09-18T08:35:49.205+0000][74.311s][info][gc          ] GC(41) Pause Cleanup 2901M->2901M(4128M) 0.196ms
[2026-09-18T08:35:49.205+0000][74.311s][info][gc,cpu      ] GC(41) User=0.00s Sys=0.00s Real=0.00s
[2026-09-18T08:35:49.205+0000][74.311s][info][gc,marking  ] GC(41) Concurrent Clear Claimed Marks
[2026-09-18T08:35:49.206+0000][74.312s][info][gc,marking  ] GC(41) Concurrent Clear Claimed Marks 0.180ms
[2026-09-18T08:35:49.206+0000][74.312s][info][gc,marking  ] GC(41) Concurrent Cleanup for Next Mark
[2026-09-18T08:35:49.209+0000][74.315s][info][gc,marking  ] GC(41) Concurrent Cleanup for Next Mark 3.827ms
[2026-09-18T08:35:49.209+0000][74.316s][info][gc          ] GC(41) Concurrent Mark Cycle 2679.522ms
[2026-09-18T08:35:49.253+0000][74.359s][info][gc,start    ] GC(42) Pause Young (Prepare Mixed) (G1 Evacuation Pause)
[2026-09-18T08:35:49.253+0000][74.359s][info][gc,task     ] GC(42) Using 4 workers of 4 for evacuation
[2026-09-18T08:35:49.338+0000][74.444s][info][gc,phases   ] GC(42)   Pre Evacuate Collection Set: 0.12ms
[2026-09-18T08:35:49.338+0000][74.444s][info][gc,phases   ] GC(42)   Merge Heap Roots: 1.55ms
[2026-09-18T08:35:49.338+0000][74.444s][info][gc,phases   ] GC(42)   Evacuate Collection Set: 82.81ms
[2026-09-18T08:35:49.338+0000][74.444s][info][gc,phases   ] GC(42)   Post Evacuate Collection Set: 1.18ms
[2026-09-18T08:35:49.338+0000][74.444s][info][gc,phases   ] GC(42)   Other: 0.05ms
[2026-09-18T08:35:49.338+0000][74.444s][info][gc,heap     ] GC(42) Eden regions: 107->0(193)
[2026-09-18T08:35:49.338+0000][74.444s][info][gc,heap     ] GC(42) Survivor regions: 9->10(15)
[2026-09-18T08:35:49.338+0000][74.444s][info][gc,heap     ] GC(42) Old regions: 248->256
[2026-09-18T08:35:49.338+0000][74.444s][info][gc,heap     ] GC(42) Humongous regions: 0->0
[2026-09-18T08:35:49.338+0000][74.444s][info][gc,metaspace] GC(42) Metaspace: 164310K(166080K)->164310K(166080K) NonClass: 138017K(139072K)->138017K(139072K) Class: 26292K(27008K)->26292K(27008K)
[2026-09-18T08:35:49.338+0000][74.445s][info][gc          ] GC(42) Pause Young (Prepare Mixed) (G1 Evacuation Pause) 2909M->2123M(4128M) 85.881ms
[2026-09-18T08:35:49.338+0000][74.445s][info][gc,cpu      ] GC(42) User=0.34s Sys=0.00s Real=0.08s
[2026-09-18T08:35:53.299+0000][78.405s][info][gc,start    ] GC(43) Pause Young (Mixed) (G1 Evacuation Pause)
[2026-09-18T08:35:53.299+0000][78.406s][info][gc,task     ] GC(43) Using 4 workers of 4 for evacuation
[2026-09-18T08:35:53.405+0000][78.511s][info][gc,phases   ] GC(43)   Pre Evacuate Collection Set: 0.18ms
[2026-09-18T08:35:53.405+0000][78.511s][info][gc,phases   ] GC(43)   Merge Heap Roots: 2.27ms
[2026-09-18T08:35:53.405+0000][78.511s][info][gc,phases   ] GC(43)   Evacuate Collection Set: 101.40ms
[2026-09-18T08:35:53.405+0000][78.511s][info][gc,phases   ] GC(43)   Post Evacuate Collection Set: 1.12ms
[2026-09-18T08:35:53.405+0000][78.511s][info][gc,phases   ] GC(43)   Other: 0.06ms
[2026-09-18T08:35:53.405+0000][78.511s][info][gc,heap     ] GC(43) Eden regions: 193->0(94)
[2026-09-18T08:35:53.405+0000][78.511s][info][gc,heap     ] GC(43) Survivor regions: 10->22(26)
[2026-09-18T08:35:53.405+0000][78.511s][info][gc,heap     ] GC(43) Old regions: 256->250
[2026-09-18T08:35:53.405+0000][78.511s][info][gc,heap     ] GC(43) Humongous regions: 0->0
[2026-09-18T08:35:53.405+0000][78.511s][info][gc,metaspace] GC(43) Metaspace: 164371K(166080K)->164371K(166080K) NonClass: 138050K(139072K)->138050K(139072K) Class: 26320K(27008K)->26320K(27008K)
[2026-09-18T08:35:53.405+0000][78.511s][info][gc          ] GC(43) Pause Young (Mixed) (G1 Evacuation Pause) 3667M->2170M(4128M) 105.187ms
[2026-09-18T08:35:53.405+0000][78.511s][info][gc,cpu      ] GC(43) User=0.42s Sys=0.00s Real=0.11s
[2026-09-18T08:35:54.927+0000][80.033s][info][gc,start    ] GC(44) Pause Young (Concurrent Start) (G1 Evacuation Pause)
[2026-09-18T08:35:54.927+0000][80.033s][info][gc,task     ] GC(44) Using 4 workers of 4 for evacuation
[2026-09-18T08:35:55.037+0000][80.143s][info][gc,phases   ] GC(44)   Pre Evacuate Collection Set: 0.19ms
[2026-09-18T08:35:55.037+0000][80.143s][info][gc,phases   ] GC(44)   Merge Heap Roots: 1.96ms
[2026-09-18T08:35:55.037+0000][80.143s][info][gc,phases   ] GC(44)   Evacuate Collection Set: 107.12ms
[2026-09-18T08:35:55.037+0000][80.143s][info][gc,phases   ] GC(44)   Post Evacuate Collection Set: 1.06ms
[2026-09-18T08:35:55.037+0000][80.143s][info][gc,phases   ] GC(44)   Other: 0.08ms
[2026-09-18T08:35:55.037+0000][80.143s][info][gc,heap     ] GC(44) Eden regions: 72->0(191)
[2026-09-18T08:35:55.037+0000][80.143s][info][gc,heap     ] GC(44) Survivor regions: 22->8(12)
[2026-09-18T08:35:55.037+0000][80.143s][info][gc,heap     ] GC(44) Old regions: 250->269
[2026-09-18T08:35:55.037+0000][80.143s][info][gc,heap     ] GC(44) Humongous regions: 0->0
[2026-09-18T08:35:55.037+0000][80.143s][info][gc,metaspace] GC(44) Metaspace: 164394K(166080K)->164394K(166080K) NonClass: 138067K(139072K)->138067K(139072K) Class: 26327K(27008K)->26327K(27008K)
[2026-09-18T08:35:55.037+0000][80.143s][info][gc          ] GC(44) Pause Young (Concurrent Start) (G1 Evacuation Pause) 2746M->2208M(4128M) 110.585ms
[2026-09-18T08:35:55.037+0000][80.143s][info][gc,cpu      ] GC(44) User=0.43s Sys=0.00s Real=0.11s
[2026-09-18T08:35:55.037+0000][80.143s][info][gc          ] GC(45) Concurrent Mark Cycle
[2026-09-18T08:35:55.037+0000][80.143s][info][gc,marking  ] GC(45) Concurrent Scan Root Regions
[2026-09-18T08:35:55.124+0000][80.230s][info][gc,marking  ] GC(45) Concurrent Scan Root Regions 86.909ms
[2026-09-18T08:35:55.124+0000][80.230s][info][gc,marking  ] GC(45) Concurrent Mark
[2026-09-18T08:35:55.124+0000][80.230s][info][gc,marking  ] GC(45) Concurrent Mark From Roots
[2026-09-18T08:35:55.124+0000][80.230s][info][gc,task     ] GC(45) Using 1 workers of 1 for marking
[2026-09-18T08:35:56.541+0000][81.647s][info][gc,marking  ] GC(45) Concurrent Mark From Roots 1416.286ms
[2026-09-18T08:35:56.541+0000][81.647s][info][gc,marking  ] GC(45) Concurrent Preclean
[2026-09-18T08:35:56.541+0000][81.647s][info][gc,marking  ] GC(45) Concurrent Preclean 0.402ms
[2026-09-18T08:35:56.541+0000][81.647s][info][gc,start    ] GC(45) Pause Remark
[2026-09-18T08:35:56.563+0000][81.669s][info][gc          ] GC(45) Pause Remark 2708M->2708M(4128M) 21.439ms
[2026-09-18T08:35:56.563+0000][81.669s][info][gc,cpu      ] GC(45) User=0.07s Sys=0.00s Real=0.03s
[2026-09-18T08:35:56.563+0000][81.669s][info][gc,marking  ] GC(45) Concurrent Mark 1438.487ms
[2026-09-18T08:35:56.563+0000][81.669s][info][gc,marking  ] GC(45) Concurrent Rebuild Remembered Sets and Scrub Regions
[2026-09-18T08:35:57.562+0000][82.668s][info][gc,marking  ] GC(45) Concurrent Rebuild Remembered Sets and Scrub Regions 998.960ms
[2026-09-18T08:35:57.562+0000][82.668s][info][gc,start    ] GC(45) Pause Cleanup
[2026-09-18T08:35:57.562+0000][82.668s][info][gc          ] GC(45) Pause Cleanup 3056M->3056M(4128M) 0.229ms
[2026-09-18T08:35:57.562+0000][82.668s][info][gc,cpu      ] GC(45) User=0.00s Sys=0.00s Real=0.00s
[2026-09-18T08:35:57.562+0000][82.668s][info][gc,marking  ] GC(45) Concurrent Clear Claimed Marks
[2026-09-18T08:35:57.562+0000][82.669s][info][gc,marking  ] GC(45) Concurrent Clear Claimed Marks 0.184ms
[2026-09-18T08:35:57.563+0000][82.669s][info][gc,marking  ] GC(45) Concurrent Cleanup for Next Mark
[2026-09-18T08:35:57.566+0000][82.672s][info][gc,marking  ] GC(45) Concurrent Cleanup for Next Mark 3.753ms
[2026-09-18T08:35:57.566+0000][82.672s][info][gc          ] GC(45) Concurrent Mark Cycle 2529.055ms
[2026-09-18T08:35:58.864+0000][83.970s][info][gc,start    ] GC(46) Pause Young (Prepare Mixed) (G1 Evacuation Pause)
[2026-09-18T08:35:58.864+0000][83.970s][info][gc,task     ] GC(46) Using 4 workers of 4 for evacuation
[2026-09-18T08:35:58.954+0000][84.060s][info][gc,phases   ] GC(46)   Pre Evacuate Collection Set: 0.17ms
[2026-09-18T08:35:58.954+0000][84.060s][info][gc,phases   ] GC(46)   Merge Heap Roots: 2.13ms
[2026-09-18T08:35:58.954+0000][84.060s][info][gc,phases   ] GC(46)   Evacuate Collection Set: 85.84ms
[2026-09-18T08:35:58.954+0000][84.060s][info][gc,phases   ] GC(46)   Post Evacuate Collection Set: 1.20ms
[2026-09-18T08:35:58.954+0000][84.060s][info][gc,phases   ] GC(46)   Other: 0.05ms
[2026-09-18T08:35:58.954+0000][84.060s][info][gc,heap     ] GC(46) Eden regions: 173->0(186)
[2026-09-18T08:35:58.954+0000][84.060s][info][gc,heap     ] GC(46) Survivor regions: 8->16(23)
[2026-09-18T08:35:58.954+0000][84.060s][info][gc,heap     ] GC(46) Old regions: 269->269
[2026-09-18T08:35:58.954+0000][84.060s][info][gc,heap     ] GC(46) Humongous regions: 0->0
[2026-09-18T08:35:58.954+0000][84.060s][info][gc,metaspace] GC(46) Metaspace: 164411K(166080K)->164411K(166080K) NonClass: 138077K(139072K)->138077K(139072K) Class: 26334K(27008K)->26334K(27008K)
[2026-09-18T08:35:58.954+0000][84.060s][info][gc          ] GC(46) Pause Young (Prepare Mixed) (G1 Evacuation Pause) 3592M->2272M(4128M) 89.524ms
[2026-09-18T08:35:58.954+0000][84.060s][info][gc,cpu      ] GC(46) User=0.36s Sys=0.00s Real=0.09s
[2026-09-18T08:36:02.719+0000][87.825s][info][gc,start    ] GC(47) Pause Young (Mixed) (G1 Evacuation Pause)
[2026-09-18T08:36:02.719+0000][87.825s][info][gc,task     ] GC(47) Using 4 workers of 4 for evacuation
[2026-09-18T08:36:02.842+0000][87.948s][info][gc,phases   ] GC(47)   Pre Evacuate Collection Set: 0.18ms
[2026-09-18T08:36:02.842+0000][87.948s][info][gc,phases   ] GC(47)   Merge Heap Roots: 2.06ms
[2026-09-18T08:36:02.842+0000][87.948s][info][gc,phases   ] GC(47)   Evacuate Collection Set: 119.36ms
[2026-09-18T08:36:02.842+0000][87.948s][info][gc,phases   ] GC(47)   Post Evacuate Collection Set: 1.22ms
[2026-09-18T08:36:02.842+0000][87.948s][info][gc,phases   ] GC(47)   Other: 0.06ms
[2026-09-18T08:36:02.842+0000][87.948s][info][gc,heap     ] GC(47) Eden regions: 186->0(145)
[2026-09-18T08:36:02.842+0000][87.948s][info][gc,heap     ] GC(47) Survivor regions: 16->21(26)
[2026-09-18T08:36:02.842+0000][87.948s][info][gc,heap     ] GC(47) Old regions: 269->268
[2026-09-18T08:36:02.842+0000][87.948s][info][gc,heap     ] GC(47) Humongous regions: 0->0
[2026-09-18T08:36:02.842+0000][87.948s][info][gc,metaspace] GC(47) Metaspace: 164497K(166080K)->164497K(166080K) NonClass: 138163K(139072K)->138163K(139072K) Class: 26334K(27008K)->26334K(27008K)
[2026-09-18T08:36:02.842+0000][87.948s][info][gc          ] GC(47) Pause Young (Mixed) (G1 Evacuation Pause) 3760M->2307M(4128M) 123.036ms
[2026-09-18T08:36:02.842+0000][87.948s][info][gc,cpu      ] GC(47) User=0.49s Sys=0.00s Real=0.13s
[2026-09-18T08:36:05.507+0000][90.613s][info][gc,start    ] GC(48) Pause Young (Concurrent Start) (G1 Evacuation Pause)
[2026-09-18T08:36:05.507+0000][90.613s][info][gc,task     ] GC(48) Using 4 workers of 4 for evacuation
[2026-09-18T08:36:05.626+0000][90.732s][info][gc,phases   ] GC(48)   Pre Evacuate Collection Set: 0.17ms
[2026-09-18T08:36:05.626+0000][90.732s][info][gc,phases   ] GC(48)   Merge Heap Roots: 2.28ms
[2026-09-18T08:36:05.626+0000][90.732s][info][gc,phases   ] GC(48)   Evacuate Collection Set: 115.56ms
[2026-09-18T08:36:05.626+0000][90.732s][info][gc,phases   ] GC(48)   Post Evacuate Collection Set: 1.23ms
[2026-09-18T08:36:05.626+0000][90.732s][info][gc,phases   ] GC(48)   Other: 0.09ms
[2026-09-18T08:36:05.626+0000][90.732s][info][gc,heap     ] GC(48) Eden regions: 134->0(179)
[2026-09-18T08:36:05.626+0000][90.732s][info][gc,heap     ] GC(48) Survivor regions: 21->10(20)
[2026-09-18T08:36:05.626+0000][90.732s][info][gc,heap     ] GC(48) Old regions: 268->286
[2026-09-18T08:36:05.626+0000][90.732s][info][gc,heap     ] GC(48) Humongous regions: 0->0
[2026-09-18T08:36:05.626+0000][90.732s][info][gc,metaspace] GC(48) Metaspace: 164596K(166272K)->164596K(166272K) NonClass: 138252K(139264K)->138252K(139264K) Class: 26343K(27008K)->26343K(27008K)
[2026-09-18T08:36:05.626+0000][90.732s][info][gc          ] GC(48) Pause Young (Concurrent Start) (G1 Evacuation Pause) 3379M->2360M(4128M) 119.487ms
[2026-09-18T08:36:05.626+0000][90.732s][info][gc,cpu      ] GC(48) User=0.47s Sys=0.00s Real=0.12s
[2026-09-18T08:36:05.626+0000][90.732s][info][gc          ] GC(49) Concurrent Mark Cycle
[2026-09-18T08:36:05.626+0000][90.732s][info][gc,marking  ] GC(49) Concurrent Scan Root Regions
[2026-09-18T08:36:05.701+0000][90.807s][info][gc,marking  ] GC(49) Concurrent Scan Root Regions 74.921ms
[2026-09-18T08:36:05.701+0000][90.807s][info][gc,marking  ] GC(49) Concurrent Mark
[2026-09-18T08:36:05.701+0000][90.807s][info][gc,marking  ] GC(49) Concurrent Mark From Roots
[2026-09-18T08:36:05.701+0000][90.807s][info][gc,task     ] GC(49) Using 1 workers of 1 for marking
[2026-09-18T08:36:07.477+0000][92.583s][info][gc,marking  ] GC(49) Concurrent Mark From Roots 1776.404ms
[2026-09-18T08:36:07.477+0000][92.584s][info][gc,marking  ] GC(49) Concurrent Preclean
[2026-09-18T08:36:07.478+0000][92.584s][info][gc,marking  ] GC(49) Concurrent Preclean 0.488ms
[2026-09-18T08:36:07.478+0000][92.584s][info][gc,start    ] GC(49) Pause Remark
[2026-09-18T08:36:07.490+0000][92.596s][info][gc          ] GC(49) Pause Remark 3056M->3056M(4128M) 11.329ms
[2026-09-18T08:36:07.490+0000][92.596s][info][gc,cpu      ] GC(49) User=0.03s Sys=0.00s Real=0.01s
[2026-09-18T08:36:07.490+0000][92.596s][info][gc,marking  ] GC(49) Concurrent Mark 1788.587ms
[2026-09-18T08:36:07.490+0000][92.596s][info][gc,marking  ] GC(49) Concurrent Rebuild Remembered Sets and Scrub Regions
[2026-09-18T08:36:08.470+0000][93.576s][info][gc,start    ] GC(50) Pause Young (Normal) (G1 Evacuation Pause)
[2026-09-18T08:36:08.470+0000][93.576s][info][gc,task     ] GC(50) Using 4 workers of 4 for evacuation
[2026-09-18T08:36:08.585+0000][93.691s][info][gc,phases   ] GC(50)   Pre Evacuate Collection Set: 0.14ms
[2026-09-18T08:36:08.585+0000][93.691s][info][gc,phases   ] GC(50)   Merge Heap Roots: 2.54ms
[2026-09-18T08:36:08.585+0000][93.691s][info][gc,phases   ] GC(50)   Evacuate Collection Set: 110.99ms
[2026-09-18T08:36:08.585+0000][93.691s][info][gc,phases   ] GC(50)   Post Evacuate Collection Set: 1.90ms
[2026-09-18T08:36:08.585+0000][93.691s][info][gc,phases   ] GC(50)   Other: 0.05ms
[2026-09-18T08:36:08.585+0000][93.691s][info][gc,heap     ] GC(50) Eden regions: 134->0(174)
[2026-09-18T08:36:08.585+0000][93.691s][info][gc,heap     ] GC(50) Survivor regions: 10->16(18)
[2026-09-18T08:36:08.585+0000][93.691s][info][gc,heap     ] GC(50) Old regions: 286->286
[2026-09-18T08:36:08.585+0000][93.691s][info][gc,heap     ] GC(50) Humongous regions: 0->0
[2026-09-18T08:36:08.585+0000][93.691s][info][gc,metaspace] GC(50) Metaspace: 164638K(166272K)->164638K(166272K) NonClass: 138295K(139264K)->138295K(139264K) Class: 26343K(27008K)->26343K(27008K)
[2026-09-18T08:36:08.585+0000][93.691s][info][gc          ] GC(50) Pause Young (Normal) (G1 Evacuation Pause) 3432M->2412M(4128M) 115.761ms
[2026-09-18T08:36:08.585+0000][93.691s][info][gc,cpu      ] GC(50) User=0.44s Sys=0.02s Real=0.12s
[2026-09-18T08:36:08.682+0000][93.788s][info][gc,marking  ] GC(49) Concurrent Rebuild Remembered Sets and Scrub Regions 1191.942ms
[2026-09-18T08:36:08.682+0000][93.788s][info][gc,start    ] GC(49) Pause Cleanup
[2026-09-18T08:36:08.682+0000][93.788s][info][gc          ] GC(49) Pause Cleanup 2452M->2452M(4128M) 0.189ms
[2026-09-18T08:36:08.682+0000][93.788s][info][gc,cpu      ] GC(49) User=0.01s Sys=0.00s Real=0.00s
[2026-09-18T08:36:08.682+0000][93.788s][info][gc,marking  ] GC(49) Concurrent Clear Claimed Marks
[2026-09-18T08:36:08.682+0000][93.788s][info][gc,marking  ] GC(49) Concurrent Clear Claimed Marks 0.214ms
[2026-09-18T08:36:08.682+0000][93.788s][info][gc,marking  ] GC(49) Concurrent Cleanup for Next Mark
[2026-09-18T08:36:08.686+0000][93.792s][info][gc,marking  ] GC(49) Concurrent Cleanup for Next Mark 3.473ms
[2026-09-18T08:36:08.686+0000][93.792s][info][gc          ] GC(49) Concurrent Mark Cycle 3059.730ms
[2026-09-18T08:36:11.939+0000][97.045s][info][gc,start    ] GC(51) Pause Young (Prepare Mixed) (G1 Evacuation Pause)
[2026-09-18T08:36:11.939+0000][97.045s][info][gc,task     ] GC(51) Using 4 workers of 4 for evacuation
[2026-09-18T08:36:12.059+0000][97.165s][info][gc,phases   ] GC(51)   Pre Evacuate Collection Set: 0.18ms
[2026-09-18T08:36:12.059+0000][97.165s][info][gc,phases   ] GC(51)   Merge Heap Roots: 2.77ms
[2026-09-18T08:36:12.059+0000][97.165s][info][gc,phases   ] GC(51)   Evacuate Collection Set: 115.59ms
[2026-09-18T08:36:12.059+0000][97.165s][info][gc,phases   ] GC(51)   Post Evacuate Collection Set: 1.23ms
[2026-09-18T08:36:12.059+0000][97.165s][info][gc,phases   ] GC(51)   Other: 0.07ms
[2026-09-18T08:36:12.059+0000][97.165s][info][gc,heap     ] GC(51) Eden regions: 174->0(167)
[2026-09-18T08:36:12.059+0000][97.165s][info][gc,heap     ] GC(51) Survivor regions: 16->18(24)
[2026-09-18T08:36:12.059+0000][97.165s][info][gc,heap     ] GC(51) Old regions: 286->292
[2026-09-18T08:36:12.059+0000][97.165s][info][gc,heap     ] GC(51) Humongous regions: 0->0
[2026-09-18T08:36:12.059+0000][97.165s][info][gc,metaspace] GC(51) Metaspace: 164672K(166336K)->164672K(166336K) NonClass: 138328K(139328K)->138328K(139328K) Class: 26344K(27008K)->26344K(27008K)
[2026-09-18T08:36:12.059+0000][97.165s][info][gc          ] GC(51) Pause Young (Prepare Mixed) (G1 Evacuation Pause) 3804M->2470M(4128M) 120.010ms
[2026-09-18T08:36:12.059+0000][97.165s][info][gc,cpu      ] GC(51) User=0.48s Sys=0.00s Real=0.12s
[2026-09-18T08:36:15.277+0000][100.383s][info][gc,start    ] GC(52) Pause Young (Mixed) (G1 Evacuation Pause)
[2026-09-18T08:36:15.277+0000][100.383s][info][gc,task     ] GC(52) Using 4 workers of 4 for evacuation
[2026-09-18T08:36:15.408+0000][100.514s][info][gc,phases   ] GC(52)   Pre Evacuate Collection Set: 0.16ms
[2026-09-18T08:36:15.408+0000][100.514s][info][gc,phases   ] GC(52)   Merge Heap Roots: 2.14ms
[2026-09-18T08:36:15.408+0000][100.514s][info][gc,phases   ] GC(52)   Evacuate Collection Set: 126.69ms
[2026-09-18T08:36:15.408+0000][100.514s][info][gc,phases   ] GC(52)   Post Evacuate Collection Set: 1.31ms
[2026-09-18T08:36:15.408+0000][100.514s][info][gc,phases   ] GC(52)   Other: 0.06ms
[2026-09-18T08:36:15.408+0000][100.514s][info][gc,heap     ] GC(52) Eden regions: 167->0(166)
[2026-09-18T08:36:15.408+0000][100.514s][info][gc,heap     ] GC(52) Survivor regions: 18->18(24)
[2026-09-18T08:36:15.408+0000][100.514s][info][gc,heap     ] GC(52) Old regions: 292->295
[2026-09-18T08:36:15.408+0000][100.514s][info][gc,heap     ] GC(52) Humongous regions: 0->0
[2026-09-18T08:36:15.408+0000][100.514s][info][gc,metaspace] GC(52) Metaspace: 164724K(166336K)->164724K(166336K) NonClass: 138379K(139328K)->138379K(139328K) Class: 26344K(27008K)->26344K(27008K)
[2026-09-18T08:36:15.408+0000][100.514s][info][gc          ] GC(52) Pause Young (Mixed) (G1 Evacuation Pause) 3806M->2496M(4128M) 130.527ms
[2026-09-18T08:36:15.408+0000][100.514s][info][gc,cpu      ] GC(52) User=0.52s Sys=0.00s Real=0.13s
[2026-09-18T08:36:18.614+0000][103.720s][info][gc,start    ] GC(53) Pause Young (Concurrent Start) (G1 Evacuation Pause)
[2026-09-18T08:36:18.614+0000][103.720s][info][gc,task     ] GC(53) Using 4 workers of 4 for evacuation
[2026-09-18T08:36:18.746+0000][103.852s][info][gc,phases   ] GC(53)   Pre Evacuate Collection Set: 0.22ms
[2026-09-18T08:36:18.746+0000][103.852s][info][gc,phases   ] GC(53)   Merge Heap Roots: 2.13ms
[2026-09-18T08:36:18.746+0000][103.852s][info][gc,phases   ] GC(53)   Evacuate Collection Set: 127.59ms
[2026-09-18T08:36:18.746+0000][103.852s][info][gc,phases   ] GC(53)   Post Evacuate Collection Set: 1.41ms
[2026-09-18T08:36:18.746+0000][103.852s][info][gc,phases   ] GC(53)   Other: 0.09ms
[2026-09-18T08:36:18.746+0000][103.852s][info][gc,heap     ] GC(53) Eden regions: 166->0(160)
[2026-09-18T08:36:18.746+0000][103.852s][info][gc,heap     ] GC(53) Survivor regions: 18->18(23)
[2026-09-18T08:36:18.746+0000][103.852s][info][gc,heap     ] GC(53) Old regions: 295->302
[2026-09-18T08:36:18.746+0000][103.852s][info][gc,heap     ] GC(53) Humongous regions: 0->0
[2026-09-18T08:36:18.746+0000][103.852s][info][gc,metaspace] GC(53) Metaspace: 164791K(166400K)->164791K(166400K) NonClass: 138440K(139392K)->138440K(139392K) Class: 26351K(27008K)->26351K(27008K)
[2026-09-18T08:36:18.746+0000][103.852s][info][gc          ] GC(53) Pause Young (Concurrent Start) (G1 Evacuation Pause) 3824M->2560M(4128M) 131.605ms
[2026-09-18T08:36:18.746+0000][103.852s][info][gc,cpu      ] GC(53) User=0.49s Sys=0.02s Real=0.13s
[2026-09-18T08:36:18.746+0000][103.852s][info][gc          ] GC(54) Concurrent Mark Cycle
[2026-09-18T08:36:18.746+0000][103.852s][info][gc,marking  ] GC(54) Concurrent Scan Root Regions
[2026-09-18T08:36:18.843+0000][103.949s][info][gc,marking  ] GC(54) Concurrent Scan Root Regions 97.211ms
[2026-09-18T08:36:18.843+0000][103.949s][info][gc,marking  ] GC(54) Concurrent Mark
[2026-09-18T08:36:18.843+0000][103.949s][info][gc,marking  ] GC(54) Concurrent Mark From Roots
[2026-09-18T08:36:18.843+0000][103.949s][info][gc,task     ] GC(54) Using 1 workers of 1 for marking
[2026-09-18T08:36:20.683+0000][105.789s][info][gc,marking  ] GC(54) Concurrent Mark From Roots 1839.617ms
[2026-09-18T08:36:20.683+0000][105.789s][info][gc,marking  ] GC(54) Concurrent Preclean
[2026-09-18T08:36:20.683+0000][105.789s][info][gc,marking  ] GC(54) Concurrent Preclean 0.462ms
[2026-09-18T08:36:20.684+0000][105.790s][info][gc,start    ] GC(54) Pause Remark
[2026-09-18T08:36:20.696+0000][105.802s][info][gc          ] GC(54) Pause Remark 3312M->3312M(4272M) 12.298ms
[2026-09-18T08:36:20.696+0000][105.802s][info][gc,cpu      ] GC(54) User=0.04s Sys=0.00s Real=0.01s
[2026-09-18T08:36:20.696+0000][105.802s][info][gc,marking  ] GC(54) Concurrent Mark 1852.774ms
[2026-09-18T08:36:20.696+0000][105.802s][info][gc,marking  ] GC(54) Concurrent Rebuild Remembered Sets and Scrub Regions
[2026-09-18T08:36:21.626+0000][106.732s][info][gc,start    ] GC(55) Pause Young (Normal) (G1 Evacuation Pause)
[2026-09-18T08:36:21.626+0000][106.732s][info][gc,task     ] GC(55) Using 4 workers of 4 for evacuation
[2026-09-18T08:36:21.762+0000][106.868s][info][gc,phases   ] GC(55)   Pre Evacuate Collection Set: 0.14ms
[2026-09-18T08:36:21.762+0000][106.869s][info][gc,phases   ] GC(55)   Merge Heap Roots: 2.72ms
[2026-09-18T08:36:21.762+0000][106.869s][info][gc,phases   ] GC(55)   Evacuate Collection Set: 131.73ms
[2026-09-18T08:36:21.762+0000][106.869s][info][gc,phases   ] GC(55)   Post Evacuate Collection Set: 1.88ms
[2026-09-18T08:36:21.763+0000][106.869s][info][gc,phases   ] GC(55)   Other: 0.06ms
[2026-09-18T08:36:21.763+0000][106.869s][info][gc,heap     ] GC(55) Eden regions: 136->0(170)
[2026-09-18T08:36:21.763+0000][106.869s][info][gc,heap     ] GC(55) Survivor regions: 18->10(20)
[2026-09-18T08:36:21.763+0000][106.869s][info][gc,heap     ] GC(55) Old regions: 302->316
[2026-09-18T08:36:21.763+0000][106.869s][info][gc,heap     ] GC(55) Humongous regions: 0->0
[2026-09-18T08:36:21.763+0000][106.869s][info][gc,metaspace] GC(55) Metaspace: 164827K(166464K)->164827K(166464K) NonClass: 138475K(139456K)->138475K(139456K) Class: 26351K(27008K)->26351K(27008K)
[2026-09-18T08:36:21.763+0000][106.869s][info][gc          ] GC(55) Pause Young (Normal) (G1 Evacuation Pause) 3648M->2604M(4272M) 136.690ms
[2026-09-18T08:36:21.763+0000][106.869s][info][gc,cpu      ] GC(55) User=0.55s Sys=0.00s Real=0.14s
[2026-09-18T08:36:22.004+0000][107.110s][info][gc,marking  ] GC(54) Concurrent Rebuild Remembered Sets and Scrub Regions 1308.078ms
[2026-09-18T08:36:22.004+0000][107.110s][info][gc,start    ] GC(54) Pause Cleanup
[2026-09-18T08:36:22.004+0000][107.110s][info][gc          ] GC(54) Pause Cleanup 2704M->2704M(4272M) 0.184ms
[2026-09-18T08:36:22.004+0000][107.110s][info][gc,cpu      ] GC(54) User=0.00s Sys=0.00s Real=0.00s
[2026-09-18T08:36:22.004+0000][107.111s][info][gc,marking  ] GC(54) Concurrent Clear Claimed Marks
[2026-09-18T08:36:22.005+0000][107.111s][info][gc,marking  ] GC(54) Concurrent Clear Claimed Marks 0.185ms
[2026-09-18T08:36:22.005+0000][107.111s][info][gc,marking  ] GC(54) Concurrent Cleanup for Next Mark
[2026-09-18T08:36:22.009+0000][107.115s][info][gc,marking  ] GC(54) Concurrent Cleanup for Next Mark 4.495ms
[2026-09-18T08:36:22.009+0000][107.115s][info][gc          ] GC(54) Concurrent Mark Cycle 3263.318ms
[2026-09-18T08:36:25.101+0000][110.208s][info][gc,start    ] GC(56) Pause Young (Prepare Mixed) (G1 Evacuation Pause)
[2026-09-18T08:36:25.102+0000][110.208s][info][gc,task     ] GC(56) Using 4 workers of 4 for evacuation
[2026-09-18T08:36:25.206+0000][110.313s][info][gc,phases   ] GC(56)   Pre Evacuate Collection Set: 0.16ms
[2026-09-18T08:36:25.206+0000][110.313s][info][gc,phases   ] GC(56)   Merge Heap Roots: 2.69ms
[2026-09-18T08:36:25.207+0000][110.313s][info][gc,phases   ] GC(56)   Evacuate Collection Set: 100.77ms
[2026-09-18T08:36:25.207+0000][110.313s][info][gc,phases   ] GC(56)   Post Evacuate Collection Set: 1.29ms
[2026-09-18T08:36:25.207+0000][110.313s][info][gc,phases   ] GC(56)   Other: 0.06ms
[2026-09-18T08:36:25.207+0000][110.313s][info][gc,heap     ] GC(56) Eden regions: 170->0(165)
[2026-09-18T08:36:25.207+0000][110.313s][info][gc,heap     ] GC(56) Survivor regions: 10->16(23)
[2026-09-18T08:36:25.207+0000][110.313s][info][gc,heap     ] GC(56) Old regions: 316->316
[2026-09-18T08:36:25.207+0000][110.313s][info][gc,heap     ] GC(56) Humongous regions: 0->0
[2026-09-18T08:36:25.207+0000][110.313s][info][gc,metaspace] GC(56) Metaspace: 164855K(166528K)->164855K(166528K) NonClass: 138500K(139456K)->138500K(139456K) Class: 26355K(27072K)->26355K(27072K)
[2026-09-18T08:36:25.207+0000][110.313s][info][gc          ] GC(56) Pause Young (Prepare Mixed) (G1 Evacuation Pause) 3964M->2652M(4272M) 105.108ms
[2026-09-18T08:36:25.207+0000][110.313s][info][gc,cpu      ] GC(56) User=0.42s Sys=0.00s Real=0.10s
[2026-09-18T08:36:28.432+0000][113.538s][info][gc,start    ] GC(57) Pause Young (Mixed) (G1 Evacuation Pause)
[2026-09-18T08:36:28.432+0000][113.538s][info][gc,task     ] GC(57) Using 4 workers of 4 for evacuation
[2026-09-18T08:36:28.566+0000][113.672s][info][gc,phases   ] GC(57)   Pre Evacuate Collection Set: 0.18ms
[2026-09-18T08:36:28.566+0000][113.673s][info][gc,phases   ] GC(57)   Merge Heap Roots: 2.28ms
[2026-09-18T08:36:28.566+0000][113.673s][info][gc,phases   ] GC(57)   Evacuate Collection Set: 130.79ms
[2026-09-18T08:36:28.566+0000][113.673s][info][gc,phases   ] GC(57)   Post Evacuate Collection Set: 1.31ms
[2026-09-18T08:36:28.567+0000][113.673s][info][gc,phases   ] GC(57)   Other: 0.05ms
[2026-09-18T08:36:28.567+0000][113.673s][info][gc,heap     ] GC(57) Eden regions: 165->0(164)
[2026-09-18T08:36:28.567+0000][113.673s][info][gc,heap     ] GC(57) Survivor regions: 16->17(23)
[2026-09-18T08:36:28.567+0000][113.673s][info][gc,heap     ] GC(57) Old regions: 316->317
[2026-09-18T08:36:28.567+0000][113.673s][info][gc,heap     ] GC(57) Humongous regions: 0->0
[2026-09-18T08:36:28.567+0000][113.673s][info][gc,metaspace] GC(57) Metaspace: 164884K(166528K)->164884K(166528K) NonClass: 138528K(139456K)->138528K(139456K) Class: 26355K(27072K)->26355K(27072K)
[2026-09-18T08:36:28.567+0000][113.673s][info][gc          ] GC(57) Pause Young (Mixed) (G1 Evacuation Pause) 3972M->2672M(4272M) 134.777ms
[2026-09-18T08:36:28.567+0000][113.673s][info][gc,cpu      ] GC(57) User=0.53s Sys=0.00s Real=0.13s
[2026-09-18T08:36:31.606+0000][116.712s][info][gc,start    ] GC(58) Pause Young (Concurrent Start) (G1 Evacuation Pause)
[2026-09-18T08:36:31.606+0000][116.712s][info][gc,task     ] GC(58) Using 4 workers of 4 for evacuation
[2026-09-18T08:36:31.729+0000][116.835s][info][gc,phases   ] GC(58)   Pre Evacuate Collection Set: 0.20ms
[2026-09-18T08:36:31.729+0000][116.835s][info][gc,phases   ] GC(58)   Merge Heap Roots: 2.34ms
[2026-09-18T08:36:31.729+0000][116.835s][info][gc,phases   ] GC(58)   Evacuate Collection Set: 119.06ms
[2026-09-18T08:36:31.729+0000][116.835s][info][gc,phases   ] GC(58)   Post Evacuate Collection Set: 1.31ms
[2026-09-18T08:36:31.729+0000][116.835s][info][gc,phases   ] GC(58)   Other: 0.09ms
[2026-09-18T08:36:31.729+0000][116.835s][info][gc,heap     ] GC(58) Eden regions: 164->0(160)
[2026-09-18T08:36:31.729+0000][116.835s][info][gc,heap     ] GC(58) Survivor regions: 17->16(23)
[2026-09-18T08:36:31.729+0000][116.835s][info][gc,heap     ] GC(58) Old regions: 317->324
[2026-09-18T08:36:31.729+0000][116.835s][info][gc,heap     ] GC(58) Humongous regions: 0->0
[2026-09-18T08:36:31.729+0000][116.835s][info][gc,metaspace] GC(58) Metaspace: 164905K(166592K)->164905K(166592K) NonClass: 138549K(139520K)->138549K(139520K) Class: 26355K(27072K)->26355K(27072K)
[2026-09-18T08:36:31.729+0000][116.835s][info][gc          ] GC(58) Pause Young (Concurrent Start) (G1 Evacuation Pause) 3984M->2710M(4272M) 123.143ms
[2026-09-18T08:36:31.729+0000][116.835s][info][gc,cpu      ] GC(58) User=0.49s Sys=0.00s Real=0.12s
[2026-09-18T08:36:31.729+0000][116.835s][info][gc          ] GC(59) Concurrent Mark Cycle
[2026-09-18T08:36:31.729+0000][116.835s][info][gc,marking  ] GC(59) Concurrent Scan Root Regions
[2026-09-18T08:36:31.787+0000][116.893s][info][gc,marking  ] GC(59) Concurrent Scan Root Regions 58.411ms
[2026-09-18T08:36:31.787+0000][116.893s][info][gc,marking  ] GC(59) Concurrent Mark
[2026-09-18T08:36:31.787+0000][116.893s][info][gc,marking  ] GC(59) Concurrent Mark From Roots
[2026-09-18T08:36:31.787+0000][116.893s][info][gc,task     ] GC(59) Using 1 workers of 1 for marking
[2026-09-18T08:36:33.777+0000][118.883s][info][gc,marking  ] GC(59) Concurrent Mark From Roots 1990.039ms
[2026-09-18T08:36:33.777+0000][118.884s][info][gc,marking  ] GC(59) Concurrent Preclean
[2026-09-18T08:36:33.778+0000][118.884s][info][gc,marking  ] GC(59) Concurrent Preclean 0.394ms
[2026-09-18T08:36:33.778+0000][118.884s][info][gc,start    ] GC(59) Pause Remark
[2026-09-18T08:36:33.789+0000][118.895s][info][gc          ] GC(59) Pause Remark 3454M->3454M(4536M) 10.720ms
[2026-09-18T08:36:33.789+0000][118.895s][info][gc,cpu      ] GC(59) User=0.03s Sys=0.00s Real=0.01s
[2026-09-18T08:36:33.789+0000][118.895s][info][gc,marking  ] GC(59) Concurrent Mark 2001.448ms
[2026-09-18T08:36:33.789+0000][118.895s][info][gc,marking  ] GC(59) Concurrent Rebuild Remembered Sets and Scrub Regions
[2026-09-18T08:36:35.165+0000][120.271s][info][gc,start    ] GC(60) Pause Young (Normal) (G1 Evacuation Pause)
[2026-09-18T08:36:35.165+0000][120.271s][info][gc,task     ] GC(60) Using 4 workers of 4 for evacuation
[2026-09-18T08:36:35.294+0000][120.400s][info][gc,phases   ] GC(60)   Pre Evacuate Collection Set: 0.15ms
[2026-09-18T08:36:35.294+0000][120.400s][info][gc,phases   ] GC(60)   Merge Heap Roots: 2.42ms
[2026-09-18T08:36:35.294+0000][120.400s][info][gc,phases   ] GC(60)   Evacuate Collection Set: 124.93ms
[2026-09-18T08:36:35.294+0000][120.400s][info][gc,phases   ] GC(60)   Post Evacuate Collection Set: 2.04ms
[2026-09-18T08:36:35.294+0000][120.400s][info][gc,phases   ] GC(60)   Other: 0.07ms
[2026-09-18T08:36:35.294+0000][120.400s][info][gc,heap     ] GC(60) Eden regions: 160->0(186)
[2026-09-18T08:36:35.294+0000][120.400s][info][gc,heap     ] GC(60) Survivor regions: 16->15(22)
[2026-09-18T08:36:35.294+0000][120.400s][info][gc,heap     ] GC(60) Old regions: 324->330
[2026-09-18T08:36:35.294+0000][120.400s][info][gc,heap     ] GC(60) Humongous regions: 0->0
[2026-09-18T08:36:35.294+0000][120.400s][info][gc,metaspace] GC(60) Metaspace: 164947K(166592K)->164947K(166592K) NonClass: 138591K(139520K)->138591K(139520K) Class: 26355K(27072K)->26355K(27072K)
[2026-09-18T08:36:35.294+0000][120.400s][info][gc          ] GC(60) Pause Young (Normal) (G1 Evacuation Pause) 3990M->2758M(4536M) 129.786ms
[2026-09-18T08:36:35.294+0000][120.400s][info][gc,cpu      ] GC(60) User=0.51s Sys=0.00s Real=0.13s
[2026-09-18T08:36:35.357+0000][120.463s][info][gc,marking  ] GC(59) Concurrent Rebuild Remembered Sets and Scrub Regions 1568.180ms
[2026-09-18T08:36:35.357+0000][120.463s][info][gc,start    ] GC(59) Pause Cleanup
[2026-09-18T08:36:35.357+0000][120.464s][info][gc          ] GC(59) Pause Cleanup 2790M->2790M(4536M) 0.222ms
[2026-09-18T08:36:35.358+0000][120.464s][info][gc,cpu      ] GC(59) User=0.00s Sys=0.00s Real=0.00s
[2026-09-18T08:36:35.358+0000][120.464s][info][gc,marking  ] GC(59) Concurrent Clear Claimed Marks
[2026-09-18T08:36:35.358+0000][120.464s][info][gc,marking  ] GC(59) Concurrent Clear Claimed Marks 0.188ms
[2026-09-18T08:36:35.358+0000][120.464s][info][gc,marking  ] GC(59) Concurrent Cleanup for Next Mark
[2026-09-18T08:36:35.363+0000][120.469s][info][gc,marking  ] GC(59) Concurrent Cleanup for Next Mark 4.831ms
[2026-09-18T08:36:35.363+0000][120.469s][info][gc          ] GC(59) Concurrent Mark Cycle 3633.682ms
[2026-09-18T08:36:37.951+0000][123.057s][info][gc,start    ] GC(61) Pause Young (Prepare Mixed) (G1 Evacuation Pause)
[2026-09-18T08:36:37.951+0000][123.057s][info][gc,task     ] GC(61) Using 4 workers of 4 for evacuation
[2026-09-18T08:36:38.090+0000][123.196s][info][gc,phases   ] GC(61)   Pre Evacuate Collection Set: 0.17ms
[2026-09-18T08:36:38.090+0000][123.196s][info][gc,phases   ] GC(61)   Merge Heap Roots: 3.59ms
[2026-09-18T08:36:38.090+0000][123.196s][info][gc,phases   ] GC(61)   Evacuate Collection Set: 133.97ms
[2026-09-18T08:36:38.090+0000][123.196s][info][gc,phases   ] GC(61)   Post Evacuate Collection Set: 1.31ms
[2026-09-18T08:36:38.090+0000][123.196s][info][gc,phases   ] GC(61)   Other: 0.05ms
[2026-09-18T08:36:38.090+0000][123.196s][info][gc,heap     ] GC(61) Eden regions: 144->0(183)
[2026-09-18T08:36:38.090+0000][123.196s][info][gc,heap     ] GC(61) Survivor regions: 15->15(20)
[2026-09-18T08:36:38.090+0000][123.196s][info][gc,heap     ] GC(61) Old regions: 330->335
[2026-09-18T08:36:38.090+0000][123.196s][info][gc,heap     ] GC(61) Humongous regions: 0->0
[2026-09-18T08:36:38.090+0000][123.196s][info][gc,metaspace] GC(61) Metaspace: 164974K(166656K)->164974K(166656K) NonClass: 138612K(139584K)->138612K(139584K) Class: 26362K(27072K)->26362K(27072K)
[2026-09-18T08:36:38.090+0000][123.196s][info][gc          ] GC(61) Pause Young (Prepare Mixed) (G1 Evacuation Pause) 3910M->2796M(4536M) 139.229ms
[2026-09-18T08:36:38.090+0000][123.196s][info][gc,cpu      ] GC(61) User=0.53s Sys=0.00s Real=0.14s
[2026-09-18T08:36:41.514+0000][126.620s][info][gc,start    ] GC(62) Pause Young (Mixed) (G1 Evacuation Pause)
[2026-09-18T08:36:41.514+0000][126.620s][info][gc,task     ] GC(62) Using 4 workers of 4 for evacuation
[2026-09-18T08:36:41.654+0000][126.760s][info][gc,phases   ] GC(62)   Pre Evacuate Collection Set: 0.15ms
[2026-09-18T08:36:41.654+0000][126.760s][info][gc,phases   ] GC(62)   Merge Heap Roots: 2.45ms
[2026-09-18T08:36:41.654+0000][126.760s][info][gc,phases   ] GC(62)   Evacuate Collection Set: 135.23ms
[2026-09-18T08:36:41.654+0000][126.760s][info][gc,phases   ] GC(62)   Post Evacuate Collection Set: 1.43ms
[2026-09-18T08:36:41.654+0000][126.760s][info][gc,phases   ] GC(62)   Other: 0.08ms
[2026-09-18T08:36:41.654+0000][126.760s][info][gc,heap     ] GC(62) Eden regions: 183->0(181)
[2026-09-18T08:36:41.654+0000][126.760s][info][gc,heap     ] GC(62) Survivor regions: 15->15(25)
[2026-09-18T08:36:41.654+0000][126.760s][info][gc,heap     ] GC(62) Old regions: 335->337
[2026-09-18T08:36:41.654+0000][126.760s][info][gc,heap     ] GC(62) Humongous regions: 0->0
[2026-09-18T08:36:41.654+0000][126.760s][info][gc,metaspace] GC(62) Metaspace: 164987K(166656K)->164987K(166656K) NonClass: 138624K(139584K)->138624K(139584K) Class: 26363K(27072K)->26363K(27072K)
[2026-09-18T08:36:41.654+0000][126.760s][info][gc          ] GC(62) Pause Young (Mixed) (G1 Evacuation Pause) 4260M->2816M(4536M) 139.508ms
[2026-09-18T08:36:41.654+0000][126.760s][info][gc,cpu      ] GC(62) User=0.55s Sys=0.01s Real=0.14s
[2026-09-18T08:36:44.972+0000][130.078s][info][gc,start    ] GC(63) Pause Young (Concurrent Start) (G1 Evacuation Pause)
[2026-09-18T08:36:44.972+0000][130.078s][info][gc,task     ] GC(63) Using 4 workers of 4 for evacuation
[2026-09-18T08:36:45.106+0000][130.212s][info][gc,phases   ] GC(63)   Pre Evacuate Collection Set: 0.20ms
[2026-09-18T08:36:45.106+0000][130.212s][info][gc,phases   ] GC(63)   Merge Heap Roots: 2.52ms
[2026-09-18T08:36:45.106+0000][130.212s][info][gc,phases   ] GC(63)   Evacuate Collection Set: 129.58ms
[2026-09-18T08:36:45.106+0000][130.212s][info][gc,phases   ] GC(63)   Post Evacuate Collection Set: 1.68ms
[2026-09-18T08:36:45.106+0000][130.212s][info][gc,phases   ] GC(63)   Other: 0.09ms
[2026-09-18T08:36:45.106+0000][130.212s][info][gc,heap     ] GC(63) Eden regions: 181->0(175)
[2026-09-18T08:36:45.106+0000][130.212s][info][gc,heap     ] GC(63) Survivor regions: 15->16(25)
[2026-09-18T08:36:45.106+0000][130.212s][info][gc,heap     ] GC(63) Old regions: 337->343
[2026-09-18T08:36:45.106+0000][130.212s][info][gc,heap     ] GC(63) Humongous regions: 0->0
[2026-09-18T08:36:45.106+0000][130.212s][info][gc,metaspace] GC(63) Metaspace: 165088K(166720K)->165088K(166720K) NonClass: 138713K(139648K)->138713K(139648K) Class: 26374K(27072K)->26374K(27072K)
[2026-09-18T08:36:45.106+0000][130.212s][info][gc          ] GC(63) Pause Young (Concurrent Start) (G1 Evacuation Pause) 4264M->2865M(4536M) 134.264ms
[2026-09-18T08:36:45.106+0000][130.212s][info][gc,cpu      ] GC(63) User=0.52s Sys=0.01s Real=0.13s
[2026-09-18T08:36:45.106+0000][130.212s][info][gc          ] GC(64) Concurrent Mark Cycle
[2026-09-18T08:36:45.106+0000][130.212s][info][gc,marking  ] GC(64) Concurrent Scan Root Regions
[2026-09-18T08:36:45.184+0000][130.290s][info][gc,marking  ] GC(64) Concurrent Scan Root Regions 77.595ms
[2026-09-18T08:36:45.184+0000][130.290s][info][gc,marking  ] GC(64) Concurrent Mark
[2026-09-18T08:36:45.184+0000][130.290s][info][gc,marking  ] GC(64) Concurrent Mark From Roots
[2026-09-18T08:36:45.184+0000][130.290s][info][gc,task     ] GC(64) Using 1 workers of 1 for marking
[2026-09-18T08:36:47.306+0000][132.412s][info][gc,marking  ] GC(64) Concurrent Mark From Roots 2121.779ms
[2026-09-18T08:36:47.306+0000][132.412s][info][gc,marking  ] GC(64) Concurrent Preclean
[2026-09-18T08:36:47.306+0000][132.412s][info][gc,marking  ] GC(64) Concurrent Preclean 0.400ms
[2026-09-18T08:36:47.306+0000][132.412s][info][gc,start    ] GC(64) Pause Remark
[2026-09-18T08:36:47.321+0000][132.427s][info][gc          ] GC(64) Pause Remark 3709M->3709M(4792M) 15.130ms
[2026-09-18T08:36:47.321+0000][132.428s][info][gc,cpu      ] GC(64) User=0.04s Sys=0.00s Real=0.02s
[2026-09-18T08:36:47.322+0000][132.428s][info][gc,marking  ] GC(64) Concurrent Mark 2137.652ms
[2026-09-18T08:36:47.322+0000][132.428s][info][gc,marking  ] GC(64) Concurrent Rebuild Remembered Sets and Scrub Regions
[2026-09-18T08:36:48.810+0000][133.916s][info][gc,start    ] GC(65) Pause Young (Normal) (G1 Evacuation Pause)
[2026-09-18T08:36:48.810+0000][133.916s][info][gc,task     ] GC(65) Using 4 workers of 4 for evacuation
[2026-09-18T08:36:48.948+0000][134.054s][info][gc,phases   ] GC(65)   Pre Evacuate Collection Set: 0.15ms
[2026-09-18T08:36:48.948+0000][134.054s][info][gc,phases   ] GC(65)   Merge Heap Roots: 2.66ms
[2026-09-18T08:36:48.948+0000][134.054s][info][gc,phases   ] GC(65)   Evacuate Collection Set: 133.39ms
[2026-09-18T08:36:48.948+0000][134.054s][info][gc,phases   ] GC(65)   Post Evacuate Collection Set: 2.38ms
[2026-09-18T08:36:48.948+0000][134.054s][info][gc,phases   ] GC(65)   Other: 0.06ms
[2026-09-18T08:36:48.948+0000][134.054s][info][gc,heap     ] GC(65) Eden regions: 175->0(199)
[2026-09-18T08:36:48.948+0000][134.054s][info][gc,heap     ] GC(65) Survivor regions: 16->16(24)
[2026-09-18T08:36:48.948+0000][134.054s][info][gc,heap     ] GC(65) Old regions: 343->349
[2026-09-18T08:36:48.948+0000][134.054s][info][gc,heap     ] GC(65) Humongous regions: 0->0
[2026-09-18T08:36:48.948+0000][134.054s][info][gc,metaspace] GC(65) Metaspace: 165133K(166784K)->165133K(166784K) NonClass: 138758K(139712K)->138758K(139712K) Class: 26374K(27072K)->26374K(27072K)
[2026-09-18T08:36:48.948+0000][134.055s][info][gc          ] GC(65) Pause Young (Normal) (G1 Evacuation Pause) 4265M->2913M(4792M) 138.783ms
[2026-09-18T08:36:48.948+0000][134.055s][info][gc,cpu      ] GC(65) User=0.55s Sys=0.00s Real=0.14s
[2026-09-18T08:36:48.996+0000][134.102s][info][gc,marking  ] GC(64) Concurrent Rebuild Remembered Sets and Scrub Regions 1674.613ms
[2026-09-18T08:36:48.996+0000][134.102s][info][gc,start    ] GC(64) Pause Cleanup
[2026-09-18T08:36:48.997+0000][134.103s][info][gc          ] GC(64) Pause Cleanup 2929M->2929M(4792M) 0.250ms
[2026-09-18T08:36:48.997+0000][134.103s][info][gc,cpu      ] GC(64) User=0.00s Sys=0.00s Real=0.00s
[2026-09-18T08:36:48.997+0000][134.103s][info][gc,marking  ] GC(64) Concurrent Clear Claimed Marks
[2026-09-18T08:36:48.997+0000][134.103s][info][gc,marking  ] GC(64) Concurrent Clear Claimed Marks 0.197ms
[2026-09-18T08:36:48.997+0000][134.103s][info][gc,marking  ] GC(64) Concurrent Cleanup for Next Mark
[2026-09-18T08:36:49.002+0000][134.108s][info][gc,marking  ] GC(64) Concurrent Cleanup for Next Mark 5.087ms
[2026-09-18T08:36:49.002+0000][134.108s][info][gc          ] GC(64) Concurrent Mark Cycle 3895.788ms
[2026-09-18T08:36:51.829+0000][136.935s][info][gc,start    ] GC(66) Pause Young (Prepare Mixed) (G1 Evacuation Pause)
[2026-09-18T08:36:51.829+0000][136.935s][info][gc,task     ] GC(66) Using 4 workers of 4 for evacuation
[2026-09-18T08:36:51.971+0000][137.077s][info][gc,phases   ] GC(66)   Pre Evacuate Collection Set: 0.16ms
[2026-09-18T08:36:51.971+0000][137.077s][info][gc,phases   ] GC(66)   Merge Heap Roots: 3.58ms
[2026-09-18T08:36:51.971+0000][137.077s][info][gc,phases   ] GC(66)   Evacuate Collection Set: 137.35ms
[2026-09-18T08:36:51.971+0000][137.077s][info][gc,phases   ] GC(66)   Post Evacuate Collection Set: 1.41ms
[2026-09-18T08:36:51.971+0000][137.077s][info][gc,phases   ] GC(66)   Other: 0.06ms
[2026-09-18T08:36:51.971+0000][137.077s][info][gc,heap     ] GC(66) Eden regions: 151->0(195)
[2026-09-18T08:36:51.971+0000][137.077s][info][gc,heap     ] GC(66) Survivor regions: 16->16(21)
[2026-09-18T08:36:51.971+0000][137.077s][info][gc,heap     ] GC(66) Old regions: 349->354
[2026-09-18T08:36:51.971+0000][137.077s][info][gc,heap     ] GC(66) Humongous regions: 0->0
[2026-09-18T08:36:51.971+0000][137.077s][info][gc,metaspace] GC(66) Metaspace: 165159K(166784K)->165159K(166784K) NonClass: 138782K(139712K)->138782K(139712K) Class: 26376K(27072K)->26376K(27072K)
[2026-09-18T08:36:51.971+0000][137.077s][info][gc          ] GC(66) Pause Young (Prepare Mixed) (G1 Evacuation Pause) 4121M->2956M(4792M) 142.698ms
[2026-09-18T08:36:51.971+0000][137.078s][info][gc,cpu      ] GC(66) User=0.57s Sys=0.00s Real=0.15s
[2026-09-18T08:36:55.628+0000][140.734s][info][gc,start    ] GC(67) Pause Young (Mixed) (G1 Evacuation Pause)
[2026-09-18T08:36:55.628+0000][140.734s][info][gc,task     ] GC(67) Using 4 workers of 4 for evacuation
[2026-09-18T08:36:55.781+0000][140.887s][info][gc,phases   ] GC(67)   Pre Evacuate Collection Set: 0.18ms
[2026-09-18T08:36:55.781+0000][140.887s][info][gc,phases   ] GC(67)   Merge Heap Roots: 2.83ms
[2026-09-18T08:36:55.781+0000][140.887s][info][gc,phases   ] GC(67)   Evacuate Collection Set: 148.17ms
[2026-09-18T08:36:55.781+0000][140.887s][info][gc,phases   ] GC(67)   Post Evacuate Collection Set: 1.60ms
[2026-09-18T08:36:55.781+0000][140.887s][info][gc,phases   ] GC(67)   Other: 0.06ms
[2026-09-18T08:36:55.781+0000][140.887s][info][gc,heap     ] GC(67) Eden regions: 195->0(191)
[2026-09-18T08:36:55.781+0000][140.887s][info][gc,heap     ] GC(67) Survivor regions: 16->17(27)
[2026-09-18T08:36:55.781+0000][140.887s][info][gc,heap     ] GC(67) Old regions: 354->356
[2026-09-18T08:36:55.781+0000][140.887s][info][gc,heap     ] GC(67) Humongous regions: 0->0
[2026-09-18T08:36:55.781+0000][140.887s][info][gc,metaspace] GC(67) Metaspace: 165178K(166784K)->165178K(166784K) NonClass: 138801K(139712K)->138801K(139712K) Class: 26376K(27072K)->26376K(27072K)
[2026-09-18T08:36:55.781+0000][140.887s][info][gc          ] GC(67) Pause Young (Mixed) (G1 Evacuation Pause) 4516M->2980M(4792M) 152.986ms
[2026-09-18T08:36:55.781+0000][140.887s][info][gc,cpu      ] GC(67) User=0.60s Sys=0.00s Real=0.15s
[2026-09-18T08:36:59.298+0000][144.404s][info][gc,start    ] GC(68) Pause Young (Concurrent Start) (G1 Evacuation Pause)
[2026-09-18T08:36:59.298+0000][144.404s][info][gc,task     ] GC(68) Using 4 workers of 4 for evacuation
[2026-09-18T08:36:59.442+0000][144.548s][info][gc,phases   ] GC(68)   Pre Evacuate Collection Set: 0.20ms
[2026-09-18T08:36:59.442+0000][144.548s][info][gc,phases   ] GC(68)   Merge Heap Roots: 2.86ms
[2026-09-18T08:36:59.442+0000][144.548s][info][gc,phases   ] GC(68)   Evacuate Collection Set: 139.62ms
[2026-09-18T08:36:59.442+0000][144.548s][info][gc,phases   ] GC(68)   Post Evacuate Collection Set: 1.62ms
[2026-09-18T08:36:59.442+0000][144.548s][info][gc,phases   ] GC(68)   Other: 0.09ms
[2026-09-18T08:36:59.442+0000][144.548s][info][gc,heap     ] GC(68) Eden regions: 191->0(188)
[2026-09-18T08:36:59.442+0000][144.548s][info][gc,heap     ] GC(68) Survivor regions: 17->16(26)
[2026-09-18T08:36:59.442+0000][144.548s][info][gc,heap     ] GC(68) Old regions: 356->362
[2026-09-18T08:36:59.442+0000][144.548s][info][gc,heap     ] GC(68) Humongous regions: 0->0
[2026-09-18T08:36:59.442+0000][144.548s][info][gc,metaspace] GC(68) Metaspace: 165227K(166912K)->165227K(166912K) NonClass: 138849K(139840K)->138849K(139840K) Class: 26378K(27072K)->26378K(27072K)
[2026-09-18T08:36:59.442+0000][144.548s][info][gc          ] GC(68) Pause Young (Concurrent Start) (G1 Evacuation Pause) 4508M->3019M(4792M) 144.529ms
[2026-09-18T08:36:59.442+0000][144.548s][info][gc,cpu      ] GC(68) User=0.53s Sys=0.04s Real=0.15s
[2026-09-18T08:36:59.442+0000][144.548s][info][gc          ] GC(69) Concurrent Mark Cycle
[2026-09-18T08:36:59.442+0000][144.548s][info][gc,marking  ] GC(69) Concurrent Scan Root Regions
[2026-09-18T08:36:59.503+0000][144.609s][info][gc,marking  ] GC(69) Concurrent Scan Root Regions 60.395ms
[2026-09-18T08:36:59.503+0000][144.609s][info][gc,marking  ] GC(69) Concurrent Mark
[2026-09-18T08:36:59.503+0000][144.609s][info][gc,marking  ] GC(69) Concurrent Mark From Roots
[2026-09-18T08:36:59.503+0000][144.609s][info][gc,task     ] GC(69) Using 1 workers of 1 for marking
[2026-09-18T08:37:01.798+0000][146.904s][info][gc,marking  ] GC(69) Concurrent Mark From Roots 2295.148ms
[2026-09-18T08:37:01.798+0000][146.904s][info][gc,marking  ] GC(69) Concurrent Preclean
[2026-09-18T08:37:01.799+0000][146.905s][info][gc,marking  ] GC(69) Concurrent Preclean 0.473ms
[2026-09-18T08:37:01.799+0000][146.905s][info][gc,start    ] GC(69) Pause Remark
[2026-09-18T08:37:01.806+0000][146.912s][info][gc          ] GC(69) Pause Remark 3907M->3907M(5040M) 7.652ms
[2026-09-18T08:37:01.806+0000][146.912s][info][gc,cpu      ] GC(69) User=0.03s Sys=0.00s Real=0.01s
[2026-09-18T08:37:01.806+0000][146.913s][info][gc,marking  ] GC(69) Concurrent Mark 2303.635ms
[2026-09-18T08:37:01.806+0000][146.913s][info][gc,marking  ] GC(69) Concurrent Rebuild Remembered Sets and Scrub Regions
[2026-09-18T08:37:02.741+0000][147.847s][info][gc,start    ] GC(70) Pause Young (Normal) (G1 Evacuation Pause)
[2026-09-18T08:37:02.741+0000][147.847s][info][gc,task     ] GC(70) Using 4 workers of 4 for evacuation
[2026-09-18T08:37:02.914+0000][148.020s][info][gc,phases   ] GC(70)   Pre Evacuate Collection Set: 0.16ms
[2026-09-18T08:37:02.914+0000][148.020s][info][gc,phases   ] GC(70)   Merge Heap Roots: 3.72ms
[2026-09-18T08:37:02.914+0000][148.020s][info][gc,phases   ] GC(70)   Evacuate Collection Set: 167.31ms
[2026-09-18T08:37:02.914+0000][148.020s][info][gc,phases   ] GC(70)   Post Evacuate Collection Set: 2.30ms
[2026-09-18T08:37:02.914+0000][148.020s][info][gc,phases   ] GC(70)   Other: 0.05ms
[2026-09-18T08:37:02.914+0000][148.020s][info][gc,heap     ] GC(70) Eden regions: 159->0(213)
[2026-09-18T08:37:02.914+0000][148.020s][info][gc,heap     ] GC(70) Survivor regions: 16->15(22)
[2026-09-18T08:37:02.914+0000][148.020s][info][gc,heap     ] GC(70) Old regions: 362->368
[2026-09-18T08:37:02.914+0000][148.020s][info][gc,heap     ] GC(70) Humongous regions: 0->0
[2026-09-18T08:37:02.914+0000][148.020s][info][gc,metaspace] GC(70) Metaspace: 165256K(166912K)->165256K(166912K) NonClass: 138873K(139840K)->138873K(139840K) Class: 26382K(27072K)->26382K(27072K)
[2026-09-18T08:37:02.914+0000][148.020s][info][gc          ] GC(70) Pause Young (Normal) (G1 Evacuation Pause) 4291M->3064M(5040M) 173.688ms
[2026-09-18T08:37:02.914+0000][148.020s][info][gc,cpu      ] GC(70) User=0.69s Sys=0.00s Real=0.18s
[2026-09-18T08:37:03.644+0000][148.750s][info][gc,marking  ] GC(69) Concurrent Rebuild Remembered Sets and Scrub Regions 1837.582ms
[2026-09-18T08:37:03.644+0000][148.750s][info][gc,start    ] GC(69) Pause Cleanup
[2026-09-18T08:37:03.645+0000][148.751s][info][gc          ] GC(69) Pause Cleanup 3320M->3320M(5040M) 0.240ms
[2026-09-18T08:37:03.645+0000][148.751s][info][gc,cpu      ] GC(69) User=0.00s Sys=0.00s Real=0.00s
[2026-09-18T08:37:03.645+0000][148.751s][info][gc,marking  ] GC(69) Concurrent Clear Claimed Marks
[2026-09-18T08:37:03.645+0000][148.751s][info][gc,marking  ] GC(69) Concurrent Clear Claimed Marks 0.241ms
[2026-09-18T08:37:03.645+0000][148.751s][info][gc,marking  ] GC(69) Concurrent Cleanup for Next Mark
[2026-09-18T08:37:03.650+0000][148.756s][info][gc,marking  ] GC(69) Concurrent Cleanup for Next Mark 5.347ms
[2026-09-18T08:37:03.650+0000][148.756s][info][gc          ] GC(69) Concurrent Mark Cycle 4207.851ms
[2026-09-18T08:37:05.940+0000][151.046s][info][gc,start    ] GC(71) Pause Young (Prepare Mixed) (G1 Evacuation Pause)
[2026-09-18T08:37:05.940+0000][151.046s][info][gc,task     ] GC(71) Using 4 workers of 4 for evacuation
[2026-09-18T08:37:06.086+0000][151.192s][info][gc,phases   ] GC(71)   Pre Evacuate Collection Set: 0.17ms
[2026-09-18T08:37:06.086+0000][151.192s][info][gc,phases   ] GC(71)   Merge Heap Roots: 3.93ms
[2026-09-18T08:37:06.086+0000][151.192s][info][gc,phases   ] GC(71)   Evacuate Collection Set: 140.24ms
[2026-09-18T08:37:06.086+0000][151.192s][info][gc,phases   ] GC(71)   Post Evacuate Collection Set: 1.49ms
[2026-09-18T08:37:06.086+0000][151.192s][info][gc,phases   ] GC(71)   Other: 0.06ms
[2026-09-18T08:37:06.086+0000][151.192s][info][gc,heap     ] GC(71) Eden regions: 154->0(209)
[2026-09-18T08:37:06.086+0000][151.192s][info][gc,heap     ] GC(71) Survivor regions: 15->15(22)
[2026-09-18T08:37:06.086+0000][151.192s][info][gc,heap     ] GC(71) Old regions: 368->373
[2026-09-18T08:37:06.086+0000][151.192s][info][gc,heap     ] GC(71) Humongous regions: 0->0
[2026-09-18T08:37:06.086+0000][151.192s][info][gc,metaspace] GC(71) Metaspace: 165308K(167040K)->165308K(167040K) NonClass: 138915K(139904K)->138915K(139904K) Class: 26392K(27136K)->26392K(27136K)
[2026-09-18T08:37:06.086+0000][151.192s][info][gc          ] GC(71) Pause Young (Prepare Mixed) (G1 Evacuation Pause) 4296M->3100M(5040M) 146.065ms
[2026-09-18T08:37:06.086+0000][151.192s][info][gc,cpu      ] GC(71) User=0.57s Sys=0.00s Real=0.15s
[2026-09-18T08:37:09.951+0000][155.057s][info][gc,start    ] GC(72) Pause Young (Mixed) (G1 Evacuation Pause)
[2026-09-18T08:37:09.951+0000][155.057s][info][gc,task     ] GC(72) Using 4 workers of 4 for evacuation
[2026-09-18T08:37:10.095+0000][155.202s][info][gc,phases   ] GC(72)   Pre Evacuate Collection Set: 0.20ms
[2026-09-18T08:37:10.096+0000][155.202s][info][gc,phases   ] GC(72)   Merge Heap Roots: 3.93ms
[2026-09-18T08:37:10.096+0000][155.202s][info][gc,phases   ] GC(72)   Evacuate Collection Set: 138.06ms
[2026-09-18T08:37:10.096+0000][155.202s][info][gc,phases   ] GC(72)   Post Evacuate Collection Set: 1.84ms
[2026-09-18T08:37:10.096+0000][155.202s][info][gc,phases   ] GC(72)   Other: 0.05ms
[2026-09-18T08:37:10.096+0000][155.202s][info][gc,heap     ] GC(72) Eden regions: 209->0(211)
[2026-09-18T08:37:10.096+0000][155.202s][info][gc,heap     ] GC(72) Survivor regions: 15->17(28)
[2026-09-18T08:37:10.096+0000][155.202s][info][gc,heap     ] GC(72) Old regions: 373->370
[2026-09-18T08:37:10.096+0000][155.202s][info][gc,heap     ] GC(72) Humongous regions: 0->0
[2026-09-18T08:37:10.096+0000][155.202s][info][gc,metaspace] GC(72) Metaspace: 165335K(167040K)->165335K(167040K) NonClass: 138942K(139904K)->138942K(139904K) Class: 26392K(27136K)->26392K(27136K)
[2026-09-18T08:37:10.096+0000][155.202s][info][gc          ] GC(72) Pause Young (Mixed) (G1 Evacuation Pause) 4772M->3087M(5040M) 144.240ms
[2026-09-18T08:37:10.096+0000][155.202s][info][gc,cpu      ] GC(72) User=0.56s Sys=0.00s Real=0.14s
[2026-09-18T08:37:13.927+0000][159.033s][info][gc,start    ] GC(73) Pause Young (Concurrent Start) (G1 Evacuation Pause)
[2026-09-18T08:37:13.927+0000][159.033s][info][gc,task     ] GC(73) Using 4 workers of 4 for evacuation
[2026-09-18T08:37:14.061+0000][159.167s][info][gc,phases   ] GC(73)   Pre Evacuate Collection Set: 0.19ms
[2026-09-18T08:37:14.061+0000][159.167s][info][gc,phases   ] GC(73)   Merge Heap Roots: 2.90ms
[2026-09-18T08:37:14.061+0000][159.167s][info][gc,phases   ] GC(73)   Evacuate Collection Set: 129.15ms
[2026-09-18T08:37:14.061+0000][159.167s][info][gc,phases   ] GC(73)   Post Evacuate Collection Set: 1.51ms
[2026-09-18T08:37:14.061+0000][159.167s][info][gc,phases   ] GC(73)   Other: 0.09ms
[2026-09-18T08:37:14.061+0000][159.167s][info][gc,heap     ] GC(73) Eden regions: 211->0(210)
[2026-09-18T08:37:14.061+0000][159.167s][info][gc,heap     ] GC(73) Survivor regions: 17->14(29)
[2026-09-18T08:37:14.061+0000][159.167s][info][gc,heap     ] GC(73) Old regions: 370->374
[2026-09-18T08:37:14.061+0000][159.167s][info][gc,heap     ] GC(73) Humongous regions: 0->0
[2026-09-18T08:37:14.061+0000][159.167s][info][gc,metaspace] GC(73) Metaspace: 165396K(167104K)->165396K(167104K) NonClass: 138996K(139968K)->138996K(139968K) Class: 26399K(27136K)->26399K(27136K)
[2026-09-18T08:37:14.061+0000][159.167s][info][gc          ] GC(73) Pause Young (Concurrent Start) (G1 Evacuation Pause) 4775M->3104M(5040M) 133.982ms
[2026-09-18T08:37:14.061+0000][159.167s][info][gc,cpu      ] GC(73) User=0.54s Sys=0.00s Real=0.13s
[2026-09-18T08:37:14.061+0000][159.167s][info][gc          ] GC(74) Concurrent Mark Cycle
[2026-09-18T08:37:14.061+0000][159.167s][info][gc,marking  ] GC(74) Concurrent Scan Root Regions
[2026-09-18T08:37:14.130+0000][159.236s][info][gc,marking  ] GC(74) Concurrent Scan Root Regions 68.832ms
[2026-09-18T08:37:14.130+0000][159.236s][info][gc,marking  ] GC(74) Concurrent Mark
[2026-09-18T08:37:14.130+0000][159.236s][info][gc,marking  ] GC(74) Concurrent Mark From Roots
[2026-09-18T08:37:14.130+0000][159.236s][info][gc,task     ] GC(74) Using 1 workers of 1 for marking
[2026-09-18T08:37:16.583+0000][161.689s][info][gc,marking  ] GC(74) Concurrent Mark From Roots 2453.046ms
[2026-09-18T08:37:16.583+0000][161.689s][info][gc,marking  ] GC(74) Concurrent Preclean
[2026-09-18T08:37:16.584+0000][161.690s][info][gc,marking  ] GC(74) Concurrent Preclean 0.412ms
[2026-09-18T08:37:16.584+0000][161.690s][info][gc,start    ] GC(74) Pause Remark
[2026-09-18T08:37:16.592+0000][161.698s][info][gc          ] GC(74) Pause Remark 4096M->4096M(5176M) 8.282ms
[2026-09-18T08:37:16.592+0000][161.698s][info][gc,cpu      ] GC(74) User=0.03s Sys=0.00s Real=0.01s
[2026-09-18T08:37:16.592+0000][161.698s][info][gc,marking  ] GC(74) Concurrent Mark 2462.070ms
[2026-09-18T08:37:16.592+0000][161.698s][info][gc,marking  ] GC(74) Concurrent Rebuild Remembered Sets and Scrub Regions
[2026-09-18T08:37:18.137+0000][163.243s][info][gc,marking  ] GC(74) Concurrent Rebuild Remembered Sets and Scrub Regions 1544.695ms
[2026-09-18T08:37:18.137+0000][163.243s][info][gc,start    ] GC(74) Pause Cleanup
[2026-09-18T08:37:18.137+0000][163.243s][info][gc          ] GC(74) Pause Cleanup 4640M->4640M(5176M) 0.217ms
[2026-09-18T08:37:18.137+0000][163.243s][info][gc,cpu      ] GC(74) User=0.00s Sys=0.00s Real=0.00s
[2026-09-18T08:37:18.137+0000][163.243s][info][gc,marking  ] GC(74) Concurrent Clear Claimed Marks
[2026-09-18T08:37:18.137+0000][163.244s][info][gc,marking  ] GC(74) Concurrent Clear Claimed Marks 0.184ms
[2026-09-18T08:37:18.137+0000][163.244s][info][gc,marking  ] GC(74) Concurrent Cleanup for Next Mark
[2026-09-18T08:37:18.143+0000][163.249s][info][gc,marking  ] GC(74) Concurrent Cleanup for Next Mark 5.464ms
[2026-09-18T08:37:18.143+0000][163.249s][info][gc          ] GC(74) Concurrent Mark Cycle 4081.824ms
[2026-09-18T08:37:18.447+0000][163.553s][info][gc,start    ] GC(75) Pause Young (Prepare Mixed) (G1 Evacuation Pause)
[2026-09-18T08:37:18.447+0000][163.553s][info][gc,task     ] GC(75) Using 4 workers of 4 for evacuation
[2026-09-18T08:37:18.573+0000][163.679s][info][gc,phases   ] GC(75)   Pre Evacuate Collection Set: 0.19ms
[2026-09-18T08:37:18.573+0000][163.679s][info][gc,phases   ] GC(75)   Merge Heap Roots: 3.69ms
[2026-09-18T08:37:18.573+0000][163.679s][info][gc,phases   ] GC(75)   Evacuate Collection Set: 120.66ms
[2026-09-18T08:37:18.573+0000][163.679s][info][gc,phases   ] GC(75)   Post Evacuate Collection Set: 1.62ms
[2026-09-18T08:37:18.573+0000][163.679s][info][gc,phases   ] GC(75)   Other: 0.05ms
[2026-09-18T08:37:18.573+0000][163.679s][info][gc,heap     ] GC(75) Eden regions: 209->0(225)
[2026-09-18T08:37:18.573+0000][163.679s][info][gc,heap     ] GC(75) Survivor regions: 14->15(28)
[2026-09-18T08:37:18.573+0000][163.679s][info][gc,heap     ] GC(75) Old regions: 374->374
[2026-09-18T08:37:18.573+0000][163.679s][info][gc,heap     ] GC(75) Humongous regions: 0->0
[2026-09-18T08:37:18.573+0000][163.679s][info][gc,metaspace] GC(75) Metaspace: 165453K(167168K)->165453K(167168K) NonClass: 139048K(140032K)->139048K(140032K) Class: 26405K(27136K)->26405K(27136K)
[2026-09-18T08:37:18.573+0000][163.679s][info][gc          ] GC(75) Pause Young (Prepare Mixed) (G1 Evacuation Pause) 4776M->3112M(5176M) 126.407ms
[2026-09-18T08:37:18.573+0000][163.679s][info][gc,cpu      ] GC(75) User=0.50s Sys=0.00s Real=0.13s
[2026-09-18T08:37:22.842+0000][167.948s][info][gc,start    ] GC(76) Pause Young (Mixed) (G1 Evacuation Pause)
[2026-09-18T08:37:22.842+0000][167.948s][info][gc,task     ] GC(76) Using 4 workers of 4 for evacuation
[2026-09-18T08:37:22.985+0000][168.092s][info][gc,phases   ] GC(76)   Pre Evacuate Collection Set: 0.17ms
[2026-09-18T08:37:22.986+0000][168.092s][info][gc,phases   ] GC(76)   Merge Heap Roots: 3.12ms
[2026-09-18T08:37:22.986+0000][168.092s][info][gc,phases   ] GC(76)   Evacuate Collection Set: 138.53ms
[2026-09-18T08:37:22.986+0000][168.092s][info][gc,phases   ] GC(76)   Post Evacuate Collection Set: 1.59ms
[2026-09-18T08:37:22.986+0000][168.092s][info][gc,phases   ] GC(76)   Other: 0.06ms
[2026-09-18T08:37:22.986+0000][168.092s][info][gc,heap     ] GC(76) Eden regions: 225->0(227)
[2026-09-18T08:37:22.986+0000][168.092s][info][gc,heap     ] GC(76) Survivor regions: 15->16(30)
[2026-09-18T08:37:22.986+0000][168.092s][info][gc,heap     ] GC(76) Old regions: 374->371
[2026-09-18T08:37:22.986+0000][168.092s][info][gc,heap     ] GC(76) Humongous regions: 0->0
[2026-09-18T08:37:22.986+0000][168.092s][info][gc,metaspace] GC(76) Metaspace: 165477K(167168K)->165477K(167168K) NonClass: 139072K(140032K)->139072K(140032K) Class: 26405K(27136K)->26405K(27136K)
[2026-09-18T08:37:22.986+0000][168.092s][info][gc          ] GC(76) Pause Young (Mixed) (G1 Evacuation Pause) 4912M->3092M(5176M) 143.687ms
[2026-09-18T08:37:22.986+0000][168.092s][info][gc,cpu      ] GC(76) User=0.57s Sys=0.00s Real=0.14s
[2026-09-18T08:37:27.265+0000][172.371s][info][gc,start    ] GC(77) Pause Young (Concurrent Start) (G1 Evacuation Pause)
[2026-09-18T08:37:27.265+0000][172.371s][info][gc,task     ] GC(77) Using 4 workers of 4 for evacuation
[2026-09-18T08:37:27.397+0000][172.503s][info][gc,phases   ] GC(77)   Pre Evacuate Collection Set: 0.19ms
[2026-09-18T08:37:27.397+0000][172.503s][info][gc,phases   ] GC(77)   Merge Heap Roots: 3.13ms
[2026-09-18T08:37:27.397+0000][172.503s][info][gc,phases   ] GC(77)   Evacuate Collection Set: 127.07ms
[2026-09-18T08:37:27.397+0000][172.503s][info][gc,phases   ] GC(77)   Post Evacuate Collection Set: 1.62ms
[2026-09-18T08:37:27.397+0000][172.503s][info][gc,phases   ] GC(77)   Other: 0.09ms
[2026-09-18T08:37:27.397+0000][172.503s][info][gc,heap     ] GC(77) Eden regions: 227->0(225)
[2026-09-18T08:37:27.397+0000][172.503s][info][gc,heap     ] GC(77) Survivor regions: 16->18(31)
[2026-09-18T08:37:27.397+0000][172.503s][info][gc,heap     ] GC(77) Old regions: 371->371
[2026-09-18T08:37:27.397+0000][172.503s][info][gc,heap     ] GC(77) Humongous regions: 0->0
[2026-09-18T08:37:27.397+0000][172.503s][info][gc,metaspace] GC(77) Metaspace: 165482K(167168K)->165482K(167168K) NonClass: 139077K(140032K)->139077K(140032K) Class: 26405K(27136K)->26405K(27136K)
[2026-09-18T08:37:27.397+0000][172.503s][info][gc          ] GC(77) Pause Young (Concurrent Start) (G1 Evacuation Pause) 4908M->3108M(5176M) 132.243ms
[2026-09-18T08:37:27.397+0000][172.503s][info][gc,cpu      ] GC(77) User=0.52s Sys=0.00s Real=0.13s
[2026-09-18T08:37:27.397+0000][172.503s][info][gc          ] GC(78) Concurrent Mark Cycle
[2026-09-18T08:37:27.397+0000][172.503s][info][gc,marking  ] GC(78) Concurrent Scan Root Regions
[2026-09-18T08:37:27.451+0000][172.557s][info][gc,marking  ] GC(78) Concurrent Scan Root Regions 54.123ms
[2026-09-18T08:37:27.451+0000][172.557s][info][gc,marking  ] GC(78) Concurrent Mark
[2026-09-18T08:37:27.451+0000][172.557s][info][gc,marking  ] GC(78) Concurrent Mark From Roots
[2026-09-18T08:37:27.451+0000][172.557s][info][gc,task     ] GC(78) Using 1 workers of 1 for marking
[2026-09-18T08:37:29.904+0000][175.010s][info][gc,marking  ] GC(78) Concurrent Mark From Roots 2452.317ms
[2026-09-18T08:37:29.904+0000][175.010s][info][gc,marking  ] GC(78) Concurrent Preclean
[2026-09-18T08:37:29.904+0000][175.010s][info][gc,marking  ] GC(78) Concurrent Preclean 0.472ms
[2026-09-18T08:37:29.904+0000][175.010s][info][gc,start    ] GC(78) Pause Remark
[2026-09-18T08:37:29.911+0000][175.018s][info][gc          ] GC(78) Pause Remark 4072M->4072M(5192M) 7.050ms
[2026-09-18T08:37:29.911+0000][175.018s][info][gc,cpu      ] GC(78) User=0.02s Sys=0.00s Real=0.01s
[2026-09-18T08:37:29.912+0000][175.018s][info][gc,marking  ] GC(78) Concurrent Mark 2460.152ms
[2026-09-18T08:37:29.912+0000][175.018s][info][gc,marking  ] GC(78) Concurrent Rebuild Remembered Sets and Scrub Regions
[2026-09-18T08:37:30.861+0000][175.968s][info][gc,start    ] GC(79) Pause Young (Normal) (G1 Evacuation Pause)
[2026-09-18T08:37:30.862+0000][175.968s][info][gc,task     ] GC(79) Using 4 workers of 4 for evacuation
[2026-09-18T08:37:31.034+0000][176.141s][info][gc,phases   ] GC(79)   Pre Evacuate Collection Set: 0.16ms
[2026-09-18T08:37:31.034+0000][176.141s][info][gc,phases   ] GC(79)   Merge Heap Roots: 4.41ms
[2026-09-18T08:37:31.034+0000][176.141s][info][gc,phases   ] GC(79)   Evacuate Collection Set: 165.70ms
[2026-09-18T08:37:31.034+0000][176.141s][info][gc,phases   ] GC(79)   Post Evacuate Collection Set: 2.58ms
[2026-09-18T08:37:31.035+0000][176.141s][info][gc,phases   ] GC(79)   Other: 0.06ms
[2026-09-18T08:37:31.035+0000][176.141s][info][gc,heap     ] GC(79) Eden regions: 171->0(224)
[2026-09-18T08:37:31.035+0000][176.141s][info][gc,heap     ] GC(79) Survivor regions: 18->15(24)
[2026-09-18T08:37:31.035+0000][176.141s][info][gc,heap     ] GC(79) Old regions: 371->377
[2026-09-18T08:37:31.035+0000][176.141s][info][gc,heap     ] GC(79) Humongous regions: 0->0
[2026-09-18T08:37:31.035+0000][176.141s][info][gc,metaspace] GC(79) Metaspace: 165487K(167168K)->165487K(167168K) NonClass: 139082K(140032K)->139082K(140032K) Class: 26405K(27136K)->26405K(27136K)
[2026-09-18T08:37:31.035+0000][176.141s][info][gc          ] GC(79) Pause Young (Normal) (G1 Evacuation Pause) 4476M->3125M(5192M) 173.079ms
[2026-09-18T08:37:31.035+0000][176.141s][info][gc,cpu      ] GC(79) User=0.69s Sys=0.00s Real=0.17s
[2026-09-18T08:37:31.771+0000][176.877s][info][gc,marking  ] GC(78) Concurrent Rebuild Remembered Sets and Scrub Regions 1859.029ms
[2026-09-18T08:37:31.771+0000][176.877s][info][gc,start    ] GC(78) Pause Cleanup
[2026-09-18T08:37:31.771+0000][176.877s][info][gc          ] GC(78) Pause Cleanup 3385M->3385M(5192M) 0.230ms
[2026-09-18T08:37:31.771+0000][176.877s][info][gc,cpu      ] GC(78) User=0.00s Sys=0.00s Real=0.00s
[2026-09-18T08:37:31.771+0000][176.877s][info][gc,marking  ] GC(78) Concurrent Clear Claimed Marks
[2026-09-18T08:37:31.771+0000][176.877s][info][gc,marking  ] GC(78) Concurrent Clear Claimed Marks 0.215ms
[2026-09-18T08:37:31.771+0000][176.877s][info][gc,marking  ] GC(78) Concurrent Cleanup for Next Mark
[2026-09-18T08:37:31.776+0000][176.882s][info][gc,marking  ] GC(78) Concurrent Cleanup for Next Mark 4.781ms
[2026-09-18T08:37:31.776+0000][176.882s][info][gc          ] GC(78) Concurrent Mark Cycle 4378.960ms
[2026-09-18T08:37:34.406+0000][179.512s][info][gc,start    ] GC(80) Pause Young (Prepare Mixed) (G1 Evacuation Pause)
[2026-09-18T08:37:34.406+0000][179.513s][info][gc,task     ] GC(80) Using 4 workers of 4 for evacuation
[2026-09-18T08:37:34.552+0000][179.658s][info][gc,phases   ] GC(80)   Pre Evacuate Collection Set: 0.17ms
[2026-09-18T08:37:34.552+0000][179.658s][info][gc,phases   ] GC(80)   Merge Heap Roots: 5.03ms
[2026-09-18T08:37:34.552+0000][179.658s][info][gc,phases   ] GC(80)   Evacuate Collection Set: 138.19ms
[2026-09-18T08:37:34.552+0000][179.658s][info][gc,phases   ] GC(80)   Post Evacuate Collection Set: 1.64ms
[2026-09-18T08:37:34.552+0000][179.658s][info][gc,phases   ] GC(80)   Other: 0.05ms
[2026-09-18T08:37:34.552+0000][179.658s][info][gc,heap     ] GC(80) Eden regions: 173->0(223)
[2026-09-18T08:37:34.552+0000][179.658s][info][gc,heap     ] GC(80) Survivor regions: 15->14(24)
[2026-09-18T08:37:34.552+0000][179.658s][info][gc,heap     ] GC(80) Old regions: 377->379
[2026-09-18T08:37:34.552+0000][179.658s][info][gc,heap     ] GC(80) Humongous regions: 0->0
[2026-09-18T08:37:34.552+0000][179.658s][info][gc,metaspace] GC(80) Metaspace: 165490K(167168K)->165490K(167168K) NonClass: 139084K(140032K)->139084K(140032K) Class: 26405K(27136K)->26405K(27136K)
[2026-09-18T08:37:34.552+0000][179.658s][info][gc          ] GC(80) Pause Young (Prepare Mixed) (G1 Evacuation Pause) 4509M->3133M(5192M) 145.228ms
[2026-09-18T08:37:34.552+0000][179.658s][info][gc,cpu      ] GC(80) User=0.58s Sys=0.00s Real=0.15s
[2026-09-18T08:37:38.818+0000][183.924s][info][gc,start    ] GC(81) Pause Young (Mixed) (G1 Evacuation Pause)
[2026-09-18T08:37:38.818+0000][183.924s][info][gc,task     ] GC(81) Using 4 workers of 4 for evacuation
[2026-09-18T08:37:38.955+0000][184.061s][info][gc,phases   ] GC(81)   Pre Evacuate Collection Set: 0.19ms
[2026-09-18T08:37:38.955+0000][184.061s][info][gc,phases   ] GC(81)   Merge Heap Roots: 3.34ms
[2026-09-18T08:37:38.955+0000][184.061s][info][gc,phases   ] GC(81)   Evacuate Collection Set: 131.59ms
[2026-09-18T08:37:38.955+0000][184.061s][info][gc,phases   ] GC(81)   Post Evacuate Collection Set: 1.68ms
[2026-09-18T08:37:38.955+0000][184.061s][info][gc,phases   ] GC(81)   Other: 0.06ms
[2026-09-18T08:37:38.955+0000][184.061s][info][gc,heap     ] GC(81) Eden regions: 223->0(226)
[2026-09-18T08:37:38.955+0000][184.061s][info][gc,heap     ] GC(81) Survivor regions: 14->15(30)
[2026-09-18T08:37:38.955+0000][184.061s][info][gc,heap     ] GC(81) Old regions: 379->375
[2026-09-18T08:37:38.955+0000][184.061s][info][gc,heap     ] GC(81) Humongous regions: 0->0
[2026-09-18T08:37:38.955+0000][184.061s][info][gc,metaspace] GC(81) Metaspace: 165504K(167232K)->165504K(167232K) NonClass: 139099K(140096K)->139099K(140096K) Class: 26405K(27136K)->26405K(27136K)
[2026-09-18T08:37:38.955+0000][184.061s][info][gc          ] GC(81) Pause Young (Mixed) (G1 Evacuation Pause) 4917M->3115M(5192M) 137.041ms
[2026-09-18T08:37:38.955+0000][184.061s][info][gc,cpu      ] GC(81) User=0.53s Sys=0.00s Real=0.14s
[2026-09-18T08:37:43.280+0000][188.386s][info][gc,start    ] GC(82) Pause Young (Concurrent Start) (G1 Evacuation Pause)
[2026-09-18T08:37:43.280+0000][188.386s][info][gc,task     ] GC(82) Using 4 workers of 4 for evacuation
[2026-09-18T08:37:43.410+0000][188.516s][info][gc,phases   ] GC(82)   Pre Evacuate Collection Set: 0.20ms
[2026-09-18T08:37:43.410+0000][188.516s][info][gc,phases   ] GC(82)   Merge Heap Roots: 3.97ms
[2026-09-18T08:37:43.410+0000][188.516s][info][gc,phases   ] GC(82)   Evacuate Collection Set: 124.17ms
[2026-09-18T08:37:43.410+0000][188.516s][info][gc,phases   ] GC(82)   Post Evacuate Collection Set: 1.69ms
[2026-09-18T08:37:43.410+0000][188.516s][info][gc,phases   ] GC(82)   Other: 0.10ms
[2026-09-18T08:37:43.410+0000][188.516s][info][gc,heap     ] GC(82) Eden regions: 226->0(225)
[2026-09-18T08:37:43.410+0000][188.516s][info][gc,heap     ] GC(82) Survivor regions: 15->16(31)
[2026-09-18T08:37:43.410+0000][188.516s][info][gc,heap     ] GC(82) Old regions: 375->375
[2026-09-18T08:37:43.410+0000][188.516s][info][gc,heap     ] GC(82) Humongous regions: 0->0
[2026-09-18T08:37:43.410+0000][188.516s][info][gc,metaspace] GC(82) Metaspace: 165534K(167232K)->165534K(167232K) NonClass: 139128K(140096K)->139128K(140096K) Class: 26406K(27136K)->26406K(27136K)
[2026-09-18T08:37:43.410+0000][188.516s][info][gc          ] GC(82) Pause Young (Concurrent Start) (G1 Evacuation Pause) 4923M->3123M(5192M) 130.301ms
[2026-09-18T08:37:43.410+0000][188.516s][info][gc,cpu      ] GC(82) User=0.51s Sys=0.00s Real=0.13s
[2026-09-18T08:37:43.410+0000][188.516s][info][gc          ] GC(83) Concurrent Mark Cycle
[2026-09-18T08:37:43.410+0000][188.516s][info][gc,marking  ] GC(83) Concurrent Scan Root Regions
[2026-09-18T08:37:43.453+0000][188.559s][info][gc,marking  ] GC(83) Concurrent Scan Root Regions 42.670ms
[2026-09-18T08:37:43.453+0000][188.559s][info][gc,marking  ] GC(83) Concurrent Mark
[2026-09-18T08:37:43.453+0000][188.559s][info][gc,marking  ] GC(83) Concurrent Mark From Roots
[2026-09-18T08:37:43.453+0000][188.559s][info][gc,task     ] GC(83) Using 1 workers of 1 for marking
[2026-09-18T08:37:45.950+0000][191.056s][info][gc,marking  ] GC(83) Concurrent Mark From Roots 2496.964ms
[2026-09-18T08:37:45.950+0000][191.056s][info][gc,marking  ] GC(83) Concurrent Preclean
[2026-09-18T08:37:45.951+0000][191.057s][info][gc,marking  ] GC(83) Concurrent Preclean 0.474ms
[2026-09-18T08:37:45.951+0000][191.057s][info][gc,start    ] GC(83) Pause Remark
[2026-09-18T08:37:45.958+0000][191.064s][info][gc          ] GC(83) Pause Remark 4047M->4047M(5216M) 7.476ms
[2026-09-18T08:37:45.958+0000][191.064s][info][gc,cpu      ] GC(83) User=0.03s Sys=0.00s Real=0.01s
[2026-09-18T08:37:45.958+0000][191.064s][info][gc,marking  ] GC(83) Concurrent Mark 2505.221ms
[2026-09-18T08:37:45.958+0000][191.064s][info][gc,marking  ] GC(83) Concurrent Rebuild Remembered Sets and Scrub Regions
[2026-09-18T08:37:47.121+0000][192.228s][info][gc,start    ] GC(84) Pause Young (Normal) (G1 Evacuation Pause)
[2026-09-18T08:37:47.122+0000][192.228s][info][gc,task     ] GC(84) Using 4 workers of 4 for evacuation
[2026-09-18T08:37:47.282+0000][192.388s][info][gc,phases   ] GC(84)   Pre Evacuate Collection Set: 0.13ms
[2026-09-18T08:37:47.282+0000][192.388s][info][gc,phases   ] GC(84)   Merge Heap Roots: 5.76ms
[2026-09-18T08:37:47.282+0000][192.388s][info][gc,phases   ] GC(84)   Evacuate Collection Set: 152.16ms
[2026-09-18T08:37:47.282+0000][192.388s][info][gc,phases   ] GC(84)   Post Evacuate Collection Set: 2.33ms
[2026-09-18T08:37:47.282+0000][192.388s][info][gc,phases   ] GC(84)   Other: 0.06ms
[2026-09-18T08:37:47.282+0000][192.388s][info][gc,heap     ] GC(84) Eden regions: 174->0(226)
[2026-09-18T08:37:47.282+0000][192.388s][info][gc,heap     ] GC(84) Survivor regions: 16->12(24)
[2026-09-18T08:37:47.282+0000][192.388s][info][gc,heap     ] GC(84) Old regions: 375->380
[2026-09-18T08:37:47.282+0000][192.388s][info][gc,heap     ] GC(84) Humongous regions: 0->0
[2026-09-18T08:37:47.282+0000][192.388s][info][gc,metaspace] GC(84) Metaspace: 165545K(167232K)->165545K(167232K) NonClass: 139139K(140096K)->139139K(140096K) Class: 26406K(27136K)->26406K(27136K)
[2026-09-18T08:37:47.282+0000][192.388s][info][gc          ] GC(84) Pause Young (Normal) (G1 Evacuation Pause) 4515M->3131M(5216M) 160.607ms
[2026-09-18T08:37:47.282+0000][192.388s][info][gc,cpu      ] GC(84) User=0.63s Sys=0.00s Real=0.16s
[2026-09-18T08:37:47.649+0000][192.755s][info][gc,marking  ] GC(83) Concurrent Rebuild Remembered Sets and Scrub Regions 1690.746ms
[2026-09-18T08:37:47.649+0000][192.755s][info][gc,start    ] GC(83) Pause Cleanup
[2026-09-18T08:37:47.650+0000][192.756s][info][gc          ] GC(83) Pause Cleanup 3275M->3275M(5216M) 0.201ms
[2026-09-18T08:37:47.650+0000][192.756s][info][gc,cpu      ] GC(83) User=0.00s Sys=0.00s Real=0.00s
[2026-09-18T08:37:47.650+0000][192.756s][info][gc,marking  ] GC(83) Concurrent Clear Claimed Marks
[2026-09-18T08:37:47.650+0000][192.756s][info][gc,marking  ] GC(83) Concurrent Clear Claimed Marks 0.201ms
[2026-09-18T08:37:47.650+0000][192.756s][info][gc,marking  ] GC(83) Concurrent Cleanup for Next Mark
[2026-09-18T08:37:47.655+0000][192.762s][info][gc,marking  ] GC(83) Concurrent Cleanup for Next Mark 5.030ms
[2026-09-18T08:37:47.655+0000][192.762s][info][gc          ] GC(83) Concurrent Mark Cycle 4245.117ms
[2026-09-18T08:37:51.688+0000][196.794s][info][gc,start    ] GC(85) Pause Young (Prepare Mixed) (G1 Evacuation Pause)
[2026-09-18T08:37:51.688+0000][196.794s][info][gc,task     ] GC(85) Using 4 workers of 4 for evacuation
[2026-09-18T08:37:51.812+0000][196.918s][info][gc,phases   ] GC(85)   Pre Evacuate Collection Set: 0.20ms
[2026-09-18T08:37:51.812+0000][196.918s][info][gc,phases   ] GC(85)   Merge Heap Roots: 4.01ms
[2026-09-18T08:37:51.812+0000][196.918s][info][gc,phases   ] GC(85)   Evacuate Collection Set: 117.36ms
[2026-09-18T08:37:51.812+0000][196.918s][info][gc,phases   ] GC(85)   Post Evacuate Collection Set: 1.56ms
[2026-09-18T08:37:51.812+0000][196.918s][info][gc,phases   ] GC(85)   Other: 0.06ms
[2026-09-18T08:37:51.812+0000][196.918s][info][gc,heap     ] GC(85) Eden regions: 226->0(224)
[2026-09-18T08:37:51.812+0000][196.918s][info][gc,heap     ] GC(85) Survivor regions: 12->14(30)
[2026-09-18T08:37:51.812+0000][196.918s][info][gc,heap     ] GC(85) Old regions: 380->380
[2026-09-18T08:37:51.812+0000][196.918s][info][gc,heap     ] GC(85) Humongous regions: 0->0
[2026-09-18T08:37:51.812+0000][196.918s][info][gc,metaspace] GC(85) Metaspace: 165599K(167296K)->165599K(167296K) NonClass: 139193K(140160K)->139193K(140160K) Class: 26406K(27136K)->26406K(27136K)
[2026-09-18T08:37:51.812+0000][196.918s][info][gc          ] GC(85) Pause Young (Prepare Mixed) (G1 Evacuation Pause) 4939M->3143M(5216M) 123.356ms
[2026-09-18T08:37:51.812+0000][196.918s][info][gc,cpu      ] GC(85) User=0.49s Sys=0.00s Real=0.13s
[2026-09-18T08:37:55.985+0000][201.091s][info][gc,start    ] GC(86) Pause Young (Mixed) (G1 Evacuation Pause)
[2026-09-18T08:37:55.985+0000][201.091s][info][gc,task     ] GC(86) Using 4 workers of 4 for evacuation
[2026-09-18T08:37:56.129+0000][201.235s][info][gc,phases   ] GC(86)   Pre Evacuate Collection Set: 0.20ms
[2026-09-18T08:37:56.129+0000][201.235s][info][gc,phases   ] GC(86)   Merge Heap Roots: 3.64ms
[2026-09-18T08:37:56.129+0000][201.235s][info][gc,phases   ] GC(86)   Evacuate Collection Set: 138.03ms
[2026-09-18T08:37:56.129+0000][201.235s][info][gc,phases   ] GC(86)   Post Evacuate Collection Set: 2.30ms
[2026-09-18T08:37:56.129+0000][201.235s][info][gc,phases   ] GC(86)   Other: 0.06ms
[2026-09-18T08:37:56.129+0000][201.235s][info][gc,heap     ] GC(86) Eden regions: 224->0(226)
[2026-09-18T08:37:56.129+0000][201.235s][info][gc,heap     ] GC(86) Survivor regions: 14->15(30)
[2026-09-18T08:37:56.129+0000][201.235s][info][gc,heap     ] GC(86) Old regions: 380->377
[2026-09-18T08:37:56.129+0000][201.235s][info][gc,heap     ] GC(86) Humongous regions: 0->0
[2026-09-18T08:37:56.129+0000][201.235s][info][gc,metaspace] GC(86) Metaspace: 165612K(167296K)->165612K(167296K) NonClass: 139206K(140160K)->139206K(140160K) Class: 26406K(27136K)->26406K(27136K)
[2026-09-18T08:37:56.129+0000][201.235s][info][gc          ] GC(86) Pause Young (Mixed) (G1 Evacuation Pause) 4935M->3130M(5216M) 144.407ms
[2026-09-18T08:37:56.129+0000][201.235s][info][gc,cpu      ] GC(86) User=0.56s Sys=0.01s Real=0.14s
[2026-09-18T08:38:00.371+0000][205.477s][info][gc,start    ] GC(87) Pause Young (Concurrent Start) (G1 Evacuation Pause)
[2026-09-18T08:38:00.371+0000][205.477s][info][gc,task     ] GC(87) Using 4 workers of 4 for evacuation
[2026-09-18T08:38:00.496+0000][205.602s][info][gc,phases   ] GC(87)   Pre Evacuate Collection Set: 0.21ms
[2026-09-18T08:38:00.496+0000][205.602s][info][gc,phases   ] GC(87)   Merge Heap Roots: 3.80ms
[2026-09-18T08:38:00.496+0000][205.602s][info][gc,phases   ] GC(87)   Evacuate Collection Set: 119.53ms
[2026-09-18T08:38:00.496+0000][205.602s][info][gc,phases   ] GC(87)   Post Evacuate Collection Set: 1.67ms
[2026-09-18T08:38:00.496+0000][205.602s][info][gc,phases   ] GC(87)   Other: 0.09ms
[2026-09-18T08:38:00.496+0000][205.602s][info][gc,heap     ] GC(87) Eden regions: 226->0(226)
[2026-09-18T08:38:00.496+0000][205.602s][info][gc,heap     ] GC(87) Survivor regions: 15->15(31)
[2026-09-18T08:38:00.496+0000][205.602s][info][gc,heap     ] GC(87) Old regions: 377->377
[2026-09-18T08:38:00.496+0000][205.602s][info][gc,heap     ] GC(87) Humongous regions: 0->0
[2026-09-18T08:38:00.496+0000][205.602s][info][gc,metaspace] GC(87) Metaspace: 165618K(167296K)->165618K(167296K) NonClass: 139212K(140160K)->139212K(140160K) Class: 26406K(27136K)->26406K(27136K)
[2026-09-18T08:38:00.496+0000][205.602s][info][gc          ] GC(87) Pause Young (Concurrent Start) (G1 Evacuation Pause) 4938M->3130M(5216M) 125.458ms
[2026-09-18T08:38:00.496+0000][205.602s][info][gc,cpu      ] GC(87) User=0.49s Sys=0.00s Real=0.13s
[2026-09-18T08:38:00.496+0000][205.602s][info][gc          ] GC(88) Concurrent Mark Cycle
[2026-09-18T08:38:00.496+0000][205.602s][info][gc,marking  ] GC(88) Concurrent Scan Root Regions
[2026-09-18T08:38:00.538+0000][205.644s][info][gc,marking  ] GC(88) Concurrent Scan Root Regions 41.962ms
[2026-09-18T08:38:00.538+0000][205.644s][info][gc,marking  ] GC(88) Concurrent Mark
[2026-09-18T08:38:00.538+0000][205.644s][info][gc,marking  ] GC(88) Concurrent Mark From Roots
[2026-09-18T08:38:00.538+0000][205.644s][info][gc,task     ] GC(88) Using 1 workers of 1 for marking
[2026-09-18T08:38:02.962+0000][208.068s][info][gc,marking  ] GC(88) Concurrent Mark From Roots 2423.547ms
[2026-09-18T08:38:02.962+0000][208.068s][info][gc,marking  ] GC(88) Concurrent Preclean
[2026-09-18T08:38:02.962+0000][208.068s][info][gc,marking  ] GC(88) Concurrent Preclean 0.454ms
[2026-09-18T08:38:02.962+0000][208.068s][info][gc,start    ] GC(88) Pause Remark
[2026-09-18T08:38:02.970+0000][208.076s][info][gc          ] GC(88) Pause Remark 4118M->4118M(5232M) 7.221ms
[2026-09-18T08:38:02.970+0000][208.076s][info][gc,cpu      ] GC(88) User=0.02s Sys=0.00s Real=0.00s
[2026-09-18T08:38:02.970+0000][208.076s][info][gc,marking  ] GC(88) Concurrent Mark 2431.537ms
[2026-09-18T08:38:02.970+0000][208.076s][info][gc,marking  ] GC(88) Concurrent Rebuild Remembered Sets and Scrub Regions
[2026-09-18T08:38:04.597+0000][209.703s][info][gc,marking  ] GC(88) Concurrent Rebuild Remembered Sets and Scrub Regions 1627.415ms
[2026-09-18T08:38:04.597+0000][209.703s][info][gc,start    ] GC(88) Pause Cleanup
[2026-09-18T08:38:04.597+0000][209.704s][info][gc          ] GC(88) Pause Cleanup 4786M->4786M(5232M) 0.201ms
[2026-09-18T08:38:04.597+0000][209.704s][info][gc,cpu      ] GC(88) User=0.00s Sys=0.00s Real=0.00s
[2026-09-18T08:38:04.598+0000][209.704s][info][gc,marking  ] GC(88) Concurrent Clear Claimed Marks
[2026-09-18T08:38:04.598+0000][209.704s][info][gc,marking  ] GC(88) Concurrent Clear Claimed Marks 0.207ms
[2026-09-18T08:38:04.598+0000][209.704s][info][gc,marking  ] GC(88) Concurrent Cleanup for Next Mark
[2026-09-18T08:38:04.602+0000][209.708s][info][gc,marking  ] GC(88) Concurrent Cleanup for Next Mark 4.522ms
[2026-09-18T08:38:04.602+0000][209.708s][info][gc          ] GC(88) Concurrent Mark Cycle 4106.239ms
[2026-09-18T08:38:05.072+0000][210.178s][info][gc,start    ] GC(89) Pause Young (Prepare Mixed) (G1 Evacuation Pause)
[2026-09-18T08:38:05.072+0000][210.178s][info][gc,task     ] GC(89) Using 4 workers of 4 for evacuation
[2026-09-18T08:38:05.199+0000][210.305s][info][gc,phases   ] GC(89)   Pre Evacuate Collection Set: 0.18ms
[2026-09-18T08:38:05.199+0000][210.305s][info][gc,phases   ] GC(89)   Merge Heap Roots: 4.07ms
[2026-09-18T08:38:05.199+0000][210.305s][info][gc,phases   ] GC(89)   Evacuate Collection Set: 120.69ms
[2026-09-18T08:38:05.199+0000][210.305s][info][gc,phases   ] GC(89)   Post Evacuate Collection Set: 1.60ms
[2026-09-18T08:38:05.199+0000][210.305s][info][gc,phases   ] GC(89)   Other: 0.05ms
[2026-09-18T08:38:05.199+0000][210.305s][info][gc,heap     ] GC(89) Eden regions: 226->0(226)
[2026-09-18T08:38:05.199+0000][210.305s][info][gc,heap     ] GC(89) Survivor regions: 15->17(31)
[2026-09-18T08:38:05.199+0000][210.305s][info][gc,heap     ] GC(89) Old regions: 377->377
[2026-09-18T08:38:05.199+0000][210.305s][info][gc,heap     ] GC(89) Humongous regions: 0->0
[2026-09-18T08:38:05.199+0000][210.305s][info][gc,metaspace] GC(89) Metaspace: 165633K(167296K)->165633K(167296K) NonClass: 139227K(140160K)->139227K(140160K) Class: 26406K(27136K)->26406K(27136K)
[2026-09-18T08:38:05.199+0000][210.305s][info][gc          ] GC(89) Pause Young (Prepare Mixed) (G1 Evacuation Pause) 4938M->3146M(5232M) 126.732ms
[2026-09-18T08:38:05.199+0000][210.305s][info][gc,cpu      ] GC(89) User=0.50s Sys=0.00s Real=0.12s
[2026-09-18T08:38:09.541+0000][214.647s][info][gc,start    ] GC(90) Pause Young (Mixed) (G1 Evacuation Pause)
[2026-09-18T08:38:09.541+0000][214.647s][info][gc,task     ] GC(90) Using 4 workers of 4 for evacuation
[2026-09-18T08:38:09.685+0000][214.791s][info][gc,phases   ] GC(90)   Pre Evacuate Collection Set: 0.19ms
[2026-09-18T08:38:09.685+0000][214.791s][info][gc,phases   ] GC(90)   Merge Heap Roots: 3.38ms
[2026-09-18T08:38:09.685+0000][214.791s][info][gc,phases   ] GC(90)   Evacuate Collection Set: 138.74ms
[2026-09-18T08:38:09.685+0000][214.791s][info][gc,phases   ] GC(90)   Post Evacuate Collection Set: 1.75ms
[2026-09-18T08:38:09.685+0000][214.791s][info][gc,phases   ] GC(90)   Other: 0.05ms
[2026-09-18T08:38:09.685+0000][214.791s][info][gc,heap     ] GC(90) Eden regions: 226->0(227)
[2026-09-18T08:38:09.685+0000][214.791s][info][gc,heap     ] GC(90) Survivor regions: 17->17(31)
[2026-09-18T08:38:09.685+0000][214.791s][info][gc,heap     ] GC(90) Old regions: 377->376
[2026-09-18T08:38:09.685+0000][214.791s][info][gc,heap     ] GC(90) Humongous regions: 0->0
[2026-09-18T08:38:09.685+0000][214.791s][info][gc,metaspace] GC(90) Metaspace: 165644K(167296K)->165644K(167296K) NonClass: 139237K(140160K)->139237K(140160K) Class: 26406K(27136K)->26406K(27136K)
[2026-09-18T08:38:09.685+0000][214.791s][info][gc          ] GC(90) Pause Young (Mixed) (G1 Evacuation Pause) 4954M->3138M(5232M) 144.269ms
[2026-09-18T08:38:09.685+0000][214.791s][info][gc,cpu      ] GC(90) User=0.57s Sys=0.00s Real=0.15s
[2026-09-18T08:38:13.958+0000][219.064s][info][gc,start    ] GC(91) Pause Young (Concurrent Start) (G1 Evacuation Pause)
[2026-09-18T08:38:13.958+0000][219.064s][info][gc,task     ] GC(91) Using 4 workers of 4 for evacuation
[2026-09-18T08:38:14.091+0000][219.197s][info][gc,phases   ] GC(91)   Pre Evacuate Collection Set: 0.20ms
[2026-09-18T08:38:14.091+0000][219.197s][info][gc,phases   ] GC(91)   Merge Heap Roots: 5.19ms
[2026-09-18T08:38:14.091+0000][219.197s][info][gc,phases   ] GC(91)   Evacuate Collection Set: 125.99ms
[2026-09-18T08:38:14.091+0000][219.197s][info][gc,phases   ] GC(91)   Post Evacuate Collection Set: 1.92ms
[2026-09-18T08:38:14.091+0000][219.197s][info][gc,phases   ] GC(91)   Other: 0.11ms
[2026-09-18T08:38:14.091+0000][219.197s][info][gc,heap     ] GC(91) Eden regions: 227->0(226)
[2026-09-18T08:38:14.091+0000][219.197s][info][gc,heap     ] GC(91) Survivor regions: 17->17(31)
[2026-09-18T08:38:14.091+0000][219.197s][info][gc,heap     ] GC(91) Old regions: 376->377
[2026-09-18T08:38:14.091+0000][219.197s][info][gc,heap     ] GC(91) Humongous regions: 0->0
[2026-09-18T08:38:14.091+0000][219.197s][info][gc,metaspace] GC(91) Metaspace: 165716K(167360K)->165716K(167360K) NonClass: 139296K(140224K)->139296K(140224K) Class: 26420K(27136K)->26420K(27136K)
[2026-09-18T08:38:14.091+0000][219.197s][info][gc          ] GC(91) Pause Young (Concurrent Start) (G1 Evacuation Pause) 4954M->3150M(5232M) 133.577ms
[2026-09-18T08:38:14.091+0000][219.197s][info][gc,cpu      ] GC(91) User=0.52s Sys=0.00s Real=0.13s
[2026-09-18T08:38:14.091+0000][219.197s][info][gc          ] GC(92) Concurrent Mark Cycle
[2026-09-18T08:38:14.091+0000][219.197s][info][gc,marking  ] GC(92) Concurrent Scan Root Regions
[2026-09-18T08:38:14.163+0000][219.269s][info][gc,marking  ] GC(92) Concurrent Scan Root Regions 71.789ms
[2026-09-18T08:38:14.163+0000][219.269s][info][gc,marking  ] GC(92) Concurrent Mark
[2026-09-18T08:38:14.163+0000][219.269s][info][gc,marking  ] GC(92) Concurrent Mark From Roots
[2026-09-18T08:38:14.163+0000][219.269s][info][gc,task     ] GC(92) Using 1 workers of 1 for marking
[2026-09-18T08:38:16.661+0000][221.767s][info][gc,marking  ] GC(92) Concurrent Mark From Roots 2497.975ms
[2026-09-18T08:38:16.661+0000][221.767s][info][gc,marking  ] GC(92) Concurrent Preclean
[2026-09-18T08:38:16.662+0000][221.768s][info][gc,marking  ] GC(92) Concurrent Preclean 0.498ms
[2026-09-18T08:38:16.662+0000][221.768s][info][gc,start    ] GC(92) Pause Remark
[2026-09-18T08:38:16.669+0000][221.775s][info][gc          ] GC(92) Pause Remark 4166M->4166M(5256M) 6.961ms
[2026-09-18T08:38:16.669+0000][221.775s][info][gc,cpu      ] GC(92) User=0.02s Sys=0.00s Real=0.00s
[2026-09-18T08:38:16.669+0000][221.775s][info][gc,marking  ] GC(92) Concurrent Mark 2505.775ms
[2026-09-18T08:38:16.669+0000][221.775s][info][gc,marking  ] GC(92) Concurrent Rebuild Remembered Sets and Scrub Regions
[2026-09-18T08:38:17.669+0000][222.775s][info][gc,start    ] GC(93) Pause Young (Normal) (G1 Evacuation Pause)
[2026-09-18T08:38:17.670+0000][222.776s][info][gc,task     ] GC(93) Using 4 workers of 4 for evacuation
[2026-09-18T08:38:17.834+0000][222.940s][info][gc,phases   ] GC(93)   Pre Evacuate Collection Set: 0.15ms
[2026-09-18T08:38:17.834+0000][222.940s][info][gc,phases   ] GC(93)   Merge Heap Roots: 4.43ms
[2026-09-18T08:38:17.834+0000][222.940s][info][gc,phases   ] GC(93)   Evacuate Collection Set: 157.11ms
[2026-09-18T08:38:17.834+0000][222.940s][info][gc,phases   ] GC(93)   Post Evacuate Collection Set: 2.40ms
[2026-09-18T08:38:17.834+0000][222.940s][info][gc,phases   ] GC(93)   Other: 0.05ms
[2026-09-18T08:38:17.834+0000][222.940s][info][gc,heap     ] GC(93) Eden regions: 178->0(226)
[2026-09-18T08:38:17.834+0000][222.940s][info][gc,heap     ] GC(93) Survivor regions: 17->15(25)
[2026-09-18T08:38:17.834+0000][222.940s][info][gc,heap     ] GC(93) Old regions: 377->382
[2026-09-18T08:38:17.834+0000][222.940s][info][gc,heap     ] GC(93) Humongous regions: 0->0
[2026-09-18T08:38:17.834+0000][222.940s][info][gc,metaspace] GC(93) Metaspace: 165920K(167616K)->165920K(167616K) NonClass: 139482K(140416K)->139482K(140416K) Class: 26437K(27200K)->26437K(27200K)
[2026-09-18T08:38:17.834+0000][222.940s][info][gc          ] GC(93) Pause Young (Normal) (G1 Evacuation Pause) 4574M->3169M(5256M) 164.298ms
[2026-09-18T08:38:17.834+0000][222.940s][info][gc,cpu      ] GC(93) User=0.66s Sys=0.00s Real=0.17s
[2026-09-18T08:38:18.393+0000][223.499s][info][gc,marking  ] GC(92) Concurrent Rebuild Remembered Sets and Scrub Regions 1723.802ms
[2026-09-18T08:38:18.393+0000][223.499s][info][gc,start    ] GC(92) Pause Cleanup
[2026-09-18T08:38:18.393+0000][223.499s][info][gc          ] GC(92) Pause Cleanup 3421M->3421M(5256M) 0.204ms
[2026-09-18T08:38:18.393+0000][223.499s][info][gc,cpu      ] GC(92) User=0.00s Sys=0.00s Real=0.00s
[2026-09-18T08:38:18.393+0000][223.499s][info][gc,marking  ] GC(92) Concurrent Clear Claimed Marks
[2026-09-18T08:38:18.394+0000][223.500s][info][gc,marking  ] GC(92) Concurrent Clear Claimed Marks 0.196ms
[2026-09-18T08:38:18.394+0000][223.500s][info][gc,marking  ] GC(92) Concurrent Cleanup for Next Mark
[2026-09-18T08:38:18.399+0000][223.505s][info][gc,marking  ] GC(92) Concurrent Cleanup for Next Mark 5.373ms
[2026-09-18T08:38:18.399+0000][223.505s][info][gc          ] GC(92) Concurrent Mark Cycle 4307.835ms
[2026-09-18T08:38:20.530+0000][225.636s][info][gc,start    ] GC(94) Pause Young (Prepare Mixed) (G1 Evacuation Pause)
[2026-09-18T08:38:20.530+0000][225.636s][info][gc,task     ] GC(94) Using 4 workers of 4 for evacuation
[2026-09-18T08:38:20.677+0000][225.784s][info][gc,phases   ] GC(94)   Pre Evacuate Collection Set: 0.17ms
[2026-09-18T08:38:20.677+0000][225.784s][info][gc,phases   ] GC(94)   Merge Heap Roots: 5.37ms
[2026-09-18T08:38:20.678+0000][225.784s][info][gc,phases   ] GC(94)   Evacuate Collection Set: 140.17ms
[2026-09-18T08:38:20.678+0000][225.784s][info][gc,phases   ] GC(94)   Post Evacuate Collection Set: 1.72ms
[2026-09-18T08:38:20.678+0000][225.784s][info][gc,phases   ] GC(94)   Other: 0.05ms
[2026-09-18T08:38:20.678+0000][225.784s][info][gc,heap     ] GC(94) Eden regions: 141->0(226)
[2026-09-18T08:38:20.678+0000][225.784s][info][gc,heap     ] GC(94) Survivor regions: 15->11(20)
[2026-09-18T08:38:20.678+0000][225.784s][info][gc,heap     ] GC(94) Old regions: 382->386
[2026-09-18T08:38:20.678+0000][225.784s][info][gc,heap     ] GC(94) Humongous regions: 0->0
[2026-09-18T08:38:20.678+0000][225.784s][info][gc,metaspace] GC(94) Metaspace: 165931K(167616K)->165931K(167616K) NonClass: 139494K(140416K)->139494K(140416K) Class: 26437K(27200K)->26437K(27200K)
[2026-09-18T08:38:20.678+0000][225.784s][info][gc          ] GC(94) Pause Young (Prepare Mixed) (G1 Evacuation Pause) 4297M->3174M(5256M) 147.631ms
[2026-09-18T08:38:20.678+0000][225.784s][info][gc,cpu      ] GC(94) User=0.57s Sys=0.00s Real=0.15s
[2026-09-18T08:38:24.902+0000][230.008s][info][gc,start    ] GC(95) Pause Young (Mixed) (G1 Evacuation Pause)
[2026-09-18T08:38:24.902+0000][230.008s][info][gc,task     ] GC(95) Using 4 workers of 4 for evacuation
[2026-09-18T08:38:25.034+0000][230.140s][info][gc,phases   ] GC(95)   Pre Evacuate Collection Set: 0.18ms
[2026-09-18T08:38:25.034+0000][230.140s][info][gc,phases   ] GC(95)   Merge Heap Roots: 3.28ms
[2026-09-18T08:38:25.034+0000][230.140s][info][gc,phases   ] GC(95)   Evacuate Collection Set: 126.58ms
[2026-09-18T08:38:25.034+0000][230.140s][info][gc,phases   ] GC(95)   Post Evacuate Collection Set: 1.49ms
[2026-09-18T08:38:25.034+0000][230.140s][info][gc,phases   ] GC(95)   Other: 0.05ms
[2026-09-18T08:38:25.034+0000][230.140s][info][gc,heap     ] GC(95) Eden regions: 226->0(226)
[2026-09-18T08:38:25.034+0000][230.140s][info][gc,heap     ] GC(95) Survivor regions: 11->13(30)
[2026-09-18T08:38:25.034+0000][230.140s][info][gc,heap     ] GC(95) Old regions: 386->384
[2026-09-18T08:38:25.034+0000][230.140s][info][gc,heap     ] GC(95) Humongous regions: 0->0
[2026-09-18T08:38:25.034+0000][230.140s][info][gc,metaspace] GC(95) Metaspace: 165935K(167616K)->165935K(167616K) NonClass: 139497K(140416K)->139497K(140416K) Class: 26437K(27200K)->26437K(27200K)
[2026-09-18T08:38:25.034+0000][230.140s][info][gc          ] GC(95) Pause Young (Mixed) (G1 Evacuation Pause) 4982M->3171M(5256M) 131.755ms
[2026-09-18T08:38:25.034+0000][230.140s][info][gc,cpu      ] GC(95) User=0.52s Sys=0.00s Real=0.13s
[2026-09-18T08:38:29.171+0000][234.277s][info][gc,start    ] GC(96) Pause Young (Concurrent Start) (G1 Evacuation Pause)
[2026-09-18T08:38:29.171+0000][234.277s][info][gc,task     ] GC(96) Using 4 workers of 4 for evacuation
[2026-09-18T08:38:29.289+0000][234.395s][info][gc,phases   ] GC(96)   Pre Evacuate Collection Set: 0.20ms
[2026-09-18T08:38:29.289+0000][234.395s][info][gc,phases   ] GC(96)   Merge Heap Roots: 2.99ms
[2026-09-18T08:38:29.289+0000][234.395s][info][gc,phases   ] GC(96)   Evacuate Collection Set: 112.77ms
[2026-09-18T08:38:29.289+0000][234.395s][info][gc,phases   ] GC(96)   Post Evacuate Collection Set: 1.63ms
[2026-09-18T08:38:29.289+0000][234.395s][info][gc,phases   ] GC(96)   Other: 0.10ms
[2026-09-18T08:38:29.289+0000][234.395s][info][gc,heap     ] GC(96) Eden regions: 226->0(225)
[2026-09-18T08:38:29.289+0000][234.395s][info][gc,heap     ] GC(96) Survivor regions: 13->14(30)
[2026-09-18T08:38:29.289+0000][234.395s][info][gc,heap     ] GC(96) Old regions: 384->384
[2026-09-18T08:38:29.289+0000][234.395s][info][gc,heap     ] GC(96) Humongous regions: 0->0
[2026-09-18T08:38:29.289+0000][234.395s][info][gc,metaspace] GC(96) Metaspace: 165981K(167680K)->165981K(167680K) NonClass: 139543K(140480K)->139543K(140480K) Class: 26437K(27200K)->26437K(27200K)
[2026-09-18T08:38:29.289+0000][234.395s][info][gc          ] GC(96) Pause Young (Concurrent Start) (G1 Evacuation Pause) 4979M->3183M(5256M) 117.864ms
[2026-09-18T08:38:29.289+0000][234.395s][info][gc,cpu      ] GC(96) User=0.47s Sys=0.00s Real=0.12s
[2026-09-18T08:38:29.289+0000][234.395s][info][gc          ] GC(97) Concurrent Mark Cycle
[2026-09-18T08:38:29.289+0000][234.395s][info][gc,marking  ] GC(97) Concurrent Scan Root Regions
[2026-09-18T08:38:29.327+0000][234.434s][info][gc,marking  ] GC(97) Concurrent Scan Root Regions 38.752ms
[2026-09-18T08:38:29.328+0000][234.434s][info][gc,marking  ] GC(97) Concurrent Mark
[2026-09-18T08:38:29.328+0000][234.434s][info][gc,marking  ] GC(97) Concurrent Mark From Roots
[2026-09-18T08:38:29.328+0000][234.434s][info][gc,task     ] GC(97) Using 1 workers of 1 for marking
[2026-09-18T08:38:31.797+0000][236.903s][info][gc,marking  ] GC(97) Concurrent Mark From Roots 2469.422ms
[2026-09-18T08:38:31.797+0000][236.903s][info][gc,marking  ] GC(97) Concurrent Preclean
[2026-09-18T08:38:31.798+0000][236.904s][info][gc,marking  ] GC(97) Concurrent Preclean 0.624ms
[2026-09-18T08:38:31.798+0000][236.904s][info][gc,start    ] GC(97) Pause Remark
[2026-09-18T08:38:31.805+0000][236.911s][info][gc          ] GC(97) Pause Remark 4155M->4155M(5312M) 7.173ms
[2026-09-18T08:38:31.805+0000][236.911s][info][gc,cpu      ] GC(97) User=0.03s Sys=0.00s Real=0.01s
[2026-09-18T08:38:31.805+0000][236.911s][info][gc,marking  ] GC(97) Concurrent Mark 2477.545ms
[2026-09-18T08:38:31.805+0000][236.911s][info][gc,marking  ] GC(97) Concurrent Rebuild Remembered Sets and Scrub Regions
[2026-09-18T08:38:33.395+0000][238.502s][info][gc,marking  ] GC(97) Concurrent Rebuild Remembered Sets and Scrub Regions 1590.389ms
[2026-09-18T08:38:33.396+0000][238.502s][info][gc,start    ] GC(97) Pause Cleanup
[2026-09-18T08:38:33.396+0000][238.502s][info][gc          ] GC(97) Pause Cleanup 4779M->4779M(5312M) 0.198ms
[2026-09-18T08:38:33.396+0000][238.502s][info][gc,cpu      ] GC(97) User=0.00s Sys=0.00s Real=0.00s
[2026-09-18T08:38:33.396+0000][238.502s][info][gc,marking  ] GC(97) Concurrent Clear Claimed Marks
[2026-09-18T08:38:33.396+0000][238.502s][info][gc,marking  ] GC(97) Concurrent Clear Claimed Marks 0.203ms
[2026-09-18T08:38:33.396+0000][238.502s][info][gc,marking  ] GC(97) Concurrent Cleanup for Next Mark
[2026-09-18T08:38:33.401+0000][238.507s][info][gc,marking  ] GC(97) Concurrent Cleanup for Next Mark 4.990ms
[2026-09-18T08:38:33.401+0000][238.508s][info][gc          ] GC(97) Concurrent Mark Cycle 4112.745ms
[2026-09-18T08:38:33.856+0000][238.962s][info][gc,start    ] GC(98) Pause Young (Prepare Mixed) (G1 Evacuation Pause)
[2026-09-18T08:38:33.856+0000][238.962s][info][gc,task     ] GC(98) Using 4 workers of 4 for evacuation
[2026-09-18T08:38:33.977+0000][239.083s][info][gc,phases   ] GC(98)   Pre Evacuate Collection Set: 0.17ms
[2026-09-18T08:38:33.977+0000][239.083s][info][gc,phases   ] GC(98)   Merge Heap Roots: 3.18ms
[2026-09-18T08:38:33.977+0000][239.084s][info][gc,phases   ] GC(98)   Evacuate Collection Set: 115.73ms
[2026-09-18T08:38:33.977+0000][239.084s][info][gc,phases   ] GC(98)   Post Evacuate Collection Set: 1.87ms
[2026-09-18T08:38:33.977+0000][239.084s][info][gc,phases   ] GC(98)   Other: 0.06ms
[2026-09-18T08:38:33.977+0000][239.084s][info][gc,heap     ] GC(98) Eden regions: 225->0(231)
[2026-09-18T08:38:33.977+0000][239.084s][info][gc,heap     ] GC(98) Survivor regions: 14->15(30)
[2026-09-18T08:38:33.977+0000][239.084s][info][gc,heap     ] GC(98) Old regions: 384->384
[2026-09-18T08:38:33.977+0000][239.084s][info][gc,heap     ] GC(98) Humongous regions: 0->0
[2026-09-18T08:38:33.977+0000][239.084s][info][gc,metaspace] GC(98) Metaspace: 165993K(167680K)->165993K(167680K) NonClass: 139555K(140480K)->139555K(140480K) Class: 26438K(27200K)->26438K(27200K)
[2026-09-18T08:38:33.978+0000][239.084s][info][gc          ] GC(98) Pause Young (Prepare Mixed) (G1 Evacuation Pause) 4983M->3187M(5312M) 121.176ms
[2026-09-18T08:38:33.978+0000][239.084s][info][gc,cpu      ] GC(98) User=0.48s Sys=0.00s Real=0.12s
[2026-09-18T08:38:38.253+0000][243.359s][info][gc,start    ] GC(99) Pause Young (Mixed) (G1 Evacuation Pause)
[2026-09-18T08:38:38.253+0000][243.359s][info][gc,task     ] GC(99) Using 4 workers of 4 for evacuation
[2026-09-18T08:38:38.386+0000][243.492s][info][gc,phases   ] GC(99)   Pre Evacuate Collection Set: 0.18ms
[2026-09-18T08:38:38.386+0000][243.492s][info][gc,phases   ] GC(99)   Merge Heap Roots: 3.59ms
[2026-09-18T08:38:38.386+0000][243.492s][info][gc,phases   ] GC(99)   Evacuate Collection Set: 128.19ms
[2026-09-18T08:38:38.386+0000][243.492s][info][gc,phases   ] GC(99)   Post Evacuate Collection Set: 1.57ms
[2026-09-18T08:38:38.386+0000][243.492s][info][gc,phases   ] GC(99)   Other: 0.07ms
[2026-09-18T08:38:38.386+0000][243.492s][info][gc,heap     ] GC(99) Eden regions: 231->0(231)
[2026-09-18T08:38:38.386+0000][243.492s][info][gc,heap     ] GC(99) Survivor regions: 15->16(31)
[2026-09-18T08:38:38.386+0000][243.492s][info][gc,heap     ] GC(99) Old regions: 384->383
[2026-09-18T08:38:38.386+0000][243.492s][info][gc,heap     ] GC(99) Humongous regions: 0->0
[2026-09-18T08:38:38.386+0000][243.492s][info][gc,metaspace] GC(99) Metaspace: 166006K(167680K)->166006K(167680K) NonClass: 139568K(140480K)->139568K(140480K) Class: 26438K(27200K)->26438K(27200K)
[2026-09-18T08:38:38.386+0000][243.492s][info][gc          ] GC(99) Pause Young (Mixed) (G1 Evacuation Pause) 5035M->3180M(5312M) 133.795ms
[2026-09-18T08:38:38.386+0000][243.492s][info][gc,cpu      ] GC(99) User=0.53s Sys=0.00s Real=0.13s
[2026-09-18T08:38:42.616+0000][247.722s][info][gc,start    ] GC(100) Pause Young (Concurrent Start) (G1 Evacuation Pause)
[2026-09-18T08:38:42.616+0000][247.722s][info][gc,task     ] GC(100) Using 4 workers of 4 for evacuation
[2026-09-18T08:38:42.744+0000][247.850s][info][gc,phases   ] GC(100)   Pre Evacuate Collection Set: 0.20ms
[2026-09-18T08:38:42.744+0000][247.850s][info][gc,phases   ] GC(100)   Merge Heap Roots: 2.93ms
[2026-09-18T08:38:42.744+0000][247.850s][info][gc,phases   ] GC(100)   Evacuate Collection Set: 121.86ms
[2026-09-18T08:38:42.744+0000][247.850s][info][gc,phases   ] GC(100)   Post Evacuate Collection Set: 2.44ms
[2026-09-18T08:38:42.744+0000][247.850s][info][gc,phases   ] GC(100)   Other: 0.10ms
[2026-09-18T08:38:42.744+0000][247.850s][info][gc,heap     ] GC(100) Eden regions: 231->0(230)
[2026-09-18T08:38:42.744+0000][247.850s][info][gc,heap     ] GC(100) Survivor regions: 16->17(31)
[2026-09-18T08:38:42.744+0000][247.850s][info][gc,heap     ] GC(100) Old regions: 383->383
[2026-09-18T08:38:42.744+0000][247.850s][info][gc,heap     ] GC(100) Humongous regions: 0->0
[2026-09-18T08:38:42.744+0000][247.850s][info][gc,metaspace] GC(100) Metaspace: 166021K(167808K)->166021K(167808K) NonClass: 139583K(140608K)->139583K(140608K) Class: 26438K(27200K)->26438K(27200K)
[2026-09-18T08:38:42.744+0000][247.850s][info][gc          ] GC(100) Pause Young (Concurrent Start) (G1 Evacuation Pause) 5028M->3188M(5312M) 127.716ms
[2026-09-18T08:38:42.744+0000][247.850s][info][gc,cpu      ] GC(100) User=0.50s Sys=0.01s Real=0.13s
[2026-09-18T08:38:42.744+0000][247.850s][info][gc          ] GC(101) Concurrent Mark Cycle
[2026-09-18T08:38:42.744+0000][247.850s][info][gc,marking  ] GC(101) Concurrent Scan Root Regions
[2026-09-18T08:38:42.795+0000][247.901s][info][gc,marking  ] GC(101) Concurrent Scan Root Regions 50.646ms
[2026-09-18T08:38:42.795+0000][247.901s][info][gc,marking  ] GC(101) Concurrent Mark
[2026-09-18T08:38:42.795+0000][247.901s][info][gc,marking  ] GC(101) Concurrent Mark From Roots
[2026-09-18T08:38:42.795+0000][247.901s][info][gc,task     ] GC(101) Using 1 workers of 1 for marking
[2026-09-18T08:38:45.243+0000][250.349s][info][gc,marking  ] GC(101) Concurrent Mark From Roots 2447.784ms
[2026-09-18T08:38:45.243+0000][250.349s][info][gc,marking  ] GC(101) Concurrent Preclean
[2026-09-18T08:38:45.243+0000][250.349s][info][gc,marking  ] GC(101) Concurrent Preclean 0.423ms
[2026-09-18T08:38:45.243+0000][250.349s][info][gc,start    ] GC(101) Pause Remark
[2026-09-18T08:38:45.250+0000][250.356s][info][gc          ] GC(101) Pause Remark 4172M->4172M(5336M) 6.706ms
[2026-09-18T08:38:45.250+0000][250.356s][info][gc,cpu      ] GC(101) User=0.02s Sys=0.00s Real=0.00s
[2026-09-18T08:38:45.250+0000][250.356s][info][gc,marking  ] GC(101) Concurrent Mark 2455.250ms
[2026-09-18T08:38:45.250+0000][250.356s][info][gc,marking  ] GC(101) Concurrent Rebuild Remembered Sets and Scrub Regions
[2026-09-18T08:38:46.305+0000][251.411s][info][gc,start    ] GC(102) Pause Young (Normal) (G1 Evacuation Pause)
[2026-09-18T08:38:46.305+0000][251.411s][info][gc,task     ] GC(102) Using 4 workers of 4 for evacuation
[2026-09-18T08:38:46.467+0000][251.573s][info][gc,phases   ] GC(102)   Pre Evacuate Collection Set: 0.17ms
[2026-09-18T08:38:46.467+0000][251.573s][info][gc,phases   ] GC(102)   Merge Heap Roots: 4.62ms
[2026-09-18T08:38:46.467+0000][251.573s][info][gc,phases   ] GC(102)   Evacuate Collection Set: 154.24ms
[2026-09-18T08:38:46.467+0000][251.573s][info][gc,phases   ] GC(102)   Post Evacuate Collection Set: 2.52ms
[2026-09-18T08:38:46.467+0000][251.573s][info][gc,phases   ] GC(102)   Other: 0.06ms
[2026-09-18T08:38:46.467+0000][251.573s][info][gc,heap     ] GC(102) Eden regions: 175->0(232)
[2026-09-18T08:38:46.467+0000][251.573s][info][gc,heap     ] GC(102) Survivor regions: 17->14(24)
[2026-09-18T08:38:46.467+0000][251.573s][info][gc,heap     ] GC(102) Old regions: 383->387
[2026-09-18T08:38:46.467+0000][251.573s][info][gc,heap     ] GC(102) Humongous regions: 0->0
[2026-09-18T08:38:46.467+0000][251.573s][info][gc,metaspace] GC(102) Metaspace: 166066K(167808K)->166066K(167808K) NonClass: 139619K(140608K)->139619K(140608K) Class: 26446K(27200K)->26446K(27200K)
[2026-09-18T08:38:46.467+0000][251.573s][info][gc          ] GC(102) Pause Young (Normal) (G1 Evacuation Pause) 4588M->3199M(5336M) 161.765ms
[2026-09-18T08:38:46.467+0000][251.573s][info][gc,cpu      ] GC(102) User=0.64s Sys=0.00s Real=0.16s
[2026-09-18T08:38:47.050+0000][252.156s][info][gc,marking  ] GC(101) Concurrent Rebuild Remembered Sets and Scrub Regions 1799.404ms
[2026-09-18T08:38:47.050+0000][252.156s][info][gc,start    ] GC(101) Pause Cleanup
[2026-09-18T08:38:47.050+0000][252.156s][info][gc          ] GC(101) Pause Cleanup 3411M->3411M(5336M) 0.209ms
[2026-09-18T08:38:47.050+0000][252.156s][info][gc,cpu      ] GC(101) User=0.00s Sys=0.00s Real=0.00s
[2026-09-18T08:38:47.050+0000][252.156s][info][gc,marking  ] GC(101) Concurrent Clear Claimed Marks
[2026-09-18T08:38:47.050+0000][252.156s][info][gc,marking  ] GC(101) Concurrent Clear Claimed Marks 0.207ms
[2026-09-18T08:38:47.050+0000][252.157s][info][gc,marking  ] GC(101) Concurrent Cleanup for Next Mark
[2026-09-18T08:38:47.056+0000][252.162s][info][gc,marking  ] GC(101) Concurrent Cleanup for Next Mark 5.066ms
[2026-09-18T08:38:47.056+0000][252.162s][info][gc          ] GC(101) Concurrent Mark Cycle 4311.441ms
[2026-09-18T08:38:50.926+0000][256.032s][info][gc,start    ] GC(103) Pause Young (Prepare Mixed) (G1 Evacuation Pause)
[2026-09-18T08:38:50.926+0000][256.032s][info][gc,task     ] GC(103) Using 4 workers of 4 for evacuation
[2026-09-18T08:38:51.049+0000][256.155s][info][gc,phases   ] GC(103)   Pre Evacuate Collection Set: 0.17ms
[2026-09-18T08:38:51.049+0000][256.155s][info][gc,phases   ] GC(103)   Merge Heap Roots: 3.73ms
[2026-09-18T08:38:51.049+0000][256.155s][info][gc,phases   ] GC(103)   Evacuate Collection Set: 117.38ms
[2026-09-18T08:38:51.049+0000][256.155s][info][gc,phases   ] GC(103)   Post Evacuate Collection Set: 1.78ms
[2026-09-18T08:38:51.049+0000][256.155s][info][gc,phases   ] GC(103)   Other: 0.06ms
[2026-09-18T08:38:51.049+0000][256.155s][info][gc,heap     ] GC(103) Eden regions: 232->0(231)
[2026-09-18T08:38:51.049+0000][256.155s][info][gc,heap     ] GC(103) Survivor regions: 14->15(31)
[2026-09-18T08:38:51.049+0000][256.155s][info][gc,heap     ] GC(103) Old regions: 387->387
[2026-09-18T08:38:51.049+0000][256.155s][info][gc,heap     ] GC(103) Humongous regions: 0->0
[2026-09-18T08:38:51.049+0000][256.155s][info][gc,metaspace] GC(103) Metaspace: 166148K(167872K)->166148K(167872K) NonClass: 139689K(140672K)->139689K(140672K) Class: 26458K(27200K)->26458K(27200K)
[2026-09-18T08:38:51.049+0000][256.155s][info][gc          ] GC(103) Pause Young (Prepare Mixed) (G1 Evacuation Pause) 5055M->3207M(5336M) 123.304ms
[2026-09-18T08:38:51.049+0000][256.155s][info][gc,cpu      ] GC(103) User=0.49s Sys=0.01s Real=0.12s
[2026-09-18T08:38:55.283+0000][260.389s][info][gc,start    ] GC(104) Pause Young (Mixed) (G1 Evacuation Pause)
[2026-09-18T08:38:55.283+0000][260.390s][info][gc,task     ] GC(104) Using 4 workers of 4 for evacuation
[2026-09-18T08:38:55.421+0000][260.527s][info][gc,phases   ] GC(104)   Pre Evacuate Collection Set: 0.19ms
[2026-09-18T08:38:55.421+0000][260.527s][info][gc,phases   ] GC(104)   Merge Heap Roots: 3.37ms
[2026-09-18T08:38:55.421+0000][260.527s][info][gc,phases   ] GC(104)   Evacuate Collection Set: 132.29ms
[2026-09-18T08:38:55.421+0000][260.527s][info][gc,phases   ] GC(104)   Post Evacuate Collection Set: 1.59ms
[2026-09-18T08:38:55.421+0000][260.527s][info][gc,phases   ] GC(104)   Other: 0.06ms
[2026-09-18T08:38:55.421+0000][260.527s][info][gc,heap     ] GC(104) Eden regions: 231->0(231)
[2026-09-18T08:38:55.421+0000][260.527s][info][gc,heap     ] GC(104) Survivor regions: 15->16(31)
[2026-09-18T08:38:55.421+0000][260.527s][info][gc,heap     ] GC(104) Old regions: 387->386
[2026-09-18T08:38:55.421+0000][260.527s][info][gc,heap     ] GC(104) Humongous regions: 0->0
[2026-09-18T08:38:55.421+0000][260.527s][info][gc,metaspace] GC(104) Metaspace: 166154K(167872K)->166154K(167872K) NonClass: 139696K(140672K)->139696K(140672K) Class: 26458K(27200K)->26458K(27200K)
[2026-09-18T08:38:55.421+0000][260.527s][info][gc          ] GC(104) Pause Young (Mixed) (G1 Evacuation Pause) 5055M->3205M(5336M) 137.661ms
[2026-09-18T08:38:55.421+0000][260.527s][info][gc,cpu      ] GC(104) User=0.55s Sys=0.00s Real=0.13s
[2026-09-18T08:38:59.618+0000][264.724s][info][gc,start    ] GC(105) Pause Young (Concurrent Start) (G1 Evacuation Pause)
[2026-09-18T08:38:59.618+0000][264.724s][info][gc,task     ] GC(105) Using 4 workers of 4 for evacuation
[2026-09-18T08:38:59.748+0000][264.854s][info][gc,phases   ] GC(105)   Pre Evacuate Collection Set: 0.19ms
[2026-09-18T08:38:59.748+0000][264.854s][info][gc,phases   ] GC(105)   Merge Heap Roots: 3.19ms
[2026-09-18T08:38:59.748+0000][264.854s][info][gc,phases   ] GC(105)   Evacuate Collection Set: 124.64ms
[2026-09-18T08:38:59.748+0000][264.854s][info][gc,phases   ] GC(105)   Post Evacuate Collection Set: 1.60ms
[2026-09-18T08:38:59.748+0000][264.854s][info][gc,phases   ] GC(105)   Other: 0.10ms
[2026-09-18T08:38:59.748+0000][264.854s][info][gc,heap     ] GC(105) Eden regions: 231->0(230)
[2026-09-18T08:38:59.748+0000][264.854s][info][gc,heap     ] GC(105) Survivor regions: 16->17(31)
[2026-09-18T08:38:59.748+0000][264.854s][info][gc,heap     ] GC(105) Old regions: 386->386
[2026-09-18T08:38:59.748+0000][264.854s][info][gc,heap     ] GC(105) Humongous regions: 0->0
[2026-09-18T08:38:59.748+0000][264.854s][info][gc,metaspace] GC(105) Metaspace: 166165K(167872K)->166165K(167872K) NonClass: 139706K(140672K)->139706K(140672K) Class: 26458K(27200K)->26458K(27200K)
[2026-09-18T08:38:59.748+0000][264.854s][info][gc          ] GC(105) Pause Young (Concurrent Start) (G1 Evacuation Pause) 5053M->3217M(5336M) 129.916ms
[2026-09-18T08:38:59.748+0000][264.854s][info][gc,cpu      ] GC(105) User=0.48s Sys=0.00s Real=0.13s
[2026-09-18T08:38:59.748+0000][264.854s][info][gc          ] GC(106) Concurrent Mark Cycle
[2026-09-18T08:38:59.748+0000][264.854s][info][gc,marking  ] GC(106) Concurrent Scan Root Regions
[2026-09-18T08:38:59.793+0000][264.899s][info][gc,marking  ] GC(106) Concurrent Scan Root Regions 44.772ms
[2026-09-18T08:38:59.793+0000][264.899s][info][gc,marking  ] GC(106) Concurrent Mark
[2026-09-18T08:38:59.793+0000][264.899s][info][gc,marking  ] GC(106) Concurrent Mark From Roots
[2026-09-18T08:38:59.793+0000][264.899s][info][gc,task     ] GC(106) Using 1 workers of 1 for marking
[2026-09-18T08:39:02.255+0000][267.361s][info][gc,marking  ] GC(106) Concurrent Mark From Roots 2461.542ms
[2026-09-18T08:39:02.255+0000][267.361s][info][gc,marking  ] GC(106) Concurrent Preclean
[2026-09-18T08:39:02.255+0000][267.361s][info][gc,marking  ] GC(106) Concurrent Preclean 0.554ms
[2026-09-18T08:39:02.255+0000][267.361s][info][gc,start    ] GC(106) Pause Remark
[2026-09-18T08:39:02.262+0000][267.368s][info][gc          ] GC(106) Pause Remark 4198M->4198M(5376M) 6.868ms
[2026-09-18T08:39:02.262+0000][267.368s][info][gc,cpu      ] GC(106) User=0.03s Sys=0.00s Real=0.01s
[2026-09-18T08:39:02.263+0000][267.369s][info][gc,marking  ] GC(106) Concurrent Mark 2470.128ms
[2026-09-18T08:39:02.263+0000][267.369s][info][gc,marking  ] GC(106) Concurrent Rebuild Remembered Sets and Scrub Regions
[2026-09-18T08:39:03.505+0000][268.611s][info][gc,start    ] GC(107) Pause Young (Normal) (G1 Evacuation Pause)
[2026-09-18T08:39:03.505+0000][268.611s][info][gc,task     ] GC(107) Using 4 workers of 4 for evacuation
[2026-09-18T08:39:03.666+0000][268.772s][info][gc,phases   ] GC(107)   Pre Evacuate Collection Set: 0.16ms
[2026-09-18T08:39:03.666+0000][268.772s][info][gc,phases   ] GC(107)   Merge Heap Roots: 4.80ms
[2026-09-18T08:39:03.666+0000][268.772s][info][gc,phases   ] GC(107)   Evacuate Collection Set: 152.62ms
[2026-09-18T08:39:03.666+0000][268.772s][info][gc,phases   ] GC(107)   Post Evacuate Collection Set: 2.58ms
[2026-09-18T08:39:03.666+0000][268.772s][info][gc,phases   ] GC(107)   Other: 0.06ms
[2026-09-18T08:39:03.666+0000][268.772s][info][gc,heap     ] GC(107) Eden regions: 181->0(233)
[2026-09-18T08:39:03.666+0000][268.772s][info][gc,heap     ] GC(107) Survivor regions: 17->14(25)
[2026-09-18T08:39:03.666+0000][268.772s][info][gc,heap     ] GC(107) Old regions: 386->390
[2026-09-18T08:39:03.666+0000][268.772s][info][gc,heap     ] GC(107) Humongous regions: 0->0
[2026-09-18T08:39:03.666+0000][268.772s][info][gc,metaspace] GC(107) Metaspace: 166191K(167872K)->166191K(167872K) NonClass: 139727K(140672K)->139727K(140672K) Class: 26463K(27200K)->26463K(27200K)
[2026-09-18T08:39:03.666+0000][268.772s][info][gc          ] GC(107) Pause Young (Normal) (G1 Evacuation Pause) 4665M->3221M(5376M) 160.388ms
[2026-09-18T08:39:03.666+0000][268.772s][info][gc,cpu      ] GC(107) User=0.64s Sys=0.00s Real=0.16s
[2026-09-18T08:39:03.997+0000][269.103s][info][gc,marking  ] GC(106) Concurrent Rebuild Remembered Sets and Scrub Regions 1733.708ms
[2026-09-18T08:39:03.997+0000][269.103s][info][gc,start    ] GC(106) Pause Cleanup
[2026-09-18T08:39:03.997+0000][269.103s][info][gc          ] GC(106) Pause Cleanup 3349M->3349M(5376M) 0.199ms
[2026-09-18T08:39:03.997+0000][269.103s][info][gc,cpu      ] GC(106) User=0.00s Sys=0.00s Real=0.00s
[2026-09-18T08:39:03.997+0000][269.103s][info][gc,marking  ] GC(106) Concurrent Clear Claimed Marks
[2026-09-18T08:39:03.998+0000][269.104s][info][gc,marking  ] GC(106) Concurrent Clear Claimed Marks 0.200ms
[2026-09-18T08:39:03.998+0000][269.104s][info][gc,marking  ] GC(106) Concurrent Cleanup for Next Mark
[2026-09-18T08:39:04.003+0000][269.109s][info][gc,marking  ] GC(106) Concurrent Cleanup for Next Mark 5.188ms
[2026-09-18T08:39:04.003+0000][269.109s][info][gc          ] GC(106) Concurrent Mark Cycle 4254.619ms
[2026-09-18T08:39:08.073+0000][273.179s][info][gc,start    ] GC(108) Pause Young (Prepare Mixed) (G1 Evacuation Pause)
[2026-09-18T08:39:08.073+0000][273.179s][info][gc,task     ] GC(108) Using 4 workers of 4 for evacuation
[2026-09-18T08:39:08.200+0000][273.306s][info][gc,phases   ] GC(108)   Pre Evacuate Collection Set: 0.18ms
[2026-09-18T08:39:08.200+0000][273.306s][info][gc,phases   ] GC(108)   Merge Heap Roots: 3.74ms
[2026-09-18T08:39:08.200+0000][273.306s][info][gc,phases   ] GC(108)   Evacuate Collection Set: 120.61ms
[2026-09-18T08:39:08.200+0000][273.306s][info][gc,phases   ] GC(108)   Post Evacuate Collection Set: 2.51ms
[2026-09-18T08:39:08.200+0000][273.306s][info][gc,phases   ] GC(108)   Other: 0.07ms
[2026-09-18T08:39:08.200+0000][273.306s][info][gc,heap     ] GC(108) Eden regions: 233->0(232)
[2026-09-18T08:39:08.200+0000][273.306s][info][gc,heap     ] GC(108) Survivor regions: 14->15(31)
[2026-09-18T08:39:08.200+0000][273.306s][info][gc,heap     ] GC(108) Old regions: 390->390
[2026-09-18T08:39:08.200+0000][273.306s][info][gc,heap     ] GC(108) Humongous regions: 0->0
[2026-09-18T08:39:08.200+0000][273.306s][info][gc,metaspace] GC(108) Metaspace: 166224K(167936K)->166224K(167936K) NonClass: 139761K(140736K)->139761K(140736K) Class: 26463K(27200K)->26463K(27200K)
[2026-09-18T08:39:08.200+0000][273.306s][info][gc          ] GC(108) Pause Young (Prepare Mixed) (G1 Evacuation Pause) 5085M->3229M(5376M) 127.271ms
[2026-09-18T08:39:08.200+0000][273.306s][info][gc,cpu      ] GC(108) User=0.50s Sys=0.00s Real=0.12s
[2026-09-18T08:39:12.505+0000][277.611s][info][gc,start    ] GC(109) Pause Young (Mixed) (G1 Evacuation Pause)
[2026-09-18T08:39:12.505+0000][277.611s][info][gc,task     ] GC(109) Using 4 workers of 4 for evacuation
[2026-09-18T08:39:12.643+0000][277.749s][info][gc,phases   ] GC(109)   Pre Evacuate Collection Set: 0.18ms
[2026-09-18T08:39:12.643+0000][277.749s][info][gc,phases   ] GC(109)   Merge Heap Roots: 3.11ms
[2026-09-18T08:39:12.643+0000][277.749s][info][gc,phases   ] GC(109)   Evacuate Collection Set: 132.46ms
[2026-09-18T08:39:12.643+0000][277.749s][info][gc,phases   ] GC(109)   Post Evacuate Collection Set: 2.45ms
[2026-09-18T08:39:12.643+0000][277.749s][info][gc,phases   ] GC(109)   Other: 0.06ms
[2026-09-18T08:39:12.643+0000][277.749s][info][gc,heap     ] GC(109) Eden regions: 232->0(233)
[2026-09-18T08:39:12.643+0000][277.749s][info][gc,heap     ] GC(109) Survivor regions: 15->16(31)
[2026-09-18T08:39:12.643+0000][277.749s][info][gc,heap     ] GC(109) Old regions: 390->388
[2026-09-18T08:39:12.643+0000][277.749s][info][gc,heap     ] GC(109) Humongous regions: 0->0
[2026-09-18T08:39:12.643+0000][277.749s][info][gc,metaspace] GC(109) Metaspace: 166230K(167936K)->166230K(167936K) NonClass: 139766K(140736K)->139766K(140736K) Class: 26463K(27200K)->26463K(27200K)
[2026-09-18T08:39:12.643+0000][277.749s][info][gc          ] GC(109) Pause Young (Mixed) (G1 Evacuation Pause) 5085M->3225M(5376M) 138.411ms
[2026-09-18T08:39:12.643+0000][277.749s][info][gc,cpu      ] GC(109) User=0.54s Sys=0.00s Real=0.14s
[2026-09-18T08:39:16.934+0000][282.040s][info][gc,start    ] GC(110) Pause Young (Concurrent Start) (G1 Evacuation Pause)
[2026-09-18T08:39:16.934+0000][282.040s][info][gc,task     ] GC(110) Using 4 workers of 4 for evacuation
[2026-09-18T08:39:17.060+0000][282.166s][info][gc,phases   ] GC(110)   Pre Evacuate Collection Set: 0.18ms
[2026-09-18T08:39:17.060+0000][282.166s][info][gc,phases   ] GC(110)   Merge Heap Roots: 3.68ms
[2026-09-18T08:39:17.060+0000][282.166s][info][gc,phases   ] GC(110)   Evacuate Collection Set: 121.12ms
[2026-09-18T08:39:17.060+0000][282.166s][info][gc,phases   ] GC(110)   Post Evacuate Collection Set: 1.54ms
[2026-09-18T08:39:17.060+0000][282.166s][info][gc,phases   ] GC(110)   Other: 0.10ms
[2026-09-18T08:39:17.060+0000][282.166s][info][gc,heap     ] GC(110) Eden regions: 233->0(232)
[2026-09-18T08:39:17.060+0000][282.166s][info][gc,heap     ] GC(110) Survivor regions: 16->17(32)
[2026-09-18T08:39:17.060+0000][282.166s][info][gc,heap     ] GC(110) Old regions: 388->388
[2026-09-18T08:39:17.060+0000][282.166s][info][gc,heap     ] GC(110) Humongous regions: 0->0
[2026-09-18T08:39:17.060+0000][282.166s][info][gc,metaspace] GC(110) Metaspace: 166276K(168000K)->166276K(168000K) NonClass: 139812K(140800K)->139812K(140800K) Class: 26463K(27200K)->26463K(27200K)
[2026-09-18T08:39:17.060+0000][282.166s][info][gc          ] GC(110) Pause Young (Concurrent Start) (G1 Evacuation Pause) 5089M->3233M(5376M) 126.795ms
[2026-09-18T08:39:17.060+0000][282.166s][info][gc,cpu      ] GC(110) User=0.50s Sys=0.00s Real=0.12s
[2026-09-18T08:39:17.060+0000][282.166s][info][gc          ] GC(111) Concurrent Mark Cycle
[2026-09-18T08:39:17.060+0000][282.166s][info][gc,marking  ] GC(111) Concurrent Scan Root Regions
[2026-09-18T08:39:17.105+0000][282.211s][info][gc,marking  ] GC(111) Concurrent Scan Root Regions 44.762ms
[2026-09-18T08:39:17.105+0000][282.211s][info][gc,marking  ] GC(111) Concurrent Mark
[2026-09-18T08:39:17.105+0000][282.211s][info][gc,marking  ] GC(111) Concurrent Mark From Roots
[2026-09-18T08:39:17.105+0000][282.211s][info][gc,task     ] GC(111) Using 1 workers of 1 for marking
[2026-09-18T08:39:19.568+0000][284.674s][info][gc,marking  ] GC(111) Concurrent Mark From Roots 2463.147ms
[2026-09-18T08:39:19.568+0000][284.674s][info][gc,marking  ] GC(111) Concurrent Preclean
[2026-09-18T08:39:19.569+0000][284.675s][info][gc,marking  ] GC(111) Concurrent Preclean 0.518ms
[2026-09-18T08:39:19.569+0000][284.675s][info][gc,start    ] GC(111) Pause Remark
[2026-09-18T08:39:19.576+0000][284.682s][info][gc          ] GC(111) Pause Remark 4209M->4209M(5400M) 7.127ms
[2026-09-18T08:39:19.576+0000][284.682s][info][gc,cpu      ] GC(111) User=0.03s Sys=0.01s Real=0.01s
[2026-09-18T08:39:19.576+0000][284.682s][info][gc,marking  ] GC(111) Concurrent Mark 2471.143ms
[2026-09-18T08:39:19.576+0000][284.682s][info][gc,marking  ] GC(111) Concurrent Rebuild Remembered Sets and Scrub Regions
[2026-09-18T08:39:20.634+0000][285.740s][info][gc,start    ] GC(112) Pause Young (Normal) (G1 Evacuation Pause)
[2026-09-18T08:39:20.634+0000][285.740s][info][gc,task     ] GC(112) Using 4 workers of 4 for evacuation
[2026-09-18T08:39:20.799+0000][285.905s][info][gc,phases   ] GC(112)   Pre Evacuate Collection Set: 0.14ms
[2026-09-18T08:39:20.799+0000][285.905s][info][gc,phases   ] GC(112)   Merge Heap Roots: 4.61ms
[2026-09-18T08:39:20.799+0000][285.905s][info][gc,phases   ] GC(112)   Evacuate Collection Set: 157.83ms
[2026-09-18T08:39:20.799+0000][285.905s][info][gc,phases   ] GC(112)   Post Evacuate Collection Set: 2.43ms
[2026-09-18T08:39:20.799+0000][285.905s][info][gc,phases   ] GC(112)   Other: 0.06ms
[2026-09-18T08:39:20.799+0000][285.905s][info][gc,heap     ] GC(112) Eden regions: 180->0(234)
[2026-09-18T08:39:20.799+0000][285.905s][info][gc,heap     ] GC(112) Survivor regions: 17->14(25)
[2026-09-18T08:39:20.799+0000][285.905s][info][gc,heap     ] GC(112) Old regions: 388->392
[2026-09-18T08:39:20.799+0000][285.905s][info][gc,heap     ] GC(112) Humongous regions: 0->0
[2026-09-18T08:39:20.799+0000][285.905s][info][gc,metaspace] GC(112) Metaspace: 166282K(168000K)->166282K(168000K) NonClass: 139818K(140800K)->139818K(140800K) Class: 26463K(27200K)->26463K(27200K)
[2026-09-18T08:39:20.799+0000][285.905s][info][gc          ] GC(112) Pause Young (Normal) (G1 Evacuation Pause) 4673M->3246M(5400M) 165.225ms
[2026-09-18T08:39:20.799+0000][285.905s][info][gc,cpu      ] GC(112) User=0.65s Sys=0.00s Real=0.16s
[2026-09-18T08:39:21.253+0000][286.359s][info][gc,marking  ] GC(111) Concurrent Rebuild Remembered Sets and Scrub Regions 1676.765ms
[2026-09-18T08:39:21.253+0000][286.359s][info][gc,start    ] GC(111) Pause Cleanup
[2026-09-18T08:39:21.253+0000][286.360s][info][gc          ] GC(111) Pause Cleanup 3390M->3390M(5400M) 0.195ms
[2026-09-18T08:39:21.254+0000][286.360s][info][gc,cpu      ] GC(111) User=0.00s Sys=0.00s Real=0.00s
[2026-09-18T08:39:21.254+0000][286.360s][info][gc,marking  ] GC(111) Concurrent Clear Claimed Marks
[2026-09-18T08:39:21.254+0000][286.360s][info][gc,marking  ] GC(111) Concurrent Clear Claimed Marks 0.186ms
[2026-09-18T08:39:21.254+0000][286.360s][info][gc,marking  ] GC(111) Concurrent Cleanup for Next Mark
[2026-09-18T08:39:21.259+0000][286.365s][info][gc,marking  ] GC(111) Concurrent Cleanup for Next Mark 5.485ms
[2026-09-18T08:39:21.259+0000][286.365s][info][gc          ] GC(111) Concurrent Mark Cycle 4198.968ms
[2026-09-18T08:39:22.465+0000][287.571s][info][gc,start    ] GC(113) Pause Young (Prepare Mixed) (G1 Evacuation Pause)
[2026-09-18T08:39:22.465+0000][287.571s][info][gc,task     ] GC(113) Using 4 workers of 4 for evacuation
[2026-09-18T08:39:22.614+0000][287.720s][info][gc,phases   ] GC(113)   Pre Evacuate Collection Set: 0.17ms
[2026-09-18T08:39:22.614+0000][287.720s][info][gc,phases   ] GC(113)   Merge Heap Roots: 6.08ms
[2026-09-18T08:39:22.614+0000][287.720s][info][gc,phases   ] GC(113)   Evacuate Collection Set: 141.40ms
[2026-09-18T08:39:22.614+0000][287.720s][info][gc,phases   ] GC(113)   Post Evacuate Collection Set: 1.44ms
[2026-09-18T08:39:22.614+0000][287.720s][info][gc,phases   ] GC(113)   Other: 0.05ms
[2026-09-18T08:39:22.614+0000][287.720s][info][gc,heap     ] GC(113) Eden regions: 87->0(233)
[2026-09-18T08:39:22.614+0000][287.720s][info][gc,heap     ] GC(113) Survivor regions: 14->8(13)
[2026-09-18T08:39:22.614+0000][287.720s][info][gc,heap     ] GC(113) Old regions: 392->399
[2026-09-18T08:39:22.614+0000][287.720s][info][gc,heap     ] GC(113) Humongous regions: 0->0
[2026-09-18T08:39:22.614+0000][287.720s][info][gc,metaspace] GC(113) Metaspace: 166285K(168000K)->166285K(168000K) NonClass: 139821K(140800K)->139821K(140800K) Class: 26463K(27200K)->26463K(27200K)
[2026-09-18T08:39:22.614+0000][287.720s][info][gc          ] GC(113) Pause Young (Prepare Mixed) (G1 Evacuation Pause) 3942M->3252M(5400M) 149.289ms
[2026-09-18T08:39:22.614+0000][287.720s][info][gc,cpu      ] GC(113) User=0.59s Sys=0.00s Real=0.15s
[2026-09-18T08:39:26.957+0000][292.063s][info][gc,start    ] GC(114) Pause Young (Mixed) (G1 Evacuation Pause)
[2026-09-18T08:39:26.957+0000][292.063s][info][gc,task     ] GC(114) Using 4 workers of 4 for evacuation
[2026-09-18T08:39:27.079+0000][292.185s][info][gc,phases   ] GC(114)   Pre Evacuate Collection Set: 0.16ms
[2026-09-18T08:39:27.079+0000][292.185s][info][gc,phases   ] GC(114)   Merge Heap Roots: 2.85ms
[2026-09-18T08:39:27.079+0000][292.185s][info][gc,phases   ] GC(114)   Evacuate Collection Set: 116.84ms
[2026-09-18T08:39:27.079+0000][292.185s][info][gc,phases   ] GC(114)   Post Evacuate Collection Set: 1.62ms
[2026-09-18T08:39:27.079+0000][292.185s][info][gc,phases   ] GC(114)   Other: 0.05ms
[2026-09-18T08:39:27.079+0000][292.185s][info][gc,heap     ] GC(114) Eden regions: 233->0(233)
[2026-09-18T08:39:27.079+0000][292.185s][info][gc,heap     ] GC(114) Survivor regions: 8->9(31)
[2026-09-18T08:39:27.079+0000][292.185s][info][gc,heap     ] GC(114) Old regions: 399->398
[2026-09-18T08:39:27.079+0000][292.185s][info][gc,heap     ] GC(114) Humongous regions: 0->0
[2026-09-18T08:39:27.079+0000][292.185s][info][gc,metaspace] GC(114) Metaspace: 166307K(168000K)->166307K(168000K) NonClass: 139843K(140800K)->139843K(140800K) Class: 26463K(27200K)->26463K(27200K)
[2026-09-18T08:39:27.079+0000][292.185s][info][gc          ] GC(114) Pause Young (Mixed) (G1 Evacuation Pause) 5116M->3253M(5400M) 121.676ms
[2026-09-18T08:39:27.079+0000][292.185s][info][gc,cpu      ] GC(114) User=0.47s Sys=0.00s Real=0.12s
[2026-09-18T08:39:31.388+0000][296.494s][info][gc,start    ] GC(115) Pause Young (Concurrent Start) (G1 Evacuation Pause)
[2026-09-18T08:39:31.388+0000][296.494s][info][gc,task     ] GC(115) Using 4 workers of 4 for evacuation
[2026-09-18T08:39:31.504+0000][296.610s][info][gc,phases   ] GC(115)   Pre Evacuate Collection Set: 0.20ms
[2026-09-18T08:39:31.504+0000][296.610s][info][gc,phases   ] GC(115)   Merge Heap Roots: 4.03ms
[2026-09-18T08:39:31.504+0000][296.610s][info][gc,phases   ] GC(115)   Evacuate Collection Set: 108.74ms
[2026-09-18T08:39:31.504+0000][296.610s][info][gc,phases   ] GC(115)   Post Evacuate Collection Set: 2.32ms
[2026-09-18T08:39:31.504+0000][296.610s][info][gc,phases   ] GC(115)   Other: 0.10ms
[2026-09-18T08:39:31.504+0000][296.610s][info][gc,heap     ] GC(115) Eden regions: 233->0(233)
[2026-09-18T08:39:31.504+0000][296.610s][info][gc,heap     ] GC(115) Survivor regions: 9->9(31)
[2026-09-18T08:39:31.504+0000][296.610s][info][gc,heap     ] GC(115) Old regions: 398->398
[2026-09-18T08:39:31.504+0000][296.610s][info][gc,heap     ] GC(115) Humongous regions: 0->0
[2026-09-18T08:39:31.504+0000][296.610s][info][gc,metaspace] GC(115) Metaspace: 166313K(168000K)->166313K(168000K) NonClass: 139849K(140800K)->139849K(140800K) Class: 26463K(27200K)->26463K(27200K)
[2026-09-18T08:39:31.504+0000][296.610s][info][gc          ] GC(115) Pause Young (Concurrent Start) (G1 Evacuation Pause) 5117M->3255M(5400M) 115.534ms
[2026-09-18T08:39:31.504+0000][296.610s][info][gc,cpu      ] GC(115) User=0.43s Sys=0.02s Real=0.12s
[2026-09-18T08:39:31.504+0000][296.610s][info][gc          ] GC(116) Concurrent Mark Cycle
[2026-09-18T08:39:31.504+0000][296.610s][info][gc,marking  ] GC(116) Concurrent Scan Root Regions
[2026-09-18T08:39:31.538+0000][296.644s][info][gc,marking  ] GC(116) Concurrent Scan Root Regions 33.513ms
[2026-09-18T08:39:31.538+0000][296.644s][info][gc,marking  ] GC(116) Concurrent Mark
[2026-09-18T08:39:31.538+0000][296.644s][info][gc,marking  ] GC(116) Concurrent Mark From Roots
[2026-09-18T08:39:31.538+0000][296.644s][info][gc,task     ] GC(116) Using 1 workers of 1 for marking
[2026-09-18T08:39:34.093+0000][299.199s][info][gc,marking  ] GC(116) Concurrent Mark From Roots 2555.094ms
[2026-09-18T08:39:34.093+0000][299.199s][info][gc,marking  ] GC(116) Concurrent Preclean
[2026-09-18T08:39:34.094+0000][299.200s][info][gc,marking  ] GC(116) Concurrent Preclean 0.579ms
[2026-09-18T08:39:34.094+0000][299.200s][info][gc,start    ] GC(116) Pause Remark
[2026-09-18T08:39:34.101+0000][299.207s][info][gc          ] GC(116) Pause Remark 4323M->4323M(5432M) 7.042ms
[2026-09-18T08:39:34.101+0000][299.207s][info][gc,cpu      ] GC(116) User=0.03s Sys=0.00s Real=0.00s
[2026-09-18T08:39:34.101+0000][299.207s][info][gc,marking  ] GC(116) Concurrent Mark 2563.076ms
[2026-09-18T08:39:34.101+0000][299.207s][info][gc,marking  ] GC(116) Concurrent Rebuild Remembered Sets and Scrub Regions
[2026-09-18T08:39:35.723+0000][300.829s][info][gc,marking  ] GC(116) Concurrent Rebuild Remembered Sets and Scrub Regions 1621.809ms
[2026-09-18T08:39:35.723+0000][300.829s][info][gc,start    ] GC(116) Pause Cleanup
[2026-09-18T08:39:35.723+0000][300.829s][info][gc          ] GC(116) Pause Cleanup 4943M->4943M(5432M) 0.181ms
[2026-09-18T08:39:35.723+0000][300.829s][info][gc,cpu      ] GC(116) User=0.00s Sys=0.00s Real=0.00s
[2026-09-18T08:39:35.723+0000][300.829s][info][gc,marking  ] GC(116) Concurrent Clear Claimed Marks
[2026-09-18T08:39:35.723+0000][300.829s][info][gc,marking  ] GC(116) Concurrent Clear Claimed Marks 0.194ms
[2026-09-18T08:39:35.723+0000][300.829s][info][gc,marking  ] GC(116) Concurrent Cleanup for Next Mark
[2026-09-18T08:39:35.729+0000][300.835s][info][gc,marking  ] GC(116) Concurrent Cleanup for Next Mark 5.073ms
[2026-09-18T08:39:35.729+0000][300.835s][info][gc          ] GC(116) Concurrent Mark Cycle 4224.729ms
[2026-09-18T08:39:36.218+0000][301.324s][info][gc,start    ] GC(117) Pause Young (Prepare Mixed) (G1 Evacuation Pause)
[2026-09-18T08:39:36.218+0000][301.324s][info][gc,task     ] GC(117) Using 4 workers of 4 for evacuation
[2026-09-18T08:39:36.331+0000][301.437s][info][gc,phases   ] GC(117)   Pre Evacuate Collection Set: 0.18ms
[2026-09-18T08:39:36.331+0000][301.437s][info][gc,phases   ] GC(117)   Merge Heap Roots: 3.10ms
[2026-09-18T08:39:36.331+0000][301.437s][info][gc,phases   ] GC(117)   Evacuate Collection Set: 108.44ms
[2026-09-18T08:39:36.331+0000][301.437s][info][gc,phases   ] GC(117)   Post Evacuate Collection Set: 1.63ms
[2026-09-18T08:39:36.331+0000][301.437s][info][gc,phases   ] GC(117)   Other: 0.06ms
[2026-09-18T08:39:36.331+0000][301.437s][info][gc,heap     ] GC(117) Eden regions: 233->0(235)
[2026-09-18T08:39:36.331+0000][301.437s][info][gc,heap     ] GC(117) Survivor regions: 9->11(31)
[2026-09-18T08:39:36.331+0000][301.437s][info][gc,heap     ] GC(117) Old regions: 398->398
[2026-09-18T08:39:36.331+0000][301.437s][info][gc,heap     ] GC(117) Humongous regions: 0->0
[2026-09-18T08:39:36.331+0000][301.437s][info][gc,metaspace] GC(117) Metaspace: 166319K(168000K)->166319K(168000K) NonClass: 139855K(140800K)->139855K(140800K) Class: 26463K(27200K)->26463K(27200K)
[2026-09-18T08:39:36.331+0000][301.437s][info][gc          ] GC(117) Pause Young (Prepare Mixed) (G1 Evacuation Pause) 5119M->3266M(5432M) 113.561ms
[2026-09-18T08:39:36.331+0000][301.437s][info][gc,cpu      ] GC(117) User=0.44s Sys=0.00s Real=0.11s
[2026-09-18T08:39:40.642+0000][305.748s][info][gc,start    ] GC(118) Pause Young (Mixed) (G1 Evacuation Pause)
[2026-09-18T08:39:40.642+0000][305.748s][info][gc,task     ] GC(118) Using 4 workers of 4 for evacuation
[2026-09-18T08:39:40.774+0000][305.880s][info][gc,phases   ] GC(118)   Pre Evacuate Collection Set: 0.19ms
[2026-09-18T08:39:40.774+0000][305.880s][info][gc,phases   ] GC(118)   Merge Heap Roots: 3.35ms
[2026-09-18T08:39:40.774+0000][305.880s][info][gc,phases   ] GC(118)   Evacuate Collection Set: 127.03ms
[2026-09-18T08:39:40.774+0000][305.880s][info][gc,phases   ] GC(118)   Post Evacuate Collection Set: 1.51ms
[2026-09-18T08:39:40.774+0000][305.880s][info][gc,phases   ] GC(118)   Other: 0.05ms
[2026-09-18T08:39:40.774+0000][305.880s][info][gc,heap     ] GC(118) Eden regions: 235->0(235)
[2026-09-18T08:39:40.774+0000][305.880s][info][gc,heap     ] GC(118) Survivor regions: 11->12(31)
[2026-09-18T08:39:40.774+0000][305.880s][info][gc,heap     ] GC(118) Old regions: 398->397
[2026-09-18T08:39:40.774+0000][305.880s][info][gc,heap     ] GC(118) Humongous regions: 0->0
[2026-09-18T08:39:40.774+0000][305.880s][info][gc,metaspace] GC(118) Metaspace: 166362K(168064K)->166362K(168064K) NonClass: 139895K(140864K)->139895K(140864K) Class: 26467K(27200K)->26467K(27200K)
[2026-09-18T08:39:40.774+0000][305.880s][info][gc          ] GC(118) Pause Young (Mixed) (G1 Evacuation Pause) 5146M->3268M(5432M) 132.274ms
[2026-09-18T08:39:40.774+0000][305.880s][info][gc,cpu      ] GC(118) User=0.52s Sys=0.00s Real=0.13s
[2026-09-18T08:39:45.018+0000][310.124s][info][gc,start    ] GC(119) Pause Young (Concurrent Start) (G1 Evacuation Pause)
[2026-09-18T08:39:45.018+0000][310.124s][info][gc,task     ] GC(119) Using 4 workers of 4 for evacuation
[2026-09-18T08:39:45.139+0000][310.245s][info][gc,phases   ] GC(119)   Pre Evacuate Collection Set: 0.20ms
[2026-09-18T08:39:45.139+0000][310.245s][info][gc,phases   ] GC(119)   Merge Heap Roots: 3.63ms
[2026-09-18T08:39:45.139+0000][310.245s][info][gc,phases   ] GC(119)   Evacuate Collection Set: 116.12ms
[2026-09-18T08:39:45.139+0000][310.245s][info][gc,phases   ] GC(119)   Post Evacuate Collection Set: 1.54ms
[2026-09-18T08:39:45.139+0000][310.245s][info][gc,phases   ] GC(119)   Other: 0.10ms
[2026-09-18T08:39:45.139+0000][310.245s][info][gc,heap     ] GC(119) Eden regions: 235->0(234)
[2026-09-18T08:39:45.139+0000][310.245s][info][gc,heap     ] GC(119) Survivor regions: 12->13(31)
[2026-09-18T08:39:45.139+0000][310.245s][info][gc,heap     ] GC(119) Old regions: 397->397
[2026-09-18T08:39:45.139+0000][310.245s][info][gc,heap     ] GC(119) Humongous regions: 0->0
[2026-09-18T08:39:45.139+0000][310.245s][info][gc,metaspace] GC(119) Metaspace: 166366K(168064K)->166366K(168064K) NonClass: 139898K(140864K)->139898K(140864K) Class: 26467K(27200K)->26467K(27200K)
[2026-09-18T08:39:45.139+0000][310.245s][info][gc          ] GC(119) Pause Young (Concurrent Start) (G1 Evacuation Pause) 5148M->3276M(5432M) 121.763ms
[2026-09-18T08:39:45.139+0000][310.245s][info][gc,cpu      ] GC(119) User=0.47s Sys=0.01s Real=0.12s
[2026-09-18T08:39:45.139+0000][310.245s][info][gc          ] GC(120) Concurrent Mark Cycle
[2026-09-18T08:39:45.139+0000][310.245s][info][gc,marking  ] GC(120) Concurrent Scan Root Regions
[2026-09-18T08:39:45.182+0000][310.288s][info][gc,marking  ] GC(120) Concurrent Scan Root Regions 42.538ms
[2026-09-18T08:39:45.182+0000][310.288s][info][gc,marking  ] GC(120) Concurrent Mark
[2026-09-18T08:39:45.182+0000][310.288s][info][gc,marking  ] GC(120) Concurrent Mark From Roots
[2026-09-18T08:39:45.182+0000][310.288s][info][gc,task     ] GC(120) Using 1 workers of 1 for marking
[2026-09-18T08:39:47.699+0000][312.805s][info][gc,marking  ] GC(120) Concurrent Mark From Roots 2516.838ms
[2026-09-18T08:39:47.699+0000][312.805s][info][gc,marking  ] GC(120) Concurrent Preclean
[2026-09-18T08:39:47.699+0000][312.805s][info][gc,marking  ] GC(120) Concurrent Preclean 0.468ms
[2026-09-18T08:39:47.700+0000][312.806s][info][gc,start    ] GC(120) Pause Remark
[2026-09-18T08:39:47.708+0000][312.814s][info][gc          ] GC(120) Pause Remark 4312M->4312M(5472M) 8.024ms
[2026-09-18T08:39:47.708+0000][312.814s][info][gc,cpu      ] GC(120) User=0.02s Sys=0.00s Real=0.01s
[2026-09-18T08:39:47.708+0000][312.814s][info][gc,marking  ] GC(120) Concurrent Mark 2525.636ms
[2026-09-18T08:39:47.708+0000][312.814s][info][gc,marking  ] GC(120) Concurrent Rebuild Remembered Sets and Scrub Regions
[2026-09-18T08:39:49.287+0000][314.393s][info][gc,marking  ] GC(120) Concurrent Rebuild Remembered Sets and Scrub Regions 1578.968ms
[2026-09-18T08:39:49.287+0000][314.393s][info][gc,start    ] GC(120) Pause Cleanup
[2026-09-18T08:39:49.287+0000][314.393s][info][gc          ] GC(120) Pause Cleanup 4932M->4932M(5472M) 0.200ms
[2026-09-18T08:39:49.287+0000][314.393s][info][gc,cpu      ] GC(120) User=0.00s Sys=0.00s Real=0.00s
[2026-09-18T08:39:49.287+0000][314.393s][info][gc,marking  ] GC(120) Concurrent Clear Claimed Marks
[2026-09-18T08:39:49.287+0000][314.393s][info][gc,marking  ] GC(120) Concurrent Clear Claimed Marks 0.212ms
[2026-09-18T08:39:49.287+0000][314.393s][info][gc,marking  ] GC(120) Concurrent Cleanup for Next Mark
[2026-09-18T08:39:49.292+0000][314.398s][info][gc,marking  ] GC(120) Concurrent Cleanup for Next Mark 5.112ms
[2026-09-18T08:39:49.292+0000][314.398s][info][gc          ] GC(120) Concurrent Mark Cycle 4153.070ms
[2026-09-18T08:39:49.774+0000][314.880s][info][gc,start    ] GC(121) Pause Young (Prepare Mixed) (G1 Evacuation Pause)
[2026-09-18T08:39:49.774+0000][314.880s][info][gc,task     ] GC(121) Using 4 workers of 4 for evacuation
[2026-09-18T08:39:49.898+0000][315.004s][info][gc,phases   ] GC(121)   Pre Evacuate Collection Set: 0.18ms
[2026-09-18T08:39:49.898+0000][315.004s][info][gc,phases   ] GC(121)   Merge Heap Roots: 3.35ms
[2026-09-18T08:39:49.898+0000][315.004s][info][gc,phases   ] GC(121)   Evacuate Collection Set: 118.11ms
[2026-09-18T08:39:49.898+0000][315.004s][info][gc,phases   ] GC(121)   Post Evacuate Collection Set: 1.78ms
[2026-09-18T08:39:49.898+0000][315.004s][info][gc,phases   ] GC(121)   Other: 0.05ms
[2026-09-18T08:39:49.898+0000][315.004s][info][gc,heap     ] GC(121) Eden regions: 234->0(238)
[2026-09-18T08:39:49.898+0000][315.004s][info][gc,heap     ] GC(121) Survivor regions: 13->14(31)
[2026-09-18T08:39:49.898+0000][315.004s][info][gc,heap     ] GC(121) Old regions: 397->397
[2026-09-18T08:39:49.898+0000][315.004s][info][gc,heap     ] GC(121) Humongous regions: 0->0
[2026-09-18T08:39:49.898+0000][315.004s][info][gc,metaspace] GC(121) Metaspace: 166367K(168064K)->166367K(168064K) NonClass: 139900K(140864K)->139900K(140864K) Class: 26467K(27200K)->26467K(27200K)
[2026-09-18T08:39:49.898+0000][315.004s][info][gc          ] GC(121) Pause Young (Prepare Mixed) (G1 Evacuation Pause) 5148M->3284M(5472M) 123.633ms
[2026-09-18T08:39:49.898+0000][315.004s][info][gc,cpu      ] GC(121) User=0.49s Sys=0.00s Real=0.12s
[2026-09-18T08:39:54.333+0000][319.440s][info][gc,start    ] GC(122) Pause Young (Mixed) (G1 Evacuation Pause)
[2026-09-18T08:39:54.334+0000][319.440s][info][gc,task     ] GC(122) Using 4 workers of 4 for evacuation
[2026-09-18T08:39:54.479+0000][319.585s][info][gc,phases   ] GC(122)   Pre Evacuate Collection Set: 0.17ms
[2026-09-18T08:39:54.479+0000][319.585s][info][gc,phases   ] GC(122)   Merge Heap Roots: 3.41ms
[2026-09-18T08:39:54.479+0000][319.585s][info][gc,phases   ] GC(122)   Evacuate Collection Set: 140.00ms
[2026-09-18T08:39:54.479+0000][319.585s][info][gc,phases   ] GC(122)   Post Evacuate Collection Set: 1.99ms
[2026-09-18T08:39:54.479+0000][319.585s][info][gc,phases   ] GC(122)   Other: 0.06ms
[2026-09-18T08:39:54.479+0000][319.585s][info][gc,heap     ] GC(122) Eden regions: 238->0(238)
[2026-09-18T08:39:54.479+0000][319.585s][info][gc,heap     ] GC(122) Survivor regions: 14->15(32)
[2026-09-18T08:39:54.479+0000][319.585s][info][gc,heap     ] GC(122) Old regions: 397->396
[2026-09-18T08:39:54.479+0000][319.585s][info][gc,heap     ] GC(122) Humongous regions: 0->0
[2026-09-18T08:39:54.479+0000][319.585s][info][gc,metaspace] GC(122) Metaspace: 166376K(168064K)->166376K(168064K) NonClass: 139908K(140864K)->139908K(140864K) Class: 26467K(27200K)->26467K(27200K)
[2026-09-18T08:39:54.479+0000][319.585s][info][gc          ] GC(122) Pause Young (Mixed) (G1 Evacuation Pause) 5188M->3281M(5472M) 145.810ms
[2026-09-18T08:39:54.479+0000][319.585s][info][gc,cpu      ] GC(122) User=0.58s Sys=0.01s Real=0.14s
[2026-09-18T08:39:58.756+0000][323.862s][info][gc,start    ] GC(123) Pause Young (Concurrent Start) (G1 Evacuation Pause)
[2026-09-18T08:39:58.756+0000][323.862s][info][gc,task     ] GC(123) Using 4 workers of 4 for evacuation
[2026-09-18T08:39:58.884+0000][323.990s][info][gc,phases   ] GC(123)   Pre Evacuate Collection Set: 0.19ms
[2026-09-18T08:39:58.884+0000][323.990s][info][gc,phases   ] GC(123)   Merge Heap Roots: 3.10ms
[2026-09-18T08:39:58.884+0000][323.990s][info][gc,phases   ] GC(123)   Evacuate Collection Set: 122.66ms
[2026-09-18T08:39:58.884+0000][323.990s][info][gc,phases   ] GC(123)   Post Evacuate Collection Set: 1.78ms
[2026-09-18T08:39:58.884+0000][323.990s][info][gc,phases   ] GC(123)   Other: 0.12ms
[2026-09-18T08:39:58.884+0000][323.990s][info][gc,heap     ] GC(123) Eden regions: 238->0(237)
[2026-09-18T08:39:58.884+0000][323.990s][info][gc,heap     ] GC(123) Survivor regions: 15->16(32)
[2026-09-18T08:39:58.884+0000][323.990s][info][gc,heap     ] GC(123) Old regions: 396->396
[2026-09-18T08:39:58.884+0000][323.990s][info][gc,heap     ] GC(123) Humongous regions: 0->0
[2026-09-18T08:39:58.884+0000][323.990s][info][gc,metaspace] GC(123) Metaspace: 166391K(168064K)->166391K(168064K) NonClass: 139924K(140864K)->139924K(140864K) Class: 26467K(27200K)->26467K(27200K)
[2026-09-18T08:39:58.884+0000][323.990s][info][gc          ] GC(123) Pause Young (Concurrent Start) (G1 Evacuation Pause) 5185M->3285M(5472M) 128.020ms
[2026-09-18T08:39:58.884+0000][323.990s][info][gc,cpu      ] GC(123) User=0.51s Sys=0.00s Real=0.13s
[2026-09-18T08:39:58.884+0000][323.990s][info][gc          ] GC(124) Concurrent Mark Cycle
[2026-09-18T08:39:58.884+0000][323.990s][info][gc,marking  ] GC(124) Concurrent Scan Root Regions
[2026-09-18T08:39:58.927+0000][324.033s][info][gc,marking  ] GC(124) Concurrent Scan Root Regions 43.002ms
[2026-09-18T08:39:58.927+0000][324.033s][info][gc,marking  ] GC(124) Concurrent Mark
[2026-09-18T08:39:58.927+0000][324.033s][info][gc,marking  ] GC(124) Concurrent Mark From Roots
[2026-09-18T08:39:58.927+0000][324.033s][info][gc,task     ] GC(124) Using 1 workers of 1 for marking
[2026-09-18T08:40:01.436+0000][326.542s][info][gc,marking  ] GC(124) Concurrent Mark From Roots 2508.641ms
[2026-09-18T08:40:01.436+0000][326.542s][info][gc,marking  ] GC(124) Concurrent Preclean
[2026-09-18T08:40:01.437+0000][326.543s][info][gc,marking  ] GC(124) Concurrent Preclean 0.508ms
[2026-09-18T08:40:01.437+0000][326.543s][info][gc,start    ] GC(124) Pause Remark
[2026-09-18T08:40:01.444+0000][326.550s][info][gc          ] GC(124) Pause Remark 4325M->4325M(5496M) 7.722ms
[2026-09-18T08:40:01.444+0000][326.551s][info][gc,cpu      ] GC(124) User=0.02s Sys=0.00s Real=0.01s
[2026-09-18T08:40:01.445+0000][326.551s][info][gc,marking  ] GC(124) Concurrent Mark 2517.179ms
[2026-09-18T08:40:01.445+0000][326.551s][info][gc,marking  ] GC(124) Concurrent Rebuild Remembered Sets and Scrub Regions
[2026-09-18T08:40:02.488+0000][327.595s][info][gc,start    ] GC(125) Pause Young (Normal) (G1 Evacuation Pause)
[2026-09-18T08:40:02.489+0000][327.595s][info][gc,task     ] GC(125) Using 4 workers of 4 for evacuation
[2026-09-18T08:40:02.650+0000][327.756s][info][gc,phases   ] GC(125)   Pre Evacuate Collection Set: 0.18ms
[2026-09-18T08:40:02.650+0000][327.756s][info][gc,phases   ] GC(125)   Merge Heap Roots: 4.72ms
[2026-09-18T08:40:02.650+0000][327.756s][info][gc,phases   ] GC(125)   Evacuate Collection Set: 153.28ms
[2026-09-18T08:40:02.650+0000][327.756s][info][gc,phases   ] GC(125)   Post Evacuate Collection Set: 2.74ms
[2026-09-18T08:40:02.650+0000][327.756s][info][gc,phases   ] GC(125)   Other: 0.05ms
[2026-09-18T08:40:02.650+0000][327.756s][info][gc,heap     ] GC(125) Eden regions: 183->0(240)
[2026-09-18T08:40:02.650+0000][327.756s][info][gc,heap     ] GC(125) Survivor regions: 16->13(25)
[2026-09-18T08:40:02.650+0000][327.756s][info][gc,heap     ] GC(125) Old regions: 396->399
[2026-09-18T08:40:02.650+0000][327.756s][info][gc,heap     ] GC(125) Humongous regions: 0->0
[2026-09-18T08:40:02.650+0000][327.756s][info][gc,metaspace] GC(125) Metaspace: 166402K(168064K)->166402K(168064K) NonClass: 139935K(140864K)->139935K(140864K) Class: 26467K(27200K)->26467K(27200K)
[2026-09-18T08:40:02.650+0000][327.756s][info][gc          ] GC(125) Pause Young (Normal) (G1 Evacuation Pause) 4749M->3293M(5496M) 161.132ms
[2026-09-18T08:40:02.650+0000][327.756s][info][gc,cpu      ] GC(125) User=0.63s Sys=0.00s Real=0.16s
[2026-09-18T08:40:03.153+0000][328.259s][info][gc,marking  ] GC(124) Concurrent Rebuild Remembered Sets and Scrub Regions 1708.844ms
[2026-09-18T08:40:03.154+0000][328.260s][info][gc,start    ] GC(124) Pause Cleanup
[2026-09-18T08:40:03.154+0000][328.260s][info][gc          ] GC(124) Pause Cleanup 3521M->3521M(5496M) 0.195ms
[2026-09-18T08:40:03.154+0000][328.260s][info][gc,cpu      ] GC(124) User=0.00s Sys=0.00s Real=0.00s
[2026-09-18T08:40:03.154+0000][328.260s][info][gc,marking  ] GC(124) Concurrent Clear Claimed Marks
[2026-09-18T08:40:03.154+0000][328.260s][info][gc,marking  ] GC(124) Concurrent Clear Claimed Marks 0.194ms
[2026-09-18T08:40:03.154+0000][328.260s][info][gc,marking  ] GC(124) Concurrent Cleanup for Next Mark
[2026-09-18T08:40:03.159+0000][328.265s][info][gc,marking  ] GC(124) Concurrent Cleanup for Next Mark 4.972ms
[2026-09-18T08:40:03.159+0000][328.265s][info][gc          ] GC(124) Concurrent Mark Cycle 4274.767ms
[2026-09-18T08:40:07.090+0000][332.196s][info][gc,start    ] GC(126) Pause Young (Prepare Mixed) (G1 Evacuation Pause)
[2026-09-18T08:40:07.090+0000][332.196s][info][gc,task     ] GC(126) Using 4 workers of 4 for evacuation
[2026-09-18T08:40:07.214+0000][332.320s][info][gc,phases   ] GC(126)   Pre Evacuate Collection Set: 0.17ms
[2026-09-18T08:40:07.214+0000][332.321s][info][gc,phases   ] GC(126)   Merge Heap Roots: 3.93ms
[2026-09-18T08:40:07.214+0000][332.321s][info][gc,phases   ] GC(126)   Evacuate Collection Set: 118.52ms
[2026-09-18T08:40:07.214+0000][332.321s][info][gc,phases   ] GC(126)   Post Evacuate Collection Set: 1.63ms
[2026-09-18T08:40:07.214+0000][332.321s][info][gc,phases   ] GC(126)   Other: 0.06ms
[2026-09-18T08:40:07.215+0000][332.321s][info][gc,heap     ] GC(126) Eden regions: 240->0(239)
[2026-09-18T08:40:07.215+0000][332.321s][info][gc,heap     ] GC(126) Survivor regions: 13->14(32)
[2026-09-18T08:40:07.215+0000][332.321s][info][gc,heap     ] GC(126) Old regions: 399->399
[2026-09-18T08:40:07.215+0000][332.321s][info][gc,heap     ] GC(126) Humongous regions: 0->0
[2026-09-18T08:40:07.215+0000][332.321s][info][gc,metaspace] GC(126) Metaspace: 166475K(168256K)->166475K(168256K) NonClass: 139993K(140992K)->139993K(140992K) Class: 26481K(27264K)->26481K(27264K)
[2026-09-18T08:40:07.215+0000][332.321s][info][gc          ] GC(126) Pause Young (Prepare Mixed) (G1 Evacuation Pause) 5213M->3301M(5496M) 124.462ms
[2026-09-18T08:40:07.215+0000][332.321s][info][gc,cpu      ] GC(126) User=0.50s Sys=0.00s Real=0.13s
[2026-09-18T08:40:11.490+0000][336.596s][info][gc,start    ] GC(127) Pause Young (Mixed) (G1 Evacuation Pause)
[2026-09-18T08:40:11.490+0000][336.596s][info][gc,task     ] GC(127) Using 4 workers of 4 for evacuation
[2026-09-18T08:40:11.624+0000][336.730s][info][gc,phases   ] GC(127)   Pre Evacuate Collection Set: 0.17ms
[2026-09-18T08:40:11.624+0000][336.730s][info][gc,phases   ] GC(127)   Merge Heap Roots: 3.91ms
[2026-09-18T08:40:11.624+0000][336.730s][info][gc,phases   ] GC(127)   Evacuate Collection Set: 128.34ms
[2026-09-18T08:40:11.624+0000][336.730s][info][gc,phases   ] GC(127)   Post Evacuate Collection Set: 2.30ms
[2026-09-18T08:40:11.624+0000][336.730s][info][gc,phases   ] GC(127)   Other: 0.05ms
[2026-09-18T08:40:11.624+0000][336.731s][info][gc,heap     ] GC(127) Eden regions: 239->0(238)
[2026-09-18T08:40:11.624+0000][336.731s][info][gc,heap     ] GC(127) Survivor regions: 14->16(32)
[2026-09-18T08:40:11.624+0000][336.731s][info][gc,heap     ] GC(127) Old regions: 399->398
[2026-09-18T08:40:11.624+0000][336.731s][info][gc,heap     ] GC(127) Humongous regions: 0->0
[2026-09-18T08:40:11.624+0000][336.731s][info][gc,metaspace] GC(127) Metaspace: 166489K(168256K)->166489K(168256K) NonClass: 140007K(140992K)->140007K(140992K) Class: 26481K(27264K)->26481K(27264K)
[2026-09-18T08:40:11.624+0000][336.731s][info][gc          ] GC(127) Pause Young (Mixed) (G1 Evacuation Pause) 5213M->3305M(5496M) 134.918ms
[2026-09-18T08:40:11.625+0000][336.731s][info][gc,cpu      ] GC(127) User=0.52s Sys=0.01s Real=0.14s
[2026-09-18T08:40:15.877+0000][340.983s][info][gc,start    ] GC(128) Pause Young (Concurrent Start) (G1 Evacuation Pause)
[2026-09-18T08:40:15.877+0000][340.983s][info][gc,task     ] GC(128) Using 4 workers of 4 for evacuation
[2026-09-18T08:40:16.010+0000][341.116s][info][gc,phases   ] GC(128)   Pre Evacuate Collection Set: 0.21ms
[2026-09-18T08:40:16.010+0000][341.116s][info][gc,phases   ] GC(128)   Merge Heap Roots: 3.06ms
[2026-09-18T08:40:16.010+0000][341.116s][info][gc,phases   ] GC(128)   Evacuate Collection Set: 128.59ms
[2026-09-18T08:40:16.010+0000][341.116s][info][gc,phases   ] GC(128)   Post Evacuate Collection Set: 1.49ms
[2026-09-18T08:40:16.010+0000][341.116s][info][gc,phases   ] GC(128)   Other: 0.12ms
[2026-09-18T08:40:16.010+0000][341.116s][info][gc,heap     ] GC(128) Eden regions: 238->0(237)
[2026-09-18T08:40:16.010+0000][341.116s][info][gc,heap     ] GC(128) Survivor regions: 16->17(32)
[2026-09-18T08:40:16.010+0000][341.116s][info][gc,heap     ] GC(128) Old regions: 398->398
[2026-09-18T08:40:16.010+0000][341.116s][info][gc,heap     ] GC(128) Humongous regions: 0->0
[2026-09-18T08:40:16.010+0000][341.116s][info][gc,metaspace] GC(128) Metaspace: 166530K(168256K)->166530K(168256K) NonClass: 140048K(140992K)->140048K(140992K) Class: 26481K(27264K)->26481K(27264K)
[2026-09-18T08:40:16.010+0000][341.116s][info][gc          ] GC(128) Pause Young (Concurrent Start) (G1 Evacuation Pause) 5209M->3317M(5496M) 133.628ms
[2026-09-18T08:40:16.010+0000][341.116s][info][gc,cpu      ] GC(128) User=0.51s Sys=0.02s Real=0.13s
[2026-09-18T08:40:16.010+0000][341.116s][info][gc          ] GC(129) Concurrent Mark Cycle
[2026-09-18T08:40:16.010+0000][341.116s][info][gc,marking  ] GC(129) Concurrent Scan Root Regions
[2026-09-18T08:40:16.060+0000][341.166s][info][gc,marking  ] GC(129) Concurrent Scan Root Regions 49.375ms
[2026-09-18T08:40:16.060+0000][341.166s][info][gc,marking  ] GC(129) Concurrent Mark
[2026-09-18T08:40:16.060+0000][341.166s][info][gc,marking  ] GC(129) Concurrent Mark From Roots
[2026-09-18T08:40:16.060+0000][341.166s][info][gc,task     ] GC(129) Using 1 workers of 1 for marking
[2026-09-18T08:40:18.624+0000][343.730s][info][gc,marking  ] GC(129) Concurrent Mark From Roots 2564.059ms
[2026-09-18T08:40:18.624+0000][343.730s][info][gc,marking  ] GC(129) Concurrent Preclean
[2026-09-18T08:40:18.624+0000][343.731s][info][gc,marking  ] GC(129) Concurrent Preclean 0.574ms
[2026-09-18T08:40:18.625+0000][343.731s][info][gc,start    ] GC(129) Pause Remark
[2026-09-18T08:40:18.632+0000][343.738s][info][gc          ] GC(129) Pause Remark 4369M->4369M(5536M) 7.478ms
[2026-09-18T08:40:18.632+0000][343.738s][info][gc,cpu      ] GC(129) User=0.02s Sys=0.00s Real=0.01s
[2026-09-18T08:40:18.632+0000][343.738s][info][gc,marking  ] GC(129) Concurrent Mark 2572.461ms
[2026-09-18T08:40:18.632+0000][343.738s][info][gc,marking  ] GC(129) Concurrent Rebuild Remembered Sets and Scrub Regions
[2026-09-18T08:40:19.707+0000][344.813s][info][gc,start    ] GC(130) Pause Young (Normal) (G1 Evacuation Pause)
[2026-09-18T08:40:19.707+0000][344.813s][info][gc,task     ] GC(130) Using 4 workers of 4 for evacuation
[2026-09-18T08:40:19.868+0000][344.974s][info][gc,phases   ] GC(130)   Pre Evacuate Collection Set: 0.17ms
[2026-09-18T08:40:19.868+0000][344.974s][info][gc,phases   ] GC(130)   Merge Heap Roots: 4.78ms
[2026-09-18T08:40:19.868+0000][344.974s][info][gc,phases   ] GC(130)   Evacuate Collection Set: 154.20ms
[2026-09-18T08:40:19.868+0000][344.974s][info][gc,phases   ] GC(130)   Post Evacuate Collection Set: 2.33ms
[2026-09-18T08:40:19.868+0000][344.974s][info][gc,phases   ] GC(130)   Other: 0.06ms
[2026-09-18T08:40:19.868+0000][344.975s][info][gc,heap     ] GC(130) Eden regions: 189->0(240)
[2026-09-18T08:40:19.868+0000][344.975s][info][gc,heap     ] GC(130) Survivor regions: 17->15(26)
[2026-09-18T08:40:19.868+0000][344.975s][info][gc,heap     ] GC(130) Old regions: 398->401
[2026-09-18T08:40:19.868+0000][344.975s][info][gc,heap     ] GC(130) Humongous regions: 0->0
[2026-09-18T08:40:19.868+0000][344.975s][info][gc,metaspace] GC(130) Metaspace: 166543K(168256K)->166543K(168256K) NonClass: 140062K(140992K)->140062K(140992K) Class: 26481K(27264K)->26481K(27264K)
[2026-09-18T08:40:19.868+0000][344.975s][info][gc          ] GC(130) Pause Young (Normal) (G1 Evacuation Pause) 4829M->3328M(5536M) 161.682ms
[2026-09-18T08:40:19.869+0000][344.975s][info][gc,cpu      ] GC(130) User=0.64s Sys=0.00s Real=0.16s
[2026-09-18T08:40:20.358+0000][345.464s][info][gc,marking  ] GC(129) Concurrent Rebuild Remembered Sets and Scrub Regions 1725.453ms
[2026-09-18T08:40:20.358+0000][345.464s][info][gc,start    ] GC(129) Pause Cleanup
[2026-09-18T08:40:20.358+0000][345.464s][info][gc          ] GC(129) Pause Cleanup 3544M->3544M(5536M) 0.208ms
[2026-09-18T08:40:20.358+0000][345.464s][info][gc,cpu      ] GC(129) User=0.00s Sys=0.00s Real=0.00s
[2026-09-18T08:40:20.358+0000][345.464s][info][gc,marking  ] GC(129) Concurrent Clear Claimed Marks
[2026-09-18T08:40:20.358+0000][345.464s][info][gc,marking  ] GC(129) Concurrent Clear Claimed Marks 0.229ms
[2026-09-18T08:40:20.358+0000][345.464s][info][gc,marking  ] GC(129) Concurrent Cleanup for Next Mark
[2026-09-18T08:40:20.364+0000][345.470s][info][gc,marking  ] GC(129) Concurrent Cleanup for Next Mark 5.158ms
[2026-09-18T08:40:20.364+0000][345.470s][info][gc          ] GC(129) Concurrent Mark Cycle 4353.275ms
[2026-09-18T08:40:24.330+0000][349.436s][info][gc,start    ] GC(131) Pause Young (Prepare Mixed) (G1 Evacuation Pause)
[2026-09-18T08:40:24.330+0000][349.436s][info][gc,task     ] GC(131) Using 4 workers of 4 for evacuation
[2026-09-18T08:40:24.458+0000][349.564s][info][gc,phases   ] GC(131)   Pre Evacuate Collection Set: 0.19ms
[2026-09-18T08:40:24.458+0000][349.564s][info][gc,phases   ] GC(131)   Merge Heap Roots: 3.83ms
[2026-09-18T08:40:24.458+0000][349.564s][info][gc,phases   ] GC(131)   Evacuate Collection Set: 122.16ms
[2026-09-18T08:40:24.458+0000][349.564s][info][gc,phases   ] GC(131)   Post Evacuate Collection Set: 1.55ms
[2026-09-18T08:40:24.458+0000][349.564s][info][gc,phases   ] GC(131)   Other: 0.06ms
[2026-09-18T08:40:24.458+0000][349.564s][info][gc,heap     ] GC(131) Eden regions: 240->0(239)
[2026-09-18T08:40:24.458+0000][349.564s][info][gc,heap     ] GC(131) Survivor regions: 15->16(32)
[2026-09-18T08:40:24.458+0000][349.564s][info][gc,heap     ] GC(131) Old regions: 401->401
[2026-09-18T08:40:24.458+0000][349.564s][info][gc,heap     ] GC(131) Humongous regions: 0->0
[2026-09-18T08:40:24.458+0000][349.564s][info][gc,metaspace] GC(131) Metaspace: 166548K(168256K)->166548K(168256K) NonClass: 140066K(140992K)->140066K(140992K) Class: 26482K(27264K)->26482K(27264K)
[2026-09-18T08:40:24.458+0000][349.564s][info][gc          ] GC(131) Pause Young (Prepare Mixed) (G1 Evacuation Pause) 5248M->3332M(5536M) 127.999ms
[2026-09-18T08:40:24.458+0000][349.564s][info][gc,cpu      ] GC(131) User=0.51s Sys=0.01s Real=0.13s
[2026-09-18T08:40:28.859+0000][353.965s][info][gc,start    ] GC(132) Pause Young (Mixed) (G1 Evacuation Pause)
[2026-09-18T08:40:28.859+0000][353.965s][info][gc,task     ] GC(132) Using 4 workers of 4 for evacuation
[2026-09-18T08:40:29.001+0000][354.107s][info][gc,phases   ] GC(132)   Pre Evacuate Collection Set: 0.17ms
[2026-09-18T08:40:29.001+0000][354.108s][info][gc,phases   ] GC(132)   Merge Heap Roots: 3.27ms
[2026-09-18T08:40:29.001+0000][354.108s][info][gc,phases   ] GC(132)   Evacuate Collection Set: 137.49ms
[2026-09-18T08:40:29.001+0000][354.108s][info][gc,phases   ] GC(132)   Post Evacuate Collection Set: 1.55ms
[2026-09-18T08:40:29.001+0000][354.108s][info][gc,phases   ] GC(132)   Other: 0.06ms
[2026-09-18T08:40:29.001+0000][354.108s][info][gc,heap     ] GC(132) Eden regions: 239->0(239)
[2026-09-18T08:40:29.001+0000][354.108s][info][gc,heap     ] GC(132) Survivor regions: 16->17(32)
[2026-09-18T08:40:29.001+0000][354.108s][info][gc,heap     ] GC(132) Old regions: 401->400
[2026-09-18T08:40:29.001+0000][354.108s][info][gc,heap     ] GC(132) Humongous regions: 0->0
[2026-09-18T08:40:29.001+0000][354.108s][info][gc,metaspace] GC(132) Metaspace: 166582K(168320K)->166582K(168320K) NonClass: 140100K(141056K)->140100K(141056K) Class: 26482K(27264K)->26482K(27264K)
[2026-09-18T08:40:29.002+0000][354.108s][info][gc          ] GC(132) Pause Young (Mixed) (G1 Evacuation Pause) 5244M->3336M(5536M) 142.697ms
[2026-09-18T08:40:29.002+0000][354.108s][info][gc,cpu      ] GC(132) User=0.57s Sys=0.00s Real=0.15s
[2026-09-18T08:40:33.301+0000][358.407s][info][gc,start    ] GC(133) Pause Young (Concurrent Start) (G1 Evacuation Pause)
[2026-09-18T08:40:33.301+0000][358.407s][info][gc,task     ] GC(133) Using 4 workers of 4 for evacuation
[2026-09-18T08:40:33.431+0000][358.537s][info][gc,phases   ] GC(133)   Pre Evacuate Collection Set: 0.19ms
[2026-09-18T08:40:33.431+0000][358.537s][info][gc,phases   ] GC(133)   Merge Heap Roots: 3.65ms
[2026-09-18T08:40:33.431+0000][358.537s][info][gc,phases   ] GC(133)   Evacuate Collection Set: 124.83ms
[2026-09-18T08:40:33.431+0000][358.537s][info][gc,phases   ] GC(133)   Post Evacuate Collection Set: 1.65ms
[2026-09-18T08:40:33.431+0000][358.538s][info][gc,phases   ] GC(133)   Other: 0.10ms
[2026-09-18T08:40:33.431+0000][358.538s][info][gc,heap     ] GC(133) Eden regions: 239->0(238)
[2026-09-18T08:40:33.431+0000][358.538s][info][gc,heap     ] GC(133) Survivor regions: 17->18(32)
[2026-09-18T08:40:33.431+0000][358.538s][info][gc,heap     ] GC(133) Old regions: 400->400
[2026-09-18T08:40:33.431+0000][358.538s][info][gc,heap     ] GC(133) Humongous regions: 0->0
[2026-09-18T08:40:33.431+0000][358.538s][info][gc,metaspace] GC(133) Metaspace: 166588K(168320K)->166588K(168320K) NonClass: 140106K(141056K)->140106K(141056K) Class: 26482K(27264K)->26482K(27264K)
[2026-09-18T08:40:33.432+0000][358.538s][info][gc          ] GC(133) Pause Young (Concurrent Start) (G1 Evacuation Pause) 5248M->3344M(5536M) 130.589ms
[2026-09-18T08:40:33.432+0000][358.538s][info][gc,cpu      ] GC(133) User=0.51s Sys=0.00s Real=0.14s
[2026-09-18T08:40:33.432+0000][358.538s][info][gc          ] GC(134) Concurrent Mark Cycle
[2026-09-18T08:40:33.432+0000][358.538s][info][gc,marking  ] GC(134) Concurrent Scan Root Regions
[2026-09-18T08:40:33.484+0000][358.590s][info][gc,marking  ] GC(134) Concurrent Scan Root Regions 52.075ms
[2026-09-18T08:40:33.484+0000][358.590s][info][gc,marking  ] GC(134) Concurrent Mark
[2026-09-18T08:40:33.484+0000][358.590s][info][gc,marking  ] GC(134) Concurrent Mark From Roots
[2026-09-18T08:40:33.484+0000][358.590s][info][gc,task     ] GC(134) Using 1 workers of 1 for marking
[2026-09-18T08:40:36.018+0000][361.124s][info][gc,marking  ] GC(134) Concurrent Mark From Roots 2534.575ms
[2026-09-18T08:40:36.018+0000][361.124s][info][gc,marking  ] GC(134) Concurrent Preclean
[2026-09-18T08:40:36.019+0000][361.125s][info][gc,marking  ] GC(134) Concurrent Preclean 0.576ms
[2026-09-18T08:40:36.019+0000][361.125s][info][gc,start    ] GC(134) Pause Remark
[2026-09-18T08:40:36.027+0000][361.133s][info][gc          ] GC(134) Pause Remark 4412M->4412M(5576M) 8.230ms
[2026-09-18T08:40:36.027+0000][361.133s][info][gc,cpu      ] GC(134) User=0.03s Sys=0.00s Real=0.01s
[2026-09-18T08:40:36.027+0000][361.133s][info][gc,marking  ] GC(134) Concurrent Mark 2543.726ms
[2026-09-18T08:40:36.027+0000][361.133s][info][gc,marking  ] GC(134) Concurrent Rebuild Remembered Sets and Scrub Regions
[2026-09-18T08:40:37.691+0000][362.797s][info][gc,marking  ] GC(134) Concurrent Rebuild Remembered Sets and Scrub Regions 1663.235ms
[2026-09-18T08:40:37.691+0000][362.797s][info][gc,start    ] GC(134) Pause Cleanup
[2026-09-18T08:40:37.691+0000][362.797s][info][gc          ] GC(134) Pause Cleanup 5096M->5096M(5576M) 0.208ms
[2026-09-18T08:40:37.691+0000][362.797s][info][gc,cpu      ] GC(134) User=0.01s Sys=0.00s Real=0.00s
[2026-09-18T08:40:37.693+0000][362.799s][info][gc,marking  ] GC(134) Concurrent Clear Claimed Marks
[2026-09-18T08:40:37.693+0000][362.799s][info][gc,marking  ] GC(134) Concurrent Clear Claimed Marks 0.212ms
[2026-09-18T08:40:37.693+0000][362.800s][info][gc,marking  ] GC(134) Concurrent Cleanup for Next Mark
[2026-09-18T08:40:37.699+0000][362.805s][info][gc,marking  ] GC(134) Concurrent Cleanup for Next Mark 5.210ms
[2026-09-18T08:40:37.699+0000][362.805s][info][gc          ] GC(134) Concurrent Mark Cycle 4267.139ms
[2026-09-18T08:40:38.050+0000][363.156s][info][gc,start    ] GC(135) Pause Young (Prepare Mixed) (G1 Evacuation Pause)
[2026-09-18T08:40:38.050+0000][363.156s][info][gc,task     ] GC(135) Using 4 workers of 4 for evacuation
[2026-09-18T08:40:38.189+0000][363.295s][info][gc,phases   ] GC(135)   Pre Evacuate Collection Set: 0.17ms
[2026-09-18T08:40:38.189+0000][363.295s][info][gc,phases   ] GC(135)   Merge Heap Roots: 3.45ms
[2026-09-18T08:40:38.189+0000][363.295s][info][gc,phases   ] GC(135)   Evacuate Collection Set: 133.41ms
[2026-09-18T08:40:38.189+0000][363.295s][info][gc,phases   ] GC(135)   Post Evacuate Collection Set: 1.64ms
[2026-09-18T08:40:38.189+0000][363.295s][info][gc,phases   ] GC(135)   Other: 0.05ms
[2026-09-18T08:40:38.189+0000][363.295s][info][gc,heap     ] GC(135) Eden regions: 238->0(242)
[2026-09-18T08:40:38.189+0000][363.295s][info][gc,heap     ] GC(135) Survivor regions: 18->18(32)
[2026-09-18T08:40:38.189+0000][363.295s][info][gc,heap     ] GC(135) Old regions: 400->401
[2026-09-18T08:40:38.189+0000][363.295s][info][gc,heap     ] GC(135) Humongous regions: 0->0
[2026-09-18T08:40:38.189+0000][363.295s][info][gc,metaspace] GC(135) Metaspace: 166592K(168320K)->166592K(168320K) NonClass: 140110K(141056K)->140110K(141056K) Class: 26482K(27264K)->26482K(27264K)
[2026-09-18T08:40:38.189+0000][363.295s][info][gc          ] GC(135) Pause Young (Prepare Mixed) (G1 Evacuation Pause) 5248M->3352M(5576M) 138.869ms
[2026-09-18T08:40:38.189+0000][363.295s][info][gc,cpu      ] GC(135) User=0.55s Sys=0.00s Real=0.14s
[2026-09-18T08:40:42.666+0000][367.772s][info][gc,start    ] GC(136) Pause Young (Mixed) (G1 Evacuation Pause)
[2026-09-18T08:40:42.666+0000][367.772s][info][gc,task     ] GC(136) Using 4 workers of 4 for evacuation
[2026-09-18T08:40:42.812+0000][367.918s][info][gc,phases   ] GC(136)   Pre Evacuate Collection Set: 0.19ms
[2026-09-18T08:40:42.812+0000][367.918s][info][gc,phases   ] GC(136)   Merge Heap Roots: 3.45ms
[2026-09-18T08:40:42.812+0000][367.918s][info][gc,phases   ] GC(136)   Evacuate Collection Set: 140.72ms
[2026-09-18T08:40:42.812+0000][367.918s][info][gc,phases   ] GC(136)   Post Evacuate Collection Set: 1.56ms
[2026-09-18T08:40:42.812+0000][367.918s][info][gc,phases   ] GC(136)   Other: 0.07ms
[2026-09-18T08:40:42.812+0000][367.918s][info][gc,heap     ] GC(136) Eden regions: 242->0(241)
[2026-09-18T08:40:42.812+0000][367.918s][info][gc,heap     ] GC(136) Survivor regions: 18->19(33)
[2026-09-18T08:40:42.812+0000][367.918s][info][gc,heap     ] GC(136) Old regions: 401->401
[2026-09-18T08:40:42.812+0000][367.918s][info][gc,heap     ] GC(136) Humongous regions: 0->0
[2026-09-18T08:40:42.812+0000][367.918s][info][gc,metaspace] GC(136) Metaspace: 166604K(168320K)->166604K(168320K) NonClass: 140121K(141056K)->140121K(141056K) Class: 26482K(27264K)->26482K(27264K)
[2026-09-18T08:40:42.812+0000][367.919s][info][gc          ] GC(136) Pause Young (Mixed) (G1 Evacuation Pause) 5288M->3352M(5576M) 146.162ms
[2026-09-18T08:40:42.812+0000][367.919s][info][gc,cpu      ] GC(136) User=0.58s Sys=0.01s Real=0.15s
[2026-09-18T08:40:47.241+0000][372.347s][info][gc,start    ] GC(137) Pause Young (Concurrent Start) (G1 Evacuation Pause)
[2026-09-18T08:40:47.241+0000][372.347s][info][gc,task     ] GC(137) Using 4 workers of 4 for evacuation
[2026-09-18T08:40:47.376+0000][372.482s][info][gc,phases   ] GC(137)   Pre Evacuate Collection Set: 0.20ms
[2026-09-18T08:40:47.376+0000][372.482s][info][gc,phases   ] GC(137)   Merge Heap Roots: 3.12ms
[2026-09-18T08:40:47.376+0000][372.482s][info][gc,phases   ] GC(137)   Evacuate Collection Set: 129.84ms
[2026-09-18T08:40:47.376+0000][372.482s][info][gc,phases   ] GC(137)   Post Evacuate Collection Set: 1.83ms
[2026-09-18T08:40:47.376+0000][372.482s][info][gc,phases   ] GC(137)   Other: 0.09ms
[2026-09-18T08:40:47.376+0000][372.482s][info][gc,heap     ] GC(137) Eden regions: 241->0(241)
[2026-09-18T08:40:47.376+0000][372.482s][info][gc,heap     ] GC(137) Survivor regions: 19->18(33)
[2026-09-18T08:40:47.376+0000][372.482s][info][gc,heap     ] GC(137) Old regions: 401->402
[2026-09-18T08:40:47.376+0000][372.482s][info][gc,heap     ] GC(137) Humongous regions: 0->0
[2026-09-18T08:40:47.376+0000][372.482s][info][gc,metaspace] GC(137) Metaspace: 166610K(168320K)->166610K(168320K) NonClass: 140128K(141056K)->140128K(141056K) Class: 26482K(27264K)->26482K(27264K)
[2026-09-18T08:40:47.376+0000][372.483s][info][gc          ] GC(137) Pause Young (Concurrent Start) (G1 Evacuation Pause) 5280M->3357M(5576M) 135.239ms
[2026-09-18T08:40:47.376+0000][372.483s][info][gc,cpu      ] GC(137) User=0.53s Sys=0.00s Real=0.13s
[2026-09-18T08:40:47.377+0000][372.483s][info][gc          ] GC(138) Concurrent Mark Cycle
[2026-09-18T08:40:47.377+0000][372.483s][info][gc,marking  ] GC(138) Concurrent Scan Root Regions
[2026-09-18T08:40:47.427+0000][372.533s][info][gc,marking  ] GC(138) Concurrent Scan Root Regions 50.155ms
[2026-09-18T08:40:47.427+0000][372.533s][info][gc,marking  ] GC(138) Concurrent Mark
[2026-09-18T08:40:47.427+0000][372.533s][info][gc,marking  ] GC(138) Concurrent Mark From Roots
[2026-09-18T08:40:47.427+0000][372.533s][info][gc,task     ] GC(138) Using 1 workers of 1 for marking
[2026-09-18T08:40:50.013+0000][375.119s][info][gc,marking  ] GC(138) Concurrent Mark From Roots 2586.661ms
[2026-09-18T08:40:50.013+0000][375.119s][info][gc,marking  ] GC(138) Concurrent Preclean
[2026-09-18T08:40:50.014+0000][375.120s][info][gc,marking  ] GC(138) Concurrent Preclean 0.472ms
[2026-09-18T08:40:50.014+0000][375.120s][info][gc,start    ] GC(138) Pause Remark
[2026-09-18T08:40:50.021+0000][375.127s][info][gc          ] GC(138) Pause Remark 4397M->4397M(5600M) 7.225ms
[2026-09-18T08:40:50.021+0000][375.127s][info][gc,cpu      ] GC(138) User=0.03s Sys=0.00s Real=0.01s
[2026-09-18T08:40:50.021+0000][375.127s][info][gc,marking  ] GC(138) Concurrent Mark 2594.674ms
[2026-09-18T08:40:50.021+0000][375.127s][info][gc,marking  ] GC(138) Concurrent Rebuild Remembered Sets and Scrub Regions
[2026-09-18T08:40:51.089+0000][376.195s][info][gc,start    ] GC(139) Pause Young (Normal) (G1 Evacuation Pause)
[2026-09-18T08:40:51.089+0000][376.195s][info][gc,task     ] GC(139) Using 4 workers of 4 for evacuation
[2026-09-18T08:40:51.257+0000][376.363s][info][gc,phases   ] GC(139)   Pre Evacuate Collection Set: 0.15ms
[2026-09-18T08:40:51.257+0000][376.363s][info][gc,phases   ] GC(139)   Merge Heap Roots: 4.75ms
[2026-09-18T08:40:51.257+0000][376.363s][info][gc,phases   ] GC(139)   Evacuate Collection Set: 160.40ms
[2026-09-18T08:40:51.257+0000][376.363s][info][gc,phases   ] GC(139)   Post Evacuate Collection Set: 2.46ms
[2026-09-18T08:40:51.257+0000][376.363s][info][gc,phases   ] GC(139)   Other: 0.05ms
[2026-09-18T08:40:51.257+0000][376.363s][info][gc,heap     ] GC(139) Eden regions: 185->0(243)
[2026-09-18T08:40:51.257+0000][376.363s][info][gc,heap     ] GC(139) Survivor regions: 18->15(26)
[2026-09-18T08:40:51.257+0000][376.363s][info][gc,heap     ] GC(139) Old regions: 402->407
[2026-09-18T08:40:51.257+0000][376.363s][info][gc,heap     ] GC(139) Humongous regions: 0->0
[2026-09-18T08:40:51.257+0000][376.363s][info][gc,metaspace] GC(139) Metaspace: 166648K(168384K)->166648K(168384K) NonClass: 140166K(141120K)->140166K(141120K) Class: 26482K(27264K)->26482K(27264K)
[2026-09-18T08:40:51.257+0000][376.363s][info][gc          ] GC(139) Pause Young (Normal) (G1 Evacuation Pause) 4837M->3366M(5600M) 167.972ms
[2026-09-18T08:40:51.257+0000][376.363s][info][gc,cpu      ] GC(139) User=0.67s Sys=0.00s Real=0.17s
[2026-09-18T08:40:51.754+0000][376.860s][info][gc,marking  ] GC(138) Concurrent Rebuild Remembered Sets and Scrub Regions 1732.648ms
[2026-09-18T08:40:51.754+0000][376.860s][info][gc,start    ] GC(138) Pause Cleanup
[2026-09-18T08:40:51.755+0000][376.861s][info][gc          ] GC(138) Pause Cleanup 3574M->3574M(5600M) 0.281ms
[2026-09-18T08:40:51.755+0000][376.861s][info][gc,cpu      ] GC(138) User=0.00s Sys=0.00s Real=0.00s
[2026-09-18T08:40:51.755+0000][376.861s][info][gc,marking  ] GC(138) Concurrent Clear Claimed Marks
[2026-09-18T08:40:51.755+0000][376.861s][info][gc,marking  ] GC(138) Concurrent Clear Claimed Marks 0.209ms
[2026-09-18T08:40:51.755+0000][376.861s][info][gc,marking  ] GC(138) Concurrent Cleanup for Next Mark
[2026-09-18T08:40:51.760+0000][376.866s][info][gc,marking  ] GC(138) Concurrent Cleanup for Next Mark 5.142ms
[2026-09-18T08:40:51.760+0000][376.866s][info][gc          ] GC(138) Concurrent Mark Cycle 4383.512ms
[2026-09-18T08:40:51.866+0000][376.972s][info][gc,start    ] GC(140) Pause Young (Prepare Mixed) (G1 Evacuation Pause)
[2026-09-18T08:40:51.866+0000][376.972s][info][gc,task     ] GC(140) Using 4 workers of 4 for evacuation
[2026-09-18T08:40:52.009+0000][377.115s][info][gc,phases   ] GC(140)   Pre Evacuate Collection Set: 0.17ms
[2026-09-18T08:40:52.009+0000][377.115s][info][gc,phases   ] GC(140)   Merge Heap Roots: 6.17ms
[2026-09-18T08:40:52.009+0000][377.115s][info][gc,phases   ] GC(140)   Evacuate Collection Set: 135.54ms
[2026-09-18T08:40:52.009+0000][377.115s][info][gc,phases   ] GC(140)   Post Evacuate Collection Set: 1.02ms
[2026-09-18T08:40:52.009+0000][377.115s][info][gc,phases   ] GC(140)   Other: 0.05ms
[2026-09-18T08:40:52.009+0000][377.115s][info][gc,heap     ] GC(140) Eden regions: 32->0(242)
[2026-09-18T08:40:52.009+0000][377.115s][info][gc,heap     ] GC(140) Survivor regions: 15->3(6)
[2026-09-18T08:40:52.009+0000][377.115s][info][gc,heap     ] GC(140) Old regions: 407->420
[2026-09-18T08:40:52.009+0000][377.115s][info][gc,heap     ] GC(140) Humongous regions: 0->0
[2026-09-18T08:40:52.009+0000][377.115s][info][gc,metaspace] GC(140) Metaspace: 166649K(168448K)->166649K(168448K) NonClass: 140166K(141184K)->140166K(141184K) Class: 26482K(27264K)->26482K(27264K)
[2026-09-18T08:40:52.009+0000][377.115s][info][gc          ] GC(140) Pause Young (Prepare Mixed) (G1 Evacuation Pause) 3622M->3378M(5600M) 143.105ms
[2026-09-18T08:40:52.009+0000][377.115s][info][gc,cpu      ] GC(140) User=0.56s Sys=0.00s Real=0.14s
[2026-09-18T08:40:56.454+0000][381.560s][info][gc,start    ] GC(141) Pause Young (Mixed) (G1 Evacuation Pause)
[2026-09-18T08:40:56.454+0000][381.560s][info][gc,task     ] GC(141) Using 4 workers of 4 for evacuation
[2026-09-18T08:40:56.565+0000][381.671s][info][gc,phases   ] GC(141)   Pre Evacuate Collection Set: 0.16ms
[2026-09-18T08:40:56.565+0000][381.671s][info][gc,phases   ] GC(141)   Merge Heap Roots: 2.56ms
[2026-09-18T08:40:56.565+0000][381.671s][info][gc,phases   ] GC(141)   Evacuate Collection Set: 106.23ms
[2026-09-18T08:40:56.565+0000][381.671s][info][gc,phases   ] GC(141)   Post Evacuate Collection Set: 1.74ms
[2026-09-18T08:40:56.565+0000][381.671s][info][gc,phases   ] GC(141)   Other: 0.05ms
[2026-09-18T08:40:56.565+0000][381.671s][info][gc,heap     ] GC(141) Eden regions: 242->0(240)
[2026-09-18T08:40:56.565+0000][381.671s][info][gc,heap     ] GC(141) Survivor regions: 3->6(31)
[2026-09-18T08:40:56.565+0000][381.671s][info][gc,heap     ] GC(141) Old regions: 420->419
[2026-09-18T08:40:56.565+0000][381.671s][info][gc,heap     ] GC(141) Humongous regions: 0->0
[2026-09-18T08:40:56.565+0000][381.671s][info][gc,metaspace] GC(141) Metaspace: 166655K(168448K)->166655K(168448K) NonClass: 140173K(141184K)->140173K(141184K) Class: 26482K(27264K)->26482K(27264K)
[2026-09-18T08:40:56.565+0000][381.671s][info][gc          ] GC(141) Pause Young (Mixed) (G1 Evacuation Pause) 5314M->3399M(5600M) 110.940ms
[2026-09-18T08:40:56.565+0000][381.671s][info][gc,cpu      ] GC(141) User=0.43s Sys=0.02s Real=0.11s
[2026-09-18T08:41:00.947+0000][386.053s][info][gc,start    ] GC(142) Pause Young (Concurrent Start) (G1 Evacuation Pause)
[2026-09-18T08:41:00.947+0000][386.053s][info][gc,task     ] GC(142) Using 4 workers of 4 for evacuation
[2026-09-18T08:41:01.047+0000][386.153s][info][gc,phases   ] GC(142)   Pre Evacuate Collection Set: 0.20ms
[2026-09-18T08:41:01.047+0000][386.153s][info][gc,phases   ] GC(142)   Merge Heap Roots: 2.52ms
[2026-09-18T08:41:01.047+0000][386.153s][info][gc,phases   ] GC(142)   Evacuate Collection Set: 95.90ms
[2026-09-18T08:41:01.047+0000][386.153s][info][gc,phases   ] GC(142)   Post Evacuate Collection Set: 1.62ms
[2026-09-18T08:41:01.047+0000][386.153s][info][gc,phases   ] GC(142)   Other: 0.08ms
[2026-09-18T08:41:01.047+0000][386.153s][info][gc,heap     ] GC(142) Eden regions: 240->0(238)
[2026-09-18T08:41:01.047+0000][386.153s][info][gc,heap     ] GC(142) Survivor regions: 6->8(31)
[2026-09-18T08:41:01.047+0000][386.153s][info][gc,heap     ] GC(142) Old regions: 419->419
[2026-09-18T08:41:01.047+0000][386.153s][info][gc,heap     ] GC(142) Humongous regions: 0->0
[2026-09-18T08:41:01.047+0000][386.153s][info][gc,metaspace] GC(142) Metaspace: 166660K(168448K)->166660K(168448K) NonClass: 140178K(141184K)->140178K(141184K) Class: 26482K(27264K)->26482K(27264K)
[2026-09-18T08:41:01.047+0000][386.154s][info][gc          ] GC(142) Pause Young (Concurrent Start) (G1 Evacuation Pause) 5319M->3410M(5600M) 100.482ms
[2026-09-18T08:41:01.047+0000][386.154s][info][gc,cpu      ] GC(142) User=0.39s Sys=0.00s Real=0.10s
[2026-09-18T08:41:01.048+0000][386.154s][info][gc          ] GC(143) Concurrent Mark Cycle
[2026-09-18T08:41:01.048+0000][386.154s][info][gc,marking  ] GC(143) Concurrent Scan Root Regions
[2026-09-18T08:41:01.084+0000][386.190s][info][gc,marking  ] GC(143) Concurrent Scan Root Regions 36.782ms
[2026-09-18T08:41:01.084+0000][386.190s][info][gc,marking  ] GC(143) Concurrent Mark
[2026-09-18T08:41:01.084+0000][386.190s][info][gc,marking  ] GC(143) Concurrent Mark From Roots
[2026-09-18T08:41:01.084+0000][386.190s][info][gc,task     ] GC(143) Using 1 workers of 1 for marking
[2026-09-18T08:41:03.679+0000][388.785s][info][gc,marking  ] GC(143) Concurrent Mark From Roots 2594.567ms
[2026-09-18T08:41:03.679+0000][388.785s][info][gc,marking  ] GC(143) Concurrent Preclean
[2026-09-18T08:41:03.679+0000][388.786s][info][gc,marking  ] GC(143) Concurrent Preclean 0.501ms
[2026-09-18T08:41:03.680+0000][388.786s][info][gc,start    ] GC(143) Pause Remark
[2026-09-18T08:41:03.687+0000][388.793s][info][gc          ] GC(143) Pause Remark 4434M->4434M(5696M) 7.393ms
[2026-09-18T08:41:03.687+0000][388.793s][info][gc,cpu      ] GC(143) User=0.03s Sys=0.00s Real=0.01s
[2026-09-18T08:41:03.687+0000][388.793s][info][gc,marking  ] GC(143) Concurrent Mark 2602.777ms
[2026-09-18T08:41:03.687+0000][388.793s][info][gc,marking  ] GC(143) Concurrent Rebuild Remembered Sets and Scrub Regions
[2026-09-18T08:41:05.355+0000][390.461s][info][gc,marking  ] GC(143) Concurrent Rebuild Remembered Sets and Scrub Regions 1668.105ms
[2026-09-18T08:41:05.355+0000][390.462s][info][gc,start    ] GC(143) Pause Cleanup
[2026-09-18T08:41:05.356+0000][390.462s][info][gc          ] GC(143) Pause Cleanup 5146M->5146M(5696M) 0.279ms
[2026-09-18T08:41:05.356+0000][390.462s][info][gc,cpu      ] GC(143) User=0.00s Sys=0.00s Real=0.00s
[2026-09-18T08:41:05.356+0000][390.462s][info][gc,marking  ] GC(143) Concurrent Clear Claimed Marks
[2026-09-18T08:41:05.356+0000][390.462s][info][gc,marking  ] GC(143) Concurrent Clear Claimed Marks 0.209ms
[2026-09-18T08:41:05.356+0000][390.462s][info][gc,marking  ] GC(143) Concurrent Cleanup for Next Mark
[2026-09-18T08:41:05.362+0000][390.468s][info][gc,marking  ] GC(143) Concurrent Cleanup for Next Mark 5.809ms
[2026-09-18T08:41:05.362+0000][390.468s][info][gc          ] GC(143) Concurrent Mark Cycle 4314.362ms
[2026-09-18T08:41:05.776+0000][390.882s][info][gc,start    ] GC(144) Pause Young (Prepare Mixed) (G1 Evacuation Pause)
[2026-09-18T08:41:05.776+0000][390.882s][info][gc,task     ] GC(144) Using 4 workers of 4 for evacuation
[2026-09-18T08:41:05.878+0000][390.984s][info][gc,phases   ] GC(144)   Pre Evacuate Collection Set: 0.17ms
[2026-09-18T08:41:05.878+0000][390.984s][info][gc,phases   ] GC(144)   Merge Heap Roots: 3.29ms
[2026-09-18T08:41:05.878+0000][390.984s][info][gc,phases   ] GC(144)   Evacuate Collection Set: 97.08ms
[2026-09-18T08:41:05.878+0000][390.984s][info][gc,phases   ] GC(144)   Post Evacuate Collection Set: 1.72ms
[2026-09-18T08:41:05.878+0000][390.984s][info][gc,phases   ] GC(144)   Other: 0.05ms
[2026-09-18T08:41:05.878+0000][390.984s][info][gc,heap     ] GC(144) Eden regions: 236->0(247)
[2026-09-18T08:41:05.878+0000][390.984s][info][gc,heap     ] GC(144) Survivor regions: 8->9(31)
[2026-09-18T08:41:05.878+0000][390.984s][info][gc,heap     ] GC(144) Old regions: 419->419
[2026-09-18T08:41:05.878+0000][390.984s][info][gc,heap     ] GC(144) Humongous regions: 0->0
[2026-09-18T08:41:05.878+0000][390.984s][info][gc,metaspace] GC(144) Metaspace: 166672K(168448K)->166672K(168448K) NonClass: 140189K(141184K)->140189K(141184K) Class: 26482K(27264K)->26482K(27264K)
[2026-09-18T08:41:05.878+0000][390.984s][info][gc          ] GC(144) Pause Young (Prepare Mixed) (G1 Evacuation Pause) 5298M->3419M(5696M) 102.452ms
[2026-09-18T08:41:05.878+0000][390.984s][info][gc,cpu      ] GC(144) User=0.40s Sys=0.00s Real=0.10s
[2026-09-18T08:41:10.596+0000][395.702s][info][gc,start    ] GC(145) Pause Young (Mixed) (G1 Evacuation Pause)
[2026-09-18T08:41:10.596+0000][395.702s][info][gc,task     ] GC(145) Using 4 workers of 4 for evacuation
[2026-09-18T08:41:10.718+0000][395.824s][info][gc,phases   ] GC(145)   Pre Evacuate Collection Set: 0.17ms
[2026-09-18T08:41:10.718+0000][395.824s][info][gc,phases   ] GC(145)   Merge Heap Roots: 3.63ms
[2026-09-18T08:41:10.718+0000][395.824s][info][gc,phases   ] GC(145)   Evacuate Collection Set: 116.95ms
[2026-09-18T08:41:10.718+0000][395.824s][info][gc,phases   ] GC(145)   Post Evacuate Collection Set: 1.75ms
[2026-09-18T08:41:10.718+0000][395.824s][info][gc,phases   ] GC(145)   Other: 0.06ms
[2026-09-18T08:41:10.718+0000][395.824s][info][gc,heap     ] GC(145) Eden regions: 247->0(249)
[2026-09-18T08:41:10.718+0000][395.824s][info][gc,heap     ] GC(145) Survivor regions: 9->10(32)
[2026-09-18T08:41:10.718+0000][395.824s][info][gc,heap     ] GC(145) Old regions: 419->416
[2026-09-18T08:41:10.718+0000][395.824s][info][gc,heap     ] GC(145) Humongous regions: 0->0
[2026-09-18T08:41:10.718+0000][395.824s][info][gc,metaspace] GC(145) Metaspace: 166706K(168512K)->166706K(168512K) NonClass: 140223K(141248K)->140223K(141248K) Class: 26483K(27264K)->26483K(27264K)
[2026-09-18T08:41:10.718+0000][395.824s][info][gc          ] GC(145) Pause Young (Mixed) (G1 Evacuation Pause) 5395M->3406M(5696M) 122.754ms
[2026-09-18T08:41:10.718+0000][395.824s][info][gc,cpu      ] GC(145) User=0.49s Sys=0.00s Real=0.12s
[2026-09-18T08:41:15.501+0000][400.607s][info][gc,start    ] GC(146) Pause Young (Concurrent Start) (G1 Evacuation Pause)
[2026-09-18T08:41:15.501+0000][400.607s][info][gc,task     ] GC(146) Using 4 workers of 4 for evacuation
[2026-09-18T08:41:15.618+0000][400.724s][info][gc,phases   ] GC(146)   Pre Evacuate Collection Set: 0.22ms
[2026-09-18T08:41:15.618+0000][400.724s][info][gc,phases   ] GC(146)   Merge Heap Roots: 3.15ms
[2026-09-18T08:41:15.618+0000][400.724s][info][gc,phases   ] GC(146)   Evacuate Collection Set: 111.91ms
[2026-09-18T08:41:15.618+0000][400.724s][info][gc,phases   ] GC(146)   Post Evacuate Collection Set: 1.81ms
[2026-09-18T08:41:15.618+0000][400.724s][info][gc,phases   ] GC(146)   Other: 0.10ms
[2026-09-18T08:41:15.618+0000][400.724s][info][gc,heap     ] GC(146) Eden regions: 249->0(247)
[2026-09-18T08:41:15.618+0000][400.724s][info][gc,heap     ] GC(146) Survivor regions: 10->12(33)
[2026-09-18T08:41:15.618+0000][400.724s][info][gc,heap     ] GC(146) Old regions: 416->416
[2026-09-18T08:41:15.618+0000][400.724s][info][gc,heap     ] GC(146) Humongous regions: 0->0
[2026-09-18T08:41:15.618+0000][400.724s][info][gc,metaspace] GC(146) Metaspace: 166746K(168512K)->166746K(168512K) NonClass: 140262K(141248K)->140262K(141248K) Class: 26483K(27264K)->26483K(27264K)
[2026-09-18T08:41:15.618+0000][400.724s][info][gc          ] GC(146) Pause Young (Concurrent Start) (G1 Evacuation Pause) 5398M->3423M(5696M) 117.368ms
[2026-09-18T08:41:15.618+0000][400.724s][info][gc,cpu      ] GC(146) User=0.46s Sys=0.00s Real=0.12s
[2026-09-18T08:41:15.618+0000][400.724s][info][gc          ] GC(147) Concurrent Mark Cycle
[2026-09-18T08:41:15.618+0000][400.724s][info][gc,marking  ] GC(147) Concurrent Scan Root Regions
[2026-09-18T08:41:15.658+0000][400.764s][info][gc,marking  ] GC(147) Concurrent Scan Root Regions 39.549ms
[2026-09-18T08:41:15.658+0000][400.764s][info][gc,marking  ] GC(147) Concurrent Mark
[2026-09-18T08:41:15.658+0000][400.764s][info][gc,marking  ] GC(147) Concurrent Mark From Roots
[2026-09-18T08:41:15.658+0000][400.764s][info][gc,task     ] GC(147) Using 1 workers of 1 for marking
[2026-09-18T08:41:18.204+0000][403.310s][info][gc,marking  ] GC(147) Concurrent Mark From Roots 2546.123ms
[2026-09-18T08:41:18.204+0000][403.310s][info][gc,marking  ] GC(147) Concurrent Preclean
[2026-09-18T08:41:18.205+0000][403.311s][info][gc,marking  ] GC(147) Concurrent Preclean 0.588ms
[2026-09-18T08:41:18.205+0000][403.311s][info][gc,start    ] GC(147) Pause Remark
[2026-09-18T08:41:18.212+0000][403.318s][info][gc          ] GC(147) Pause Remark 4435M->4435M(5712M) 7.046ms
[2026-09-18T08:41:18.212+0000][403.318s][info][gc,cpu      ] GC(147) User=0.02s Sys=0.00s Real=0.01s
[2026-09-18T08:41:18.212+0000][403.318s][info][gc,marking  ] GC(147) Concurrent Mark 2554.065ms
[2026-09-18T08:41:18.212+0000][403.318s][info][gc,marking  ] GC(147) Concurrent Rebuild Remembered Sets and Scrub Regions
[2026-09-18T08:41:19.809+0000][404.915s][info][gc,marking  ] GC(147) Concurrent Rebuild Remembered Sets and Scrub Regions 1597.093ms
[2026-09-18T08:41:19.809+0000][404.915s][info][gc,start    ] GC(147) Pause Cleanup
[2026-09-18T08:41:19.810+0000][404.916s][info][gc          ] GC(147) Pause Cleanup 5155M->5155M(5712M) 0.233ms
[2026-09-18T08:41:19.810+0000][404.916s][info][gc,cpu      ] GC(147) User=0.00s Sys=0.00s Real=0.00s
[2026-09-18T08:41:19.810+0000][404.916s][info][gc,marking  ] GC(147) Concurrent Clear Claimed Marks
[2026-09-18T08:41:19.810+0000][404.916s][info][gc,marking  ] GC(147) Concurrent Clear Claimed Marks 0.202ms
[2026-09-18T08:41:19.810+0000][404.916s][info][gc,marking  ] GC(147) Concurrent Cleanup for Next Mark
[2026-09-18T08:41:19.815+0000][404.921s][info][gc,marking  ] GC(147) Concurrent Cleanup for Next Mark 4.797ms
[2026-09-18T08:41:19.815+0000][404.921s][info][gc          ] GC(147) Concurrent Mark Cycle 4196.372ms
[2026-09-18T08:41:20.445+0000][405.551s][info][gc,start    ] GC(148) Pause Young (Prepare Mixed) (G1 Evacuation Pause)
[2026-09-18T08:41:20.445+0000][405.551s][info][gc,task     ] GC(148) Using 4 workers of 4 for evacuation
[2026-09-18T08:41:20.564+0000][405.670s][info][gc,phases   ] GC(148)   Pre Evacuate Collection Set: 0.17ms
[2026-09-18T08:41:20.564+0000][405.670s][info][gc,phases   ] GC(148)   Merge Heap Roots: 3.99ms
[2026-09-18T08:41:20.564+0000][405.670s][info][gc,phases   ] GC(148)   Evacuate Collection Set: 113.23ms
[2026-09-18T08:41:20.564+0000][405.670s][info][gc,phases   ] GC(148)   Post Evacuate Collection Set: 1.79ms
[2026-09-18T08:41:20.564+0000][405.670s][info][gc,phases   ] GC(148)   Other: 0.06ms
[2026-09-18T08:41:20.564+0000][405.670s][info][gc,heap     ] GC(148) Eden regions: 247->0(248)
[2026-09-18T08:41:20.564+0000][405.670s][info][gc,heap     ] GC(148) Survivor regions: 12->13(33)
[2026-09-18T08:41:20.564+0000][405.670s][info][gc,heap     ] GC(148) Old regions: 416->416
[2026-09-18T08:41:20.564+0000][405.670s][info][gc,heap     ] GC(148) Humongous regions: 0->0
[2026-09-18T08:41:20.564+0000][405.670s][info][gc,metaspace] GC(148) Metaspace: 166748K(168512K)->166748K(168512K) NonClass: 140265K(141248K)->140265K(141248K) Class: 26483K(27264K)->26483K(27264K)
[2026-09-18T08:41:20.564+0000][405.670s][info][gc          ] GC(148) Pause Young (Prepare Mixed) (G1 Evacuation Pause) 5399M->3431M(5712M) 119.421ms
[2026-09-18T08:41:20.564+0000][405.670s][info][gc,cpu      ] GC(148) User=0.47s Sys=0.00s Real=0.12s
[2026-09-18T08:41:25.084+0000][410.190s][info][gc,start    ] GC(149) Pause Young (Mixed) (G1 Evacuation Pause)
[2026-09-18T08:41:25.084+0000][410.190s][info][gc,task     ] GC(149) Using 4 workers of 4 for evacuation
[2026-09-18T08:41:25.217+0000][410.323s][info][gc,phases   ] GC(149)   Pre Evacuate Collection Set: 0.20ms
[2026-09-18T08:41:25.217+0000][410.323s][info][gc,phases   ] GC(149)   Merge Heap Roots: 3.39ms
[2026-09-18T08:41:25.217+0000][410.323s][info][gc,phases   ] GC(149)   Evacuate Collection Set: 128.10ms
[2026-09-18T08:41:25.217+0000][410.323s][info][gc,phases   ] GC(149)   Post Evacuate Collection Set: 1.89ms
[2026-09-18T08:41:25.217+0000][410.324s][info][gc,phases   ] GC(149)   Other: 0.07ms
[2026-09-18T08:41:25.217+0000][410.324s][info][gc,heap     ] GC(149) Eden regions: 248->0(272)
[2026-09-18T08:41:25.217+0000][410.324s][info][gc,heap     ] GC(149) Survivor regions: 13->14(33)
[2026-09-18T08:41:25.217+0000][410.324s][info][gc,heap     ] GC(149) Old regions: 416->413
[2026-09-18T08:41:25.217+0000][410.324s][info][gc,heap     ] GC(149) Humongous regions: 0->0
[2026-09-18T08:41:25.217+0000][410.324s][info][gc,metaspace] GC(149) Metaspace: 166752K(168512K)->166752K(168512K) NonClass: 140269K(141248K)->140269K(141248K) Class: 26483K(27264K)->26483K(27264K)
[2026-09-18T08:41:25.218+0000][410.324s][info][gc          ] GC(149) Pause Young (Mixed) (G1 Evacuation Pause) 5415M->3416M(5896M) 133.792ms
[2026-09-18T08:41:25.218+0000][410.324s][info][gc,cpu      ] GC(149) User=0.53s Sys=0.00s Real=0.13s
[2026-09-18T08:41:30.313+0000][415.419s][info][gc,start    ] GC(150) Pause Young (Concurrent Start) (G1 Evacuation Pause)
[2026-09-18T08:41:30.313+0000][415.419s][info][gc,task     ] GC(150) Using 4 workers of 4 for evacuation
[2026-09-18T08:41:30.437+0000][415.543s][info][gc,phases   ] GC(150)   Pre Evacuate Collection Set: 0.20ms
[2026-09-18T08:41:30.437+0000][415.543s][info][gc,phases   ] GC(150)   Merge Heap Roots: 3.08ms
[2026-09-18T08:41:30.437+0000][415.543s][info][gc,phases   ] GC(150)   Evacuate Collection Set: 118.98ms
[2026-09-18T08:41:30.437+0000][415.543s][info][gc,phases   ] GC(150)   Post Evacuate Collection Set: 1.60ms
[2026-09-18T08:41:30.437+0000][415.543s][info][gc,phases   ] GC(150)   Other: 0.14ms
[2026-09-18T08:41:30.437+0000][415.543s][info][gc,heap     ] GC(150) Eden regions: 272->0(271)
[2026-09-18T08:41:30.437+0000][415.543s][info][gc,heap     ] GC(150) Survivor regions: 14->15(36)
[2026-09-18T08:41:30.437+0000][415.543s][info][gc,heap     ] GC(150) Old regions: 413->413
[2026-09-18T08:41:30.437+0000][415.543s][info][gc,heap     ] GC(150) Humongous regions: 0->0
[2026-09-18T08:41:30.437+0000][415.543s][info][gc,metaspace] GC(150) Metaspace: 166759K(168512K)->166759K(168512K) NonClass: 140276K(141248K)->140276K(141248K) Class: 26483K(27264K)->26483K(27264K)
[2026-09-18T08:41:30.437+0000][415.543s][info][gc          ] GC(150) Pause Young (Concurrent Start) (G1 Evacuation Pause) 5592M->3424M(5896M) 124.150ms
[2026-09-18T08:41:30.437+0000][415.543s][info][gc,cpu      ] GC(150) User=0.49s Sys=0.00s Real=0.12s
[2026-09-18T08:41:30.437+0000][415.543s][info][gc          ] GC(151) Concurrent Mark Cycle
[2026-09-18T08:41:30.437+0000][415.543s][info][gc,marking  ] GC(151) Concurrent Scan Root Regions
[2026-09-18T08:41:30.478+0000][415.584s][info][gc,marking  ] GC(151) Concurrent Scan Root Regions 41.503ms
[2026-09-18T08:41:30.478+0000][415.584s][info][gc,marking  ] GC(151) Concurrent Mark
[2026-09-18T08:41:30.478+0000][415.584s][info][gc,marking  ] GC(151) Concurrent Mark From Roots
[2026-09-18T08:41:30.478+0000][415.584s][info][gc,task     ] GC(151) Using 1 workers of 1 for marking
[2026-09-18T08:41:33.160+0000][418.266s][info][gc,marking  ] GC(151) Concurrent Mark From Roots 2681.463ms
[2026-09-18T08:41:33.160+0000][418.266s][info][gc,marking  ] GC(151) Concurrent Preclean
[2026-09-18T08:41:33.160+0000][418.266s][info][gc,marking  ] GC(151) Concurrent Preclean 0.495ms
[2026-09-18T08:41:33.161+0000][418.267s][info][gc,start    ] GC(151) Pause Remark
[2026-09-18T08:41:33.168+0000][418.274s][info][gc          ] GC(151) Pause Remark 4468M->4468M(5896M) 7.206ms
[2026-09-18T08:41:33.168+0000][418.274s][info][gc,cpu      ] GC(151) User=0.03s Sys=0.00s Real=0.01s
[2026-09-18T08:41:33.168+0000][418.274s][info][gc,marking  ] GC(151) Concurrent Mark 2689.475ms
[2026-09-18T08:41:33.168+0000][418.274s][info][gc,marking  ] GC(151) Concurrent Rebuild Remembered Sets and Scrub Regions
[2026-09-18T08:41:34.493+0000][419.599s][info][gc,start    ] GC(152) Pause Young (Normal) (G1 Evacuation Pause)
[2026-09-18T08:41:34.493+0000][419.599s][info][gc,task     ] GC(152) Using 4 workers of 4 for evacuation
[2026-09-18T08:41:34.646+0000][419.752s][info][gc,phases   ] GC(152)   Pre Evacuate Collection Set: 0.14ms
[2026-09-18T08:41:34.646+0000][419.752s][info][gc,phases   ] GC(152)   Merge Heap Roots: 4.44ms
[2026-09-18T08:41:34.646+0000][419.752s][info][gc,phases   ] GC(152)   Evacuate Collection Set: 145.79ms
[2026-09-18T08:41:34.646+0000][419.752s][info][gc,phases   ] GC(152)   Post Evacuate Collection Set: 2.31ms
[2026-09-18T08:41:34.646+0000][419.752s][info][gc,phases   ] GC(152)   Other: 0.05ms
[2026-09-18T08:41:34.646+0000][419.752s][info][gc,heap     ] GC(152) Eden regions: 198->0(269)
[2026-09-18T08:41:34.646+0000][419.752s][info][gc,heap     ] GC(152) Survivor regions: 15->15(27)
[2026-09-18T08:41:34.646+0000][419.752s][info][gc,heap     ] GC(152) Old regions: 413->415
[2026-09-18T08:41:34.646+0000][419.752s][info][gc,heap     ] GC(152) Humongous regions: 0->0
[2026-09-18T08:41:34.646+0000][419.752s][info][gc,metaspace] GC(152) Metaspace: 166817K(168576K)->166817K(168576K) NonClass: 140328K(141312K)->140328K(141312K) Class: 26489K(27264K)->26489K(27264K)
[2026-09-18T08:41:34.646+0000][419.752s][info][gc          ] GC(152) Pause Young (Normal) (G1 Evacuation Pause) 5008M->3432M(5896M) 152.869ms
[2026-09-18T08:41:34.646+0000][419.752s][info][gc,cpu      ] GC(152) User=0.61s Sys=0.00s Real=0.15s
[2026-09-18T08:41:34.889+0000][419.995s][info][gc,marking  ] GC(151) Concurrent Rebuild Remembered Sets and Scrub Regions 1721.216ms
[2026-09-18T08:41:34.889+0000][419.995s][info][gc,start    ] GC(151) Pause Cleanup
[2026-09-18T08:41:34.890+0000][419.996s][info][gc          ] GC(151) Pause Cleanup 3508M->3508M(5896M) 0.260ms
[2026-09-18T08:41:34.890+0000][419.996s][info][gc,cpu      ] GC(151) User=0.00s Sys=0.00s Real=0.00s
[2026-09-18T08:41:34.890+0000][419.996s][info][gc,marking  ] GC(151) Concurrent Clear Claimed Marks
[2026-09-18T08:41:34.890+0000][419.996s][info][gc,marking  ] GC(151) Concurrent Clear Claimed Marks 0.193ms
[2026-09-18T08:41:34.890+0000][419.996s][info][gc,marking  ] GC(151) Concurrent Cleanup for Next Mark
[2026-09-18T08:41:34.896+0000][420.002s][info][gc,marking  ] GC(151) Concurrent Cleanup for Next Mark 6.355ms
[2026-09-18T08:41:34.896+0000][420.002s][info][gc          ] GC(151) Concurrent Mark Cycle 4459.428ms
[2026-09-18T08:41:39.891+0000][424.997s][info][gc,start    ] GC(153) Pause Young (Prepare Mixed) (G1 Evacuation Pause)
[2026-09-18T08:41:39.891+0000][424.997s][info][gc,task     ] GC(153) Using 4 workers of 4 for evacuation
[2026-09-18T08:41:40.020+0000][425.126s][info][gc,phases   ] GC(153)   Pre Evacuate Collection Set: 0.16ms
[2026-09-18T08:41:40.020+0000][425.126s][info][gc,phases   ] GC(153)   Merge Heap Roots: 3.76ms
[2026-09-18T08:41:40.020+0000][425.126s][info][gc,phases   ] GC(153)   Evacuate Collection Set: 123.08ms
[2026-09-18T08:41:40.020+0000][425.126s][info][gc,phases   ] GC(153)   Post Evacuate Collection Set: 1.63ms
[2026-09-18T08:41:40.020+0000][425.126s][info][gc,phases   ] GC(153)   Other: 0.08ms
[2026-09-18T08:41:40.020+0000][425.126s][info][gc,heap     ] GC(153) Eden regions: 269->0(268)
[2026-09-18T08:41:40.020+0000][425.126s][info][gc,heap     ] GC(153) Survivor regions: 15->16(36)
[2026-09-18T08:41:40.020+0000][425.126s][info][gc,heap     ] GC(153) Old regions: 415->415
[2026-09-18T08:41:40.020+0000][425.126s][info][gc,heap     ] GC(153) Humongous regions: 0->0
[2026-09-18T08:41:40.020+0000][425.126s][info][gc,metaspace] GC(153) Metaspace: 166819K(168576K)->166819K(168576K) NonClass: 140330K(141312K)->140330K(141312K) Class: 26489K(27264K)->26489K(27264K)
[2026-09-18T08:41:40.020+0000][425.126s][info][gc          ] GC(153) Pause Young (Prepare Mixed) (G1 Evacuation Pause) 5584M->3440M(5896M) 128.847ms
[2026-09-18T08:41:40.020+0000][425.126s][info][gc,cpu      ] GC(153) User=0.51s Sys=0.00s Real=0.12s
[2026-09-18T08:41:44.819+0000][429.925s][info][gc,start    ] GC(154) Pause Young (Mixed) (G1 Evacuation Pause)
[2026-09-18T08:41:44.819+0000][429.925s][info][gc,task     ] GC(154) Using 4 workers of 4 for evacuation
[2026-09-18T08:41:44.962+0000][430.068s][info][gc,phases   ] GC(154)   Pre Evacuate Collection Set: 0.18ms
[2026-09-18T08:41:44.962+0000][430.068s][info][gc,phases   ] GC(154)   Merge Heap Roots: 3.40ms
[2026-09-18T08:41:44.962+0000][430.068s][info][gc,phases   ] GC(154)   Evacuate Collection Set: 137.00ms
[2026-09-18T08:41:44.962+0000][430.068s][info][gc,phases   ] GC(154)   Post Evacuate Collection Set: 1.86ms
[2026-09-18T08:41:44.962+0000][430.068s][info][gc,phases   ] GC(154)   Other: 0.09ms
[2026-09-18T08:41:44.962+0000][430.068s][info][gc,heap     ] GC(154) Eden regions: 268->0(269)
[2026-09-18T08:41:44.962+0000][430.068s][info][gc,heap     ] GC(154) Survivor regions: 16->18(36)
[2026-09-18T08:41:44.962+0000][430.068s][info][gc,heap     ] GC(154) Old regions: 415->412
[2026-09-18T08:41:44.962+0000][430.068s][info][gc,heap     ] GC(154) Humongous regions: 0->0
[2026-09-18T08:41:44.962+0000][430.068s][info][gc,metaspace] GC(154) Metaspace: 166819K(168576K)->166819K(168576K) NonClass: 140330K(141312K)->140330K(141312K) Class: 26489K(27264K)->26489K(27264K)
[2026-09-18T08:41:44.962+0000][430.068s][info][gc          ] GC(154) Pause Young (Mixed) (G1 Evacuation Pause) 5584M->3436M(5896M) 142.660ms
[2026-09-18T08:41:44.962+0000][430.068s][info][gc,cpu      ] GC(154) User=0.56s Sys=0.00s Real=0.15s
[2026-09-18T08:41:49.890+0000][434.996s][info][gc,start    ] GC(155) Pause Young (Concurrent Start) (G1 Evacuation Pause)
[2026-09-18T08:41:49.890+0000][434.996s][info][gc,task     ] GC(155) Using 4 workers of 4 for evacuation
[2026-09-18T08:41:50.022+0000][435.128s][info][gc,phases   ] GC(155)   Pre Evacuate Collection Set: 0.22ms
[2026-09-18T08:41:50.022+0000][435.128s][info][gc,phases   ] GC(155)   Merge Heap Roots: 3.08ms
[2026-09-18T08:41:50.022+0000][435.128s][info][gc,phases   ] GC(155)   Evacuate Collection Set: 126.75ms
[2026-09-18T08:41:50.022+0000][435.128s][info][gc,phases   ] GC(155)   Post Evacuate Collection Set: 1.81ms
[2026-09-18T08:41:50.022+0000][435.128s][info][gc,phases   ] GC(155)   Other: 0.10ms
[2026-09-18T08:41:50.022+0000][435.128s][info][gc,heap     ] GC(155) Eden regions: 269->0(268)
[2026-09-18T08:41:50.022+0000][435.128s][info][gc,heap     ] GC(155) Survivor regions: 18->19(36)
[2026-09-18T08:41:50.022+0000][435.128s][info][gc,heap     ] GC(155) Old regions: 412->412
[2026-09-18T08:41:50.022+0000][435.129s][info][gc,heap     ] GC(155) Humongous regions: 0->0
[2026-09-18T08:41:50.022+0000][435.129s][info][gc,metaspace] GC(155) Metaspace: 166820K(168576K)->166820K(168576K) NonClass: 140331K(141312K)->140331K(141312K) Class: 26489K(27264K)->26489K(27264K)
[2026-09-18T08:41:50.022+0000][435.129s][info][gc          ] GC(155) Pause Young (Concurrent Start) (G1 Evacuation Pause) 5588M->3444M(5896M) 132.116ms
[2026-09-18T08:41:50.023+0000][435.129s][info][gc,cpu      ] GC(155) User=0.52s Sys=0.00s Real=0.14s
[2026-09-18T08:41:50.023+0000][435.129s][info][gc          ] GC(156) Concurrent Mark Cycle
[2026-09-18T08:41:50.023+0000][435.129s][info][gc,marking  ] GC(156) Concurrent Scan Root Regions
[2026-09-18T08:41:50.071+0000][435.177s][info][gc,marking  ] GC(156) Concurrent Scan Root Regions 47.998ms
[2026-09-18T08:41:50.071+0000][435.177s][info][gc,marking  ] GC(156) Concurrent Mark
[2026-09-18T08:41:50.071+0000][435.177s][info][gc,marking  ] GC(156) Concurrent Mark From Roots
[2026-09-18T08:41:50.071+0000][435.177s][info][gc,task     ] GC(156) Using 1 workers of 1 for marking
[2026-09-18T08:41:52.627+0000][437.733s][info][gc,marking  ] GC(156) Concurrent Mark From Roots 2556.819ms
[2026-09-18T08:41:52.627+0000][437.733s][info][gc,marking  ] GC(156) Concurrent Preclean
[2026-09-18T08:41:52.628+0000][437.734s][info][gc,marking  ] GC(156) Concurrent Preclean 0.592ms
[2026-09-18T08:41:52.628+0000][437.734s][info][gc,start    ] GC(156) Pause Remark
[2026-09-18T08:41:52.635+0000][437.742s][info][gc          ] GC(156) Pause Remark 4508M->4508M(5896M) 7.250ms
[2026-09-18T08:41:52.635+0000][437.742s][info][gc,cpu      ] GC(156) User=0.02s Sys=0.00s Real=0.01s
[2026-09-18T08:41:52.636+0000][437.742s][info][gc,marking  ] GC(156) Concurrent Mark 2564.966ms
[2026-09-18T08:41:52.636+0000][437.742s][info][gc,marking  ] GC(156) Concurrent Rebuild Remembered Sets and Scrub Regions
[2026-09-18T08:41:53.744+0000][438.850s][info][gc,start    ] GC(157) Pause Young (Normal) (G1 Evacuation Pause)
[2026-09-18T08:41:53.744+0000][438.850s][info][gc,task     ] GC(157) Using 4 workers of 4 for evacuation
[2026-09-18T08:41:53.906+0000][439.012s][info][gc,phases   ] GC(157)   Pre Evacuate Collection Set: 0.14ms
[2026-09-18T08:41:53.906+0000][439.012s][info][gc,phases   ] GC(157)   Merge Heap Roots: 4.53ms
[2026-09-18T08:41:53.906+0000][439.012s][info][gc,phases   ] GC(157)   Evacuate Collection Set: 154.26ms
[2026-09-18T08:41:53.906+0000][439.012s][info][gc,phases   ] GC(157)   Post Evacuate Collection Set: 2.68ms
[2026-09-18T08:41:53.906+0000][439.012s][info][gc,phases   ] GC(157)   Other: 0.05ms
[2026-09-18T08:41:53.906+0000][439.012s][info][gc,heap     ] GC(157) Eden regions: 190->0(268)
[2026-09-18T08:41:53.906+0000][439.012s][info][gc,heap     ] GC(157) Survivor regions: 19->14(27)
[2026-09-18T08:41:53.906+0000][439.012s][info][gc,heap     ] GC(157) Old regions: 412->417
[2026-09-18T08:41:53.906+0000][439.012s][info][gc,heap     ] GC(157) Humongous regions: 0->0
[2026-09-18T08:41:53.906+0000][439.012s][info][gc,metaspace] GC(157) Metaspace: 166828K(168576K)->166828K(168576K) NonClass: 140339K(141312K)->140339K(141312K) Class: 26489K(27264K)->26489K(27264K)
[2026-09-18T08:41:53.906+0000][439.012s][info][gc          ] GC(157) Pause Young (Normal) (G1 Evacuation Pause) 4964M->3446M(5896M) 161.802ms
[2026-09-18T08:41:53.906+0000][439.012s][info][gc,cpu      ] GC(157) User=0.64s Sys=0.00s Real=0.16s
[2026-09-18T08:41:54.355+0000][439.461s][info][gc,marking  ] GC(156) Concurrent Rebuild Remembered Sets and Scrub Regions 1719.505ms
[2026-09-18T08:41:54.355+0000][439.461s][info][gc,start    ] GC(156) Pause Cleanup
[2026-09-18T08:41:54.356+0000][439.462s][info][gc          ] GC(156) Pause Cleanup 3606M->3606M(5896M) 0.232ms
[2026-09-18T08:41:54.356+0000][439.462s][info][gc,cpu      ] GC(156) User=0.00s Sys=0.00s Real=0.00s
[2026-09-18T08:41:54.356+0000][439.462s][info][gc,marking  ] GC(156) Concurrent Clear Claimed Marks
[2026-09-18T08:41:54.356+0000][439.462s][info][gc,marking  ] GC(156) Concurrent Clear Claimed Marks 0.209ms
[2026-09-18T08:41:54.356+0000][439.462s][info][gc,marking  ] GC(156) Concurrent Cleanup for Next Mark
[2026-09-18T08:41:54.361+0000][439.467s][info][gc,marking  ] GC(156) Concurrent Cleanup for Next Mark 5.407ms
[2026-09-18T08:41:54.361+0000][439.467s][info][gc          ] GC(156) Concurrent Mark Cycle 4338.757ms
[2026-09-18T08:41:59.028+0000][444.134s][info][gc,start    ] GC(158) Pause Young (Prepare Mixed) (G1 Evacuation Pause)
[2026-09-18T08:41:59.028+0000][444.134s][info][gc,task     ] GC(158) Using 4 workers of 4 for evacuation
[2026-09-18T08:41:59.154+0000][444.260s][info][gc,phases   ] GC(158)   Pre Evacuate Collection Set: 0.18ms
[2026-09-18T08:41:59.154+0000][444.260s][info][gc,phases   ] GC(158)   Merge Heap Roots: 3.64ms
[2026-09-18T08:41:59.154+0000][444.260s][info][gc,phases   ] GC(158)   Evacuate Collection Set: 119.57ms
[2026-09-18T08:41:59.154+0000][444.260s][info][gc,phases   ] GC(158)   Post Evacuate Collection Set: 2.44ms
[2026-09-18T08:41:59.154+0000][444.260s][info][gc,phases   ] GC(158)   Other: 0.06ms
[2026-09-18T08:41:59.154+0000][444.260s][info][gc,heap     ] GC(158) Eden regions: 268->0(266)
[2026-09-18T08:41:59.154+0000][444.260s][info][gc,heap     ] GC(158) Survivor regions: 14->16(36)
[2026-09-18T08:41:59.154+0000][444.260s][info][gc,heap     ] GC(158) Old regions: 417->417
[2026-09-18T08:41:59.154+0000][444.260s][info][gc,heap     ] GC(158) Humongous regions: 0->0
[2026-09-18T08:41:59.154+0000][444.260s][info][gc,metaspace] GC(158) Metaspace: 166838K(168576K)->166838K(168576K) NonClass: 140349K(141312K)->140349K(141312K) Class: 26489K(27264K)->26489K(27264K)
[2026-09-18T08:41:59.154+0000][444.260s][info][gc          ] GC(158) Pause Young (Prepare Mixed) (G1 Evacuation Pause) 5590M->3458M(5896M) 126.034ms
[2026-09-18T08:41:59.154+0000][444.260s][info][gc,cpu      ] GC(158) User=0.50s Sys=0.00s Real=0.13s
[2026-09-18T08:42:04.264+0000][449.370s][info][gc,start    ] GC(159) Pause Young (Mixed) (G1 Evacuation Pause)
[2026-09-18T08:42:04.264+0000][449.370s][info][gc,task     ] GC(159) Using 4 workers of 4 for evacuation
[2026-09-18T08:42:04.405+0000][449.511s][info][gc,phases   ] GC(159)   Pre Evacuate Collection Set: 0.19ms
[2026-09-18T08:42:04.405+0000][449.511s][info][gc,phases   ] GC(159)   Merge Heap Roots: 3.20ms
[2026-09-18T08:42:04.405+0000][449.511s][info][gc,phases   ] GC(159)   Evacuate Collection Set: 136.59ms
[2026-09-18T08:42:04.405+0000][449.511s][info][gc,phases   ] GC(159)   Post Evacuate Collection Set: 1.58ms
[2026-09-18T08:42:04.405+0000][449.511s][info][gc,phases   ] GC(159)   Other: 0.06ms
[2026-09-18T08:42:04.405+0000][449.511s][info][gc,heap     ] GC(159) Eden regions: 266->0(266)
[2026-09-18T08:42:04.405+0000][449.511s][info][gc,heap     ] GC(159) Survivor regions: 16->17(36)
[2026-09-18T08:42:04.405+0000][449.511s][info][gc,heap     ] GC(159) Old regions: 417->416
[2026-09-18T08:42:04.405+0000][449.511s][info][gc,heap     ] GC(159) Humongous regions: 0->0
[2026-09-18T08:42:04.405+0000][449.511s][info][gc,metaspace] GC(159) Metaspace: 166859K(168576K)->166859K(168576K) NonClass: 140370K(141312K)->140370K(141312K) Class: 26489K(27264K)->26489K(27264K)
[2026-09-18T08:42:04.405+0000][449.511s][info][gc          ] GC(159) Pause Young (Mixed) (G1 Evacuation Pause) 5586M->3453M(5896M) 141.769ms
[2026-09-18T08:42:04.405+0000][449.511s][info][gc,cpu      ] GC(159) User=0.56s Sys=0.00s Real=0.14s
[2026-09-18T08:42:09.413+0000][454.520s][info][gc,start    ] GC(160) Pause Young (Concurrent Start) (G1 Evacuation Pause)
[2026-09-18T08:42:09.414+0000][454.520s][info][gc,task     ] GC(160) Using 4 workers of 4 for evacuation
[2026-09-18T08:42:09.548+0000][454.654s][info][gc,phases   ] GC(160)   Pre Evacuate Collection Set: 0.23ms
[2026-09-18T08:42:09.548+0000][454.654s][info][gc,phases   ] GC(160)   Merge Heap Roots: 3.10ms
[2026-09-18T08:42:09.548+0000][454.654s][info][gc,phases   ] GC(160)   Evacuate Collection Set: 128.83ms
[2026-09-18T08:42:09.548+0000][454.654s][info][gc,phases   ] GC(160)   Post Evacuate Collection Set: 1.79ms
[2026-09-18T08:42:09.548+0000][454.654s][info][gc,phases   ] GC(160)   Other: 0.11ms
[2026-09-18T08:42:09.548+0000][454.654s][info][gc,heap     ] GC(160) Eden regions: 266->0(265)
[2026-09-18T08:42:09.548+0000][454.654s][info][gc,heap     ] GC(160) Survivor regions: 17->18(36)
[2026-09-18T08:42:09.548+0000][454.654s][info][gc,heap     ] GC(160) Old regions: 416->416
[2026-09-18T08:42:09.548+0000][454.654s][info][gc,heap     ] GC(160) Humongous regions: 0->0
[2026-09-18T08:42:09.548+0000][454.654s][info][gc,metaspace] GC(160) Metaspace: 166874K(168576K)->166874K(168576K) NonClass: 140384K(141312K)->140384K(141312K) Class: 26489K(27264K)->26489K(27264K)
[2026-09-18T08:42:09.548+0000][454.654s][info][gc          ] GC(160) Pause Young (Concurrent Start) (G1 Evacuation Pause) 5581M->3461M(5896M) 134.242ms
[2026-09-18T08:42:09.548+0000][454.654s][info][gc,cpu      ] GC(160) User=0.50s Sys=0.02s Real=0.13s
[2026-09-18T08:42:09.548+0000][454.654s][info][gc          ] GC(161) Concurrent Mark Cycle
[2026-09-18T08:42:09.548+0000][454.654s][info][gc,marking  ] GC(161) Concurrent Scan Root Regions
[2026-09-18T08:42:09.593+0000][454.699s][info][gc,marking  ] GC(161) Concurrent Scan Root Regions 45.669ms
[2026-09-18T08:42:09.593+0000][454.700s][info][gc,marking  ] GC(161) Concurrent Mark
[2026-09-18T08:42:09.593+0000][454.700s][info][gc,marking  ] GC(161) Concurrent Mark From Roots
[2026-09-18T08:42:09.593+0000][454.700s][info][gc,task     ] GC(161) Using 1 workers of 1 for marking
[2026-09-18T08:42:12.147+0000][457.253s][info][gc,marking  ] GC(161) Concurrent Mark From Roots 2553.799ms
[2026-09-18T08:42:12.147+0000][457.253s][info][gc,marking  ] GC(161) Concurrent Preclean
[2026-09-18T08:42:12.148+0000][457.254s][info][gc,marking  ] GC(161) Concurrent Preclean 0.475ms
[2026-09-18T08:42:12.148+0000][457.254s][info][gc,start    ] GC(161) Pause Remark
[2026-09-18T08:42:12.156+0000][457.262s][info][gc          ] GC(161) Pause Remark 4497M->4497M(5896M) 8.315ms
[2026-09-18T08:42:12.156+0000][457.262s][info][gc,cpu      ] GC(161) User=0.02s Sys=0.00s Real=0.01s
[2026-09-18T08:42:12.156+0000][457.262s][info][gc,marking  ] GC(161) Concurrent Mark 2562.910ms
[2026-09-18T08:42:12.156+0000][457.262s][info][gc,marking  ] GC(161) Concurrent Rebuild Remembered Sets and Scrub Regions
[2026-09-18T08:42:13.509+0000][458.615s][info][gc,start    ] GC(162) Pause Young (Normal) (G1 Evacuation Pause)
[2026-09-18T08:42:13.509+0000][458.615s][info][gc,task     ] GC(162) Using 4 workers of 4 for evacuation
[2026-09-18T08:42:13.673+0000][458.779s][info][gc,phases   ] GC(162)   Pre Evacuate Collection Set: 0.15ms
[2026-09-18T08:42:13.673+0000][458.779s][info][gc,phases   ] GC(162)   Merge Heap Roots: 4.61ms
[2026-09-18T08:42:13.673+0000][458.779s][info][gc,phases   ] GC(162)   Evacuate Collection Set: 157.03ms
[2026-09-18T08:42:13.673+0000][458.779s][info][gc,phases   ] GC(162)   Post Evacuate Collection Set: 2.39ms
[2026-09-18T08:42:13.673+0000][458.779s][info][gc,phases   ] GC(162)   Other: 0.05ms
[2026-09-18T08:42:13.673+0000][458.779s][info][gc,heap     ] GC(162) Eden regions: 198->0(265)
[2026-09-18T08:42:13.673+0000][458.779s][info][gc,heap     ] GC(162) Survivor regions: 18->15(27)
[2026-09-18T08:42:13.673+0000][458.779s][info][gc,heap     ] GC(162) Old regions: 416->419
[2026-09-18T08:42:13.673+0000][458.779s][info][gc,heap     ] GC(162) Humongous regions: 0->0
[2026-09-18T08:42:13.673+0000][458.779s][info][gc,metaspace] GC(162) Metaspace: 166890K(168640K)->166890K(168640K) NonClass: 140400K(141376K)->140400K(141376K) Class: 26489K(27264K)->26489K(27264K)
[2026-09-18T08:42:13.673+0000][458.779s][info][gc          ] GC(162) Pause Young (Normal) (G1 Evacuation Pause) 5045M->3472M(5896M) 164.416ms
[2026-09-18T08:42:13.673+0000][458.779s][info][gc,cpu      ] GC(162) User=0.63s Sys=0.03s Real=0.17s
[2026-09-18T08:42:13.955+0000][459.061s][info][gc,marking  ] GC(161) Concurrent Rebuild Remembered Sets and Scrub Regions 1798.137ms
[2026-09-18T08:42:13.955+0000][459.061s][info][gc,start    ] GC(161) Pause Cleanup
[2026-09-18T08:42:13.955+0000][459.061s][info][gc          ] GC(161) Pause Cleanup 3548M->3548M(5896M) 0.262ms
[2026-09-18T08:42:13.955+0000][459.061s][info][gc,cpu      ] GC(161) User=0.00s Sys=0.00s Real=0.00s
[2026-09-18T08:42:13.955+0000][459.061s][info][gc,marking  ] GC(161) Concurrent Clear Claimed Marks
[2026-09-18T08:42:13.955+0000][459.061s][info][gc,marking  ] GC(161) Concurrent Clear Claimed Marks 0.217ms
[2026-09-18T08:42:13.955+0000][459.061s][info][gc,marking  ] GC(161) Concurrent Cleanup for Next Mark
[2026-09-18T08:42:13.961+0000][459.067s][info][gc,marking  ] GC(161) Concurrent Cleanup for Next Mark 5.332ms
[2026-09-18T08:42:13.961+0000][459.067s][info][gc          ] GC(161) Concurrent Mark Cycle 4412.894ms
[2026-09-18T08:42:15.163+0000][460.269s][info][gc,start    ] GC(163) Pause Young (Prepare Mixed) (G1 Evacuation Pause)
[2026-09-18T08:42:15.163+0000][460.269s][info][gc,task     ] GC(163) Using 4 workers of 4 for evacuation
[2026-09-18T08:42:15.303+0000][460.409s][info][gc,phases   ] GC(163)   Pre Evacuate Collection Set: 0.17ms
[2026-09-18T08:42:15.303+0000][460.409s][info][gc,phases   ] GC(163)   Merge Heap Roots: 5.77ms
[2026-09-18T08:42:15.303+0000][460.409s][info][gc,phases   ] GC(163)   Evacuate Collection Set: 132.65ms
[2026-09-18T08:42:15.303+0000][460.409s][info][gc,phases   ] GC(163)   Post Evacuate Collection Set: 1.12ms
[2026-09-18T08:42:15.303+0000][460.409s][info][gc,phases   ] GC(163)   Other: 0.05ms
[2026-09-18T08:42:15.303+0000][460.409s][info][gc,heap     ] GC(163) Eden regions: 52->0(263)
[2026-09-18T08:42:15.303+0000][460.409s][info][gc,heap     ] GC(163) Survivor regions: 15->4(9)
[2026-09-18T08:42:15.303+0000][460.409s][info][gc,heap     ] GC(163) Old regions: 419->432
[2026-09-18T08:42:15.303+0000][460.409s][info][gc,heap     ] GC(163) Humongous regions: 9->0
[2026-09-18T08:42:15.303+0000][460.409s][info][gc,metaspace] GC(163) Metaspace: 167586K(169280K)->167586K(169280K) NonClass: 141025K(141952K)->141025K(141952K) Class: 26560K(27328K)->26560K(27328K)
[2026-09-18T08:42:15.303+0000][460.409s][info][gc          ] GC(163) Pause Young (Prepare Mixed) (G1 Evacuation Pause) 3960M->3483M(5896M) 139.936ms
[2026-09-18T08:42:15.303+0000][460.409s][info][gc,cpu      ] GC(163) User=0.54s Sys=0.00s Real=0.14s
[2026-09-18T08:42:20.207+0000][465.314s][info][gc,start    ] GC(164) Pause Young (Mixed) (G1 Evacuation Pause)
[2026-09-18T08:42:20.208+0000][465.314s][info][gc,task     ] GC(164) Using 4 workers of 4 for evacuation
[2026-09-18T08:42:20.331+0000][465.437s][info][gc,phases   ] GC(164)   Pre Evacuate Collection Set: 0.17ms
[2026-09-18T08:42:20.331+0000][465.437s][info][gc,phases   ] GC(164)   Merge Heap Roots: 2.91ms
[2026-09-18T08:42:20.331+0000][465.437s][info][gc,phases   ] GC(164)   Evacuate Collection Set: 118.27ms
[2026-09-18T08:42:20.331+0000][465.437s][info][gc,phases   ] GC(164)   Post Evacuate Collection Set: 1.60ms
[2026-09-18T08:42:20.331+0000][465.437s][info][gc,phases   ] GC(164)   Other: 0.06ms
[2026-09-18T08:42:20.331+0000][465.437s][info][gc,heap     ] GC(164) Eden regions: 263->0(261)
[2026-09-18T08:42:20.331+0000][465.437s][info][gc,heap     ] GC(164) Survivor regions: 4->7(34)
[2026-09-18T08:42:20.331+0000][465.437s][info][gc,heap     ] GC(164) Old regions: 432->431
[2026-09-18T08:42:20.331+0000][465.437s][info][gc,heap     ] GC(164) Humongous regions: 0->0
[2026-09-18T08:42:20.331+0000][465.437s][info][gc,metaspace] GC(164) Metaspace: 169410K(171136K)->169410K(171136K) NonClass: 142680K(143680K)->142680K(143680K) Class: 26729K(27456K)->26729K(27456K)
[2026-09-18T08:42:20.331+0000][465.437s][info][gc          ] GC(164) Pause Young (Mixed) (G1 Evacuation Pause) 5587M->3502M(5896M) 123.157ms
[2026-09-18T08:42:20.331+0000][465.437s][info][gc,cpu      ] GC(164) User=0.49s Sys=0.00s Real=0.12s
[2026-09-18T08:42:25.527+0000][470.633s][info][gc,start    ] GC(165) Pause Young (Concurrent Start) (G1 Evacuation Pause)
[2026-09-18T08:42:25.527+0000][470.633s][info][gc,task     ] GC(165) Using 4 workers of 4 for evacuation
[2026-09-18T08:42:25.638+0000][470.744s][info][gc,phases   ] GC(165)   Pre Evacuate Collection Set: 0.22ms
[2026-09-18T08:42:25.638+0000][470.744s][info][gc,phases   ] GC(165)   Merge Heap Roots: 3.19ms
[2026-09-18T08:42:25.638+0000][470.744s][info][gc,phases   ] GC(165)   Evacuate Collection Set: 105.72ms
[2026-09-18T08:42:25.638+0000][470.744s][info][gc,phases   ] GC(165)   Post Evacuate Collection Set: 1.73ms
[2026-09-18T08:42:25.638+0000][470.744s][info][gc,phases   ] GC(165)   Other: 0.10ms
[2026-09-18T08:42:25.638+0000][470.744s][info][gc,heap     ] GC(165) Eden regions: 261->0(259)
[2026-09-18T08:42:25.638+0000][470.744s][info][gc,heap     ] GC(165) Survivor regions: 7->9(34)
[2026-09-18T08:42:25.638+0000][470.744s][info][gc,heap     ] GC(165) Old regions: 431->431
[2026-09-18T08:42:25.638+0000][470.744s][info][gc,heap     ] GC(165) Humongous regions: 0->0
[2026-09-18T08:42:25.638+0000][470.744s][info][gc,metaspace] GC(165) Metaspace: 169422K(171136K)->169422K(171136K) NonClass: 142692K(143680K)->142692K(143680K) Class: 26729K(27456K)->26729K(27456K)
[2026-09-18T08:42:25.638+0000][470.744s][info][gc          ] GC(165) Pause Young (Concurrent Start) (G1 Evacuation Pause) 5590M->3515M(5896M) 111.169ms
[2026-09-18T08:42:25.638+0000][470.744s][info][gc,cpu      ] GC(165) User=0.44s Sys=0.00s Real=0.11s
[2026-09-18T08:42:25.638+0000][470.744s][info][gc          ] GC(166) Concurrent Mark Cycle
[2026-09-18T08:42:25.639+0000][470.745s][info][gc,marking  ] GC(166) Concurrent Scan Root Regions
[2026-09-18T08:42:25.681+0000][470.787s][info][gc,marking  ] GC(166) Concurrent Scan Root Regions 41.356ms
[2026-09-18T08:42:25.681+0000][470.787s][info][gc,marking  ] GC(166) Concurrent Mark
[2026-09-18T08:42:25.681+0000][470.787s][info][gc,marking  ] GC(166) Concurrent Mark From Roots
[2026-09-18T08:42:25.681+0000][470.787s][info][gc,task     ] GC(166) Using 1 workers of 1 for marking
[2026-09-18T08:42:28.336+0000][473.442s][info][gc,marking  ] GC(166) Concurrent Mark From Roots 2655.320ms
[2026-09-18T08:42:28.336+0000][473.442s][info][gc,marking  ] GC(166) Concurrent Preclean
[2026-09-18T08:42:28.337+0000][473.443s][info][gc,marking  ] GC(166) Concurrent Preclean 0.609ms
[2026-09-18T08:42:28.337+0000][473.443s][info][gc,start    ] GC(166) Pause Remark
[2026-09-18T08:42:28.345+0000][473.451s][info][gc          ] GC(166) Pause Remark 4507M->4507M(5896M) 8.365ms
[2026-09-18T08:42:28.345+0000][473.451s][info][gc,cpu      ] GC(166) User=0.03s Sys=0.00s Real=0.01s
[2026-09-18T08:42:28.345+0000][473.451s][info][gc,marking  ] GC(166) Concurrent Mark 2664.638ms
[2026-09-18T08:42:28.345+0000][473.451s][info][gc,marking  ] GC(166) Concurrent Rebuild Remembered Sets and Scrub Regions
[2026-09-18T08:42:29.915+0000][475.021s][info][gc,marking  ] GC(166) Concurrent Rebuild Remembered Sets and Scrub Regions 1569.215ms
[2026-09-18T08:42:29.915+0000][475.021s][info][gc,start    ] GC(166) Pause Cleanup
[2026-09-18T08:42:29.915+0000][475.021s][info][gc          ] GC(166) Pause Cleanup 5151M->5151M(5896M) 0.243ms
[2026-09-18T08:42:29.915+0000][475.021s][info][gc,cpu      ] GC(166) User=0.00s Sys=0.00s Real=0.00s
[2026-09-18T08:42:29.915+0000][475.021s][info][gc,marking  ] GC(166) Concurrent Clear Claimed Marks
[2026-09-18T08:42:29.915+0000][475.021s][info][gc,marking  ] GC(166) Concurrent Clear Claimed Marks 0.241ms
[2026-09-18T08:42:29.915+0000][475.021s][info][gc,marking  ] GC(166) Concurrent Cleanup for Next Mark
[2026-09-18T08:42:29.921+0000][475.027s][info][gc,marking  ] GC(166) Concurrent Cleanup for Next Mark 5.489ms
[2026-09-18T08:42:29.921+0000][475.027s][info][gc          ] GC(166) Concurrent Mark Cycle 4282.634ms
[2026-09-18T08:42:30.970+0000][476.076s][info][gc,start    ] GC(167) Pause Young (Prepare Mixed) (G1 Evacuation Pause)
[2026-09-18T08:42:30.970+0000][476.076s][info][gc,task     ] GC(167) Using 4 workers of 4 for evacuation
[2026-09-18T08:42:31.085+0000][476.191s][info][gc,phases   ] GC(167)   Pre Evacuate Collection Set: 0.18ms
[2026-09-18T08:42:31.085+0000][476.191s][info][gc,phases   ] GC(167)   Merge Heap Roots: 4.02ms
[2026-09-18T08:42:31.085+0000][476.191s][info][gc,phases   ] GC(167)   Evacuate Collection Set: 108.23ms
[2026-09-18T08:42:31.085+0000][476.191s][info][gc,phases   ] GC(167)   Post Evacuate Collection Set: 1.72ms
[2026-09-18T08:42:31.085+0000][476.191s][info][gc,phases   ] GC(167)   Other: 0.06ms
[2026-09-18T08:42:31.085+0000][476.191s][info][gc,heap     ] GC(167) Eden regions: 259->0(258)
[2026-09-18T08:42:31.085+0000][476.191s][info][gc,heap     ] GC(167) Survivor regions: 9->10(34)
[2026-09-18T08:42:31.085+0000][476.191s][info][gc,heap     ] GC(167) Old regions: 431->431
[2026-09-18T08:42:31.085+0000][476.191s][info][gc,heap     ] GC(167) Humongous regions: 0->0
[2026-09-18T08:42:31.085+0000][476.191s][info][gc,metaspace] GC(167) Metaspace: 169432K(171136K)->169432K(171136K) NonClass: 142702K(143680K)->142702K(143680K) Class: 26730K(27456K)->26730K(27456K)
[2026-09-18T08:42:31.085+0000][476.191s][info][gc          ] GC(167) Pause Young (Prepare Mixed) (G1 Evacuation Pause) 5587M->3525M(5896M) 114.375ms
[2026-09-18T08:42:31.085+0000][476.191s][info][gc,cpu      ] GC(167) User=0.45s Sys=0.00s Real=0.12s
[2026-09-18T08:42:36.041+0000][481.147s][info][gc,start    ] GC(168) Pause Young (Mixed) (G1 Evacuation Pause)
[2026-09-18T08:42:36.041+0000][481.147s][info][gc,task     ] GC(168) Using 4 workers of 4 for evacuation
[2026-09-18T08:42:36.176+0000][481.282s][info][gc,phases   ] GC(168)   Pre Evacuate Collection Set: 0.21ms
[2026-09-18T08:42:36.176+0000][481.282s][info][gc,phases   ] GC(168)   Merge Heap Roots: 3.34ms
[2026-09-18T08:42:36.176+0000][481.282s][info][gc,phases   ] GC(168)   Evacuate Collection Set: 129.32ms
[2026-09-18T08:42:36.176+0000][481.282s][info][gc,phases   ] GC(168)   Post Evacuate Collection Set: 1.63ms
[2026-09-18T08:42:36.176+0000][481.282s][info][gc,phases   ] GC(168)   Other: 0.06ms
[2026-09-18T08:42:36.176+0000][481.282s][info][gc,heap     ] GC(168) Eden regions: 258->0(261)
[2026-09-18T08:42:36.176+0000][481.282s][info][gc,heap     ] GC(168) Survivor regions: 10->11(34)
[2026-09-18T08:42:36.176+0000][481.282s][info][gc,heap     ] GC(168) Old regions: 431->427
[2026-09-18T08:42:36.176+0000][481.282s][info][gc,heap     ] GC(168) Humongous regions: 0->0
[2026-09-18T08:42:36.176+0000][481.282s][info][gc,metaspace] GC(168) Metaspace: 169434K(171136K)->169434K(171136K) NonClass: 142704K(143680K)->142704K(143680K) Class: 26730K(27456K)->26730K(27456K)
[2026-09-18T08:42:36.176+0000][481.282s][info][gc          ] GC(168) Pause Young (Mixed) (G1 Evacuation Pause) 5589M->3500M(5896M) 134.724ms
[2026-09-18T08:42:36.176+0000][481.282s][info][gc,cpu      ] GC(168) User=0.54s Sys=0.00s Real=0.14s
[2026-09-18T08:42:41.157+0000][486.263s][info][gc,start    ] GC(169) Pause Young (Concurrent Start) (G1 Evacuation Pause)
[2026-09-18T08:42:41.157+0000][486.263s][info][gc,task     ] GC(169) Using 4 workers of 4 for evacuation
[2026-09-18T08:42:41.277+0000][486.383s][info][gc,phases   ] GC(169)   Pre Evacuate Collection Set: 0.23ms
[2026-09-18T08:42:41.277+0000][486.384s][info][gc,phases   ] GC(169)   Merge Heap Roots: 3.02ms
[2026-09-18T08:42:41.277+0000][486.384s][info][gc,phases   ] GC(169)   Evacuate Collection Set: 115.01ms
[2026-09-18T08:42:41.277+0000][486.384s][info][gc,phases   ] GC(169)   Post Evacuate Collection Set: 1.77ms
[2026-09-18T08:42:41.277+0000][486.384s][info][gc,phases   ] GC(169)   Other: 0.15ms
[2026-09-18T08:42:41.277+0000][486.384s][info][gc,heap     ] GC(169) Eden regions: 261->0(259)
[2026-09-18T08:42:41.278+0000][486.384s][info][gc,heap     ] GC(169) Survivor regions: 11->13(34)
[2026-09-18T08:42:41.278+0000][486.384s][info][gc,heap     ] GC(169) Old regions: 427->427
[2026-09-18T08:42:41.278+0000][486.384s][info][gc,heap     ] GC(169) Humongous regions: 0->0
[2026-09-18T08:42:41.278+0000][486.384s][info][gc,metaspace] GC(169) Metaspace: 169435K(171136K)->169435K(171136K) NonClass: 142705K(143680K)->142705K(143680K) Class: 26730K(27456K)->26730K(27456K)
[2026-09-18T08:42:41.278+0000][486.384s][info][gc          ] GC(169) Pause Young (Concurrent Start) (G1 Evacuation Pause) 5588M->3516M(5896M) 120.330ms
[2026-09-18T08:42:41.278+0000][486.384s][info][gc,cpu      ] GC(169) User=0.47s Sys=0.00s Real=0.12s
[2026-09-18T08:42:41.278+0000][486.384s][info][gc          ] GC(170) Concurrent Mark Cycle
[2026-09-18T08:42:41.278+0000][486.384s][info][gc,marking  ] GC(170) Concurrent Scan Root Regions
[2026-09-18T08:42:41.321+0000][486.427s][info][gc,marking  ] GC(170) Concurrent Scan Root Regions 43.565ms
[2026-09-18T08:42:41.321+0000][486.427s][info][gc,marking  ] GC(170) Concurrent Mark
[2026-09-18T08:42:41.321+0000][486.427s][info][gc,marking  ] GC(170) Concurrent Mark From Roots
[2026-09-18T08:42:41.321+0000][486.427s][info][gc,task     ] GC(170) Using 1 workers of 1 for marking
[2026-09-18T08:42:43.890+0000][488.996s][info][gc,marking  ] GC(170) Concurrent Mark From Roots 2569.082ms
[2026-09-18T08:42:43.890+0000][488.996s][info][gc,marking  ] GC(170) Concurrent Preclean
[2026-09-18T08:42:43.891+0000][488.997s][info][gc,marking  ] GC(170) Concurrent Preclean 0.580ms
[2026-09-18T08:42:43.891+0000][488.997s][info][gc,start    ] GC(170) Pause Remark
[2026-09-18T08:42:43.900+0000][489.006s][info][gc          ] GC(170) Pause Remark 4520M->4520M(5896M) 8.603ms
[2026-09-18T08:42:43.900+0000][489.006s][info][gc,cpu      ] GC(170) User=0.03s Sys=0.00s Real=0.01s
[2026-09-18T08:42:43.900+0000][489.006s][info][gc,marking  ] GC(170) Concurrent Mark 2578.595ms
[2026-09-18T08:42:43.900+0000][489.006s][info][gc,marking  ] GC(170) Concurrent Rebuild Remembered Sets and Scrub Regions
[2026-09-18T08:42:45.204+0000][490.310s][info][gc,start    ] GC(171) Pause Young (Normal) (G1 Evacuation Pause)
[2026-09-18T08:42:45.204+0000][490.310s][info][gc,task     ] GC(171) Using 4 workers of 4 for evacuation
[2026-09-18T08:42:45.355+0000][490.461s][info][gc,phases   ] GC(171)   Pre Evacuate Collection Set: 0.16ms
[2026-09-18T08:42:45.355+0000][490.461s][info][gc,phases   ] GC(171)   Merge Heap Roots: 4.47ms
[2026-09-18T08:42:45.355+0000][490.461s][info][gc,phases   ] GC(171)   Evacuate Collection Set: 142.93ms
[2026-09-18T08:42:45.355+0000][490.461s][info][gc,phases   ] GC(171)   Post Evacuate Collection Set: 2.64ms
[2026-09-18T08:42:45.355+0000][490.461s][info][gc,phases   ] GC(171)   Other: 0.05ms
[2026-09-18T08:42:45.355+0000][490.461s][info][gc,heap     ] GC(171) Eden regions: 189->0(258)
[2026-09-18T08:42:45.355+0000][490.461s][info][gc,heap     ] GC(171) Survivor regions: 13->14(26)
[2026-09-18T08:42:45.355+0000][490.461s][info][gc,heap     ] GC(171) Old regions: 427->427
[2026-09-18T08:42:45.355+0000][490.461s][info][gc,heap     ] GC(171) Humongous regions: 0->0
[2026-09-18T08:42:45.355+0000][490.461s][info][gc,metaspace] GC(171) Metaspace: 169435K(171136K)->169435K(171136K) NonClass: 142705K(143680K)->142705K(143680K) Class: 26730K(27456K)->26730K(27456K)
[2026-09-18T08:42:45.355+0000][490.461s][info][gc          ] GC(171) Pause Young (Normal) (G1 Evacuation Pause) 5028M->3520M(5896M) 150.410ms
[2026-09-18T08:42:45.355+0000][490.461s][info][gc,cpu      ] GC(171) User=0.60s Sys=0.00s Real=0.15s
[2026-09-18T08:42:45.670+0000][490.776s][info][gc,marking  ] GC(170) Concurrent Rebuild Remembered Sets and Scrub Regions 1770.225ms
[2026-09-18T08:42:45.670+0000][490.776s][info][gc,start    ] GC(170) Pause Cleanup
[2026-09-18T08:42:45.671+0000][490.777s][info][gc          ] GC(170) Pause Cleanup 3640M->3640M(5896M) 0.238ms
[2026-09-18T08:42:45.671+0000][490.777s][info][gc,cpu      ] GC(170) User=0.00s Sys=0.00s Real=0.00s
[2026-09-18T08:42:45.671+0000][490.777s][info][gc,marking  ] GC(170) Concurrent Clear Claimed Marks
[2026-09-18T08:42:45.671+0000][490.777s][info][gc,marking  ] GC(170) Concurrent Clear Claimed Marks 0.210ms
[2026-09-18T08:42:45.671+0000][490.778s][info][gc,marking  ] GC(170) Concurrent Cleanup for Next Mark
[2026-09-18T08:42:45.677+0000][490.783s][info][gc,marking  ] GC(170) Concurrent Cleanup for Next Mark 5.078ms
[2026-09-18T08:42:45.677+0000][490.783s][info][gc          ] GC(170) Concurrent Mark Cycle 4399.021ms
[2026-09-18T08:42:50.507+0000][495.613s][info][gc,start    ] GC(172) Pause Young (Prepare Mixed) (G1 Evacuation Pause)
[2026-09-18T08:42:50.507+0000][495.613s][info][gc,task     ] GC(172) Using 4 workers of 4 for evacuation
[2026-09-18T08:42:50.643+0000][495.749s][info][gc,phases   ] GC(172)   Pre Evacuate Collection Set: 0.19ms
[2026-09-18T08:42:50.643+0000][495.749s][info][gc,phases   ] GC(172)   Merge Heap Roots: 4.14ms
[2026-09-18T08:42:50.643+0000][495.749s][info][gc,phases   ] GC(172)   Evacuate Collection Set: 129.49ms
[2026-09-18T08:42:50.643+0000][495.749s][info][gc,phases   ] GC(172)   Post Evacuate Collection Set: 1.68ms
[2026-09-18T08:42:50.643+0000][495.749s][info][gc,phases   ] GC(172)   Other: 0.07ms
[2026-09-18T08:42:50.643+0000][495.749s][info][gc,heap     ] GC(172) Eden regions: 258->0(256)
[2026-09-18T08:42:50.643+0000][495.749s][info][gc,heap     ] GC(172) Survivor regions: 14->16(34)
[2026-09-18T08:42:50.643+0000][495.749s][info][gc,heap     ] GC(172) Old regions: 427->427
[2026-09-18T08:42:50.643+0000][495.749s][info][gc,heap     ] GC(172) Humongous regions: 0->0
[2026-09-18T08:42:50.643+0000][495.749s][info][gc,metaspace] GC(172) Metaspace: 170537K(172224K)->170537K(172224K) NonClass: 143668K(144640K)->143668K(144640K) Class: 26869K(27584K)->26869K(27584K)
[2026-09-18T08:42:50.643+0000][495.749s][info][gc          ] GC(172) Pause Young (Prepare Mixed) (G1 Evacuation Pause) 5584M->3540M(5896M) 135.734ms
[2026-09-18T08:42:50.643+0000][495.749s][info][gc,cpu      ] GC(172) User=0.53s Sys=0.01s Real=0.14s
[2026-09-18T08:42:54.459+0000][499.565s][info][gc,start    ] GC(173) Pause Young (Mixed) (G1 Evacuation Pause)
[2026-09-18T08:42:54.459+0000][499.565s][info][gc,task     ] GC(173) Using 4 workers of 4 for evacuation
[2026-09-18T08:42:54.610+0000][499.717s][info][gc,phases   ] GC(173)   Pre Evacuate Collection Set: 1.38ms
[2026-09-18T08:42:54.611+0000][499.717s][info][gc,phases   ] GC(173)   Merge Heap Roots: 3.22ms
[2026-09-18T08:42:54.611+0000][499.717s][info][gc,phases   ] GC(173)   Evacuate Collection Set: 145.23ms
[2026-09-18T08:42:54.611+0000][499.717s][info][gc,phases   ] GC(173)   Post Evacuate Collection Set: 1.63ms
[2026-09-18T08:42:54.611+0000][499.717s][info][gc,phases   ] GC(173)   Other: 0.06ms
[2026-09-18T08:42:54.611+0000][499.717s][info][gc,heap     ] GC(173) Eden regions: 256->0(259)
[2026-09-18T08:42:54.611+0000][499.717s][info][gc,heap     ] GC(173) Survivor regions: 16->16(34)
[2026-09-18T08:42:54.611+0000][499.717s][info][gc,heap     ] GC(173) Old regions: 427->424
[2026-09-18T08:42:54.611+0000][499.717s][info][gc,heap     ] GC(173) Humongous regions: 0->0
[2026-09-18T08:42:54.611+0000][499.717s][info][gc,metaspace] GC(173) Metaspace: 170651K(172352K)->170651K(172352K) NonClass: 143778K(144768K)->143778K(144768K) Class: 26873K(27584K)->26873K(27584K)
[2026-09-18T08:42:54.611+0000][499.717s][info][gc          ] GC(173) Pause Young (Mixed) (G1 Evacuation Pause) 5588M->3515M(5896M) 151.668ms
[2026-09-18T08:42:54.611+0000][499.717s][info][gc,cpu      ] GC(173) User=0.59s Sys=0.00s Real=0.15s
[2026-09-18T08:42:58.431+0000][503.537s][info][gc,start    ] GC(174) Pause Young (Concurrent Start) (G1 Evacuation Pause)
[2026-09-18T08:42:58.431+0000][503.537s][info][gc,task     ] GC(174) Using 4 workers of 4 for evacuation
[2026-09-18T08:42:58.569+0000][503.675s][info][gc,phases   ] GC(174)   Pre Evacuate Collection Set: 0.19ms
[2026-09-18T08:42:58.569+0000][503.675s][info][gc,phases   ] GC(174)   Merge Heap Roots: 2.47ms
[2026-09-18T08:42:58.569+0000][503.675s][info][gc,phases   ] GC(174)   Evacuate Collection Set: 133.60ms
[2026-09-18T08:42:58.569+0000][503.675s][info][gc,phases   ] GC(174)   Post Evacuate Collection Set: 1.66ms
[2026-09-18T08:42:58.569+0000][503.675s][info][gc,phases   ] GC(174)   Other: 0.08ms
[2026-09-18T08:42:58.569+0000][503.675s][info][gc,heap     ] GC(174) Eden regions: 259->0(251)
[2026-09-18T08:42:58.569+0000][503.675s][info][gc,heap     ] GC(174) Survivor regions: 16->17(35)
[2026-09-18T08:42:58.569+0000][503.675s][info][gc,heap     ] GC(174) Old regions: 424->424
[2026-09-18T08:42:58.569+0000][503.675s][info][gc,heap     ] GC(174) Humongous regions: 0->0
[2026-09-18T08:42:58.569+0000][503.675s][info][gc,metaspace] GC(174) Metaspace: 170675K(172352K)->170675K(172352K) NonClass: 143801K(144768K)->143801K(144768K) Class: 26873K(27584K)->26873K(27584K)
[2026-09-18T08:42:58.569+0000][503.675s][info][gc          ] GC(174) Pause Young (Concurrent Start) (G1 Evacuation Pause) 5587M->3523M(5896M) 138.163ms
[2026-09-18T08:42:58.569+0000][503.675s][info][gc,cpu      ] GC(174) User=0.55s Sys=0.00s Real=0.14s
[2026-09-18T08:42:58.569+0000][503.675s][info][gc          ] GC(175) Concurrent Mark Cycle
[2026-09-18T08:42:58.569+0000][503.675s][info][gc,marking  ] GC(175) Concurrent Scan Root Regions
[2026-09-18T08:42:58.636+0000][503.742s][info][gc,marking  ] GC(175) Concurrent Scan Root Regions 67.016ms
[2026-09-18T08:42:58.636+0000][503.742s][info][gc,marking  ] GC(175) Concurrent Mark
[2026-09-18T08:42:58.636+0000][503.742s][info][gc,marking  ] GC(175) Concurrent Mark From Roots
[2026-09-18T08:42:58.636+0000][503.742s][info][gc,task     ] GC(175) Using 1 workers of 1 for marking
[2026-09-18T08:43:01.367+0000][506.473s][info][gc,marking  ] GC(175) Concurrent Mark From Roots 2731.012ms
[2026-09-18T08:43:01.367+0000][506.473s][info][gc,marking  ] GC(175) Concurrent Preclean
[2026-09-18T08:43:01.368+0000][506.474s][info][gc,marking  ] GC(175) Concurrent Preclean 0.587ms
[2026-09-18T08:43:01.368+0000][506.474s][info][gc,start    ] GC(175) Pause Remark
[2026-09-18T08:43:01.378+0000][506.484s][info][gc          ] GC(175) Pause Remark 4955M->4955M(5896M) 9.807ms
[2026-09-18T08:43:01.378+0000][506.484s][info][gc,cpu      ] GC(175) User=0.04s Sys=0.00s Real=0.01s
[2026-09-18T08:43:01.378+0000][506.484s][info][gc,marking  ] GC(175) Concurrent Mark 2741.585ms
[2026-09-18T08:43:01.378+0000][506.484s][info][gc,marking  ] GC(175) Concurrent Rebuild Remembered Sets and Scrub Regions
[2026-09-18T08:43:02.764+0000][507.870s][info][gc,start    ] GC(176) Pause Young (Normal) (G1 Evacuation Pause)
[2026-09-18T08:43:02.764+0000][507.870s][info][gc,task     ] GC(176) Using 4 workers of 4 for evacuation
[2026-09-18T08:43:02.916+0000][508.022s][info][gc,phases   ] GC(176)   Pre Evacuate Collection Set: 0.14ms
[2026-09-18T08:43:02.916+0000][508.022s][info][gc,phases   ] GC(176)   Merge Heap Roots: 2.91ms
[2026-09-18T08:43:02.916+0000][508.022s][info][gc,phases   ] GC(176)   Evacuate Collection Set: 145.89ms
[2026-09-18T08:43:02.916+0000][508.022s][info][gc,phases   ] GC(176)   Post Evacuate Collection Set: 2.55ms
[2026-09-18T08:43:02.916+0000][508.022s][info][gc,phases   ] GC(176)   Other: 0.05ms
[2026-09-18T08:43:02.916+0000][508.022s][info][gc,heap     ] GC(176) Eden regions: 258->0(259)
[2026-09-18T08:43:02.916+0000][508.022s][info][gc,heap     ] GC(176) Survivor regions: 17->16(35)
[2026-09-18T08:43:02.916+0000][508.022s][info][gc,heap     ] GC(176) Old regions: 424->424
[2026-09-18T08:43:02.916+0000][508.022s][info][gc,heap     ] GC(176) Humongous regions: 0->0
[2026-09-18T08:43:02.916+0000][508.022s][info][gc,metaspace] GC(176) Metaspace: 170719K(172480K)->170719K(172480K) NonClass: 143838K(144832K)->143838K(144832K) Class: 26881K(27648K)->26881K(27648K)
[2026-09-18T08:43:02.916+0000][508.022s][info][gc          ] GC(176) Pause Young (Normal) (G1 Evacuation Pause) 5587M->3511M(5896M) 151.687ms
[2026-09-18T08:43:02.916+0000][508.022s][info][gc,cpu      ] GC(176) User=0.60s Sys=0.00s Real=0.15s
[2026-09-18T08:43:03.323+0000][508.429s][info][gc,start    ] GC(177) Pause Young (Normal) (G1 Evacuation Pause)
[2026-09-18T08:43:03.323+0000][508.429s][info][gc,task     ] GC(177) Using 4 workers of 4 for evacuation
[2026-09-18T08:43:03.481+0000][508.587s][info][gc,phases   ] GC(177)   Pre Evacuate Collection Set: 0.16ms
[2026-09-18T08:43:03.481+0000][508.587s][info][gc,phases   ] GC(177)   Merge Heap Roots: 5.56ms
[2026-09-18T08:43:03.481+0000][508.587s][info][gc,phases   ] GC(177)   Evacuate Collection Set: 148.70ms
[2026-09-18T08:43:03.481+0000][508.587s][info][gc,phases   ] GC(177)   Post Evacuate Collection Set: 3.10ms
[2026-09-18T08:43:03.481+0000][508.587s][info][gc,phases   ] GC(177)   Other: 0.04ms
[2026-09-18T08:43:03.481+0000][508.587s][info][gc,heap     ] GC(177) Eden regions: 22->0(259)
[2026-09-18T08:43:03.481+0000][508.587s][info][gc,heap     ] GC(177) Survivor regions: 16->3(5)
[2026-09-18T08:43:03.481+0000][508.587s][info][gc,heap     ] GC(177) Old regions: 424->437
[2026-09-18T08:43:03.481+0000][508.587s][info][gc,heap     ] GC(177) Humongous regions: 0->0
[2026-09-18T08:43:03.481+0000][508.587s][info][gc,metaspace] GC(177) Metaspace: 170726K(172480K)->170726K(172480K) NonClass: 143844K(144832K)->143844K(144832K) Class: 26881K(27648K)->26881K(27648K)
[2026-09-18T08:43:03.481+0000][508.587s][info][gc          ] GC(177) Pause Young (Normal) (G1 Evacuation Pause) 3687M->3520M(5896M) 157.710ms
[2026-09-18T08:43:03.481+0000][508.587s][info][gc,cpu      ] GC(177) User=0.63s Sys=0.00s Real=0.15s
[2026-09-18T08:43:03.601+0000][508.707s][info][gc,marking  ] GC(175) Concurrent Rebuild Remembered Sets and Scrub Regions 2223.281ms
[2026-09-18T08:43:03.601+0000][508.707s][info][gc,start    ] GC(175) Pause Cleanup
[2026-09-18T08:43:03.601+0000][508.707s][info][gc          ] GC(175) Pause Cleanup 3592M->3592M(5896M) 0.240ms
[2026-09-18T08:43:03.601+0000][508.708s][info][gc,cpu      ] GC(175) User=0.00s Sys=0.00s Real=0.00s
[2026-09-18T08:43:03.601+0000][508.708s][info][gc,marking  ] GC(175) Concurrent Clear Claimed Marks
[2026-09-18T08:43:03.602+0000][508.708s][info][gc,marking  ] GC(175) Concurrent Clear Claimed Marks 0.186ms
[2026-09-18T08:43:03.602+0000][508.708s][info][gc,marking  ] GC(175) Concurrent Cleanup for Next Mark
[2026-09-18T08:43:03.607+0000][508.713s][info][gc,marking  ] GC(175) Concurrent Cleanup for Next Mark 5.078ms
[2026-09-18T08:43:03.607+0000][508.713s][info][gc          ] GC(175) Concurrent Mark Cycle 5037.628ms
[2026-09-18T08:43:07.209+0000][512.315s][info][gc,start    ] GC(178) Pause Young (Prepare Mixed) (G1 Evacuation Pause)
[2026-09-18T08:43:07.209+0000][512.315s][info][gc,task     ] GC(178) Using 4 workers of 4 for evacuation
[2026-09-18T08:43:07.273+0000][512.379s][info][gc,phases   ] GC(178)   Pre Evacuate Collection Set: 0.17ms
[2026-09-18T08:43:07.273+0000][512.379s][info][gc,phases   ] GC(178)   Merge Heap Roots: 1.77ms
[2026-09-18T08:43:07.273+0000][512.379s][info][gc,phases   ] GC(178)   Evacuate Collection Set: 60.09ms
[2026-09-18T08:43:07.273+0000][512.379s][info][gc,phases   ] GC(178)   Post Evacuate Collection Set: 1.37ms
[2026-09-18T08:43:07.273+0000][512.379s][info][gc,phases   ] GC(178)   Other: 0.05ms
[2026-09-18T08:43:07.273+0000][512.379s][info][gc,heap     ] GC(178) Eden regions: 259->0(259)
[2026-09-18T08:43:07.273+0000][512.379s][info][gc,heap     ] GC(178) Survivor regions: 3->3(33)
[2026-09-18T08:43:07.273+0000][512.379s][info][gc,heap     ] GC(178) Old regions: 437->437
[2026-09-18T08:43:07.273+0000][512.379s][info][gc,heap     ] GC(178) Humongous regions: 0->0
[2026-09-18T08:43:07.273+0000][512.379s][info][gc,metaspace] GC(178) Metaspace: 170736K(172480K)->170736K(172480K) NonClass: 143854K(144832K)->143854K(144832K) Class: 26881K(27648K)->26881K(27648K)
[2026-09-18T08:43:07.273+0000][512.379s][info][gc          ] GC(178) Pause Young (Prepare Mixed) (G1 Evacuation Pause) 5592M->3514M(5896M) 63.583ms
[2026-09-18T08:43:07.273+0000][512.379s][info][gc,cpu      ] GC(178) User=0.24s Sys=0.00s Real=0.07s
[2026-09-18T08:43:11.012+0000][516.118s][info][gc,start    ] GC(179) Pause Young (Mixed) (G1 Evacuation Pause)
[2026-09-18T08:43:11.012+0000][516.118s][info][gc,task     ] GC(179) Using 4 workers of 4 for evacuation
[2026-09-18T08:43:11.108+0000][516.214s][info][gc,phases   ] GC(179)   Pre Evacuate Collection Set: 0.20ms
[2026-09-18T08:43:11.108+0000][516.214s][info][gc,phases   ] GC(179)   Merge Heap Roots: 1.90ms
[2026-09-18T08:43:11.108+0000][516.214s][info][gc,phases   ] GC(179)   Evacuate Collection Set: 91.94ms
[2026-09-18T08:43:11.108+0000][516.214s][info][gc,phases   ] GC(179)   Post Evacuate Collection Set: 1.50ms
[2026-09-18T08:43:11.108+0000][516.214s][info][gc,phases   ] GC(179)   Other: 0.05ms
[2026-09-18T08:43:11.108+0000][516.214s][info][gc,heap     ] GC(179) Eden regions: 259->0(261)
[2026-09-18T08:43:11.108+0000][516.214s][info][gc,heap     ] GC(179) Survivor regions: 3->3(33)
[2026-09-18T08:43:11.108+0000][516.214s][info][gc,heap     ] GC(179) Old regions: 437->435
[2026-09-18T08:43:11.108+0000][516.214s][info][gc,heap     ] GC(179) Humongous regions: 0->0
[2026-09-18T08:43:11.108+0000][516.214s][info][gc,metaspace] GC(179) Metaspace: 170754K(172480K)->170754K(172480K) NonClass: 143872K(144832K)->143872K(144832K) Class: 26881K(27648K)->26881K(27648K)
[2026-09-18T08:43:11.108+0000][516.214s][info][gc          ] GC(179) Pause Young (Mixed) (G1 Evacuation Pause) 5586M->3500M(5896M) 95.746ms
[2026-09-18T08:43:11.108+0000][516.214s][info][gc,cpu      ] GC(179) User=0.37s Sys=0.00s Real=0.09s
[2026-09-18T08:43:14.713+0000][519.819s][info][gc,heap,exit] Heap
[2026-09-18T08:43:14.713+0000][519.819s][info][gc,heap,exit]  garbage-first heap   total 6037504K, used 5460243K [0x0000000580000000, 0x0000000800000000)
[2026-09-18T08:43:14.713+0000][519.819s][info][gc,heap,exit]   region size 8192K, 233 young (1908736K), 3 survivors (24576K)
[2026-09-18T08:43:14.713+0000][519.819s][info][gc,heap,exit]  Metaspace       used 170835K, committed 172608K, reserved 1245184K
[2026-09-18T08:43:14.713+0000][519.819s][info][gc,heap,exit]   class space    used 26896K, committed 27648K, reserved 1048576K
