[2026-09-24T18:10:26.616+0000][0.010s][info][gc,init] CardTable entry size: 512
[2026-09-24T18:10:26.616+0000][0.011s][info][gc     ] Using Parallel
[2026-09-24T18:10:26.625+0000][0.019s][info][gc,init] Version: 21.0.12.1+1-LTS (release)
[2026-09-24T18:10:26.625+0000][0.019s][info][gc,init] CPUs: 4 total, 4 available
[2026-09-24T18:10:26.625+0000][0.019s][info][gc,init] Memory: 15989M
[2026-09-24T18:10:26.625+0000][0.019s][info][gc,init] Large Page Support: Disabled
[2026-09-24T18:10:26.625+0000][0.019s][info][gc,init] NUMA Support: Disabled
[2026-09-24T18:10:26.625+0000][0.019s][info][gc,init] Compressed Oops: Enabled (Zero based)
[2026-09-24T18:10:26.625+0000][0.019s][info][gc,init] Alignments: Space 512K, Generation 512K, Heap 2M
[2026-09-24T18:10:26.625+0000][0.019s][info][gc,init] Heap Min Capacity: 4G
[2026-09-24T18:10:26.625+0000][0.019s][info][gc,init] Heap Initial Capacity: 4G
[2026-09-24T18:10:26.625+0000][0.019s][info][gc,init] Heap Max Capacity: 10G
[2026-09-24T18:10:26.625+0000][0.019s][info][gc,init] Pre-touch: Disabled
[2026-09-24T18:10:26.625+0000][0.019s][info][gc,init] Parallel Workers: 4
[2026-09-24T18:10:26.632+0000][0.026s][info][gc,metaspace] CDS archive(s) mapped at: [0x00007f88ad000000-0x00007f88adc9c000-0x00007f88adc9c000), size 13221888, SharedBaseAddress: 0x00007f88ad000000, ArchiveRelocationMode: 1.
[2026-09-24T18:10:26.632+0000][0.027s][info][gc,metaspace] Compressed class space mapped at: 0x00007f88ae000000-0x00007f88ee000000, reserved size: 1073741824
[2026-09-24T18:10:26.632+0000][0.027s][info][gc,metaspace] Narrow klass base: 0x00007f88ad000000, Narrow klass shift: 0, Narrow klass range: 0x100000000
[2026-09-24T18:10:29.564+0000][2.959s][info][gc,start    ] GC(0) Pause Young (Metadata GC Threshold)
[2026-09-24T18:10:29.570+0000][2.965s][info][gc,heap     ] GC(0) PSYoungGen: 919414K(1223168K)->12692K(1223168K) Eden: 919414K(1048576K)->0K(1048576K) From: 0K(174592K)->12692K(174592K)
[2026-09-24T18:10:29.570+0000][2.965s][info][gc,heap     ] GC(0) ParOldGen: 1073K(2796544K)->1145K(2796544K)
[2026-09-24T18:10:29.570+0000][2.965s][info][gc,metaspace] GC(0) Metaspace: 21086K(21504K)->21086K(21504K) NonClass: 18712K(18944K)->18712K(18944K) Class: 2374K(2560K)->2374K(2560K)
[2026-09-24T18:10:29.570+0000][2.965s][info][gc          ] GC(0) Pause Young (Metadata GC Threshold) 898M->13M(3925M) 6.272ms
[2026-09-24T18:10:29.570+0000][2.965s][info][gc,cpu      ] GC(0) User=0.02s Sys=0.01s Real=0.01s
[2026-09-24T18:10:29.570+0000][2.965s][info][gc,start    ] GC(1) Pause Full (Metadata GC Threshold)
[2026-09-24T18:10:29.570+0000][2.965s][info][gc,phases,start] GC(1) Marking Phase
[2026-09-24T18:10:29.578+0000][2.972s][info][gc,phases      ] GC(1) Marking Phase 7.349ms
[2026-09-24T18:10:29.578+0000][2.972s][info][gc,phases,start] GC(1) Summary Phase
[2026-09-24T18:10:29.578+0000][2.972s][info][gc,phases      ] GC(1) Summary Phase 0.008ms
[2026-09-24T18:10:29.578+0000][2.972s][info][gc,phases,start] GC(1) Adjust Roots
[2026-09-24T18:10:29.581+0000][2.975s][info][gc,phases      ] GC(1) Adjust Roots 2.768ms
[2026-09-24T18:10:29.581+0000][2.975s][info][gc,phases,start] GC(1) Compaction Phase
[2026-09-24T18:10:29.587+0000][2.982s][info][gc,phases      ] GC(1) Compaction Phase 6.885ms
[2026-09-24T18:10:29.587+0000][2.982s][info][gc,phases,start] GC(1) Post Compact
[2026-09-24T18:10:29.589+0000][2.983s][info][gc,phases      ] GC(1) Post Compact 1.299ms
[2026-09-24T18:10:29.589+0000][2.983s][info][gc,heap        ] GC(1) PSYoungGen: 12692K(1223168K)->0K(1223168K) Eden: 0K(1048576K)->0K(1048576K) From: 12692K(174592K)->0K(174592K)
[2026-09-24T18:10:29.589+0000][2.983s][info][gc,heap        ] GC(1) ParOldGen: 1145K(2796544K)->13575K(2796544K)
[2026-09-24T18:10:29.589+0000][2.983s][info][gc,metaspace   ] GC(1) Metaspace: 21086K(21504K)->21086K(21504K) NonClass: 18712K(18944K)->18712K(18944K) Class: 2374K(2560K)->2374K(2560K)
[2026-09-24T18:10:29.589+0000][2.983s][info][gc             ] GC(1) Pause Full (Metadata GC Threshold) 13M->13M(3925M) 18.432ms
[2026-09-24T18:10:29.589+0000][2.983s][info][gc,cpu         ] GC(1) User=0.04s Sys=0.01s Real=0.02s
[2026-09-24T18:10:30.799+0000][4.194s][info][gc,start       ] GC(2) Pause Young (Metadata GC Threshold)
[2026-09-24T18:10:30.822+0000][4.216s][info][gc,heap        ] GC(2) PSYoungGen: 442234K(1223168K)->51039K(1223168K) Eden: 442234K(1048576K)->0K(1048576K) From: 0K(174592K)->51039K(174592K)
[2026-09-24T18:10:30.822+0000][4.216s][info][gc,heap        ] GC(2) ParOldGen: 13575K(2796544K)->13583K(2796544K)
[2026-09-24T18:10:30.822+0000][4.216s][info][gc,metaspace   ] GC(2) Metaspace: 35392K(35840K)->35392K(35840K) NonClass: 31291K(31552K)->31291K(31552K) Class: 4100K(4288K)->4100K(4288K)
[2026-09-24T18:10:30.822+0000][4.216s][info][gc             ] GC(2) Pause Young (Metadata GC Threshold) 445M->63M(3925M) 22.158ms
[2026-09-24T18:10:30.822+0000][4.216s][info][gc,cpu         ] GC(2) User=0.09s Sys=0.00s Real=0.02s
[2026-09-24T18:10:30.822+0000][4.216s][info][gc,start       ] GC(3) Pause Full (Metadata GC Threshold)
[2026-09-24T18:10:30.822+0000][4.216s][info][gc,phases,start] GC(3) Marking Phase
[2026-09-24T18:10:30.843+0000][4.237s][info][gc,phases      ] GC(3) Marking Phase 21.116ms
[2026-09-24T18:10:30.843+0000][4.237s][info][gc,phases,start] GC(3) Summary Phase
[2026-09-24T18:10:30.843+0000][4.237s][info][gc,phases      ] GC(3) Summary Phase 0.015ms
[2026-09-24T18:10:30.843+0000][4.237s][info][gc,phases,start] GC(3) Adjust Roots
[2026-09-24T18:10:30.846+0000][4.240s][info][gc,phases      ] GC(3) Adjust Roots 3.095ms
[2026-09-24T18:10:30.846+0000][4.240s][info][gc,phases,start] GC(3) Compaction Phase
[2026-09-24T18:10:30.883+0000][4.277s][info][gc,phases      ] GC(3) Compaction Phase 36.882ms
[2026-09-24T18:10:30.883+0000][4.277s][info][gc,phases,start] GC(3) Post Compact
[2026-09-24T18:10:30.884+0000][4.278s][info][gc,phases      ] GC(3) Post Compact 0.987ms
[2026-09-24T18:10:30.884+0000][4.278s][info][gc,heap        ] GC(3) PSYoungGen: 51039K(1223168K)->0K(1223168K) Eden: 0K(1048576K)->0K(1048576K) From: 51039K(174592K)->0K(174592K)
[2026-09-24T18:10:30.884+0000][4.278s][info][gc,heap        ] GC(3) ParOldGen: 13583K(2796544K)->64282K(2796544K)
[2026-09-24T18:10:30.884+0000][4.278s][info][gc,metaspace   ] GC(3) Metaspace: 35392K(35840K)->35392K(35840K) NonClass: 31291K(31552K)->31291K(31552K) Class: 4100K(4288K)->4100K(4288K)
[2026-09-24T18:10:30.884+0000][4.278s][info][gc             ] GC(3) Pause Full (Metadata GC Threshold) 63M->62M(3925M) 62.233ms
[2026-09-24T18:10:30.884+0000][4.278s][info][gc,cpu         ] GC(3) User=0.21s Sys=0.00s Real=0.06s
[2026-09-24T18:10:32.692+0000][6.087s][info][gc,start       ] GC(4) Pause Young (Metadata GC Threshold)
[2026-09-24T18:10:32.720+0000][6.114s][info][gc,heap        ] GC(4) PSYoungGen: 362785K(1223168K)->42993K(1223168K) Eden: 362785K(1048576K)->0K(1048576K) From: 0K(174592K)->42993K(174592K)
[2026-09-24T18:10:32.720+0000][6.114s][info][gc,heap        ] GC(4) ParOldGen: 64282K(2796544K)->64290K(2796544K)
[2026-09-24T18:10:32.720+0000][6.114s][info][gc,metaspace   ] GC(4) Metaspace: 59097K(59776K)->59097K(59776K) NonClass: 50518K(50880K)->50518K(50880K) Class: 8578K(8896K)->8578K(8896K)
[2026-09-24T18:10:32.720+0000][6.114s][info][gc             ] GC(4) Pause Young (Metadata GC Threshold) 417M->104M(3925M) 27.795ms
[2026-09-24T18:10:32.720+0000][6.114s][info][gc,cpu         ] GC(4) User=0.07s Sys=0.01s Real=0.03s
[2026-09-24T18:10:32.720+0000][6.114s][info][gc,start       ] GC(5) Pause Full (Metadata GC Threshold)
[2026-09-24T18:10:32.720+0000][6.114s][info][gc,phases,start] GC(5) Marking Phase
[2026-09-24T18:10:32.760+0000][6.154s][info][gc,phases      ] GC(5) Marking Phase 40.053ms
[2026-09-24T18:10:32.760+0000][6.155s][info][gc,phases,start] GC(5) Summary Phase
[2026-09-24T18:10:32.760+0000][6.155s][info][gc,phases      ] GC(5) Summary Phase 0.008ms
[2026-09-24T18:10:32.760+0000][6.155s][info][gc,phases,start] GC(5) Adjust Roots
[2026-09-24T18:10:32.765+0000][6.160s][info][gc,phases      ] GC(5) Adjust Roots 5.434ms
[2026-09-24T18:10:32.765+0000][6.160s][info][gc,phases,start] GC(5) Compaction Phase
[2026-09-24T18:10:32.838+0000][6.233s][info][gc,phases      ] GC(5) Compaction Phase 72.779ms
[2026-09-24T18:10:32.838+0000][6.233s][info][gc,phases,start] GC(5) Post Compact
[2026-09-24T18:10:32.839+0000][6.234s][info][gc,phases      ] GC(5) Post Compact 1.208ms
[2026-09-24T18:10:32.840+0000][6.234s][info][gc,heap        ] GC(5) PSYoungGen: 42993K(1223168K)->0K(1223168K) Eden: 0K(1048576K)->0K(1048576K) From: 42993K(174592K)->0K(174592K)
[2026-09-24T18:10:32.840+0000][6.234s][info][gc,heap        ] GC(5) ParOldGen: 64290K(2796544K)->102999K(2796544K)
[2026-09-24T18:10:32.840+0000][6.234s][info][gc,metaspace   ] GC(5) Metaspace: 59097K(59776K)->59097K(59776K) NonClass: 50518K(50880K)->50518K(50880K) Class: 8578K(8896K)->8578K(8896K)
[2026-09-24T18:10:32.840+0000][6.234s][info][gc             ] GC(5) Pause Full (Metadata GC Threshold) 104M->100M(3925M) 119.632ms
[2026-09-24T18:10:32.840+0000][6.234s][info][gc,cpu         ] GC(5) User=0.43s Sys=0.00s Real=0.12s
[2026-09-24T18:10:35.910+0000][9.304s][info][gc,start       ] GC(6) Pause Young (Metadata GC Threshold)
[2026-09-24T18:10:36.006+0000][9.400s][info][gc,heap        ] GC(6) PSYoungGen: 776578K(1223168K)->174576K(1223168K) Eden: 776578K(1048576K)->0K(1048576K) From: 0K(174592K)->174576K(174592K)
[2026-09-24T18:10:36.006+0000][9.400s][info][gc,heap        ] GC(6) ParOldGen: 102999K(2796544K)->105447K(2796544K)
[2026-09-24T18:10:36.006+0000][9.400s][info][gc,metaspace   ] GC(6) Metaspace: 98818K(99648K)->98818K(99648K) NonClass: 84860K(85312K)->84860K(85312K) Class: 13958K(14336K)->13958K(14336K)
[2026-09-24T18:10:36.006+0000][9.400s][info][gc             ] GC(6) Pause Young (Metadata GC Threshold) 858M->273M(3925M) 96.205ms
[2026-09-24T18:10:36.006+0000][9.400s][info][gc,cpu         ] GC(6) User=0.34s Sys=0.05s Real=0.09s
[2026-09-24T18:10:36.006+0000][9.400s][info][gc,start       ] GC(7) Pause Full (Metadata GC Threshold)
[2026-09-24T18:10:36.006+0000][9.400s][info][gc,phases,start] GC(7) Marking Phase
[2026-09-24T18:10:36.115+0000][9.509s][info][gc,phases      ] GC(7) Marking Phase 109.043ms
[2026-09-24T18:10:36.115+0000][9.509s][info][gc,phases,start] GC(7) Summary Phase
[2026-09-24T18:10:36.115+0000][9.509s][info][gc,phases      ] GC(7) Summary Phase 0.026ms
[2026-09-24T18:10:36.115+0000][9.509s][info][gc,phases,start] GC(7) Adjust Roots
[2026-09-24T18:10:36.124+0000][9.519s][info][gc,phases      ] GC(7) Adjust Roots 9.434ms
[2026-09-24T18:10:36.124+0000][9.519s][info][gc,phases,start] GC(7) Compaction Phase
[2026-09-24T18:10:36.406+0000][9.800s][info][gc,phases      ] GC(7) Compaction Phase 281.347ms
[2026-09-24T18:10:36.406+0000][9.800s][info][gc,phases,start] GC(7) Post Compact
[2026-09-24T18:10:36.408+0000][9.802s][info][gc,phases      ] GC(7) Post Compact 1.784ms
[2026-09-24T18:10:36.408+0000][9.802s][info][gc,heap        ] GC(7) PSYoungGen: 174576K(1223168K)->0K(1223168K) Eden: 0K(1048576K)->0K(1048576K) From: 174576K(174592K)->0K(174592K)
[2026-09-24T18:10:36.408+0000][9.802s][info][gc,heap        ] GC(7) ParOldGen: 105447K(2796544K)->278441K(2796544K)
[2026-09-24T18:10:36.408+0000][9.802s][info][gc,metaspace   ] GC(7) Metaspace: 98818K(99648K)->98818K(99648K) NonClass: 84860K(85312K)->84860K(85312K) Class: 13958K(14336K)->13958K(14336K)
[2026-09-24T18:10:36.408+0000][9.802s][info][gc             ] GC(7) Pause Full (Metadata GC Threshold) 273M->271M(3925M) 401.793ms
[2026-09-24T18:10:36.408+0000][9.802s][info][gc,cpu         ] GC(7) User=1.50s Sys=0.02s Real=0.41s
[2026-09-24T18:10:39.807+0000][13.202s][info][gc,start       ] GC(8) Pause Young (Allocation Failure)
[2026-09-24T18:10:39.834+0000][13.229s][info][gc,heap        ] GC(8) PSYoungGen: 1048576K(1223168K)->45423K(1223168K) Eden: 1048576K(1048576K)->0K(1048576K) From: 0K(174592K)->45423K(174592K)
[2026-09-24T18:10:39.834+0000][13.229s][info][gc,heap        ] GC(8) ParOldGen: 278441K(2796544K)->278457K(2796544K)
[2026-09-24T18:10:39.834+0000][13.229s][info][gc,metaspace   ] GC(8) Metaspace: 119898K(120960K)->119898K(120960K) NonClass: 102651K(103296K)->102651K(103296K) Class: 17246K(17664K)->17246K(17664K)
[2026-09-24T18:10:39.834+0000][13.229s][info][gc             ] GC(8) Pause Young (Allocation Failure) 1295M->316M(3925M) 27.192ms
[2026-09-24T18:10:39.834+0000][13.229s][info][gc,cpu         ] GC(8) User=0.10s Sys=0.00s Real=0.02s
[2026-09-24T18:10:47.108+0000][20.502s][info][gc,start       ] GC(9) Pause Young (Allocation Failure)
[2026-09-24T18:10:47.166+0000][20.561s][info][gc,heap        ] GC(9) PSYoungGen: 1093999K(1223168K)->128978K(2234880K) Eden: 1048576K(1048576K)->0K(2076672K) From: 45423K(174592K)->128978K(158208K)
[2026-09-24T18:10:47.166+0000][20.561s][info][gc,heap        ] GC(9) ParOldGen: 278457K(2796544K)->278513K(2796544K)
[2026-09-24T18:10:47.166+0000][20.561s][info][gc,metaspace   ] GC(9) Metaspace: 150451K(151744K)->150451K(151744K) NonClass: 125978K(126720K)->125978K(126720K) Class: 24473K(25024K)->24473K(25024K)
[2026-09-24T18:10:47.166+0000][20.561s][info][gc             ] GC(9) Pause Young (Allocation Failure) 1340M->397M(4913M) 58.786ms
[2026-09-24T18:10:47.166+0000][20.561s][info][gc,cpu         ] GC(9) User=0.20s Sys=0.03s Real=0.05s
[2026-09-24T18:10:47.731+0000][21.126s][info][gc,start       ] GC(10) Pause Young (CodeCache GC Threshold)
[2026-09-24T18:10:47.787+0000][21.181s][info][gc,heap        ] GC(10) PSYoungGen: 396715K(2234880K)->148409K(2255360K) Eden: 267737K(2076672K)->0K(2076672K) From: 128978K(158208K)->148409K(178688K)
[2026-09-24T18:10:47.787+0000][21.182s][info][gc,heap        ] GC(10) ParOldGen: 278513K(2796544K)->278521K(2796544K)
[2026-09-24T18:10:47.787+0000][21.182s][info][gc,metaspace   ] GC(10) Metaspace: 150812K(152000K)->150812K(152000K) NonClass: 126294K(126976K)->126294K(126976K) Class: 24518K(25024K)->24518K(25024K)
[2026-09-24T18:10:47.787+0000][21.182s][info][gc             ] GC(10) Pause Young (CodeCache GC Threshold) 659M->416M(4933M) 55.977ms
[2026-09-24T18:10:47.787+0000][21.182s][info][gc,cpu         ] GC(10) User=0.18s Sys=0.04s Real=0.06s
[2026-09-24T18:10:47.787+0000][21.182s][info][gc,start       ] GC(11) Pause Full (CodeCache GC Threshold)
[2026-09-24T18:10:47.787+0000][21.182s][info][gc,phases,start] GC(11) Marking Phase
[2026-09-24T18:10:47.960+0000][21.355s][info][gc,phases      ] GC(11) Marking Phase 173.297ms
[2026-09-24T18:10:47.960+0000][21.355s][info][gc,phases,start] GC(11) Summary Phase
[2026-09-24T18:10:47.960+0000][21.355s][info][gc,phases      ] GC(11) Summary Phase 0.026ms
[2026-09-24T18:10:47.960+0000][21.355s][info][gc,phases,start] GC(11) Adjust Roots
[2026-09-24T18:10:47.982+0000][21.376s][info][gc,phases      ] GC(11) Adjust Roots 21.132ms
[2026-09-24T18:10:47.982+0000][21.376s][info][gc,phases,start] GC(11) Compaction Phase
[2026-09-24T18:10:48.323+0000][21.718s][info][gc,phases      ] GC(11) Compaction Phase 341.711ms
[2026-09-24T18:10:48.323+0000][21.718s][info][gc,phases,start] GC(11) Post Compact
[2026-09-24T18:10:48.329+0000][21.723s][info][gc,phases      ] GC(11) Post Compact 5.600ms
[2026-09-24T18:10:48.329+0000][21.723s][info][gc,heap        ] GC(11) PSYoungGen: 148409K(2255360K)->0K(2255360K) Eden: 0K(2076672K)->0K(2076672K) From: 148409K(178688K)->0K(178688K)
[2026-09-24T18:10:48.329+0000][21.723s][info][gc,heap        ] GC(11) ParOldGen: 278521K(2796544K)->387353K(2796544K)
[2026-09-24T18:10:48.329+0000][21.723s][info][gc,metaspace   ] GC(11) Metaspace: 150812K(152000K)->150746K(152000K) NonClass: 126294K(126976K)->126244K(126976K) Class: 24518K(25024K)->24501K(25024K)
[2026-09-24T18:10:48.329+0000][21.723s][info][gc             ] GC(11) Pause Full (CodeCache GC Threshold) 416M->378M(4933M) 541.931ms
[2026-09-24T18:10:48.329+0000][21.724s][info][gc,cpu         ] GC(11) User=1.96s Sys=0.02s Real=0.54s
[2026-09-24T18:10:52.341+0000][25.736s][info][gc,start       ] GC(12) Pause Young (Allocation Failure)
[2026-09-24T18:10:52.424+0000][25.819s][info][gc,heap        ] GC(12) PSYoungGen: 2076672K(2255360K)->200675K(2234880K) Eden: 2076672K(2076672K)->0K(2034176K) From: 0K(178688K)->200675K(200704K)
[2026-09-24T18:10:52.424+0000][25.819s][info][gc,heap        ] GC(12) ParOldGen: 387353K(2796544K)->447601K(2796544K)
[2026-09-24T18:10:52.424+0000][25.819s][info][gc,metaspace   ] GC(12) Metaspace: 152868K(154240K)->152868K(154240K) NonClass: 128032K(128832K)->128032K(128832K) Class: 24836K(25408K)->24836K(25408K)
[2026-09-24T18:10:52.424+0000][25.819s][info][gc             ] GC(12) Pause Young (Allocation Failure) 2406M->633M(4913M) 83.156ms
[2026-09-24T18:10:52.424+0000][25.819s][info][gc,cpu         ] GC(12) User=0.27s Sys=0.05s Real=0.08s
[2026-09-24T18:10:56.422+0000][29.817s][info][gc,start       ] GC(13) Pause Young (Allocation Failure)
[2026-09-24T18:10:56.501+0000][29.896s][info][gc,heap        ] GC(13) PSYoungGen: 2234851K(2234880K)->263651K(2297856K) Eden: 2034176K(2034176K)->0K(2034176K) From: 200675K(200704K)->263651K(263680K)
[2026-09-24T18:10:56.501+0000][29.896s][info][gc,heap        ] GC(13) ParOldGen: 447601K(2796544K)->534767K(2796544K)
[2026-09-24T18:10:56.501+0000][29.896s][info][gc,metaspace   ] GC(13) Metaspace: 153391K(154880K)->153391K(154880K) NonClass: 128479K(129344K)->128479K(129344K) Class: 24911K(25536K)->24911K(25536K)
[2026-09-24T18:10:56.501+0000][29.896s][info][gc             ] GC(13) Pause Young (Allocation Failure) 2619M->779M(4975M) 79.000ms
[2026-09-24T18:10:56.501+0000][29.896s][info][gc,cpu         ] GC(13) User=0.28s Sys=0.04s Real=0.08s
[2026-09-24T18:11:00.166+0000][33.561s][info][gc,start       ] GC(14) Pause Young (Allocation Failure)
[2026-09-24T18:11:00.263+0000][33.658s][info][gc,heap        ] GC(14) PSYoungGen: 2297827K(2297856K)->229056K(3121664K) Eden: 2034176K(2034176K)->0K(2777088K) From: 263651K(263680K)->229056K(344576K)
[2026-09-24T18:11:00.263+0000][33.658s][info][gc,heap        ] GC(14) ParOldGen: 534767K(2796544K)->715782K(2796544K)
[2026-09-24T18:11:00.263+0000][33.658s][info][gc,metaspace   ] GC(14) Metaspace: 154144K(155584K)->154144K(155584K) NonClass: 129139K(129984K)->129139K(129984K) Class: 25005K(25600K)->25005K(25600K)
[2026-09-24T18:11:00.263+0000][33.658s][info][gc             ] GC(14) Pause Young (Allocation Failure) 2766M->922M(5779M) 96.744ms
[2026-09-24T18:11:00.263+0000][33.658s][info][gc,cpu         ] GC(14) User=0.32s Sys=0.06s Real=0.10s
[2026-09-24T18:11:05.077+0000][38.471s][info][gc,start       ] GC(15) Pause Young (Allocation Failure)
[2026-09-24T18:11:05.177+0000][38.572s][info][gc,heap        ] GC(15) PSYoungGen: 3006144K(3121664K)->163029K(3136000K) Eden: 2777088K(2777088K)->0K(2777088K) From: 229056K(344576K)->163029K(358912K)
[2026-09-24T18:11:05.177+0000][38.572s][info][gc,heap        ] GC(15) ParOldGen: 715782K(2796544K)->957533K(2796544K)
[2026-09-24T18:11:05.177+0000][38.572s][info][gc,metaspace   ] GC(15) Metaspace: 154668K(156160K)->154668K(156160K) NonClass: 129608K(130496K)->129608K(130496K) Class: 25059K(25664K)->25059K(25664K)
[2026-09-24T18:11:05.177+0000][38.572s][info][gc             ] GC(15) Pause Young (Allocation Failure) 3634M->1094M(5793M) 100.733ms
[2026-09-24T18:11:05.177+0000][38.572s][info][gc,cpu         ] GC(15) User=0.32s Sys=0.08s Real=0.11s
[2026-09-24T18:11:09.996+0000][43.390s][info][gc,start       ] GC(16) Pause Young (Allocation Failure)
[2026-09-24T18:11:10.083+0000][43.477s][info][gc,heap        ] GC(16) PSYoungGen: 2940117K(3136000K)->201205K(3134976K) Eden: 2777088K(2777088K)->0K(2790400K) From: 163029K(358912K)->201205K(344576K)
[2026-09-24T18:11:10.083+0000][43.477s][info][gc,heap        ] GC(16) ParOldGen: 957533K(2796544K)->1129522K(2796544K)
[2026-09-24T18:11:10.083+0000][43.477s][info][gc,metaspace   ] GC(16) Metaspace: 154929K(156352K)->154929K(156352K) NonClass: 129854K(130688K)->129854K(130688K) Class: 25074K(25664K)->25074K(25664K)
[2026-09-24T18:11:10.083+0000][43.477s][info][gc             ] GC(16) Pause Young (Allocation Failure) 3806M->1299M(5792M) 86.944ms
[2026-09-24T18:11:10.083+0000][43.477s][info][gc,cpu         ] GC(16) User=0.29s Sys=0.06s Real=0.09s
[2026-09-24T18:11:15.620+0000][49.014s][info][gc,start       ] GC(17) Pause Young (CodeCache GC Threshold)
[2026-09-24T18:11:15.762+0000][49.157s][info][gc,heap        ] GC(17) PSYoungGen: 2668185K(3134976K)->248327K(3039232K) Eden: 2466979K(2790400K)->0K(2790400K) From: 201205K(344576K)->248327K(248832K)
[2026-09-24T18:11:15.762+0000][49.157s][info][gc,heap        ] GC(17) ParOldGen: 1129522K(2796544K)->1342507K(2796544K)
[2026-09-24T18:11:15.762+0000][49.157s][info][gc,metaspace   ] GC(17) Metaspace: 161793K(163392K)->161793K(163392K) NonClass: 135641K(136576K)->135641K(136576K) Class: 26152K(26816K)->26152K(26816K)
[2026-09-24T18:11:15.762+0000][49.157s][info][gc             ] GC(17) Pause Young (CodeCache GC Threshold) 3708M->1553M(5699M) 142.218ms
[2026-09-24T18:11:15.762+0000][49.157s][info][gc,cpu         ] GC(17) User=0.44s Sys=0.09s Real=0.14s
[2026-09-24T18:11:15.762+0000][49.157s][info][gc,start       ] GC(18) Pause Full (CodeCache GC Threshold)
[2026-09-24T18:11:15.762+0000][49.157s][info][gc,phases,start] GC(18) Marking Phase
[2026-09-24T18:11:16.187+0000][49.582s][info][gc,phases      ] GC(18) Marking Phase 425.189ms
[2026-09-24T18:11:16.187+0000][49.582s][info][gc,phases,start] GC(18) Summary Phase
[2026-09-24T18:11:16.187+0000][49.582s][info][gc,phases      ] GC(18) Summary Phase 0.043ms
[2026-09-24T18:11:16.187+0000][49.582s][info][gc,phases,start] GC(18) Adjust Roots
[2026-09-24T18:11:16.207+0000][49.602s][info][gc,phases      ] GC(18) Adjust Roots 19.742ms
[2026-09-24T18:11:16.207+0000][49.602s][info][gc,phases,start] GC(18) Compaction Phase
[2026-09-24T18:11:16.622+0000][50.016s][info][gc,phases      ] GC(18) Compaction Phase 414.673ms
[2026-09-24T18:11:16.622+0000][50.016s][info][gc,phases,start] GC(18) Post Compact
[2026-09-24T18:11:16.634+0000][50.028s][info][gc,phases      ] GC(18) Post Compact 12.054ms
[2026-09-24T18:11:16.634+0000][50.029s][info][gc,heap        ] GC(18) PSYoungGen: 248327K(3039232K)->0K(3039232K) Eden: 0K(2790400K)->0K(2790400K) From: 248327K(248832K)->0K(248832K)
[2026-09-24T18:11:16.634+0000][50.029s][info][gc,heap        ] GC(18) ParOldGen: 1342507K(2796544K)->1409372K(2796544K)
[2026-09-24T18:11:16.634+0000][50.029s][info][gc,metaspace   ] GC(18) Metaspace: 161793K(163392K)->161735K(163392K) NonClass: 135641K(136576K)->135598K(136576K) Class: 26152K(26816K)->26136K(26816K)
[2026-09-24T18:11:16.634+0000][50.029s][info][gc             ] GC(18) Pause Full (CodeCache GC Threshold) 1553M->1376M(5699M) 871.873ms
[2026-09-24T18:11:16.634+0000][50.029s][info][gc,cpu         ] GC(18) User=3.10s Sys=0.09s Real=0.87s
[2026-09-24T18:11:26.804+0000][60.199s][info][gc,start       ] GC(19) Pause Young (Allocation Failure)
[2026-09-24T18:11:26.941+0000][60.335s][info][gc,heap        ] GC(19) PSYoungGen: 2790400K(3039232K)->355773K(3028480K) Eden: 2790400K(2790400K)->0K(2666496K) From: 0K(248832K)->355773K(361984K)
[2026-09-24T18:11:26.941+0000][60.335s][info][gc,heap        ] GC(19) ParOldGen: 1409372K(2796544K)->1409380K(2796544K)
[2026-09-24T18:11:26.941+0000][60.335s][info][gc,metaspace   ] GC(19) Metaspace: 164644K(166272K)->164644K(166272K) NonClass: 138310K(139264K)->138310K(139264K) Class: 26334K(27008K)->26334K(27008K)
[2026-09-24T18:11:26.941+0000][60.335s][info][gc             ] GC(19) Pause Young (Allocation Failure) 4101M->1723M(5688M) 136.340ms
[2026-09-24T18:11:26.941+0000][60.335s][info][gc,cpu         ] GC(19) User=0.47s Sys=0.04s Real=0.14s
[2026-09-24T18:11:32.525+0000][65.919s][info][gc,start       ] GC(20) Pause Young (Allocation Failure)
[2026-09-24T18:11:32.728+0000][66.123s][info][gc,heap        ] GC(20) PSYoungGen: 3022269K(3028480K)->220403K(3080704K) Eden: 2666496K(2666496K)->0K(2666496K) From: 355773K(361984K)->220403K(414208K)
[2026-09-24T18:11:32.728+0000][66.123s][info][gc,heap        ] GC(20) ParOldGen: 1409380K(2796544K)->1750753K(2796544K)
[2026-09-24T18:11:32.728+0000][66.123s][info][gc,metaspace   ] GC(20) Metaspace: 165053K(166656K)->165053K(166656K) NonClass: 138684K(139584K)->138684K(139584K) Class: 26368K(27072K)->26368K(27072K)
[2026-09-24T18:11:32.728+0000][66.123s][info][gc             ] GC(20) Pause Young (Allocation Failure) 4327M->1924M(5739M) 203.343ms
[2026-09-24T18:11:32.728+0000][66.123s][info][gc,cpu         ] GC(20) User=0.68s Sys=0.12s Real=0.21s
[2026-09-24T18:11:33.508+0000][66.903s][info][gc,start       ] GC(21) Pause Young (CodeCache GC Threshold)
[2026-09-24T18:11:33.635+0000][67.029s][info][gc,heap        ] GC(21) PSYoungGen: 693272K(3080704K)->46352K(3086336K) Eden: 472869K(2666496K)->0K(2680832K) From: 220403K(414208K)->46352K(405504K)
[2026-09-24T18:11:33.635+0000][67.029s][info][gc,heap        ] GC(21) ParOldGen: 1750753K(2796544K)->1958810K(2796544K)
[2026-09-24T18:11:33.635+0000][67.029s][info][gc,metaspace   ] GC(21) Metaspace: 165086K(166720K)->165086K(166720K) NonClass: 138717K(139648K)->138717K(139648K) Class: 26368K(27072K)->26368K(27072K)
[2026-09-24T18:11:33.635+0000][67.029s][info][gc             ] GC(21) Pause Young (CodeCache GC Threshold) 2386M->1958M(5745M) 126.579ms
[2026-09-24T18:11:33.635+0000][67.029s][info][gc,cpu         ] GC(21) User=0.40s Sys=0.08s Real=0.12s
[2026-09-24T18:11:33.635+0000][67.029s][info][gc,start       ] GC(22) Pause Full (CodeCache GC Threshold)
[2026-09-24T18:11:33.635+0000][67.029s][info][gc,phases,start] GC(22) Marking Phase
[2026-09-24T18:11:34.220+0000][67.615s][info][gc,phases      ] GC(22) Marking Phase 585.561ms
[2026-09-24T18:11:34.220+0000][67.615s][info][gc,phases,start] GC(22) Summary Phase
[2026-09-24T18:11:34.220+0000][67.615s][info][gc,phases      ] GC(22) Summary Phase 0.041ms
[2026-09-24T18:11:34.220+0000][67.615s][info][gc,phases,start] GC(22) Adjust Roots
[2026-09-24T18:11:34.244+0000][67.639s][info][gc,phases      ] GC(22) Adjust Roots 23.588ms
[2026-09-24T18:11:34.244+0000][67.639s][info][gc,phases,start] GC(22) Compaction Phase
[2026-09-24T18:11:35.017+0000][68.412s][info][gc,phases      ] GC(22) Compaction Phase 773.081ms
[2026-09-24T18:11:35.017+0000][68.412s][info][gc,phases,start] GC(22) Post Compact
[2026-09-24T18:11:35.026+0000][68.421s][info][gc,phases      ] GC(22) Post Compact 9.059ms
[2026-09-24T18:11:35.026+0000][68.421s][info][gc,heap        ] GC(22) PSYoungGen: 46352K(3086336K)->0K(3086336K) Eden: 0K(2680832K)->0K(2680832K) From: 46352K(405504K)->0K(405504K)
[2026-09-24T18:11:35.026+0000][68.421s][info][gc,heap        ] GC(22) ParOldGen: 1958810K(2796544K)->1982662K(2796544K)
[2026-09-24T18:11:35.026+0000][68.421s][info][gc,metaspace   ] GC(22) Metaspace: 165086K(166720K)->165046K(166720K) NonClass: 138717K(139648K)->138687K(139648K) Class: 26368K(27072K)->26358K(27072K)
[2026-09-24T18:11:35.026+0000][68.421s][info][gc             ] GC(22) Pause Full (CodeCache GC Threshold) 1958M->1936M(5745M) 1391.520ms
[2026-09-24T18:11:35.026+0000][68.421s][info][gc,cpu         ] GC(22) User=5.17s Sys=0.04s Real=1.39s
[2026-09-24T18:11:39.472+0000][72.866s][info][gc,start       ] GC(23) Pause Young (Allocation Failure)
[2026-09-24T18:11:39.568+0000][72.963s][info][gc,heap        ] GC(23) PSYoungGen: 2680832K(3086336K)->173666K(2854912K) Eden: 2680832K(2680832K)->0K(2680832K) From: 0K(405504K)->173666K(174080K)
[2026-09-24T18:11:39.569+0000][72.963s][info][gc,heap        ] GC(23) ParOldGen: 1982662K(2796544K)->1982662K(2796544K)
[2026-09-24T18:11:39.569+0000][72.963s][info][gc,metaspace   ] GC(23) Metaspace: 165071K(166784K)->165071K(166784K) NonClass: 138710K(139712K)->138710K(139712K) Class: 26360K(27072K)->26360K(27072K)
[2026-09-24T18:11:39.569+0000][72.963s][info][gc             ] GC(23) Pause Young (Allocation Failure) 4554M->2105M(5519M) 96.650ms
[2026-09-24T18:11:39.569+0000][72.963s][info][gc,cpu         ] GC(23) User=0.38s Sys=0.00s Real=0.10s
[2026-09-24T18:11:43.620+0000][77.015s][info][gc,start       ] GC(24) Pause Young (Allocation Failure)
[2026-09-24T18:11:43.779+0000][77.174s][info][gc,heap        ] GC(24) PSYoungGen: 2854498K(2854912K)->164674K(3087360K) Eden: 2680832K(2680832K)->0K(2702848K) From: 173666K(174080K)->164674K(384512K)
[2026-09-24T18:11:43.779+0000][77.174s][info][gc,heap        ] GC(24) ParOldGen: 1982662K(2796544K)->2135356K(2796544K)
[2026-09-24T18:11:43.779+0000][77.174s][info][gc,metaspace   ] GC(24) Metaspace: 165089K(166784K)->165089K(166784K) NonClass: 138729K(139712K)->138729K(139712K) Class: 26360K(27072K)->26360K(27072K)
[2026-09-24T18:11:43.780+0000][77.174s][info][gc             ] GC(24) Pause Young (Allocation Failure) 4723M->2246M(5746M) 159.383ms
[2026-09-24T18:11:43.780+0000][77.174s][info][gc,cpu         ] GC(24) User=0.55s Sys=0.06s Real=0.16s
[2026-09-24T18:11:47.698+0000][81.092s][info][gc,start       ] GC(25) Pause Young (Allocation Failure)
[2026-09-24T18:11:47.859+0000][81.254s][info][gc,heap        ] GC(25) PSYoungGen: 2867522K(3087360K)->177522K(3066880K) Eden: 2702848K(2702848K)->0K(2702848K) From: 164674K(384512K)->177522K(364032K)
[2026-09-24T18:11:47.859+0000][81.254s][info][gc,heap        ] GC(25) ParOldGen: 2135356K(2796544K)->2276145K(2796544K)
[2026-09-24T18:11:47.859+0000][81.254s][info][gc,metaspace   ] GC(25) Metaspace: 165115K(166784K)->165115K(166784K) NonClass: 138740K(139712K)->138740K(139712K) Class: 26374K(27072K)->26374K(27072K)
[2026-09-24T18:11:47.859+0000][81.254s][info][gc             ] GC(25) Pause Young (Allocation Failure) 4885M->2396M(5726M) 161.845ms
[2026-09-24T18:11:47.859+0000][81.254s][info][gc,cpu         ] GC(25) User=0.60s Sys=0.03s Real=0.16s
[2026-09-24T18:11:51.597+0000][84.991s][info][gc,start       ] GC(26) Pause Young (Allocation Failure)
[2026-09-24T18:11:51.751+0000][85.145s][info][gc,heap        ] GC(26) PSYoungGen: 2880370K(3066880K)->143826K(3107328K) Eden: 2702848K(2702848K)->0K(2759680K) From: 177522K(364032K)->143826K(347648K)
[2026-09-24T18:11:51.751+0000][85.145s][info][gc,heap        ] GC(26) ParOldGen: 2276145K(2796544K)->2427129K(2796544K)
[2026-09-24T18:11:51.751+0000][85.145s][info][gc,metaspace   ] GC(26) Metaspace: 165212K(166848K)->165212K(166848K) NonClass: 138821K(139776K)->138821K(139776K) Class: 26391K(27072K)->26391K(27072K)
[2026-09-24T18:11:51.751+0000][85.145s][info][gc             ] GC(26) Pause Young (Allocation Failure) 5035M->2510M(5765M) 154.111ms
[2026-09-24T18:11:51.751+0000][85.145s][info][gc,cpu         ] GC(26) User=0.58s Sys=0.03s Real=0.16s
[2026-09-24T18:11:55.282+0000][88.677s][info][gc,start       ] GC(27) Pause Young (Allocation Failure)
[2026-09-24T18:11:55.446+0000][88.840s][info][gc,heap        ] GC(27) PSYoungGen: 2903506K(3107328K)->149233K(3094016K) Eden: 2759680K(2759680K)->0K(2759680K) From: 143826K(347648K)->149233K(334336K)
[2026-09-24T18:11:55.446+0000][88.840s][info][gc,heap        ] GC(27) ParOldGen: 2427129K(2796544K)->2542248K(2796544K)
[2026-09-24T18:11:55.446+0000][88.840s][info][gc,metaspace   ] GC(27) Metaspace: 165252K(166848K)->165252K(166848K) NonClass: 138860K(139776K)->138860K(139776K) Class: 26391K(27072K)->26391K(27072K)
[2026-09-24T18:11:55.446+0000][88.840s][info][gc             ] GC(27) Pause Young (Allocation Failure) 5205M->2628M(5752M) 163.671ms
[2026-09-24T18:11:55.446+0000][88.840s][info][gc,cpu         ] GC(27) User=0.56s Sys=0.04s Real=0.16s
[2026-09-24T18:11:58.670+0000][92.065s][info][gc,start       ] GC(28) Pause Young (Allocation Failure)
[2026-09-24T18:11:58.821+0000][92.216s][info][gc,heap        ] GC(28) PSYoungGen: 2908913K(3094016K)->128946K(3143168K) Eden: 2759680K(2759680K)->0K(2822144K) From: 149233K(334336K)->128946K(321024K)
[2026-09-24T18:11:58.821+0000][92.216s][info][gc,heap        ] GC(28) ParOldGen: 2542248K(2796544K)->2660799K(2796544K)
[2026-09-24T18:11:58.821+0000][92.216s][info][gc,metaspace   ] GC(28) Metaspace: 165371K(166976K)->165371K(166976K) NonClass: 138972K(139904K)->138972K(139904K) Class: 26399K(27072K)->26399K(27072K)
[2026-09-24T18:11:58.821+0000][92.216s][info][gc             ] GC(28) Pause Young (Allocation Failure) 5323M->2724M(5800M) 151.096ms
[2026-09-24T18:11:58.821+0000][92.216s][info][gc,cpu         ] GC(28) User=0.55s Sys=0.04s Real=0.15s
[2026-09-24T18:12:02.080+0000][95.474s][info][gc,start       ] GC(29) Pause Young (Allocation Failure)
[2026-09-24T18:12:02.246+0000][95.641s][info][gc,heap        ] GC(29) PSYoungGen: 2951090K(3143168K)->146114K(3133952K) Eden: 2822144K(2822144K)->0K(2822144K) From: 128946K(321024K)->146114K(311808K)
[2026-09-24T18:12:02.246+0000][95.641s][info][gc,heap        ] GC(29) ParOldGen: 2660799K(2796544K)->2756482K(2796544K)
[2026-09-24T18:12:02.246+0000][95.641s][info][gc,metaspace   ] GC(29) Metaspace: 165413K(167040K)->165413K(167040K) NonClass: 139012K(139968K)->139012K(139968K) Class: 26401K(27072K)->26401K(27072K)
[2026-09-24T18:12:02.246+0000][95.641s][info][gc             ] GC(29) Pause Young (Allocation Failure) 5480M->2834M(5791M) 166.472ms
[2026-09-24T18:12:02.246+0000][95.641s][info][gc,cpu         ] GC(29) User=0.59s Sys=0.02s Real=0.16s
[2026-09-24T18:12:05.393+0000][98.787s][info][gc,start       ] GC(30) Pause Young (Allocation Failure)
[2026-09-24T18:12:05.561+0000][98.956s][info][gc,heap        ] GC(30) PSYoungGen: 2968258K(3133952K)->137106K(3172352K) Eden: 2822144K(2822144K)->0K(2872320K) From: 146114K(311808K)->137106K(300032K)
[2026-09-24T18:12:05.561+0000][98.956s][info][gc,heap        ] GC(30) ParOldGen: 2756482K(2796544K)->2868063K(2868224K)
[2026-09-24T18:12:05.561+0000][98.956s][info][gc,metaspace   ] GC(30) Metaspace: 165506K(167168K)->165506K(167168K) NonClass: 139101K(140032K)->139101K(140032K) Class: 26405K(27136K)->26405K(27136K)
[2026-09-24T18:12:05.561+0000][98.956s][info][gc             ] GC(30) Pause Young (Allocation Failure) 5590M->2934M(5899M) 168.583ms
[2026-09-24T18:12:05.561+0000][98.956s][info][gc,cpu         ] GC(30) User=0.61s Sys=0.05s Real=0.17s
[2026-09-24T18:12:08.860+0000][102.255s][info][gc,start       ] GC(31) Pause Young (Allocation Failure)
[2026-09-24T18:12:09.052+0000][102.447s][info][gc,heap        ] GC(31) PSYoungGen: 3009426K(3172352K)->149154K(3162112K) Eden: 2872320K(2872320K)->0K(2872320K) From: 137106K(300032K)->149154K(289792K)
[2026-09-24T18:12:09.052+0000][102.447s][info][gc,heap        ] GC(31) ParOldGen: 2868063K(2868224K)->2968203K(2968576K)
[2026-09-24T18:12:09.052+0000][102.447s][info][gc,metaspace   ] GC(31) Metaspace: 165531K(167168K)->165531K(167168K) NonClass: 139126K(140032K)->139126K(140032K) Class: 26405K(27136K)->26405K(27136K)
[2026-09-24T18:12:09.052+0000][102.447s][info][gc             ] GC(31) Pause Young (Allocation Failure) 5739M->3044M(5987M) 192.141ms
[2026-09-24T18:12:09.052+0000][102.447s][info][gc,cpu         ] GC(31) User=0.67s Sys=0.05s Real=0.19s
[2026-09-24T18:12:12.213+0000][105.607s][info][gc,start       ] GC(32) Pause Young (Allocation Failure)
[2026-09-24T18:12:12.395+0000][105.790s][info][gc,heap        ] GC(32) PSYoungGen: 3021474K(3162112K)->120834K(3189248K) Eden: 2872320K(2872320K)->0K(2910720K) From: 149154K(289792K)->120834K(278528K)
[2026-09-24T18:12:12.395+0000][105.790s][info][gc,heap        ] GC(32) ParOldGen: 2968203K(2968576K)->3080607K(3080704K)
[2026-09-24T18:12:12.395+0000][105.790s][info][gc,metaspace   ] GC(32) Metaspace: 165611K(167232K)->165611K(167232K) NonClass: 139200K(140096K)->139200K(140096K) Class: 26411K(27136K)->26411K(27136K)
[2026-09-24T18:12:12.395+0000][105.790s][info][gc             ] GC(32) Pause Young (Allocation Failure) 5849M->3126M(6123M) 182.659ms
[2026-09-24T18:12:12.395+0000][105.790s][info][gc,cpu         ] GC(32) User=0.62s Sys=0.08s Real=0.18s
[2026-09-24T18:12:15.702+0000][109.096s][info][gc,start       ] GC(33) Pause Young (Allocation Failure)
[2026-09-24T18:12:15.850+0000][109.244s][info][gc,heap        ] GC(33) PSYoungGen: 3031554K(3189248K)->79666K(3183616K) Eden: 2910720K(2910720K)->0K(2910720K) From: 120834K(278528K)->79666K(272896K)
[2026-09-24T18:12:15.850+0000][109.245s][info][gc,heap        ] GC(33) ParOldGen: 3080607K(3080704K)->3160866K(3161088K)
[2026-09-24T18:12:15.850+0000][109.245s][info][gc,metaspace   ] GC(33) Metaspace: 165683K(167296K)->165683K(167296K) NonClass: 139261K(140160K)->139261K(140160K) Class: 26421K(27136K)->26421K(27136K)
[2026-09-24T18:12:15.850+0000][109.245s][info][gc             ] GC(33) Pause Young (Allocation Failure) 5968M->3164M(6196M) 148.169ms
[2026-09-24T18:12:15.850+0000][109.245s][info][gc,cpu         ] GC(33) User=0.54s Sys=0.05s Real=0.15s
[2026-09-24T18:12:19.045+0000][112.439s][info][gc,start       ] GC(34) Pause Young (Allocation Failure)
[2026-09-24T18:12:19.176+0000][112.570s][info][gc,heap        ] GC(34) PSYoungGen: 2990386K(3183616K)->63010K(3215360K) Eden: 2910720K(2910720K)->0K(2941952K) From: 79666K(272896K)->63010K(273408K)
[2026-09-24T18:12:19.176+0000][112.570s][info][gc,heap        ] GC(34) ParOldGen: 3160866K(3161088K)->3199393K(3199488K)
[2026-09-24T18:12:19.176+0000][112.570s][info][gc,metaspace   ] GC(34) Metaspace: 165729K(167424K)->165729K(167424K) NonClass: 139304K(140288K)->139304K(140288K) Class: 26425K(27136K)->26425K(27136K)
[2026-09-24T18:12:19.176+0000][112.570s][info][gc             ] GC(34) Pause Young (Allocation Failure) 6007M->3185M(6264M) 131.090ms
[2026-09-24T18:12:19.176+0000][112.570s][info][gc,cpu         ] GC(34) User=0.49s Sys=0.03s Real=0.13s
[2026-09-24T18:12:22.450+0000][115.845s][info][gc,start       ] GC(35) Pause Young (Allocation Failure)
[2026-09-24T18:12:22.569+0000][115.963s][info][gc,heap        ] GC(35) PSYoungGen: 3004962K(3215360K)->61730K(3216896K) Eden: 2941952K(2941952K)->0K(2941952K) From: 63010K(273408K)->61730K(274944K)
[2026-09-24T18:12:22.569+0000][115.963s][info][gc,heap        ] GC(35) ParOldGen: 3199393K(3199488K)->3221574K(3222016K)
[2026-09-24T18:12:22.569+0000][115.963s][info][gc,metaspace   ] GC(35) Metaspace: 165746K(167424K)->165746K(167424K) NonClass: 139318K(140288K)->139318K(140288K) Class: 26428K(27136K)->26428K(27136K)
[2026-09-24T18:12:22.569+0000][115.963s][info][gc             ] GC(35) Pause Young (Allocation Failure) 6058M->3206M(6288M) 118.384ms
[2026-09-24T18:12:22.569+0000][115.963s][info][gc,cpu         ] GC(35) User=0.46s Sys=0.02s Real=0.12s
[2026-09-24T18:12:25.898+0000][119.292s][info][gc,start       ] GC(36) Pause Young (Allocation Failure)
[2026-09-24T18:12:26.018+0000][119.412s][info][gc,heap        ] GC(36) PSYoungGen: 3003682K(3216896K)->65890K(3212288K) Eden: 2941952K(2941952K)->0K(2945536K) From: 61730K(274944K)->65890K(266752K)
[2026-09-24T18:12:26.018+0000][119.412s][info][gc,heap        ] GC(36) ParOldGen: 3221574K(3222016K)->3242942K(3243008K)
[2026-09-24T18:12:26.018+0000][119.412s][info][gc,metaspace   ] GC(36) Metaspace: 165937K(167616K)->165937K(167616K) NonClass: 139456K(140416K)->139456K(140416K) Class: 26480K(27200K)->26480K(27200K)
[2026-09-24T18:12:26.018+0000][119.412s][info][gc             ] GC(36) Pause Young (Allocation Failure) 6079M->3231M(6304M) 119.819ms
[2026-09-24T18:12:26.018+0000][119.412s][info][gc,cpu         ] GC(36) User=0.46s Sys=0.00s Real=0.12s
[2026-09-24T18:12:29.270+0000][122.665s][info][gc,start       ] GC(37) Pause Young (Allocation Failure)
[2026-09-24T18:12:29.395+0000][122.790s][info][gc,heap        ] GC(37) PSYoungGen: 3011426K(3212288K)->60401K(3216384K) Eden: 2945536K(2945536K)->0K(2945536K) From: 65890K(266752K)->60401K(270848K)
[2026-09-24T18:12:29.395+0000][122.790s][info][gc,heap        ] GC(37) ParOldGen: 3242942K(3243008K)->3269154K(3269632K)
[2026-09-24T18:12:29.395+0000][122.790s][info][gc,metaspace   ] GC(37) Metaspace: 165954K(167680K)->165954K(167680K) NonClass: 139471K(140480K)->139471K(140480K) Class: 26482K(27200K)->26482K(27200K)
[2026-09-24T18:12:29.395+0000][122.790s][info][gc             ] GC(37) Pause Young (Allocation Failure) 6107M->3251M(6334M) 124.762ms
[2026-09-24T18:12:29.395+0000][122.790s][info][gc,cpu         ] GC(37) User=0.46s Sys=0.02s Real=0.12s
[2026-09-24T18:12:32.701+0000][126.095s][info][gc,start       ] GC(38) Pause Young (Allocation Failure)
[2026-09-24T18:12:32.818+0000][126.212s][info][gc,heap        ] GC(38) PSYoungGen: 3005937K(3216384K)->60754K(3212288K) Eden: 2945536K(2945536K)->0K(2956800K) From: 60401K(270848K)->60754K(255488K)
[2026-09-24T18:12:32.818+0000][126.212s][info][gc,heap        ] GC(38) ParOldGen: 3269154K(3269632K)->3290042K(3290112K)
[2026-09-24T18:12:32.818+0000][126.213s][info][gc,metaspace   ] GC(38) Metaspace: 166023K(167744K)->166023K(167744K) NonClass: 139539K(140544K)->139539K(140544K) Class: 26483K(27200K)->26483K(27200K)
[2026-09-24T18:12:32.818+0000][126.213s][info][gc             ] GC(38) Pause Young (Allocation Failure) 6128M->3272M(6350M) 117.302ms
[2026-09-24T18:12:32.818+0000][126.213s][info][gc,cpu         ] GC(38) User=0.45s Sys=0.02s Real=0.12s
[2026-09-24T18:12:36.060+0000][129.454s][info][gc,start       ] GC(39) Pause Young (Allocation Failure)
[2026-09-24T18:12:36.177+0000][129.571s][info][gc,heap        ] GC(39) PSYoungGen: 3017554K(3212288K)->61330K(3218432K) Eden: 2956800K(2956800K)->0K(2956800K) From: 60754K(255488K)->61330K(261632K)
[2026-09-24T18:12:36.177+0000][129.571s][info][gc,heap        ] GC(39) ParOldGen: 3290042K(3290112K)->3311270K(3311616K)
[2026-09-24T18:12:36.177+0000][129.571s][info][gc,metaspace   ] GC(39) Metaspace: 166043K(167744K)->166043K(167744K) NonClass: 139559K(140544K)->139559K(140544K) Class: 26483K(27200K)->26483K(27200K)
[2026-09-24T18:12:36.177+0000][129.571s][info][gc             ] GC(39) Pause Young (Allocation Failure) 6159M->3293M(6377M) 116.883ms
[2026-09-24T18:12:36.177+0000][129.571s][info][gc,cpu         ] GC(39) User=0.45s Sys=0.01s Real=0.12s
[2026-09-24T18:12:36.313+0000][129.707s][info][gc,start       ] GC(40) Pause Young (CodeCache GC Threshold)
[2026-09-24T18:12:36.397+0000][129.792s][info][gc,heap        ] GC(40) PSYoungGen: 136299K(3218432K)->608K(3230208K) Eden: 74968K(2956800K)->0K(2974720K) From: 61330K(261632K)->608K(255488K)
[2026-09-24T18:12:36.398+0000][129.792s][info][gc,heap        ] GC(40) ParOldGen: 3311270K(3311616K)->3369216K(3369472K)
[2026-09-24T18:12:36.398+0000][129.792s][info][gc,metaspace   ] GC(40) Metaspace: 166044K(167744K)->166044K(167744K) NonClass: 139560K(140544K)->139560K(140544K) Class: 26483K(27200K)->26483K(27200K)
[2026-09-24T18:12:36.398+0000][129.792s][info][gc             ] GC(40) Pause Young (CodeCache GC Threshold) 3366M->3290M(6445M) 84.704ms
[2026-09-24T18:12:36.398+0000][129.792s][info][gc,cpu         ] GC(40) User=0.29s Sys=0.04s Real=0.09s
[2026-09-24T18:12:36.398+0000][129.792s][info][gc,start       ] GC(41) Pause Full (CodeCache GC Threshold)
[2026-09-24T18:12:36.398+0000][129.792s][info][gc,phases,start] GC(41) Marking Phase
[2026-09-24T18:12:37.389+0000][130.784s][info][gc,phases      ] GC(41) Marking Phase 991.320ms
[2026-09-24T18:12:37.389+0000][130.784s][info][gc,phases,start] GC(41) Summary Phase
[2026-09-24T18:12:37.389+0000][130.784s][info][gc,phases      ] GC(41) Summary Phase 0.058ms
[2026-09-24T18:12:37.389+0000][130.784s][info][gc,phases,start] GC(41) Adjust Roots
[2026-09-24T18:12:37.409+0000][130.803s][info][gc,phases      ] GC(41) Adjust Roots 19.690ms
[2026-09-24T18:12:37.409+0000][130.803s][info][gc,phases,start] GC(41) Compaction Phase
[2026-09-24T18:12:38.632+0000][132.027s][info][gc,phases      ] GC(41) Compaction Phase 1223.184ms
[2026-09-24T18:12:38.632+0000][132.027s][info][gc,phases,start] GC(41) Post Compact
[2026-09-24T18:12:38.640+0000][132.035s][info][gc,phases      ] GC(41) Post Compact 8.410ms
[2026-09-24T18:12:38.640+0000][132.035s][info][gc,heap        ] GC(41) PSYoungGen: 608K(3230208K)->0K(3230208K) Eden: 0K(2974720K)->0K(2974720K) From: 608K(255488K)->0K(255488K)
[2026-09-24T18:12:38.640+0000][132.035s][info][gc,heap        ] GC(41) ParOldGen: 3369216K(3369472K)->3214928K(3369472K)
[2026-09-24T18:12:38.640+0000][132.035s][info][gc,metaspace   ] GC(41) Metaspace: 166044K(167744K)->166044K(167744K) NonClass: 139560K(140544K)->139560K(140544K) Class: 26483K(27200K)->26483K(27200K)
[2026-09-24T18:12:38.640+0000][132.035s][info][gc             ] GC(41) Pause Full (CodeCache GC Threshold) 3290M->3139M(6445M) 2242.916ms
[2026-09-24T18:12:38.641+0000][132.035s][info][gc,cpu         ] GC(41) User=8.53s Sys=0.03s Real=2.24s
[2026-09-24T18:12:41.838+0000][135.232s][info][gc,start       ] GC(42) Pause Young (Allocation Failure)
[2026-09-24T18:12:41.941+0000][135.335s][info][gc,heap        ] GC(42) PSYoungGen: 2974720K(3230208K)->54929K(3030016K) Eden: 2974720K(2974720K)->0K(2974720K) From: 0K(255488K)->54929K(55296K)
[2026-09-24T18:12:41.941+0000][135.335s][info][gc,heap        ] GC(42) ParOldGen: 3214928K(3369472K)->3214928K(3369472K)
[2026-09-24T18:12:41.941+0000][135.335s][info][gc,metaspace   ] GC(42) Metaspace: 166077K(167744K)->166077K(167744K) NonClass: 139593K(140544K)->139593K(140544K) Class: 26483K(27200K)->26483K(27200K)
[2026-09-24T18:12:41.941+0000][135.335s][info][gc             ] GC(42) Pause Young (Allocation Failure) 6044M->3193M(6249M) 103.012ms
[2026-09-24T18:12:41.941+0000][135.335s][info][gc,cpu         ] GC(42) User=0.41s Sys=0.00s Real=0.10s
[2026-09-24T18:12:45.083+0000][138.477s][info][gc,start       ] GC(43) Pause Young (Allocation Failure)
[2026-09-24T18:12:45.191+0000][138.586s][info][gc,heap        ] GC(43) PSYoungGen: 3029649K(3030016K)->57361K(3239936K) Eden: 2974720K(2974720K)->0K(2990592K) From: 54929K(55296K)->57361K(249344K)
[2026-09-24T18:12:45.191+0000][138.586s][info][gc,heap        ] GC(43) ParOldGen: 3214928K(3369472K)->3232283K(3369472K)
[2026-09-24T18:12:45.191+0000][138.586s][info][gc,metaspace   ] GC(43) Metaspace: 166096K(167808K)->166096K(167808K) NonClass: 139611K(140608K)->139611K(140608K) Class: 26485K(27200K)->26485K(27200K)
[2026-09-24T18:12:45.191+0000][138.586s][info][gc             ] GC(43) Pause Young (Allocation Failure) 6098M->3212M(6454M) 108.294ms
[2026-09-24T18:12:45.191+0000][138.586s][info][gc,cpu         ] GC(43) User=0.43s Sys=0.00s Real=0.11s
[2026-09-24T18:12:48.416+0000][141.810s][info][gc,start       ] GC(44) Pause Young (Allocation Failure)
[2026-09-24T18:12:48.528+0000][141.922s][info][gc,heap        ] GC(44) PSYoungGen: 3047953K(3239936K)->59330K(3230208K) Eden: 2990592K(2990592K)->0K(2990592K) From: 57361K(249344K)->59330K(239616K)
[2026-09-24T18:12:48.528+0000][141.922s][info][gc,heap        ] GC(44) ParOldGen: 3232283K(3369472K)->3251821K(3369472K)
[2026-09-24T18:12:48.528+0000][141.922s][info][gc,metaspace   ] GC(44) Metaspace: 166119K(167808K)->166119K(167808K) NonClass: 139630K(140608K)->139630K(140608K) Class: 26489K(27200K)->26489K(27200K)
[2026-09-24T18:12:48.528+0000][141.922s][info][gc             ] GC(44) Pause Young (Allocation Failure) 6133M->3233M(6445M) 111.956ms
[2026-09-24T18:12:48.528+0000][141.922s][info][gc,cpu         ] GC(44) User=0.44s Sys=0.00s Real=0.12s
[2026-09-24T18:12:51.799+0000][145.194s][info][gc,start       ] GC(45) Pause Young (Allocation Failure)
[2026-09-24T18:12:51.910+0000][145.304s][info][gc,heap        ] GC(45) PSYoungGen: 3049922K(3230208K)->57026K(3245568K) Eden: 2990592K(2990592K)->0K(3015680K) From: 59330K(239616K)->57026K(229888K)
[2026-09-24T18:12:51.910+0000][145.304s][info][gc,heap        ] GC(45) ParOldGen: 3251821K(3369472K)->3272789K(3369472K)
[2026-09-24T18:12:51.910+0000][145.304s][info][gc,metaspace   ] GC(45) Metaspace: 166167K(167808K)->166167K(167808K) NonClass: 139677K(140608K)->139677K(140608K) Class: 26490K(27200K)->26490K(27200K)
[2026-09-24T18:12:51.910+0000][145.305s][info][gc             ] GC(45) Pause Young (Allocation Failure) 6154M->3251M(6460M) 110.599ms
[2026-09-24T18:12:51.910+0000][145.305s][info][gc,cpu         ] GC(45) User=0.44s Sys=0.00s Real=0.11s
[2026-09-24T18:12:55.115+0000][148.509s][info][gc,start       ] GC(46) Pause Young (Allocation Failure)
[2026-09-24T18:12:55.225+0000][148.620s][info][gc,heap        ] GC(46) PSYoungGen: 3072706K(3245568K)->59538K(3235840K) Eden: 3015680K(3015680K)->0K(3015680K) From: 57026K(229888K)->59538K(220160K)
[2026-09-24T18:12:55.225+0000][148.620s][info][gc,heap        ] GC(46) ParOldGen: 3272789K(3369472K)->3291481K(3369472K)
[2026-09-24T18:12:55.225+0000][148.620s][info][gc,metaspace   ] GC(46) Metaspace: 166184K(167872K)->166184K(167872K) NonClass: 139694K(140672K)->139694K(140672K) Class: 26490K(27200K)->26490K(27200K)
[2026-09-24T18:12:55.225+0000][148.620s][info][gc             ] GC(46) Pause Young (Allocation Failure) 6196M->3272M(6450M) 110.352ms
[2026-09-24T18:12:55.225+0000][148.620s][info][gc,cpu         ] GC(46) User=0.43s Sys=0.01s Real=0.11s
[2026-09-24T18:12:58.516+0000][151.910s][info][gc,start       ] GC(47) Pause Young (Allocation Failure)
[2026-09-24T18:12:58.648+0000][152.042s][info][gc,heap        ] GC(47) PSYoungGen: 3075218K(3235840K)->56609K(3264000K) Eden: 3015680K(3015680K)->0K(3053568K) From: 59538K(220160K)->56609K(210432K)
[2026-09-24T18:12:58.648+0000][152.042s][info][gc,heap        ] GC(47) ParOldGen: 3291481K(3369472K)->3312390K(3369472K)
[2026-09-24T18:12:58.648+0000][152.042s][info][gc,metaspace   ] GC(47) Metaspace: 166238K(167872K)->166238K(167872K) NonClass: 139740K(140672K)->139740K(140672K) Class: 26498K(27200K)->26498K(27200K)
[2026-09-24T18:12:58.648+0000][152.042s][info][gc             ] GC(47) Pause Young (Allocation Failure) 6217M->3290M(6478M) 131.648ms
[2026-09-24T18:12:58.648+0000][152.042s][info][gc,cpu         ] GC(47) User=0.47s Sys=0.03s Real=0.14s
[2026-09-24T18:13:02.074+0000][155.468s][info][gc,start       ] GC(48) Pause Young (Allocation Failure)
[2026-09-24T18:13:02.184+0000][155.578s][info][gc,heap        ] GC(48) PSYoungGen: 3110177K(3264000K)->55537K(3255296K) Eden: 3053568K(3053568K)->0K(3053568K) From: 56609K(210432K)->55537K(201728K)
[2026-09-24T18:13:02.184+0000][155.578s][info][gc,heap        ] GC(48) ParOldGen: 3312390K(3369472K)->3329785K(3369472K)
[2026-09-24T18:13:02.184+0000][155.578s][info][gc,metaspace   ] GC(48) Metaspace: 166248K(167872K)->166248K(167872K) NonClass: 139749K(140672K)->139749K(140672K) Class: 26499K(27200K)->26499K(27200K)
[2026-09-24T18:13:02.184+0000][155.578s][info][gc             ] GC(48) Pause Young (Allocation Failure) 6272M->3305M(6469M) 110.044ms
[2026-09-24T18:13:02.184+0000][155.578s][info][gc,cpu         ] GC(48) User=0.43s Sys=0.00s Real=0.11s
[2026-09-24T18:13:05.394+0000][158.788s][info][gc,start       ] GC(49) Pause Young (Allocation Failure)
[2026-09-24T18:13:05.504+0000][158.898s][info][gc,heap        ] GC(49) PSYoungGen: 3109105K(3255296K)->56497K(3283968K) Eden: 3053568K(3053568K)->0K(3090944K) From: 55537K(201728K)->56497K(193024K)
[2026-09-24T18:13:05.504+0000][158.898s][info][gc,heap        ] GC(49) ParOldGen: 3329785K(3369472K)->3347956K(3369472K)
[2026-09-24T18:13:05.504+0000][158.898s][info][gc,metaspace   ] GC(49) Metaspace: 166256K(167936K)->166256K(167936K) NonClass: 139756K(140736K)->139756K(140736K) Class: 26499K(27200K)->26499K(27200K)
[2026-09-24T18:13:05.504+0000][158.898s][info][gc             ] GC(49) Pause Young (Allocation Failure) 6287M->3324M(6497M) 110.100ms
[2026-09-24T18:13:05.504+0000][158.898s][info][gc,cpu         ] GC(49) User=0.44s Sys=0.00s Real=0.11s
[2026-09-24T18:13:08.799+0000][162.193s][info][gc,start       ] GC(50) Pause Young (Allocation Failure)
[2026-09-24T18:13:08.916+0000][162.310s][info][gc,heap        ] GC(50) PSYoungGen: 3147441K(3283968K)->56369K(3275776K) Eden: 3090944K(3090944K)->0K(3090944K) From: 56497K(193024K)->56369K(184832K)
[2026-09-24T18:13:08.916+0000][162.310s][info][gc,heap        ] GC(50) ParOldGen: 3347956K(3369472K)->3366579K(3369472K)
[2026-09-24T18:13:08.916+0000][162.310s][info][gc,metaspace   ] GC(50) Metaspace: 166262K(167936K)->166262K(167936K) NonClass: 139762K(140736K)->139762K(140736K) Class: 26499K(27200K)->26499K(27200K)
[2026-09-24T18:13:08.916+0000][162.310s][info][gc             ] GC(50) Pause Young (Allocation Failure) 6343M->3342M(6489M) 116.913ms
[2026-09-24T18:13:08.916+0000][162.310s][info][gc,cpu         ] GC(50) User=0.44s Sys=0.02s Real=0.11s
[2026-09-24T18:13:12.249+0000][165.644s][info][gc,start       ] GC(51) Pause Young (Allocation Failure)
[2026-09-24T18:13:12.367+0000][165.762s][info][gc,heap        ] GC(51) PSYoungGen: 3147313K(3275776K)->55009K(3301376K) Eden: 3090944K(3090944K)->0K(3124736K) From: 56369K(184832K)->55009K(176640K)
[2026-09-24T18:13:12.367+0000][165.762s][info][gc,heap        ] GC(51) ParOldGen: 3366579K(3369472K)->3384378K(3384832K)
[2026-09-24T18:13:12.367+0000][165.762s][info][gc,metaspace   ] GC(51) Metaspace: 166273K(167936K)->166273K(167936K) NonClass: 139773K(140736K)->139773K(140736K) Class: 26499K(27200K)->26499K(27200K)
[2026-09-24T18:13:12.367+0000][165.762s][info][gc             ] GC(51) Pause Young (Allocation Failure) 6361M->3358M(6529M) 117.822ms
[2026-09-24T18:13:12.367+0000][165.762s][info][gc,cpu         ] GC(51) User=0.45s Sys=0.01s Real=0.12s
[2026-09-24T18:13:15.714+0000][169.108s][info][gc,start       ] GC(52) Pause Young (Allocation Failure)
[2026-09-24T18:13:15.826+0000][169.220s][info][gc,heap        ] GC(52) PSYoungGen: 3179745K(3301376K)->53553K(3293696K) Eden: 3124736K(3124736K)->0K(3124736K) From: 55009K(176640K)->53553K(168960K)
[2026-09-24T18:13:15.826+0000][169.221s][info][gc,heap        ] GC(52) ParOldGen: 3384378K(3384832K)->3399900K(3400192K)
[2026-09-24T18:13:15.826+0000][169.221s][info][gc,metaspace   ] GC(52) Metaspace: 166304K(167936K)->166304K(167936K) NonClass: 139801K(140736K)->139801K(140736K) Class: 26503K(27200K)->26503K(27200K)
[2026-09-24T18:13:15.826+0000][169.221s][info][gc             ] GC(52) Pause Young (Allocation Failure) 6410M->3372M(6537M) 112.179ms
[2026-09-24T18:13:15.826+0000][169.221s][info][gc,cpu         ] GC(52) User=0.43s Sys=0.01s Real=0.11s
[2026-09-24T18:13:19.077+0000][172.472s][info][gc,start       ] GC(53) Pause Young (Allocation Failure)
[2026-09-24T18:13:19.196+0000][172.590s][info][gc,heap        ] GC(53) PSYoungGen: 3178289K(3293696K)->53777K(3318784K) Eden: 3124736K(3124736K)->0K(3156480K) From: 53553K(168960K)->53777K(162304K)
[2026-09-24T18:13:19.196+0000][172.590s][info][gc,heap        ] GC(53) ParOldGen: 3399900K(3400192K)->3415188K(3415552K)
[2026-09-24T18:13:19.196+0000][172.590s][info][gc,metaspace   ] GC(53) Metaspace: 166330K(168000K)->166330K(168000K) NonClass: 139826K(140800K)->139826K(140800K) Class: 26503K(27200K)->26503K(27200K)
[2026-09-24T18:13:19.196+0000][172.590s][info][gc             ] GC(53) Pause Young (Allocation Failure) 6424M->3387M(6576M) 118.529ms
[2026-09-24T18:13:19.196+0000][172.590s][info][gc,cpu         ] GC(53) User=0.44s Sys=0.02s Real=0.11s
[2026-09-24T18:13:22.770+0000][176.165s][info][gc,start       ] GC(54) Pause Young (Allocation Failure)
[2026-09-24T18:13:22.886+0000][176.280s][info][gc,heap        ] GC(54) PSYoungGen: 3210257K(3318784K)->56929K(3311616K) Eden: 3156480K(3156480K)->0K(3156480K) From: 53777K(162304K)->56929K(155136K)
[2026-09-24T18:13:22.886+0000][176.280s][info][gc,heap        ] GC(54) ParOldGen: 3415188K(3415552K)->3430114K(3430400K)
[2026-09-24T18:13:22.886+0000][176.280s][info][gc,metaspace   ] GC(54) Metaspace: 166374K(168064K)->166374K(168064K) NonClass: 139860K(140800K)->139860K(140800K) Class: 26514K(27264K)->26514K(27264K)
[2026-09-24T18:13:22.886+0000][176.280s][info][gc             ] GC(54) Pause Young (Allocation Failure) 6470M->3405M(6584M) 115.893ms
[2026-09-24T18:13:22.886+0000][176.281s][info][gc,cpu         ] GC(54) User=0.44s Sys=0.02s Real=0.11s
[2026-09-24T18:13:26.503+0000][179.897s][info][gc,start       ] GC(55) Pause Young (Allocation Failure)
[2026-09-24T18:13:26.616+0000][180.011s][info][gc,heap        ] GC(55) PSYoungGen: 3213409K(3311616K)->62193K(3332096K) Eden: 3156480K(3156480K)->0K(3185152K) From: 56929K(155136K)->62193K(146944K)
[2026-09-24T18:13:26.616+0000][180.011s][info][gc,heap        ] GC(55) ParOldGen: 3430114K(3430400K)->3449825K(3449856K)
[2026-09-24T18:13:26.616+0000][180.011s][info][gc,metaspace   ] GC(55) Metaspace: 166464K(168128K)->166464K(168128K) NonClass: 139935K(140864K)->139935K(140864K) Class: 26529K(27264K)->26529K(27264K)
[2026-09-24T18:13:26.616+0000][180.011s][info][gc             ] GC(55) Pause Young (Allocation Failure) 6487M->3429M(6623M) 113.895ms
[2026-09-24T18:13:26.616+0000][180.011s][info][gc,cpu         ] GC(55) User=0.44s Sys=0.01s Real=0.11s
[2026-09-24T18:13:30.004+0000][183.398s][info][gc,start       ] GC(56) Pause Young (Allocation Failure)
[2026-09-24T18:13:30.145+0000][183.540s][info][gc,heap        ] GC(56) PSYoungGen: 3247345K(3332096K)->57121K(3325952K) Eden: 3185152K(3185152K)->0K(3185152K) From: 62193K(146944K)->57121K(140800K)
[2026-09-24T18:13:30.145+0000][183.540s][info][gc,heap        ] GC(56) ParOldGen: 3449825K(3449856K)->3474312K(3474432K)
[2026-09-24T18:13:30.145+0000][183.540s][info][gc,metaspace   ] GC(56) Metaspace: 166604K(168384K)->166604K(168384K) NonClass: 140061K(141056K)->140061K(141056K) Class: 26543K(27328K)->26543K(27328K)
[2026-09-24T18:13:30.145+0000][183.540s][info][gc             ] GC(56) Pause Young (Allocation Failure) 6540M->3448M(6641M) 141.566ms
[2026-09-24T18:13:30.145+0000][183.540s][info][gc,cpu         ] GC(56) User=0.47s Sys=0.04s Real=0.14s
[2026-09-24T18:13:33.774+0000][187.168s][info][gc,start       ] GC(57) Pause Young (Allocation Failure)
[2026-09-24T18:13:33.894+0000][187.288s][info][gc,heap        ] GC(57) PSYoungGen: 3242273K(3325952K)->52225K(3346432K) Eden: 3185152K(3185152K)->0K(3211776K) From: 57121K(140800K)->52225K(134656K)
[2026-09-24T18:13:33.894+0000][187.288s][info][gc,heap        ] GC(57) ParOldGen: 3474312K(3474432K)->3494715K(3494912K)
[2026-09-24T18:13:33.894+0000][187.288s][info][gc,metaspace   ] GC(57) Metaspace: 166672K(168448K)->166672K(168448K) NonClass: 140115K(141120K)->140115K(141120K) Class: 26557K(27328K)->26557K(27328K)
[2026-09-24T18:13:33.894+0000][187.288s][info][gc             ] GC(57) Pause Young (Allocation Failure) 6559M->3463M(6681M) 119.749ms
[2026-09-24T18:13:33.894+0000][187.288s][info][gc,cpu         ] GC(57) User=0.43s Sys=0.01s Real=0.12s
[2026-09-24T18:13:37.451+0000][190.845s][info][gc,start       ] GC(58) Pause Young (Allocation Failure)
[2026-09-24T18:13:37.572+0000][190.967s][info][gc,heap        ] GC(58) PSYoungGen: 3264001K(3346432K)->57617K(3341824K) Eden: 3211776K(3211776K)->0K(3211776K) From: 52225K(134656K)->57617K(130048K)
[2026-09-24T18:13:37.572+0000][190.967s][info][gc,heap        ] GC(58) ParOldGen: 3494715K(3494912K)->3511570K(3511808K)
[2026-09-24T18:13:37.572+0000][190.967s][info][gc,metaspace   ] GC(58) Metaspace: 166697K(168448K)->166697K(168448K) NonClass: 140140K(141120K)->140140K(141120K) Class: 26557K(27328K)->26557K(27328K)
[2026-09-24T18:13:37.572+0000][190.967s][info][gc             ] GC(58) Pause Young (Allocation Failure) 6600M->3485M(6693M) 121.718ms
[2026-09-24T18:13:37.572+0000][190.967s][info][gc,cpu         ] GC(58) User=0.46s Sys=0.02s Real=0.12s
[2026-09-24T18:13:41.352+0000][194.746s][info][gc,start       ] GC(59) Pause Young (Allocation Failure)
[2026-09-24T18:13:41.469+0000][194.863s][info][gc,heap        ] GC(59) PSYoungGen: 3269393K(3341824K)->56289K(3359744K) Eden: 3211776K(3211776K)->0K(3235328K) From: 57617K(130048K)->56289K(124416K)
[2026-09-24T18:13:41.469+0000][194.863s][info][gc,heap        ] GC(59) ParOldGen: 3511570K(3511808K)->3532511K(3532800K)
[2026-09-24T18:13:41.469+0000][194.863s][info][gc,metaspace   ] GC(59) Metaspace: 166701K(168448K)->166701K(168448K) NonClass: 140143K(141120K)->140143K(141120K) Class: 26557K(27328K)->26557K(27328K)
[2026-09-24T18:13:41.469+0000][194.863s][info][gc             ] GC(59) Pause Young (Allocation Failure) 6622M->3504M(6731M) 116.930ms
[2026-09-24T18:13:41.469+0000][194.863s][info][gc,cpu         ] GC(59) User=0.44s Sys=0.01s Real=0.12s
[2026-09-24T18:13:45.329+0000][198.723s][info][gc,start       ] GC(60) Pause Young (Allocation Failure)
[2026-09-24T18:13:45.443+0000][198.837s][info][gc,heap        ] GC(60) PSYoungGen: 3291617K(3359744K)->55345K(3354624K) Eden: 3235328K(3235328K)->0K(3235328K) From: 56289K(124416K)->55345K(119296K)
[2026-09-24T18:13:45.443+0000][198.837s][info][gc,heap        ] GC(60) ParOldGen: 3532511K(3532800K)->3553238K(3553280K)
[2026-09-24T18:13:45.443+0000][198.837s][info][gc,metaspace   ] GC(60) Metaspace: 166717K(168448K)->166717K(168448K) NonClass: 140160K(141120K)->140160K(141120K) Class: 26557K(27328K)->26557K(27328K)
[2026-09-24T18:13:45.443+0000][198.837s][info][gc             ] GC(60) Pause Young (Allocation Failure) 6664M->3524M(6746M) 113.870ms
[2026-09-24T18:13:45.443+0000][198.837s][info][gc,cpu         ] GC(60) User=0.43s Sys=0.02s Real=0.11s
[2026-09-24T18:13:49.282+0000][202.676s][info][gc,start       ] GC(61) Pause Young (Allocation Failure)
[2026-09-24T18:13:49.402+0000][202.797s][info][gc,heap        ] GC(61) PSYoungGen: 3290673K(3354624K)->54497K(3370496K) Eden: 3235328K(3235328K)->0K(3255296K) From: 55345K(119296K)->54497K(115200K)
[2026-09-24T18:13:49.402+0000][202.797s][info][gc,heap        ] GC(61) ParOldGen: 3553238K(3553280K)->3572340K(3572736K)
[2026-09-24T18:13:49.402+0000][202.797s][info][gc,metaspace   ] GC(61) Metaspace: 166762K(168512K)->166762K(168512K) NonClass: 140204K(141184K)->140204K(141184K) Class: 26558K(27328K)->26558K(27328K)
[2026-09-24T18:13:49.402+0000][202.797s][info][gc             ] GC(61) Pause Young (Allocation Failure) 6683M->3541M(6780M) 120.551ms
[2026-09-24T18:13:49.402+0000][202.797s][info][gc,cpu         ] GC(61) User=0.46s Sys=0.02s Real=0.12s
[2026-09-24T18:13:53.073+0000][206.467s][info][gc,start       ] GC(62) Pause Young (Allocation Failure)
[2026-09-24T18:13:53.189+0000][206.584s][info][gc,heap        ] GC(62) PSYoungGen: 3309793K(3370496K)->55201K(3366400K) Eden: 3255296K(3255296K)->0K(3255296K) From: 54497K(115200K)->55201K(111104K)
[2026-09-24T18:13:53.189+0000][206.584s][info][gc,heap        ] GC(62) ParOldGen: 3572340K(3572736K)->3590562K(3590656K)
[2026-09-24T18:13:53.189+0000][206.584s][info][gc,metaspace   ] GC(62) Metaspace: 166788K(168512K)->166788K(168512K) NonClass: 140229K(141184K)->140229K(141184K) Class: 26558K(27328K)->26558K(27328K)
[2026-09-24T18:13:53.189+0000][206.584s][info][gc             ] GC(62) Pause Young (Allocation Failure) 6720M->3560M(6794M) 116.244ms
[2026-09-24T18:13:53.189+0000][206.584s][info][gc,cpu         ] GC(62) User=0.43s Sys=0.02s Real=0.12s
[2026-09-24T18:13:57.015+0000][210.409s][info][gc,start       ] GC(63) Pause Young (Allocation Failure)
[2026-09-24T18:13:57.133+0000][210.527s][info][gc,heap        ] GC(63) PSYoungGen: 3310497K(3366400K)->56145K(3379712K) Eden: 3255296K(3255296K)->0K(3272704K) From: 55201K(111104K)->56145K(107008K)
[2026-09-24T18:13:57.133+0000][210.527s][info][gc,heap        ] GC(63) ParOldGen: 3590562K(3590656K)->3609661K(3610112K)
[2026-09-24T18:13:57.133+0000][210.527s][info][gc,metaspace   ] GC(63) Metaspace: 166845K(168576K)->166845K(168576K) NonClass: 140285K(141248K)->140285K(141248K) Class: 26559K(27328K)->26559K(27328K)
[2026-09-24T18:13:57.133+0000][210.527s][info][gc             ] GC(63) Pause Young (Allocation Failure) 6739M->3579M(6826M) 117.914ms
[2026-09-24T18:13:57.133+0000][210.527s][info][gc,cpu         ] GC(63) User=0.44s Sys=0.01s Real=0.12s
[2026-09-24T18:14:00.953+0000][214.347s][info][gc,start       ] GC(64) Pause Young (Allocation Failure)
[2026-09-24T18:14:01.068+0000][214.463s][info][gc,heap        ] GC(64) PSYoungGen: 3328849K(3379712K)->55937K(3375616K) Eden: 3272704K(3272704K)->0K(3272704K) From: 56145K(107008K)->55937K(102912K)
[2026-09-24T18:14:01.068+0000][214.463s][info][gc,heap        ] GC(64) ParOldGen: 3609661K(3610112K)->3629754K(3630080K)
[2026-09-24T18:14:01.068+0000][214.463s][info][gc,metaspace   ] GC(64) Metaspace: 166870K(168576K)->166870K(168576K) NonClass: 140310K(141248K)->140310K(141248K) Class: 26559K(27328K)->26559K(27328K)
[2026-09-24T18:14:01.068+0000][214.463s][info][gc             ] GC(64) Pause Young (Allocation Failure) 6775M->3599M(6841M) 115.330ms
[2026-09-24T18:14:01.068+0000][214.463s][info][gc,cpu         ] GC(64) User=0.44s Sys=0.01s Real=0.12s
[2026-09-24T18:14:04.962+0000][218.356s][info][gc,start       ] GC(65) Pause Young (Allocation Failure)
[2026-09-24T18:14:05.079+0000][218.473s][info][gc,heap        ] GC(65) PSYoungGen: 3328641K(3375616K)->56385K(3387392K) Eden: 3272704K(3272704K)->0K(3288064K) From: 55937K(102912K)->56385K(99328K)
[2026-09-24T18:14:05.079+0000][218.473s][info][gc,heap        ] GC(65) ParOldGen: 3629754K(3630080K)->3649497K(3649536K)
[2026-09-24T18:14:05.079+0000][218.473s][info][gc,metaspace   ] GC(65) Metaspace: 166878K(168640K)->166878K(168640K) NonClass: 140318K(141312K)->140318K(141312K) Class: 26559K(27328K)->26559K(27328K)
[2026-09-24T18:14:05.079+0000][218.473s][info][gc             ] GC(65) Pause Young (Allocation Failure) 6795M->3619M(6872M) 117.102ms
[2026-09-24T18:14:05.079+0000][218.473s][info][gc,cpu         ] GC(65) User=0.44s Sys=0.02s Real=0.12s
[2026-09-24T18:14:09.113+0000][222.508s][info][gc,start       ] GC(66) Pause Young (Allocation Failure)
[2026-09-24T18:14:09.226+0000][222.621s][info][gc,heap        ] GC(66) PSYoungGen: 3344449K(3387392K)->54193K(3384320K) Eden: 3288064K(3288064K)->0K(3288064K) From: 56385K(99328K)->54193K(96256K)
[2026-09-24T18:14:09.226+0000][222.621s][info][gc,heap        ] GC(66) ParOldGen: 3649497K(3649536K)->3670989K(3671040K)
[2026-09-24T18:14:09.226+0000][222.621s][info][gc,metaspace   ] GC(66) Metaspace: 166885K(168640K)->166885K(168640K) NonClass: 140325K(141312K)->140325K(141312K) Class: 26559K(27328K)->26559K(27328K)
[2026-09-24T18:14:09.226+0000][222.621s][info][gc             ] GC(66) Pause Young (Allocation Failure) 6830M->3637M(6890M) 112.936ms
[2026-09-24T18:14:09.226+0000][222.621s][info][gc,cpu         ] GC(66) User=0.44s Sys=0.01s Real=0.11s
[2026-09-24T18:14:13.063+0000][226.458s][info][gc,start       ] GC(67) Pause Young (Allocation Failure)
[2026-09-24T18:14:13.178+0000][226.573s][info][gc,heap        ] GC(67) PSYoungGen: 3342257K(3384320K)->55729K(3395584K) Eden: 3288064K(3288064K)->0K(3302400K) From: 54193K(96256K)->55729K(93184K)
[2026-09-24T18:14:13.178+0000][226.573s][info][gc,heap        ] GC(67) ParOldGen: 3670989K(3671040K)->3690311K(3690496K)
[2026-09-24T18:14:13.178+0000][226.573s][info][gc,metaspace   ] GC(67) Metaspace: 166894K(168640K)->166894K(168640K) NonClass: 140334K(141312K)->140334K(141312K) Class: 26559K(27328K)->26559K(27328K)
[2026-09-24T18:14:13.178+0000][226.573s][info][gc             ] GC(67) Pause Young (Allocation Failure) 6848M->3658M(6920M) 115.039ms
[2026-09-24T18:14:13.178+0000][226.573s][info][gc,cpu         ] GC(67) User=0.44s Sys=0.01s Real=0.12s
[2026-09-24T18:14:17.050+0000][230.445s][info][gc,start       ] GC(68) Pause Young (Allocation Failure)
[2026-09-24T18:14:17.168+0000][230.563s][info][gc,heap        ] GC(68) PSYoungGen: 3358129K(3395584K)->52913K(3392512K) Eden: 3302400K(3302400K)->0K(3302400K) From: 55729K(93184K)->52913K(90112K)
[2026-09-24T18:14:17.168+0000][230.563s][info][gc,heap        ] GC(68) ParOldGen: 3690311K(3690496K)->3710870K(3710976K)
[2026-09-24T18:14:17.168+0000][230.563s][info][gc,metaspace   ] GC(68) Metaspace: 166921K(168704K)->166921K(168704K) NonClass: 140361K(141376K)->140361K(141376K) Class: 26560K(27328K)->26560K(27328K)
[2026-09-24T18:14:17.168+0000][230.563s][info][gc             ] GC(68) Pause Young (Allocation Failure) 6883M->3675M(6937M) 117.678ms
[2026-09-24T18:14:17.168+0000][230.563s][info][gc,cpu         ] GC(68) User=0.44s Sys=0.01s Real=0.12s
[2026-09-24T18:14:21.201+0000][234.595s][info][gc,start       ] GC(69) Pause Young (Allocation Failure)
[2026-09-24T18:14:21.317+0000][234.711s][info][gc,heap        ] GC(69) PSYoungGen: 3355313K(3392512K)->57538K(3401728K) Eden: 3302400K(3302400K)->0K(3314688K) From: 52913K(90112K)->57538K(87040K)
[2026-09-24T18:14:21.317+0000][234.711s][info][gc,heap        ] GC(69) ParOldGen: 3710870K(3710976K)->3728900K(3729408K)
[2026-09-24T18:14:21.317+0000][234.711s][info][gc,metaspace   ] GC(69) Metaspace: 166938K(168704K)->166938K(168704K) NonClass: 140377K(141376K)->140377K(141376K) Class: 26561K(27328K)->26561K(27328K)
[2026-09-24T18:14:21.317+0000][234.711s][info][gc             ] GC(69) Pause Young (Allocation Failure) 6900M->3697M(6964M) 116.127ms
[2026-09-24T18:14:21.317+0000][234.711s][info][gc,cpu         ] GC(69) User=0.45s Sys=0.02s Real=0.12s
[2026-09-24T18:14:25.037+0000][238.431s][info][gc,start       ] GC(70) Pause Young (Allocation Failure)
[2026-09-24T18:14:25.158+0000][238.552s][info][gc,heap        ] GC(70) PSYoungGen: 3372226K(3401728K)->55329K(3399680K) Eden: 3314688K(3314688K)->0K(3314688K) From: 57538K(87040K)->55329K(84992K)
[2026-09-24T18:14:25.158+0000][238.552s][info][gc,heap        ] GC(70) ParOldGen: 3728900K(3729408K)->3750995K(3751424K)
[2026-09-24T18:14:25.158+0000][238.552s][info][gc,metaspace   ] GC(70) Metaspace: 166945K(168704K)->166945K(168704K) NonClass: 140382K(141376K)->140382K(141376K) Class: 26562K(27328K)->26562K(27328K)
[2026-09-24T18:14:25.158+0000][238.552s][info][gc             ] GC(70) Pause Young (Allocation Failure) 6934M->3717M(6983M) 121.221ms
[2026-09-24T18:14:25.158+0000][238.552s][info][gc,cpu         ] GC(70) User=0.44s Sys=0.02s Real=0.13s
[2026-09-24T18:14:29.040+0000][242.435s][info][gc,start       ] GC(71) Pause Young (Allocation Failure)
[2026-09-24T18:14:29.152+0000][242.546s][info][gc,heap        ] GC(71) PSYoungGen: 3370017K(3399680K)->55137K(3407872K) Eden: 3314688K(3314688K)->0K(3324928K) From: 55329K(84992K)->55137K(82944K)
[2026-09-24T18:14:29.152+0000][242.546s][info][gc,heap        ] GC(71) ParOldGen: 3750995K(3751424K)->3771230K(3771392K)
[2026-09-24T18:14:29.152+0000][242.546s][info][gc,metaspace   ] GC(71) Metaspace: 167041K(168768K)->167041K(168768K) NonClass: 140478K(141440K)->140478K(141440K) Class: 26563K(27328K)->26563K(27328K)
[2026-09-24T18:14:29.152+0000][242.546s][info][gc             ] GC(71) Pause Young (Allocation Failure) 6954M->3736M(7011M) 111.590ms
[2026-09-24T18:14:29.152+0000][242.546s][info][gc,cpu         ] GC(71) User=0.43s Sys=0.01s Real=0.11s
[2026-09-24T18:14:33.107+0000][246.501s][info][gc,start       ] GC(72) Pause Young (Allocation Failure)
[2026-09-24T18:14:33.228+0000][246.622s][info][gc,heap        ] GC(72) PSYoungGen: 3380065K(3407872K)->54897K(3405824K) Eden: 3324928K(3324928K)->0K(3324928K) From: 55137K(82944K)->54897K(80896K)
[2026-09-24T18:14:33.228+0000][246.622s][info][gc,heap        ] GC(72) ParOldGen: 3771230K(3771392K)->3792035K(3792384K)
[2026-09-24T18:14:33.228+0000][246.622s][info][gc,metaspace   ] GC(72) Metaspace: 167072K(168832K)->167072K(168832K) NonClass: 140507K(141504K)->140507K(141504K) Class: 26564K(27328K)->26564K(27328K)
[2026-09-24T18:14:33.228+0000][246.622s][info][gc             ] GC(72) Pause Young (Allocation Failure) 6983M->3756M(7029M) 121.002ms
[2026-09-24T18:14:33.228+0000][246.622s][info][gc,cpu         ] GC(72) User=0.45s Sys=0.02s Real=0.12s
[2026-09-24T18:14:37.057+0000][250.451s][info][gc,start       ] GC(73) Pause Young (Allocation Failure)
[2026-09-24T18:14:37.168+0000][250.563s][info][gc,heap        ] GC(73) PSYoungGen: 3379825K(3405824K)->53169K(3411456K) Eden: 3324928K(3324928K)->0K(3332608K) From: 54897K(80896K)->53169K(78848K)
[2026-09-24T18:14:37.168+0000][250.563s][info][gc,heap        ] GC(73) ParOldGen: 3792035K(3792384K)->3811738K(3811840K)
[2026-09-24T18:14:37.168+0000][250.563s][info][gc,metaspace   ] GC(73) Metaspace: 167096K(168832K)->167096K(168832K) NonClass: 140531K(141504K)->140531K(141504K) Class: 26564K(27328K)->26564K(27328K)
[2026-09-24T18:14:37.168+0000][250.563s][info][gc             ] GC(73) Pause Young (Allocation Failure) 7003M->3774M(7054M) 111.568ms
[2026-09-24T18:14:37.168+0000][250.563s][info][gc,cpu         ] GC(73) User=0.42s Sys=0.01s Real=0.11s
[2026-09-24T18:14:41.191+0000][254.585s][info][gc,start       ] GC(74) Pause Young (Allocation Failure)
[2026-09-24T18:14:41.301+0000][254.696s][info][gc,heap        ] GC(74) PSYoungGen: 3385777K(3411456K)->56337K(3409920K) Eden: 3332608K(3332608K)->0K(3332608K) From: 53169K(78848K)->56337K(77312K)
[2026-09-24T18:14:41.301+0000][254.696s][info][gc,heap        ] GC(74) ParOldGen: 3811738K(3811840K)->3829965K(3830272K)
[2026-09-24T18:14:41.301+0000][254.696s][info][gc,metaspace   ] GC(74) Metaspace: 167111K(168832K)->167111K(168832K) NonClass: 140546K(141504K)->140546K(141504K) Class: 26564K(27328K)->26564K(27328K)
[2026-09-24T18:14:41.301+0000][254.696s][info][gc             ] GC(74) Pause Young (Allocation Failure) 7028M->3795M(7070M) 110.597ms
[2026-09-24T18:14:41.301+0000][254.696s][info][gc,cpu         ] GC(74) User=0.43s Sys=0.01s Real=0.11s
[2026-09-24T18:14:45.657+0000][259.051s][info][gc,start       ] GC(75) Pause Young (Allocation Failure)
[2026-09-24T18:14:45.775+0000][259.170s][info][gc,heap        ] GC(75) PSYoungGen: 3388945K(3409920K)->60609K(3414016K) Eden: 3332608K(3332608K)->0K(3338752K) From: 56337K(77312K)->60609K(75264K)
[2026-09-24T18:14:45.775+0000][259.170s][info][gc,heap        ] GC(75) ParOldGen: 3829965K(3830272K)->3851271K(3851776K)
[2026-09-24T18:14:45.775+0000][259.170s][info][gc,metaspace   ] GC(75) Metaspace: 167126K(168896K)->167126K(168896K) NonClass: 140561K(141568K)->140561K(141568K) Class: 26564K(27328K)->26564K(27328K)
[2026-09-24T18:14:45.775+0000][259.170s][info][gc             ] GC(75) Pause Young (Allocation Failure) 7049M->3820M(7095M) 118.452ms
[2026-09-24T18:14:45.775+0000][259.170s][info][gc,cpu         ] GC(75) User=0.45s Sys=0.02s Real=0.12s
[2026-09-24T18:14:49.995+0000][263.389s][info][gc,start       ] GC(76) Pause Young (Allocation Failure)
[2026-09-24T18:14:50.118+0000][263.513s][info][gc,heap        ] GC(76) PSYoungGen: 3399361K(3414016K)->55568K(3414016K) Eden: 3338752K(3338752K)->0K(3338752K) From: 60609K(75264K)->55568K(75264K)
[2026-09-24T18:14:50.118+0000][263.513s][info][gc,heap        ] GC(76) ParOldGen: 3851271K(3851776K)->3877026K(3877376K)
[2026-09-24T18:14:50.118+0000][263.513s][info][gc,metaspace   ] GC(76) Metaspace: 167264K(169024K)->167264K(169024K) NonClass: 140682K(141696K)->140682K(141696K) Class: 26582K(27328K)->26582K(27328K)
[2026-09-24T18:14:50.118+0000][263.513s][info][gc             ] GC(76) Pause Young (Allocation Failure) 7080M->3840M(7120M) 123.789ms
[2026-09-24T18:14:50.118+0000][263.513s][info][gc,cpu         ] GC(76) User=0.45s Sys=0.02s Real=0.13s
[2026-09-24T18:14:54.489+0000][267.883s][info][gc,start       ] GC(77) Pause Young (Allocation Failure)
[2026-09-24T18:14:54.611+0000][268.005s][info][gc,heap        ] GC(77) PSYoungGen: 3394320K(3414016K)->58673K(3418624K) Eden: 3338752K(3338752K)->0K(3345408K) From: 55568K(75264K)->58673K(73216K)
[2026-09-24T18:14:54.611+0000][268.006s][info][gc,heap        ] GC(77) ParOldGen: 3877026K(3877376K)->3898151K(3898368K)
[2026-09-24T18:14:54.611+0000][268.006s][info][gc,metaspace   ] GC(77) Metaspace: 167271K(169024K)->167271K(169024K) NonClass: 140689K(141696K)->140689K(141696K) Class: 26582K(27328K)->26582K(27328K)
[2026-09-24T18:14:54.611+0000][268.006s][info][gc             ] GC(77) Pause Young (Allocation Failure) 7100M->3864M(7145M) 122.417ms
[2026-09-24T18:14:54.611+0000][268.006s][info][gc,cpu         ] GC(77) User=0.46s Sys=0.02s Real=0.12s
[2026-09-24T18:14:58.818+0000][272.213s][info][gc,start       ] GC(78) Pause Young (Allocation Failure)
[2026-09-24T18:14:58.936+0000][272.331s][info][gc,heap        ] GC(78) PSYoungGen: 3404081K(3418624K)->56593K(3418112K) Eden: 3345408K(3345408K)->0K(3345408K) From: 58673K(73216K)->56593K(72704K)
[2026-09-24T18:14:58.936+0000][272.331s][info][gc,heap        ] GC(78) ParOldGen: 3898151K(3898368K)->3921941K(3922432K)
[2026-09-24T18:14:58.936+0000][272.331s][info][gc,metaspace   ] GC(78) Metaspace: 167308K(169024K)->167308K(169024K) NonClass: 140725K(141696K)->140725K(141696K) Class: 26582K(27328K)->26582K(27328K)
[2026-09-24T18:14:58.936+0000][272.331s][info][gc             ] GC(78) Pause Young (Allocation Failure) 7131M->3885M(7168M) 117.768ms
[2026-09-24T18:14:58.936+0000][272.331s][info][gc,cpu         ] GC(78) User=0.45s Sys=0.02s Real=0.11s
[2026-09-24T18:15:03.318+0000][276.713s][info][gc,start       ] GC(79) Pause Young (Allocation Failure)
[2026-09-24T18:15:03.434+0000][276.828s][info][gc,heap        ] GC(79) PSYoungGen: 3402001K(3418112K)->54961K(3421184K) Eden: 3345408K(3345408K)->0K(3350016K) From: 56593K(72704K)->54961K(71168K)
[2026-09-24T18:15:03.434+0000][276.828s][info][gc,heap        ] GC(79) ParOldGen: 3921941K(3922432K)->3943680K(3943936K)
[2026-09-24T18:15:03.434+0000][276.828s][info][gc,metaspace   ] GC(79) Metaspace: 167332K(169088K)->167332K(169088K) NonClass: 140748K(141760K)->140748K(141760K) Class: 26583K(27328K)->26583K(27328K)
[2026-09-24T18:15:03.434+0000][276.828s][info][gc             ] GC(79) Pause Young (Allocation Failure) 7152M->3904M(7192M) 115.689ms
[2026-09-24T18:15:03.434+0000][276.828s][info][gc,cpu         ] GC(79) User=0.46s Sys=0.01s Real=0.11s
[2026-09-24T18:15:07.912+0000][281.306s][info][gc,start       ] GC(80) Pause Young (Allocation Failure)
[2026-09-24T18:15:08.034+0000][281.429s][info][gc,heap        ] GC(80) PSYoungGen: 3404977K(3421184K)->61634K(3420160K) Eden: 3350016K(3350016K)->0K(3350016K) From: 54961K(71168K)->61634K(70144K)
[2026-09-24T18:15:08.034+0000][281.429s][info][gc,heap        ] GC(80) ParOldGen: 3943680K(3943936K)->3964404K(3964416K)
[2026-09-24T18:15:08.034+0000][281.429s][info][gc,metaspace   ] GC(80) Metaspace: 167364K(169088K)->167364K(169088K) NonClass: 140780K(141760K)->140780K(141760K) Class: 26583K(27328K)->26583K(27328K)
[2026-09-24T18:15:08.034+0000][281.429s][info][gc             ] GC(80) Pause Young (Allocation Failure) 7176M->3931M(7211M) 122.684ms
[2026-09-24T18:15:08.034+0000][281.429s][info][gc,cpu         ] GC(80) User=0.47s Sys=0.01s Real=0.12s
[2026-09-24T18:15:12.436+0000][285.830s][info][gc,start       ] GC(81) Pause Young (Allocation Failure)
[2026-09-24T18:15:12.554+0000][285.948s][info][gc,heap        ] GC(81) PSYoungGen: 3411650K(3420160K)->52961K(3424256K) Eden: 3350016K(3350016K)->0K(3354112K) From: 61634K(70144K)->52961K(70144K)
[2026-09-24T18:15:12.554+0000][285.948s][info][gc,heap        ] GC(81) ParOldGen: 3964404K(3964416K)->3991076K(3991552K)
[2026-09-24T18:15:12.554+0000][285.948s][info][gc,metaspace   ] GC(81) Metaspace: 167379K(169088K)->167379K(169088K) NonClass: 140796K(141760K)->140796K(141760K) Class: 26583K(27328K)->26583K(27328K)
[2026-09-24T18:15:12.554+0000][285.948s][info][gc             ] GC(81) Pause Young (Allocation Failure) 7203M->3949M(7242M) 117.991ms
[2026-09-24T18:15:12.554+0000][285.948s][info][gc,cpu         ] GC(81) User=0.46s Sys=0.01s Real=0.12s
[2026-09-24T18:15:17.002+0000][290.397s][info][gc,start       ] GC(82) Pause Young (Allocation Failure)
[2026-09-24T18:15:17.124+0000][290.519s][info][gc,heap        ] GC(82) PSYoungGen: 3407073K(3424256K)->55377K(3409920K) Eden: 3354112K(3354112K)->0K(3354112K) From: 52961K(70144K)->55377K(55808K)
[2026-09-24T18:15:17.124+0000][290.519s][info][gc,heap        ] GC(82) ParOldGen: 3991076K(3991552K)->4009590K(4009984K)
[2026-09-24T18:15:17.124+0000][290.519s][info][gc,metaspace   ] GC(82) Metaspace: 167415K(169216K)->167415K(169216K) NonClass: 140826K(141824K)->140826K(141824K) Class: 26589K(27392K)->26589K(27392K)
[2026-09-24T18:15:17.124+0000][290.519s][info][gc             ] GC(82) Pause Young (Allocation Failure) 7224M->3969M(7246M) 122.307ms
[2026-09-24T18:15:17.124+0000][290.519s][info][gc,cpu         ] GC(82) User=0.46s Sys=0.01s Real=0.12s
[2026-09-24T18:15:21.457+0000][294.851s][info][gc,start       ] GC(83) Pause Young (Allocation Failure)
[2026-09-24T18:15:21.574+0000][294.968s][info][gc,heap        ] GC(83) PSYoungGen: 3409489K(3409920K)->52369K(3424256K) Eden: 3354112K(3354112K)->0K(3355136K) From: 55377K(55808K)->52369K(69120K)
[2026-09-24T18:15:21.574+0000][294.968s][info][gc,heap        ] GC(83) ParOldGen: 4009590K(4009984K)->4030225K(4030464K)
[2026-09-24T18:15:21.574+0000][294.968s][info][gc,metaspace   ] GC(83) Metaspace: 167420K(169216K)->167420K(169216K) NonClass: 140831K(141824K)->140831K(141824K) Class: 26589K(27392K)->26589K(27392K)
[2026-09-24T18:15:21.574+0000][294.968s][info][gc             ] GC(83) Pause Young (Allocation Failure) 7245M->3986M(7280M) 116.911ms
[2026-09-24T18:15:21.574+0000][294.968s][info][gc,cpu         ] GC(83) User=0.44s Sys=0.02s Real=0.11s
[2026-09-24T18:15:26.432+0000][299.827s][info][gc,start       ] GC(84) Pause Young (Allocation Failure)
[2026-09-24T18:15:26.551+0000][299.945s][info][gc,heap        ] GC(84) PSYoungGen: 3407505K(3424256K)->57824K(3423744K) Eden: 3355136K(3355136K)->0K(3355136K) From: 52369K(69120K)->57824K(68608K)
[2026-09-24T18:15:26.551+0000][299.945s][info][gc,heap        ] GC(84) ParOldGen: 4030225K(4030464K)->4048207K(4048384K)
[2026-09-24T18:15:26.551+0000][299.945s][info][gc,metaspace   ] GC(84) Metaspace: 167458K(169216K)->167458K(169216K) NonClass: 140867K(141824K)->140867K(141824K) Class: 26591K(27392K)->26591K(27392K)
[2026-09-24T18:15:26.551+0000][299.945s][info][gc             ] GC(84) Pause Young (Allocation Failure) 7263M->4009M(7297M) 118.916ms
[2026-09-24T18:15:26.551+0000][299.946s][info][gc,cpu         ] GC(84) User=0.46s Sys=0.01s Real=0.12s
[2026-09-24T18:15:31.195+0000][304.590s][info][gc,start       ] GC(85) Pause Young (Allocation Failure)
[2026-09-24T18:15:31.318+0000][304.713s][info][gc,heap        ] GC(85) PSYoungGen: 3412960K(3423744K)->52000K(3425792K) Eden: 3355136K(3355136K)->0K(3357696K) From: 57824K(68608K)->52000K(68096K)
[2026-09-24T18:15:31.318+0000][304.713s][info][gc,heap        ] GC(85) ParOldGen: 4048207K(4048384K)->4071379K(4071424K)
[2026-09-24T18:15:31.318+0000][304.713s][info][gc,metaspace   ] GC(85) Metaspace: 167473K(169216K)->167473K(169216K) NonClass: 140880K(141824K)->140880K(141824K) Class: 26592K(27392K)->26592K(27392K)
[2026-09-24T18:15:31.318+0000][304.713s][info][gc             ] GC(85) Pause Young (Allocation Failure) 7286M->4026M(7321M) 122.968ms
[2026-09-24T18:15:31.318+0000][304.713s][info][gc,cpu         ] GC(85) User=0.46s Sys=0.02s Real=0.13s
[2026-09-24T18:15:35.838+0000][309.232s][info][gc,start       ] GC(86) Pause Young (Allocation Failure)
[2026-09-24T18:15:35.955+0000][309.349s][info][gc,heap        ] GC(86) PSYoungGen: 3409696K(3425792K)->54497K(3425280K) Eden: 3357696K(3357696K)->0K(3357696K) From: 52000K(68096K)->54497K(67584K)
[2026-09-24T18:15:35.955+0000][309.349s][info][gc,heap        ] GC(86) ParOldGen: 4071379K(4071424K)->4089328K(4089344K)
[2026-09-24T18:15:35.955+0000][309.349s][info][gc,metaspace   ] GC(86) Metaspace: 167511K(169280K)->167511K(169280K) NonClass: 140909K(141888K)->140909K(141888K) Class: 26601K(27392K)->26601K(27392K)
[2026-09-24T18:15:35.955+0000][309.349s][info][gc             ] GC(86) Pause Young (Allocation Failure) 7305M->4046M(7338M) 116.954ms
[2026-09-24T18:15:35.955+0000][309.349s][info][gc,cpu         ] GC(86) User=0.45s Sys=0.01s Real=0.11s
[2026-09-24T18:15:40.618+0000][314.012s][info][gc,start       ] GC(87) Pause Young (Allocation Failure)
[2026-09-24T18:15:40.732+0000][314.126s][info][gc,heap        ] GC(87) PSYoungGen: 3412193K(3425280K)->50689K(3425792K) Eden: 3357696K(3357696K)->0K(3359232K) From: 54497K(67584K)->50689K(66560K)
[2026-09-24T18:15:40.732+0000][314.126s][info][gc,heap        ] GC(87) ParOldGen: 4089328K(4089344K)->4109661K(4109824K)
[2026-09-24T18:15:40.732+0000][314.126s][info][gc,metaspace   ] GC(87) Metaspace: 167522K(169280K)->167522K(169280K) NonClass: 140921K(141888K)->140921K(141888K) Class: 26601K(27392K)->26601K(27392K)
[2026-09-24T18:15:40.732+0000][314.126s][info][gc             ] GC(87) Pause Young (Allocation Failure) 7325M->4062M(7359M) 113.969ms
[2026-09-24T18:15:40.732+0000][314.126s][info][gc,cpu         ] GC(87) User=0.44s Sys=0.02s Real=0.11s
[2026-09-24T18:15:44.205+0000][317.599s][info][gc,start       ] GC(88) Pause Young (CodeCache GC Threshold)
[2026-09-24T18:15:44.313+0000][317.708s][info][gc,heap        ] GC(88) PSYoungGen: 2595488K(3425792K)->48992K(3425792K) Eden: 2544799K(3359232K)->0K(3359232K) From: 50689K(66560K)->48992K(66560K)
[2026-09-24T18:15:44.313+0000][317.708s][info][gc,heap        ] GC(88) ParOldGen: 4109661K(4109824K)->4126566K(4126720K)
[2026-09-24T18:15:44.313+0000][317.708s][info][gc,metaspace   ] GC(88) Metaspace: 167543K(169280K)->167543K(169280K) NonClass: 140941K(141888K)->140941K(141888K) Class: 26601K(27392K)->26601K(27392K)
[2026-09-24T18:15:44.313+0000][317.708s][info][gc             ] GC(88) Pause Young (CodeCache GC Threshold) 6547M->4077M(7375M) 108.729ms
[2026-09-24T18:15:44.314+0000][317.708s][info][gc,cpu         ] GC(88) User=0.41s Sys=0.01s Real=0.11s
[2026-09-24T18:15:44.314+0000][317.708s][info][gc,start       ] GC(89) Pause Full (CodeCache GC Threshold)
[2026-09-24T18:15:44.314+0000][317.708s][info][gc,phases,start] GC(89) Marking Phase
[2026-09-24T18:15:45.402+0000][318.796s][info][gc,phases      ] GC(89) Marking Phase 1088.368ms
[2026-09-24T18:15:45.402+0000][318.796s][info][gc,phases,start] GC(89) Summary Phase
[2026-09-24T18:15:45.402+0000][318.797s][info][gc,phases      ] GC(89) Summary Phase 0.085ms
[2026-09-24T18:15:45.402+0000][318.797s][info][gc,phases,start] GC(89) Adjust Roots
[2026-09-24T18:15:45.421+0000][318.816s][info][gc,phases      ] GC(89) Adjust Roots 19.344ms
[2026-09-24T18:15:45.421+0000][318.816s][info][gc,phases,start] GC(89) Compaction Phase
[2026-09-24T18:15:46.731+0000][320.126s][info][gc,phases      ] GC(89) Compaction Phase 1309.952ms
[2026-09-24T18:15:46.731+0000][320.126s][info][gc,phases,start] GC(89) Post Compact
[2026-09-24T18:15:46.737+0000][320.132s][info][gc,phases      ] GC(89) Post Compact 5.858ms
[2026-09-24T18:15:46.737+0000][320.132s][info][gc,heap        ] GC(89) PSYoungGen: 48992K(3425792K)->0K(3425792K) Eden: 0K(3359232K)->0K(3359232K) From: 48992K(66560K)->0K(66560K)
[2026-09-24T18:15:46.737+0000][320.132s][info][gc,heap        ] GC(89) ParOldGen: 4126566K(4126720K)->3503519K(4126720K)
[2026-09-24T18:15:46.737+0000][320.132s][info][gc,metaspace   ] GC(89) Metaspace: 167543K(169280K)->167543K(169280K) NonClass: 140941K(141888K)->140941K(141888K) Class: 26601K(27392K)->26601K(27392K)
[2026-09-24T18:15:46.737+0000][320.132s][info][gc             ] GC(89) Pause Full (CodeCache GC Threshold) 4077M->3421M(7375M) 2423.835ms
[2026-09-24T18:15:46.737+0000][320.132s][info][gc,cpu         ] GC(89) User=9.28s Sys=0.07s Real=2.43s
[2026-09-24T18:15:51.562+0000][324.956s][info][gc,start       ] GC(90) Pause Young (Allocation Failure)
[2026-09-24T18:15:51.669+0000][325.064s][info][gc,heap        ] GC(90) PSYoungGen: 3359232K(3425792K)->60288K(3426304K) Eden: 3359232K(3359232K)->0K(3359744K) From: 0K(66560K)->60288K(66560K)
[2026-09-24T18:15:51.669+0000][325.064s][info][gc,heap        ] GC(90) ParOldGen: 3503519K(4126720K)->3503527K(4126720K)
[2026-09-24T18:15:51.669+0000][325.064s][info][gc,metaspace   ] GC(90) Metaspace: 167561K(169344K)->167561K(169344K) NonClass: 140960K(141952K)->140960K(141952K) Class: 26601K(27392K)->26601K(27392K)
[2026-09-24T18:15:51.669+0000][325.064s][info][gc             ] GC(90) Pause Young (Allocation Failure) 6701M->3480M(7376M) 107.308ms
[2026-09-24T18:15:51.669+0000][325.064s][info][gc,cpu         ] GC(90) User=0.42s Sys=0.01s Real=0.11s
[2026-09-24T18:15:56.357+0000][329.752s][info][gc,start       ] GC(91) Pause Young (Allocation Failure)
[2026-09-24T18:15:56.469+0000][329.863s][info][gc,heap        ] GC(91) PSYoungGen: 3420032K(3426304K)->55440K(3415552K) Eden: 3359744K(3359744K)->0K(3359744K) From: 60288K(66560K)->55440K(55808K)
[2026-09-24T18:15:56.469+0000][329.863s][info][gc,heap        ] GC(91) ParOldGen: 3503527K(4126720K)->3529860K(4126720K)
[2026-09-24T18:15:56.469+0000][329.863s][info][gc,metaspace   ] GC(91) Metaspace: 167582K(169344K)->167582K(169344K) NonClass: 140975K(141952K)->140975K(141952K) Class: 26607K(27392K)->26607K(27392K)
[2026-09-24T18:15:56.469+0000][329.864s][info][gc             ] GC(91) Pause Young (Allocation Failure) 6761M->3501M(7365M) 111.798ms
[2026-09-24T18:15:56.469+0000][329.864s][info][gc,cpu         ] GC(91) User=0.45s Sys=0.00s Real=0.11s
[2026-09-24T18:16:01.238+0000][334.632s][info][gc,start       ] GC(92) Pause Young (Allocation Failure)
[2026-09-24T18:16:01.350+0000][334.744s][info][gc,heap        ] GC(92) PSYoungGen: 3415184K(3415552K)->60145K(3425792K) Eden: 3359744K(3359744K)->0K(3359744K) From: 55440K(55808K)->60145K(66048K)
[2026-09-24T18:16:01.350+0000][334.744s][info][gc,heap        ] GC(92) ParOldGen: 3529860K(4126720K)->3551496K(4126720K)
[2026-09-24T18:16:01.350+0000][334.744s][info][gc,metaspace   ] GC(92) Metaspace: 167602K(169344K)->167602K(169344K) NonClass: 140995K(141952K)->140995K(141952K) Class: 26607K(27392K)->26607K(27392K)
[2026-09-24T18:16:01.350+0000][334.744s][info][gc             ] GC(92) Pause Young (Allocation Failure) 6782M->3526M(7375M) 112.444ms
[2026-09-24T18:16:01.350+0000][334.744s][info][gc,cpu         ] GC(92) User=0.44s Sys=0.00s Real=0.11s
[2026-09-24T18:16:06.166+0000][339.561s][info][gc,start       ] GC(93) Pause Young (Allocation Failure)
[2026-09-24T18:16:06.274+0000][339.668s][info][gc,heap        ] GC(93) PSYoungGen: 3419889K(3425792K)->53264K(3426816K) Eden: 3359744K(3359744K)->0K(3359744K) From: 60145K(66048K)->53264K(67072K)
[2026-09-24T18:16:06.274+0000][339.668s][info][gc,heap        ] GC(93) ParOldGen: 3551496K(4126720K)->3576970K(4126720K)
[2026-09-24T18:16:06.274+0000][339.668s][info][gc,metaspace   ] GC(93) Metaspace: 167625K(169344K)->167625K(169344K) NonClass: 141017K(141952K)->141017K(141952K) Class: 26607K(27392K)->26607K(27392K)
[2026-09-24T18:16:06.274+0000][339.668s][info][gc             ] GC(93) Pause Young (Allocation Failure) 6807M->3545M(7376M) 107.553ms
[2026-09-24T18:16:06.274+0000][339.668s][info][gc,cpu         ] GC(93) User=0.43s Sys=0.00s Real=0.11s
[2026-09-24T18:16:11.097+0000][344.491s][info][gc,start       ] GC(94) Pause Young (Allocation Failure)
[2026-09-24T18:16:11.207+0000][344.602s][info][gc,heap        ] GC(94) PSYoungGen: 3413008K(3426816K)->54368K(3425280K) Eden: 3359744K(3359744K)->0K(3361280K) From: 53264K(67072K)->54368K(64000K)
[2026-09-24T18:16:11.207+0000][344.602s][info][gc,heap        ] GC(94) ParOldGen: 3576970K(4126720K)->3596695K(4126720K)
[2026-09-24T18:16:11.207+0000][344.602s][info][gc,metaspace   ] GC(94) Metaspace: 167643K(169408K)->167643K(169408K) NonClass: 141036K(142016K)->141036K(142016K) Class: 26607K(27392K)->26607K(27392K)
[2026-09-24T18:16:11.207+0000][344.602s][info][gc             ] GC(94) Pause Young (Allocation Failure) 6826M->3565M(7375M) 110.549ms
[2026-09-24T18:16:11.207+0000][344.602s][info][gc,cpu         ] GC(94) User=0.44s Sys=0.00s Real=0.12s
[2026-09-24T18:16:16.130+0000][349.524s][info][gc,start       ] GC(95) Pause Young (Allocation Failure)
[2026-09-24T18:16:16.241+0000][349.636s][info][gc,heap        ] GC(95) PSYoungGen: 3415648K(3425280K)->56849K(3426816K) Eden: 3361280K(3361280K)->0K(3361280K) From: 54368K(64000K)->56849K(65536K)
[2026-09-24T18:16:16.242+0000][349.636s][info][gc,heap        ] GC(95) ParOldGen: 3596695K(4126720K)->3614963K(4126720K)
[2026-09-24T18:16:16.242+0000][349.636s][info][gc,metaspace   ] GC(95) Metaspace: 167648K(169472K)->167648K(169472K) NonClass: 141041K(142080K)->141041K(142080K) Class: 26607K(27392K)->26607K(27392K)
[2026-09-24T18:16:16.242+0000][349.636s][info][gc             ] GC(95) Pause Young (Allocation Failure) 6847M->3585M(7376M) 111.699ms
[2026-09-24T18:16:16.242+0000][349.636s][info][gc,cpu         ] GC(95) User=0.44s Sys=0.00s Real=0.11s
[2026-09-24T18:16:21.355+0000][354.749s][info][gc,start       ] GC(96) Pause Young (Allocation Failure)
[2026-09-24T18:16:21.465+0000][354.859s][info][gc,heap        ] GC(96) PSYoungGen: 3418129K(3426816K)->55297K(3426816K) Eden: 3361280K(3361280K)->0K(3364352K) From: 56849K(65536K)->55297K(62464K)
[2026-09-24T18:16:21.465+0000][354.859s][info][gc,heap        ] GC(96) ParOldGen: 3614963K(4126720K)->3636748K(4126720K)
[2026-09-24T18:16:21.465+0000][354.859s][info][gc,metaspace   ] GC(96) Metaspace: 167650K(169472K)->167650K(169472K) NonClass: 141043K(142080K)->141043K(142080K) Class: 26607K(27392K)->26607K(27392K)
[2026-09-24T18:16:21.465+0000][354.859s][info][gc             ] GC(96) Pause Young (Allocation Failure) 6868M->3605M(7376M) 110.112ms
[2026-09-24T18:16:21.465+0000][354.859s][info][gc,cpu         ] GC(96) User=0.43s Sys=0.00s Real=0.11s
[2026-09-24T18:16:26.501+0000][359.895s][info][gc,start       ] GC(97) Pause Young (Allocation Failure)
[2026-09-24T18:16:26.614+0000][360.008s][info][gc,heap        ] GC(97) PSYoungGen: 3419649K(3426816K)->57104K(3428352K) Eden: 3364352K(3364352K)->0K(3364352K) From: 55297K(62464K)->57104K(64000K)
[2026-09-24T18:16:26.614+0000][360.008s][info][gc,heap        ] GC(97) ParOldGen: 3636748K(4126720K)->3657274K(4126720K)
[2026-09-24T18:16:26.614+0000][360.009s][info][gc,metaspace   ] GC(97) Metaspace: 167687K(169472K)->167687K(169472K) NonClass: 141080K(142080K)->141080K(142080K) Class: 26607K(27392K)->26607K(27392K)
[2026-09-24T18:16:26.614+0000][360.009s][info][gc             ] GC(97) Pause Young (Allocation Failure) 6891M->3627M(7378M) 113.130ms
[2026-09-24T18:16:26.614+0000][360.009s][info][gc,cpu         ] GC(97) User=0.44s Sys=0.00s Real=0.11s
[2026-09-24T18:16:31.931+0000][365.325s][info][gc,start       ] GC(98) Pause Young (Allocation Failure)
[2026-09-24T18:16:32.041+0000][365.435s][info][gc,heap        ] GC(98) PSYoungGen: 3421456K(3428352K)->51809K(3430912K) Eden: 3364352K(3364352K)->0K(3366912K) From: 57104K(64000K)->51809K(64000K)
[2026-09-24T18:16:32.041+0000][365.435s][info][gc,heap        ] GC(98) ParOldGen: 3657274K(4126720K)->3679871K(4126720K)
[2026-09-24T18:16:32.041+0000][365.435s][info][gc,metaspace   ] GC(98) Metaspace: 167696K(169472K)->167696K(169472K) NonClass: 141089K(142080K)->141089K(142080K) Class: 26607K(27392K)->26607K(27392K)
[2026-09-24T18:16:32.041+0000][365.435s][info][gc             ] GC(98) Pause Young (Allocation Failure) 6912M->3644M(7380M) 109.984ms
[2026-09-24T18:16:32.041+0000][365.435s][info][gc,cpu         ] GC(98) User=0.44s Sys=0.00s Real=0.11s
[2026-09-24T18:16:37.349+0000][370.744s][info][gc,start       ] GC(99) Pause Young (Allocation Failure)
[2026-09-24T18:16:37.459+0000][370.854s][info][gc,heap        ] GC(99) PSYoungGen: 3418721K(3430912K)->50784K(3418112K) Eden: 3366912K(3366912K)->0K(3366912K) From: 51809K(64000K)->50784K(51200K)
[2026-09-24T18:16:37.459+0000][370.854s][info][gc,heap        ] GC(99) ParOldGen: 3679871K(4126720K)->3697017K(4126720K)
[2026-09-24T18:16:37.459+0000][370.854s][info][gc,metaspace   ] GC(99) Metaspace: 167707K(169536K)->167707K(169536K) NonClass: 141100K(142144K)->141100K(142144K) Class: 26607K(27392K)->26607K(27392K)
[2026-09-24T18:16:37.459+0000][370.854s][info][gc             ] GC(99) Pause Young (Allocation Failure) 6932M->3659M(7368M) 110.210ms
[2026-09-24T18:16:37.460+0000][370.854s][info][gc,cpu         ] GC(99) User=0.43s Sys=0.00s Real=0.11s
[2026-09-24T18:16:43.074+0000][376.468s][info][gc,start       ] GC(100) Pause Young (Allocation Failure)
[2026-09-24T18:16:43.210+0000][376.605s][info][gc,heap        ] GC(100) PSYoungGen: 3417696K(3418112K)->51921K(3430400K) Eden: 3366912K(3366912K)->0K(3366912K) From: 50784K(51200K)->51921K(63488K)
[2026-09-24T18:16:43.210+0000][376.605s][info][gc,heap        ] GC(100) ParOldGen: 3697017K(4126720K)->3711929K(4126720K)
[2026-09-24T18:16:43.210+0000][376.605s][info][gc,metaspace   ] GC(100) Metaspace: 167712K(169536K)->167712K(169536K) NonClass: 141105K(142144K)->141105K(142144K) Class: 26607K(27392K)->26607K(27392K)
[2026-09-24T18:16:43.210+0000][376.605s][info][gc             ] GC(100) Pause Young (Allocation Failure) 6947M->3675M(7380M) 136.195ms
[2026-09-24T18:16:43.210+0000][376.605s][info][gc,cpu         ] GC(100) User=0.53s Sys=0.01s Real=0.14s
[2026-09-24T18:16:48.598+0000][381.992s][info][gc,start       ] GC(101) Pause Young (Allocation Failure)
[2026-09-24T18:16:48.707+0000][382.102s][info][gc,heap        ] GC(101) PSYoungGen: 3418833K(3430400K)->56193K(3430400K) Eden: 3366912K(3366912K)->0K(3366912K) From: 51921K(63488K)->56193K(63488K)
[2026-09-24T18:16:48.707+0000][382.102s][info][gc,heap        ] GC(101) ParOldGen: 3711929K(4126720K)->3729509K(4126720K)
[2026-09-24T18:16:48.707+0000][382.102s][info][gc,metaspace   ] GC(101) Metaspace: 167721K(169536K)->167721K(169536K) NonClass: 141113K(142144K)->141113K(142144K) Class: 26607K(27392K)->26607K(27392K)
[2026-09-24T18:16:48.707+0000][382.102s][info][gc             ] GC(101) Pause Young (Allocation Failure) 6963M->3696M(7380M) 109.491ms
[2026-09-24T18:16:48.707+0000][382.102s][info][gc,cpu         ] GC(101) User=0.43s Sys=0.00s Real=0.11s
[2026-09-24T18:16:54.269+0000][387.664s][info][gc,start       ] GC(102) Pause Young (Allocation Failure)
[2026-09-24T18:16:54.382+0000][387.776s][info][gc,heap        ] GC(102) PSYoungGen: 3423105K(3430400K)->57601K(3430400K) Eden: 3366912K(3366912K)->0K(3367424K) From: 56193K(63488K)->57601K(62976K)
[2026-09-24T18:16:54.382+0000][387.776s][info][gc,heap        ] GC(102) ParOldGen: 3729509K(4126720K)->3750131K(4126720K)
[2026-09-24T18:16:54.382+0000][387.776s][info][gc,metaspace   ] GC(102) Metaspace: 167733K(169536K)->167733K(169536K) NonClass: 141123K(142144K)->141123K(142144K) Class: 26610K(27392K)->26610K(27392K)
[2026-09-24T18:16:54.382+0000][387.776s][info][gc             ] GC(102) Pause Young (Allocation Failure) 6984M->3718M(7380M) 112.467ms
[2026-09-24T18:16:54.382+0000][387.776s][info][gc,cpu         ] GC(102) User=0.45s Sys=0.00s Real=0.11s
[2026-09-24T18:16:59.978+0000][393.372s][info][gc,start       ] GC(103) Pause Young (Allocation Failure)
[2026-09-24T18:17:00.114+0000][393.508s][info][gc,heap        ] GC(103) PSYoungGen: 3425025K(3430400K)->56529K(3430912K) Eden: 3367424K(3367424K)->0K(3367424K) From: 57601K(62976K)->56529K(63488K)
[2026-09-24T18:17:00.114+0000][393.508s][info][gc,heap        ] GC(103) ParOldGen: 3750131K(4126720K)->3773168K(4126720K)
[2026-09-24T18:17:00.114+0000][393.508s][info][gc,metaspace   ] GC(103) Metaspace: 167738K(169536K)->167738K(169536K) NonClass: 141128K(142144K)->141128K(142144K) Class: 26610K(27392K)->26610K(27392K)
[2026-09-24T18:17:00.114+0000][393.508s][info][gc             ] GC(103) Pause Young (Allocation Failure) 7006M->3739M(7380M) 136.060ms
[2026-09-24T18:17:00.114+0000][393.508s][info][gc,cpu         ] GC(103) User=0.49s Sys=0.03s Real=0.13s
[2026-09-24T18:17:05.916+0000][399.311s][info][gc,start       ] GC(104) Pause Young (Allocation Failure)
[2026-09-24T18:17:06.032+0000][399.426s][info][gc,heap        ] GC(104) PSYoungGen: 3423953K(3430912K)->58497K(3430912K) Eden: 3367424K(3367424K)->0K(3367936K) From: 56529K(63488K)->58497K(62976K)
[2026-09-24T18:17:06.032+0000][399.426s][info][gc,heap        ] GC(104) ParOldGen: 3773168K(4126720K)->3795094K(4126720K)
[2026-09-24T18:17:06.032+0000][399.426s][info][gc,metaspace   ] GC(104) Metaspace: 167752K(169536K)->167752K(169536K) NonClass: 141142K(142144K)->141142K(142144K) Class: 26610K(27392K)->26610K(27392K)
[2026-09-24T18:17:06.032+0000][399.426s][info][gc             ] GC(104) Pause Young (Allocation Failure) 7028M->3763M(7380M) 115.588ms
[2026-09-24T18:17:06.032+0000][399.426s][info][gc,cpu         ] GC(104) User=0.46s Sys=0.00s Real=0.12s
[2026-09-24T18:17:11.825+0000][405.220s][info][gc,start       ] GC(105) Pause Young (Allocation Failure)
[2026-09-24T18:17:11.939+0000][405.333s][info][gc,heap        ] GC(105) PSYoungGen: 3426433K(3430912K)->55888K(3431424K) Eden: 3367936K(3367936K)->0K(3367936K) From: 58497K(62976K)->55888K(63488K)
[2026-09-24T18:17:11.939+0000][405.333s][info][gc,heap        ] GC(105) ParOldGen: 3795094K(4126720K)->3817464K(4126720K)
[2026-09-24T18:17:11.939+0000][405.333s][info][gc,metaspace   ] GC(105) Metaspace: 167757K(169536K)->167757K(169536K) NonClass: 141147K(142144K)->141147K(142144K) Class: 26610K(27392K)->26610K(27392K)
[2026-09-24T18:17:11.939+0000][405.333s][info][gc             ] GC(105) Pause Young (Allocation Failure) 7052M->3782M(7381M) 113.211ms
[2026-09-24T18:17:11.939+0000][405.333s][info][gc,cpu         ] GC(105) User=0.45s Sys=0.00s Real=0.12s
[2026-09-24T18:17:17.511+0000][410.905s][info][gc,start       ] GC(106) Pause Young (Allocation Failure)
[2026-09-24T18:17:17.620+0000][411.014s][info][gc,heap        ] GC(106) PSYoungGen: 3423824K(3431424K)->53413K(3430400K) Eden: 3367936K(3367936K)->0K(3368448K) From: 55888K(63488K)->53413K(61952K)
[2026-09-24T18:17:17.620+0000][411.014s][info][gc,heap        ] GC(106) ParOldGen: 3817464K(4126720K)->3838527K(4126720K)
[2026-09-24T18:17:17.620+0000][411.014s][info][gc,metaspace   ] GC(106) Metaspace: 167772K(169536K)->167772K(169536K) NonClass: 141162K(142144K)->141162K(142144K) Class: 26610K(27392K)->26610K(27392K)
[2026-09-24T18:17:17.620+0000][411.014s][info][gc             ] GC(106) Pause Young (Allocation Failure) 7071M->3800M(7380M) 109.047ms
[2026-09-24T18:17:17.620+0000][411.014s][info][gc,cpu         ] GC(106) User=0.43s Sys=0.00s Real=0.11s
[2026-09-24T18:17:23.273+0000][416.668s][info][gc,start       ] GC(107) Pause Young (Allocation Failure)
[2026-09-24T18:17:23.384+0000][416.779s][info][gc,heap        ] GC(107) PSYoungGen: 3421861K(3430400K)->54176K(3430912K) Eden: 3368448K(3368448K)->0K(3368448K) From: 53413K(61952K)->54176K(62464K)
[2026-09-24T18:17:23.384+0000][416.779s][info][gc,heap        ] GC(107) ParOldGen: 3838527K(4126720K)->3856674K(4126720K)
[2026-09-24T18:17:23.384+0000][416.779s][info][gc,metaspace   ] GC(107) Metaspace: 167779K(169536K)->167779K(169536K) NonClass: 141169K(142144K)->141169K(142144K) Class: 26610K(27392K)->26610K(27392K)
[2026-09-24T18:17:23.384+0000][416.779s][info][gc             ] GC(107) Pause Young (Allocation Failure) 7090M->3819M(7380M) 111.118ms
[2026-09-24T18:17:23.384+0000][416.779s][info][gc,cpu         ] GC(107) User=0.44s Sys=0.00s Real=0.11s
[2026-09-24T18:17:29.760+0000][423.155s][info][gc,start       ] GC(108) Pause Young (Allocation Failure)
[2026-09-24T18:17:29.874+0000][423.268s][info][gc,heap        ] GC(108) PSYoungGen: 3422624K(3430912K)->56897K(3432448K) Eden: 3368448K(3368448K)->0K(3370496K) From: 54176K(62464K)->56897K(61952K)
[2026-09-24T18:17:29.874+0000][423.268s][info][gc,heap        ] GC(108) ParOldGen: 3856674K(4126720K)->3874692K(4126720K)
[2026-09-24T18:17:29.874+0000][423.268s][info][gc,metaspace   ] GC(108) Metaspace: 170255K(171968K)->170255K(171968K) NonClass: 143405K(144384K)->143405K(144384K) Class: 26850K(27584K)->26850K(27584K)
[2026-09-24T18:17:29.874+0000][423.268s][info][gc             ] GC(108) Pause Young (Allocation Failure) 7108M->3839M(7382M) 113.750ms
[2026-09-24T18:17:29.874+0000][423.268s][info][gc,cpu         ] GC(108) User=0.45s Sys=0.00s Real=0.11s
[2026-09-24T18:17:35.640+0000][429.035s][info][gc,start       ] GC(109) Pause Young (Allocation Failure)
[2026-09-24T18:17:35.753+0000][429.147s][info][gc,heap        ] GC(109) PSYoungGen: 3427393K(3432448K)->51233K(3432448K) Eden: 3370496K(3370496K)->0K(3370496K) From: 56897K(61952K)->51233K(61952K)
[2026-09-24T18:17:35.753+0000][429.147s][info][gc,heap        ] GC(109) ParOldGen: 3874692K(4126720K)->3895965K(4126720K)
[2026-09-24T18:17:35.753+0000][429.147s][info][gc,metaspace   ] GC(109) Metaspace: 170274K(171968K)->170274K(171968K) NonClass: 143423K(144384K)->143423K(144384K) Class: 26850K(27584K)->26850K(27584K)
[2026-09-24T18:17:35.753+0000][429.147s][info][gc             ] GC(109) Pause Young (Allocation Failure) 7130M->3854M(7382M) 112.576ms
[2026-09-24T18:17:35.753+0000][429.147s][info][gc,cpu         ] GC(109) User=0.45s Sys=0.00s Real=0.11s
[2026-09-24T18:17:41.452+0000][434.847s][info][gc,start       ] GC(110) Pause Young (Allocation Failure)
[2026-09-24T18:17:41.566+0000][434.960s][info][gc,heap        ] GC(110) PSYoungGen: 3421729K(3432448K)->58897K(3430912K) Eden: 3370496K(3370496K)->0K(3368960K) From: 51233K(61952K)->58897K(61952K)
[2026-09-24T18:17:41.566+0000][434.960s][info][gc,heap        ] GC(110) ParOldGen: 3895965K(4126720K)->3912370K(4126720K)
[2026-09-24T18:17:41.566+0000][434.960s][info][gc,metaspace   ] GC(110) Metaspace: 170291K(171968K)->170291K(171968K) NonClass: 143440K(144384K)->143440K(144384K) Class: 26851K(27584K)->26851K(27584K)
[2026-09-24T18:17:41.566+0000][434.960s][info][gc             ] GC(110) Pause Young (Allocation Failure) 7146M->3878M(7380M) 113.135ms
[2026-09-24T18:17:41.566+0000][434.960s][info][gc,cpu         ] GC(110) User=0.45s Sys=0.00s Real=0.11s
[2026-09-24T18:17:47.313+0000][440.707s][info][gc,start       ] GC(111) Pause Young (Allocation Failure)
[2026-09-24T18:17:47.425+0000][440.819s][info][gc,heap        ] GC(111) PSYoungGen: 3427857K(3430912K)->53505K(3431936K) Eden: 3368960K(3368960K)->0K(3368960K) From: 58897K(61952K)->53505K(62976K)
[2026-09-24T18:17:47.425+0000][440.819s][info][gc,heap        ] GC(111) ParOldGen: 3912370K(4126720K)->3934636K(4126720K)
[2026-09-24T18:17:47.425+0000][440.819s][info][gc,metaspace   ] GC(111) Metaspace: 170307K(171968K)->170307K(171968K) NonClass: 143455K(144384K)->143455K(144384K) Class: 26851K(27584K)->26851K(27584K)
[2026-09-24T18:17:47.425+0000][440.819s][info][gc             ] GC(111) Pause Young (Allocation Failure) 7168M->3894M(7381M) 111.885ms
[2026-09-24T18:17:47.425+0000][440.819s][info][gc,cpu         ] GC(111) User=0.44s Sys=0.00s Real=0.11s
[2026-09-24T18:17:53.004+0000][446.398s][info][gc,start       ] GC(112) Pause Young (Allocation Failure)
[2026-09-24T18:17:53.112+0000][446.507s][info][gc,heap        ] GC(112) PSYoungGen: 3422465K(3431936K)->49809K(3431424K) Eden: 3368960K(3368960K)->0K(3369472K) From: 53505K(62976K)->49809K(61952K)
[2026-09-24T18:17:53.112+0000][446.507s][info][gc,heap        ] GC(112) ParOldGen: 3934636K(4126720K)->3953945K(4126720K)
[2026-09-24T18:17:53.112+0000][446.507s][info][gc,metaspace   ] GC(112) Metaspace: 170311K(171968K)->170311K(171968K) NonClass: 143460K(144384K)->143460K(144384K) Class: 26851K(27584K)->26851K(27584K)
[2026-09-24T18:17:53.112+0000][446.507s][info][gc             ] GC(112) Pause Young (Allocation Failure) 7184M->3909M(7381M) 108.459ms
[2026-09-24T18:17:53.112+0000][446.507s][info][gc,cpu         ] GC(112) User=0.43s Sys=0.00s Real=0.11s
[2026-09-24T18:17:58.522+0000][451.916s][info][gc,start       ] GC(113) Pause Young (Allocation Failure)
[2026-09-24T18:17:58.633+0000][452.027s][info][gc,heap        ] GC(113) PSYoungGen: 3419281K(3431424K)->51729K(3431936K) Eden: 3369472K(3369472K)->0K(3369472K) From: 49809K(61952K)->51729K(62464K)
[2026-09-24T18:17:58.633+0000][452.027s][info][gc,heap        ] GC(113) ParOldGen: 3953945K(4126720K)->3970258K(4126720K)
[2026-09-24T18:17:58.633+0000][452.027s][info][gc,metaspace   ] GC(113) Metaspace: 170315K(172032K)->170315K(172032K) NonClass: 143463K(144448K)->143463K(144448K) Class: 26852K(27584K)->26852K(27584K)
[2026-09-24T18:17:58.633+0000][452.027s][info][gc             ] GC(113) Pause Young (Allocation Failure) 7200M->3927M(7381M) 110.845ms
[2026-09-24T18:17:58.633+0000][452.027s][info][gc,cpu         ] GC(113) User=0.43s Sys=0.00s Real=0.11s
[2026-09-24T18:18:04.951+0000][458.346s][info][gc,start       ] GC(114) Pause Young (Allocation Failure)
[2026-09-24T18:18:05.063+0000][458.457s][info][gc,heap        ] GC(114) PSYoungGen: 3421201K(3431936K)->48490K(3432448K) Eden: 3369472K(3369472K)->0K(3369984K) From: 51729K(62464K)->48490K(62464K)
[2026-09-24T18:18:05.063+0000][458.457s][info][gc,heap        ] GC(114) ParOldGen: 3970258K(4126720K)->3989599K(4126720K)
[2026-09-24T18:18:05.063+0000][458.457s][info][gc,metaspace   ] GC(114) Metaspace: 171484K(173248K)->171484K(173248K) NonClass: 144490K(145472K)->144490K(145472K) Class: 26993K(27776K)->26993K(27776K)
[2026-09-24T18:18:05.063+0000][458.457s][info][gc             ] GC(114) Pause Young (Allocation Failure) 7218M->3943M(7382M) 111.690ms
[2026-09-24T18:18:05.063+0000][458.457s][info][gc,cpu         ] GC(114) User=0.44s Sys=0.00s Real=0.11s
[2026-09-24T18:18:10.838+0000][464.233s][info][gc,start       ] GC(115) Pause Young (Allocation Failure)
[2026-09-24T18:18:10.917+0000][464.312s][info][gc,heap        ] GC(115) PSYoungGen: 3418474K(3432448K)->10336K(3380736K) Eden: 3369984K(3369984K)->0K(3369984K) From: 48490K(62464K)->10336K(10752K)
[2026-09-24T18:18:10.917+0000][464.312s][info][gc,heap        ] GC(115) ParOldGen: 3989599K(4126720K)->4029468K(4126720K)
[2026-09-24T18:18:10.917+0000][464.312s][info][gc,metaspace   ] GC(115) Metaspace: 171563K(173312K)->171563K(173312K) NonClass: 144569K(145536K)->144569K(145536K) Class: 26994K(27776K)->26994K(27776K)
[2026-09-24T18:18:10.917+0000][464.312s][info][gc             ] GC(115) Pause Young (Allocation Failure) 7234M->3945M(7331M) 78.961ms
[2026-09-24T18:18:10.917+0000][464.312s][info][gc,cpu         ] GC(115) User=0.31s Sys=0.00s Real=0.08s
[2026-09-24T18:18:16.636+0000][470.030s][info][gc,start       ] GC(116) Pause Young (Allocation Failure)
[2026-09-24T18:18:16.676+0000][470.071s][info][gc,heap        ] GC(116) PSYoungGen: 3380320K(3380736K)->10816K(3416576K) Eden: 3369984K(3369984K)->0K(3347456K) From: 10336K(10752K)->10816K(69120K)
[2026-09-24T18:18:16.676+0000][470.071s][info][gc,heap        ] GC(116) ParOldGen: 4029468K(4126720K)->4032772K(4126720K)
[2026-09-24T18:18:16.676+0000][470.071s][info][gc,metaspace   ] GC(116) Metaspace: 171611K(173376K)->171611K(173376K) NonClass: 144608K(145600K)->144608K(145600K) Class: 27002K(27776K)->27002K(27776K)
[2026-09-24T18:18:16.676+0000][470.071s][info][gc             ] GC(116) Pause Young (Allocation Failure) 7236M->3948M(7366M) 40.568ms
[2026-09-24T18:18:16.676+0000][470.071s][info][gc,cpu         ] GC(116) User=0.15s Sys=0.01s Real=0.04s
[2026-09-24T18:18:22.409+0000][475.803s][info][gc,start       ] GC(117) Pause Young (Allocation Failure)
[2026-09-24T18:18:22.449+0000][475.844s][info][gc,heap        ] GC(117) PSYoungGen: 3358272K(3416576K)->13600K(3361280K) Eden: 3347456K(3347456K)->0K(3347456K) From: 10816K(69120K)->13600K(13824K)
[2026-09-24T18:18:22.449+0000][475.844s][info][gc,heap        ] GC(117) ParOldGen: 4032772K(4126720K)->4036140K(4126720K)
[2026-09-24T18:18:22.449+0000][475.844s][info][gc,metaspace   ] GC(117) Metaspace: 171638K(173376K)->171638K(173376K) NonClass: 144636K(145600K)->144636K(145600K) Class: 27002K(27776K)->27002K(27776K)
[2026-09-24T18:18:22.449+0000][475.844s][info][gc             ] GC(117) Pause Young (Allocation Failure) 7217M->3954M(7312M) 40.864ms
[2026-09-24T18:18:22.449+0000][475.844s][info][gc,cpu         ] GC(117) User=0.16s Sys=0.00s Real=0.04s
[2026-09-24T18:18:25.512+0000][478.907s][info][gc,heap,exit   ] Heap
[2026-09-24T18:18:25.512+0000][478.907s][info][gc,heap,exit   ]  PSYoungGen      total 3361280K, used 1678066K [0x000000072ab00000, 0x0000000800000000, 0x0000000800000000)
[2026-09-24T18:18:25.512+0000][478.907s][info][gc,heap,exit   ]   eden space 3347456K, 49% used [0x000000072ab00000,0x0000000790474ad0,0x00000007f7000000)
[2026-09-24T18:18:25.512+0000][478.907s][info][gc,heap,exit   ]   from space 13824K, 98% used [0x00000007f7000000,0x00000007f7d48000,0x00000007f7d80000)
[2026-09-24T18:18:25.512+0000][478.907s][info][gc,heap,exit   ]   to   space 76288K, 0% used [0x00000007fb580000,0x00000007fb580000,0x0000000800000000)
[2026-09-24T18:18:25.512+0000][478.907s][info][gc,heap,exit   ]  ParOldGen       total 4126720K, used 4036140K [0x0000000580000000, 0x000000067be00000, 0x000000072ab00000)
[2026-09-24T18:18:25.512+0000][478.907s][info][gc,heap,exit   ]   object space 4126720K, 97% used [0x0000000580000000,0x000000067658b090,0x000000067be00000)
[2026-09-24T18:18:25.512+0000][478.907s][info][gc,heap,exit   ]  Metaspace       used 171720K, committed 173440K, reserved 1245184K
[2026-09-24T18:18:25.512+0000][478.907s][info][gc,heap,exit   ]   class space    used 27017K, committed 27776K, reserved 1048576K
